state_fips,county_fips3,name,homeown,share65,frac,medinc,pop
01,115,"St. Clair County, Alabama",0.7989,0.1627,0.2527,58308,87989
01,043,"Cullman County, Alabama",0.7481,0.1824,0.1532,44918,82853
01,069,"Houston County, Alabama",0.6570,0.1724,0.4849,47580,104702
01,125,"Tuscaloosa County, Alabama",0.6375,0.1287,0.5177,53326,207305
01,031,"Coffee County, Alabama",0.6574,0.1655,0.4723,55637,51662
01,021,"Chilton County, Alabama",0.7450,0.1601,0.3427,47468,44055
01,037,"Coosa County, Alabama",0.7924,0.2259,0.4671,38990,10757
01,055,"Etowah County, Alabama",0.7259,0.1874,0.3679,44637,102748
01,075,"Lamar County, Alabama",0.7563,0.2148,0.2487,38364,13885
01,013,"Butler County, Alabama",0.6995,0.1967,0.5305,40688,19828
01,127,"Walker County, Alabama",0.7725,0.1902,0.2040,43629,64110
01,063,"Greene County, Alabama",0.6706,0.2130,0.3384,24145,8324
01,011,"Bullock County, Alabama",0.7112,0.1600,0.3940,37785,10248
01,017,"Chambers County, Alabama",0.6746,0.1922,0.5341,42289,33660
01,099,"Monroe County, Alabama",0.6364,0.1928,0.5252,30441,21270
01,079,"Lawrence County, Alabama",0.7766,0.1814,0.3922,44886,33058
01,081,"Lee County, Alabama",0.6161,0.1160,0.4901,51463,161152
01,093,"Marion County, Alabama",0.7514,0.2105,0.1541,35930,29866
01,107,"Pickens County, Alabama",0.7525,0.1847,0.5508,39848,20243
01,119,"Sumter County, Alabama",0.6407,0.1746,0.4207,24320,12797
01,073,"Jefferson County, Alabama",0.6270,0.1543,0.5658,53901,659680
01,023,"Choctaw County, Alabama",0.8091,0.2261,0.5010,35892,12925
01,059,"Franklin County, Alabama",0.7079,0.1686,0.3780,43514,31466
01,091,"Marengo County, Alabama",0.7148,0.1930,0.5116,33241,19321
01,113,"Russell County, Alabama",0.6018,0.1385,0.5945,42443,57952
01,019,"Cherokee County, Alabama",0.7734,0.2243,0.1560,41919,25903
01,039,"Covington County, Alabama",0.7447,0.2077,0.2879,42189,37200
01,041,"Crenshaw County, Alabama",0.7548,0.1885,0.4409,43163,13844
01,047,"Dallas County, Alabama",0.5934,0.1739,0.4292,33845,39149
01,077,"Lauderdale County, Alabama",0.6814,0.1969,0.2709,48094,92556
01,085,"Lowndes County, Alabama",0.7426,0.1841,0.3862,30036,10079
01,087,"Macon County, Alabama",0.6548,0.1932,0.2934,33370,18708
01,083,"Limestone County, Alabama",0.7762,0.1513,0.3912,59686,94727
01,117,"Shelby County, Alabama",0.8053,0.1486,0.3750,77799,213432
01,133,"Winston County, Alabama",0.7941,0.2134,0.1205,35788,23784
01,003,"Baldwin County, Alabama",0.7525,0.1998,0.2988,58320,212830
01,051,"Elmore County, Alabama",0.7326,0.1485,0.4184,60891,81144
01,071,"Jackson County, Alabama",0.7552,0.1950,0.1999,41769,51852
01,121,"Talladega County, Alabama",0.7129,0.1748,0.5020,41325,80387
01,129,"Washington County, Alabama",0.8265,0.1842,0.5129,41370,16541
01,027,"Clay County, Alabama",0.7545,0.2023,0.3292,40845,13337
01,103,"Morgan County, Alabama",0.7272,0.1712,0.4041,52156,119213
01,109,"Pike County, Alabama",0.6228,0.1484,0.5505,37446,33333
01,033,"Colbert County, Alabama",0.7219,0.1943,0.3612,48065,54771
01,045,"Dale County, Alabama",0.6009,0.1640,0.4848,47214,49277
01,065,"Hale County, Alabama",0.7584,0.1875,0.4912,34046,14809
01,049,"DeKalb County, Alabama",0.7153,0.1666,0.3304,40440,71310
01,053,"Escambia County, Alabama",0.6832,0.1772,0.5317,36275,37057
01,111,"Randolph County, Alabama",0.7665,0.2041,0.3931,43395,22647
01,097,"Mobile County, Alabama",0.6455,0.1578,0.5480,47583,414114
01,105,"Perry County, Alabama",0.7186,0.1907,0.4334,23447,9293
01,029,"Cleburne County, Alabama",0.7613,0.1944,0.1390,44741,14916
01,035,"Conecuh County, Alabama",0.7610,0.2216,0.5213,37837,12394
01,005,"Barbour County, Alabama",0.6090,0.1857,0.5628,32525,25361
01,007,"Bibb County, Alabama",0.7442,0.1593,0.3949,47542,22493
01,015,"Calhoun County, Alabama",0.7007,0.1722,0.4357,47255,114618
01,025,"Clarke County, Alabama",0.7010,0.1939,0.5125,37404,24128
01,057,"Fayette County, Alabama",0.7726,0.2084,0.2728,39856,16494
01,101,"Montgomery County, Alabama",0.5838,0.1459,0.5486,50124,226941
01,095,"Marshall County, Alabama",0.7018,0.1683,0.3272,45983,95643
01,009,"Blount County, Alabama",0.7878,0.1790,0.2357,49358,57681
01,067,"Henry County, Alabama",0.8333,0.2209,0.4502,50017,17133
01,089,"Madison County, Alabama",0.6684,0.1467,0.5193,65449,362276
01,001,"Autauga County, Alabama",0.7329,0.1496,0.4058,58731,55380
01,123,"Tallapoosa County, Alabama",0.7486,0.2098,0.4521,45828,40541
01,061,"Geneva County, Alabama",0.7200,0.1997,0.2859,41732,26417
01,131,"Wilcox County, Alabama",0.6790,0.1897,0.4456,31014,10681
02,100,"Haines Borough, Alaska",0.6643,0.2514,0.3690,58059,2518
02,110,"Juneau City and Borough, Alaska",0.6478,0.1253,0.5283,88390,32227
02,290,"Yukon-Koyukuk Census Area, Alaska",0.7241,0.1432,0.3902,41413,5377
02,068,"Denali Borough, Alaska",0.8157,0.0931,0.2759,81719,2246
02,105,"Hoonah-Angoon Census Area, Alaska",0.7547,0.2052,0.6021,59803,2139
02,275,"Wrangell City and Borough, Alaska",0.6787,0.2274,0.5101,53894,2502
02,050,"Bethel Census Area, Alaska",0.5816,0.0717,0.2525,53553,18134
02,185,"North Slope Borough, Alaska",0.5265,0.0685,0.5381,79306,9792
02,220,"Sitka City and Borough, Alaska",0.5926,0.1516,0.5527,73682,8640
02,090,"Fairbanks North Star Borough, Alaska",0.5892,0.0979,0.4802,76992,99072
02,130,"Ketchikan Gateway Borough, Alaska",0.6155,0.1486,0.5331,72728,13800
02,170,"Matanuska-Susitna Borough, Alaska",0.7707,0.1133,0.3519,75493,105369
02,180,"Nome Census Area, Alaska",0.6048,0.0703,0.3337,61048,9988
02,070,"Dillingham Census Area, Alaska",0.6202,0.1006,0.3669,56898,4961
02,282,"Yakutat City and Borough, Alaska",0.6621,0.1448,0.6166,71607,649
02,164,"Lake and Peninsula Borough, Alaska",0.7150,0.0782,0.3766,44135,1393
02,240,"Southeast Fairbanks Census Area, Alaska",0.7350,0.1364,0.4232,70056,6878
02,020,"Anchorage Municipality, Alaska",0.6134,0.1052,0.6115,84928,293531
02,013,"Aleutians East Borough, Alaska",0.6382,0.0939,0.6334,69250,3385
02,261,"Valdez-Cordova Census Area, Alaska",0.7463,0.1227,0.4711,79867,9243
02,122,"Kenai Peninsula Borough, Alaska",0.7282,0.1647,0.3401,66064,58464
02,230,"Skagway Municipality, Alaska",0.5333,0.1174,0.3148,73906,1107
02,198,"Prince of Wales-Hyder Census Area, Alaska",0.7275,0.1603,0.5532,52379,6407
02,195,"Petersburg Borough, Alaska",0.6883,0.2201,0.5256,69948,3257
02,158,"Kusilvak Census Area, Alaska",0.7169,0.0550,0.0948,36754,8250
02,016,"Aleutians West Census Area, Alaska",0.2822,0.0609,0.7287,87466,5698
02,060,"Bristol Bay Borough, Alaska",0.5382,0.0994,0.5403,79808,875
02,150,"Kodiak Island Borough, Alaska",0.5459,0.0981,0.6635,85839,13451
02,188,"Northwest Arctic Borough, Alaska",0.5621,0.0745,0.2535,60906,7715
04,019,"Pima County, Arizona",0.6317,0.1921,0.5893,53379,1027207
04,007,"Gila County, Arizona",0.7556,0.2838,0.5464,43524,53546
04,003,"Cochise County, Arizona",0.6893,0.2167,0.5686,49260,125867
04,001,"Apache County, Arizona",0.7889,0.1495,0.4064,32508,71511
04,027,"Yuma County, Arizona",0.6710,0.1848,0.4966,45243,209468
04,017,"Navajo County, Arizona",0.6878,0.1744,0.6051,40067,109270
04,013,"Maricopa County, Arizona",0.6219,0.1483,0.5924,64468,4328810
04,009,"Graham County, Arizona",0.7026,0.1369,0.6133,51353,37996
04,023,"Santa Cruz County, Arizona",0.6765,0.1729,0.2812,41259,46480
04,012,"La Paz County, Arizona",0.7154,0.3859,0.5763,34643,20793
04,015,"Mohave County, Arizona",0.6927,0.2955,0.3736,45587,207695
04,005,"Coconino County, Arizona",0.6104,0.1202,0.6042,59460,141274
04,025,"Yavapai County, Arizona",0.7198,0.3063,0.3302,52451,228067
04,011,"Greenlee County, Arizona",0.4863,0.1237,0.5616,63473,9522
04,021,"Pinal County, Arizona",0.7672,0.1986,0.5792,58174,432793
05,041,"Desha County, Arkansas",0.6147,0.1868,0.5743,31893,11709
05,049,"Fulton County, Arkansas",0.7973,0.2553,0.0981,35405,12231
05,061,"Howard County, Arkansas",0.6894,0.1762,0.5288,36059,13311
05,051,"Garland County, Arkansas",0.6782,0.2334,0.3155,44777,98555
05,093,"Mississippi County, Arkansas",0.5636,0.1445,0.5437,39962,42126
05,115,"Pope County, Arkansas",0.6893,0.1526,0.2843,43462,63761
05,117,"Prairie County, Arkansas",0.7394,0.2339,0.2676,42660,8189
05,139,"Union County, Arkansas",0.7545,0.1725,0.5250,44663,39449
05,147,"Woodruff County, Arkansas",0.6538,0.2267,0.4391,32845,6533
05,023,"Cleburne County, Arkansas",0.7521,0.2677,0.1027,44483,25100
05,025,"Cleveland County, Arkansas",0.7603,0.2047,0.2680,46684,8128
05,067,"Jackson County, Arkansas",0.6937,0.1754,0.3875,34109,17027
05,057,"Hempstead County, Arkansas",0.6927,0.1788,0.5949,42860,21842
05,135,"Sharp County, Arkansas",0.7716,0.2588,0.1252,34671,17139
05,137,"Stone County, Arkansas",0.7464,0.2673,0.1029,38188,12475
05,143,"Washington County, Arkansas",0.5259,0.1139,0.4634,50451,232289
05,005,"Baxter County, Arkansas",0.7615,0.3085,0.1019,42260,41427
05,003,"Ashley County, Arkansas",0.7748,0.1991,0.4675,44744,20270
05,031,"Craighead County, Arkansas",0.5709,0.1352,0.3972,47286,107345
05,055,"Greene County, Arkansas",0.6700,0.1575,0.1336,47056,44937
05,105,"Perry County, Arkansas",0.7644,0.1991,0.0877,48667,10355
05,111,"Poinsett County, Arkansas",0.6292,0.1781,0.2403,40921,23896
05,133,"Sevier County, Arkansas",0.7138,0.1389,0.5562,47704,17081
05,013,"Calhoun County, Arkansas",0.8481,0.2122,0.4268,46417,5192
05,019,"Clark County, Arkansas",0.5753,0.1623,0.4669,41620,22386
05,075,"Lawrence County, Arkansas",0.6732,0.1933,0.0918,39993,16549
05,095,"Monroe County, Arkansas",0.5989,0.2282,0.5216,38468,7050
05,029,"Conway County, Arkansas",0.6728,0.1888,0.3208,42802,20858
05,101,"Newton County, Arkansas",0.8420,0.2549,0.1158,38082,7812
05,001,"Arkansas County, Arkansas",0.6518,0.1901,0.4452,46696,17914
05,085,"Lonoke County, Arkansas",0.6925,0.1317,0.2542,59094,72528
05,015,"Carroll County, Arkansas",0.7573,0.2255,0.3422,46110,27965
05,123,"St. Francis County, Arkansas",0.5474,0.1611,0.5550,35348,25900
05,119,"Pulaski County, Arkansas",0.5880,0.1500,0.5874,51749,392967
05,021,"Clay County, Arkansas",0.6741,0.2110,0.0902,37233,14889
05,043,"Drew County, Arkansas",0.6770,0.1698,0.4775,46997,18417
05,121,"Randolph County, Arkansas",0.7172,0.1992,0.1169,37218,17695
05,009,"Boone County, Arkansas",0.7179,0.2033,0.1173,45374,37331
05,079,"Lincoln County, Arkansas",0.7713,0.1509,0.4930,46596,13455
05,035,"Crittenden County, Arkansas",0.5744,0.1360,0.5895,40161,48672
05,045,"Faulkner County, Arkansas",0.6231,0.1218,0.3437,52827,123624
05,089,"Marion County, Arkansas",0.7886,0.2811,0.1134,36719,16476
05,129,"Searcy County, Arkansas",0.7394,0.2530,0.1310,36438,7908
05,007,"Benton County, Arkansas",0.6657,0.1327,0.4308,66362,265759
05,059,"Hot Spring County, Arkansas",0.7786,0.1872,0.3042,43889,33597
05,087,"Madison County, Arkansas",0.7802,0.1888,0.1972,41682,16211
05,099,"Nevada County, Arkansas",0.6694,0.2027,0.4856,38042,8351
05,037,"Cross County, Arkansas",0.6684,0.1833,0.4314,46787,16824
05,039,"Dallas County, Arkansas",0.6770,0.2221,0.5303,38072,7279
05,027,"Columbia County, Arkansas",0.7042,0.1710,0.5187,36193,23776
05,125,"Saline County, Arkansas",0.7809,0.1751,0.2765,64412,119415
05,141,"Van Buren County, Arkansas",0.7856,0.2565,0.1245,38499,16642
05,065,"Izard County, Arkansas",0.7607,0.2498,0.1346,42876,13570
05,063,"Independence County, Arkansas",0.7165,0.1724,0.2081,44319,37427
05,083,"Logan County, Arkansas",0.7368,0.1977,0.1796,41466,21668
05,053,"Grant County, Arkansas",0.8013,0.1781,0.1413,55388,18126
05,047,"Franklin County, Arkansas",0.7050,0.1915,0.1507,38923,17738
05,109,"Pike County, Arkansas",0.7879,0.2017,0.2304,40401,10756
05,069,"Jefferson County, Arkansas",0.6210,0.1678,0.5289,40726,69282
05,097,"Montgomery County, Arkansas",0.8133,0.2685,0.1697,35741,8950
05,127,"Scott County, Arkansas",0.7378,0.2072,0.2777,36092,10376
05,131,"Sebastian County, Arkansas",0.5882,0.1559,0.4869,46228,127591
05,033,"Crawford County, Arkansas",0.7601,0.1638,0.2811,46828,62739
05,017,"Chicot County, Arkansas",0.6177,0.1997,0.5565,34147,10615
05,071,"Johnson County, Arkansas",0.7042,0.1625,0.3520,38511,26372
05,077,"Lee County, Arkansas",0.5979,0.1881,0.5247,29681,9194
05,073,"Lafayette County, Arkansas",0.7909,0.2326,0.5274,32397,6800
05,107,"Phillips County, Arkansas",0.4819,0.1814,0.4818,29320,18606
05,149,"Yell County, Arkansas",0.7148,0.1745,0.3921,43923,21464
05,011,"Bradley County, Arkansas",0.6517,0.1834,0.5853,43184,10874
05,113,"Polk County, Arkansas",0.7668,0.2244,0.2256,37974,20094
05,103,"Ouachita County, Arkansas",0.6912,0.1962,0.5240,35425,23830
05,081,"Little River County, Arkansas",0.7153,0.2063,0.4192,45113,12347
05,091,"Miller County, Arkansas",0.6465,0.1638,0.4683,43371,43572
05,145,"White County, Arkansas",0.6606,0.1611,0.2200,44029,78762
06,047,"Merced County, California",0.5224,0.1104,0.5613,53672,271382
06,043,"Mariposa County, California",0.6843,0.2750,0.3433,48820,17420
06,049,"Modoc County, California",0.7489,0.2696,0.3724,45507,8907
06,013,"Contra Costa County, California",0.6592,0.1540,0.7050,99716,1142251
06,027,"Inyo County, California",0.6546,0.2279,0.5467,57316,17977
06,099,"Stanislaus County, California",0.5784,0.1283,0.6058,60704,543194
06,083,"Santa Barbara County, California",0.5207,0.1496,0.5920,74624,444829
06,103,"Tehama County, California",0.6537,0.1926,0.4683,44514,63912
06,051,"Mono County, California",0.6439,0.1432,0.5008,62260,14310
06,069,"San Benito County, California",0.6371,0.1247,0.5239,86958,60376
06,067,"Sacramento County, California",0.5641,0.1375,0.7083,67151,1524553
06,017,"El Dorado County, California",0.7573,0.2045,0.3741,83377,188563
06,053,"Monterey County, California",0.5104,0.1321,0.5614,71015,433410
06,075,"San Francisco County, California",0.3760,0.1543,0.6914,112449,874961
06,073,"San Diego County, California",0.5333,0.1369,0.6612,78980,3316073
06,107,"Tulare County, California",0.5705,0.1116,0.5000,49687,461898
06,023,"Humboldt County, California",0.5684,0.1730,0.4226,48041,135940
06,003,"Alpine County, California",0.8400,0.2993,0.5965,63750,1039
06,039,"Madera County, California",0.6411,0.1379,0.5475,57585,155433
06,087,"Santa Cruz County, California",0.6007,0.1575,0.5558,82234,273962
06,105,"Trinity County, California",0.6892,0.2685,0.3139,40846,12700
06,065,"Riverside County, California",0.6635,0.1412,0.6272,67005,2411439
06,071,"San Bernardino County, California",0.5979,0.1126,0.6221,63362,2149031
06,041,"Marin County, California",0.6366,0.2161,0.4619,115246,259943
06,061,"Placer County, California",0.7186,0.1914,0.4449,89691,385512
06,089,"Shasta County, California",0.6399,0.2024,0.3486,54667,179212
06,095,"Solano County, California",0.6149,0.1523,0.7397,81472,441829
06,011,"Colusa County, California",0.6102,0.1437,0.5217,59401,21454
06,021,"Glenn County, California",0.5938,0.1594,0.5589,49633,27976
06,007,"Butte County, California",0.5899,0.1802,0.4497,52537,225817
06,031,"Kings County, California",0.5232,0.1000,0.5931,57848,150691
06,063,"Plumas County, California",0.7285,0.2706,0.2969,55359,18660
06,079,"San Luis Obispo County, California",0.6157,0.1944,0.4721,73518,282165
06,019,"Fresno County, California",0.5330,0.1196,0.6188,53969,984521
06,029,"Kern County, California",0.5829,0.1067,0.5934,53350,887641
06,059,"Orange County, California",0.5738,0.1437,0.6767,90234,3168044
06,111,"Ventura County, California",0.6315,0.1506,0.6052,88131,847263
06,009,"Calaveras County, California",0.7775,0.2751,0.3278,63158,45514
06,101,"Sutter County, California",0.5772,0.1500,0.6632,59050,96109
06,081,"San Mateo County, California",0.6016,0.1575,0.7024,122641,767423
06,109,"Tuolumne County, California",0.7128,0.2558,0.3394,60108,54045
06,077,"San Joaquin County, California",0.5662,0.1253,0.6972,64432,742603
06,005,"Amador County, California",0.7650,0.2666,0.3672,62772,38429
06,033,"Lake County, California",0.6638,0.2233,0.4567,47040,64195
06,115,"Yuba County, California",0.6051,0.1228,0.6058,58054,76360
06,035,"Lassen County, California",0.6756,0.1421,0.5253,56352,30818
06,097,"Sonoma County, California",0.6146,0.1899,0.5248,81018,499772
06,025,"Imperial County, California",0.5835,0.1264,0.2786,47622,180701
06,001,"Alameda County, California",0.5352,0.1352,0.7474,99406,1656754
06,055,"Napa County, California",0.6422,0.1860,0.6011,88596,139623
06,091,"Sierra County, California",0.7536,0.2934,0.2216,52148,3040
06,113,"Yolo County, California",0.5157,0.1214,0.6594,70228,217352
06,057,"Nevada County, California",0.7420,0.2645,0.2643,66096,99244
06,045,"Mendocino County, California",0.5990,0.2125,0.5068,51416,87224
06,037,"Los Angeles County, California",0.4581,0.1325,0.6683,68044,10081570
06,085,"Santa Clara County, California",0.5640,0.1319,0.7016,124055,1927470
06,093,"Siskiyou County, California",0.6502,0.2469,0.3979,45241,43468
06,015,"Del Norte County, California",0.6308,0.1719,0.5612,45283,27495
08,095,"Phillips County, Colorado",0.7188,0.1727,0.3937,51155,4290
08,007,"Archuleta County, Colorado",0.7221,0.2553,0.3825,52221,13253
08,031,"Denver County, Colorado",0.4988,0.1155,0.6068,68592,705576
08,061,"Kiowa County, Colorado",0.7429,0.2471,0.1563,41731,1489
08,055,"Huerfano County, Colorado",0.7175,0.3119,0.5068,38137,6679
08,009,"Baca County, Colorado",0.7100,0.2600,0.2671,35878,3561
08,047,"Gilpin County, Colorado",0.7959,0.1793,0.2619,76429,6018
08,063,"Kit Carson County, Colorado",0.6641,0.1833,0.3706,49349,7447
08,051,"Gunnison County, Colorado",0.6144,0.1301,0.2345,56577,16802
08,079,"Mineral County, Colorado",0.8665,0.2682,0.2434,62188,824
08,091,"Ouray County, Colorado",0.7231,0.2773,0.0834,66417,4796
08,115,"Sedgwick County, Colorado",0.7135,0.2313,0.2685,43150,2322
08,123,"Weld County, Colorado",0.7292,0.1186,0.4820,74150,305345
08,027,"Custer County, Colorado",0.8717,0.3595,0.2648,53119,4776
08,023,"Costilla County, Colorado",0.6901,0.2732,0.5047,30965,3745
08,035,"Douglas County, Colorado",0.7899,0.1143,0.3130,119730,336041
08,065,"Lake County, Colorado",0.6840,0.1055,0.4869,50565,7751
08,067,"La Plata County, Colorado",0.7066,0.1645,0.3610,68685,55617
08,097,"Pitkin County, Colorado",0.6497,0.1781,0.2609,78935,17926
08,105,"Rio Grande County, Colorado",0.6322,0.1943,0.5308,39123,11305
08,011,"Bent County, Colorado",0.5959,0.1785,0.4943,30900,5787
08,025,"Crowley County, Colorado",0.7248,0.1338,0.5181,42135,5754
08,111,"San Juan County, Colorado",0.6263,0.2479,0.2036,54625,589
08,069,"Larimer County, Colorado",0.6504,0.1513,0.3033,71881,344786
08,075,"Logan County, Colorado",0.6524,0.1715,0.3882,53318,22380
08,113,"San Miguel County, Colorado",0.6098,0.1352,0.2512,67038,8049
08,119,"Teller County, Colorado",0.8246,0.2105,0.2070,66592,24524
08,039,"Elbert County, Colorado",0.9002,0.1549,0.2104,99199,25717
08,071,"Las Animas County, Colorado",0.6738,0.2367,0.5463,41817,14266
08,073,"Lincoln County, Colorado",0.7055,0.1739,0.4919,47258,5585
08,117,"Summit County, Colorado",0.6550,0.1277,0.3044,79277,30649
08,003,"Alamosa County, Colorado",0.5781,0.1322,0.5526,37515,16107
08,029,"Delta County, Colorado",0.7364,0.2528,0.3150,45269,30565
08,043,"Fremont County, Colorado",0.7504,0.2115,0.3541,49409,47321
08,085,"Montrose County, Colorado",0.7267,0.2311,0.3785,50489,41686
08,087,"Morgan County, Colorado",0.6405,0.1537,0.5292,53682,28517
08,109,"Saguache County, Colorado",0.7150,0.2238,0.5227,38571,6592
08,099,"Prowers County, Colorado",0.6543,0.1740,0.5081,41929,12022
08,121,"Washington County, Colorado",0.6689,0.2007,0.2338,50094,4868
08,049,"Grand County, Colorado",0.6846,0.1674,0.2297,71198,15303
08,089,"Otero County, Colorado",0.6392,0.2008,0.5410,38169,18282
08,014,"Broomfield County, Colorado",0.6522,0.1330,0.3899,96416,67886
08,053,"Hinsdale County, Colorado",0.7162,0.2450,0.1859,56339,857
08,033,"Dolores County, Colorado",0.8155,0.2763,0.1882,45972,1857
08,057,"Jackson County, Colorado",0.7993,0.2831,0.2946,53300,1261
08,083,"Montezuma County, Colorado",0.7211,0.2153,0.4399,49470,26031
08,013,"Boulder County, Colorado",0.6222,0.1367,0.3758,83019,322510
08,125,"Yuma County, Colorado",0.6691,0.1824,0.3868,52022,10003
08,107,"Routt County, Colorado",0.7120,0.1461,0.1898,77443,25072
08,019,"Clear Creek County, Colorado",0.7722,0.1944,0.2077,67060,9495
08,101,"Pueblo County, Colorado",0.6467,0.1819,0.5432,46783,165982
08,093,"Park County, Colorado",0.8639,0.1996,0.2033,73622,17867
08,077,"Mesa County, Colorado",0.6818,0.1857,0.3158,55379,151218
08,041,"El Paso County, Colorado",0.6395,0.1246,0.4863,68779,698974
08,005,"Arapahoe County, Colorado",0.6352,0.1274,0.5834,77469,644560
08,015,"Chaffee County, Colorado",0.7782,0.2505,0.2678,55771,19557
08,045,"Garfield County, Colorado",0.6686,0.1266,0.4544,75937,59055
08,059,"Jefferson County, Colorado",0.7068,0.1600,0.3645,82986,574798
08,103,"Rio Blanco County, Colorado",0.7080,0.1524,0.2709,54357,6384
08,021,"Conejos County, Colorado",0.7942,0.1861,0.5258,36084,8128
08,001,"Adams County, Colorado",0.6621,0.1014,0.5862,71202,504108
08,037,"Eagle County, Colorado",0.6978,0.1075,0.4604,84790,54681
08,081,"Moffat County, Colorado",0.6476,0.1377,0.3297,57229,13127
08,017,"Cheyenne County, Colorado",0.7145,0.1654,0.3644,53977,2026
09,009,"New Haven County, Connecticut",0.6185,0.1700,0.5538,69905,857513
09,003,"Hartford County, Connecticut",0.6411,0.1677,0.5743,75148,893561
09,015,"Windham County, Connecticut",0.6897,0.1605,0.3010,66550,116566
09,011,"New London County, Connecticut",0.6637,0.1773,0.4101,73490,267390
09,007,"Middlesex County, Connecticut",0.7352,0.1967,0.2885,85898,163053
09,013,"Tolland County, Connecticut",0.7176,0.1532,0.2774,87069,151063
09,001,"Fairfield County, Connecticut",0.6705,0.1553,0.5652,95645,943926
09,005,"Litchfield County, Connecticut",0.7649,0.2058,0.2133,79906,182002
10,005,"Sussex County, Delaware",0.8026,0.2696,0.4148,63162,224384
10,003,"New Castle County, Delaware",0.6789,0.1515,0.5962,73892,556165
10,001,"Kent County, Delaware",0.6906,0.1665,0.5504,60910,176699
11,001,"District of Columbia, District of Columbia",0.4162,0.1208,0.6451,86420,692683
12,133,"Washington County, Florida",0.7773,0.1723,0.3759,37022,24764
12,031,"Duval County, Florida",0.5673,0.1372,0.6225,55807,936186
12,007,"Bradford County, Florida",0.6929,0.1782,0.4166,45921,27317
12,009,"Brevard County, Florida",0.7433,0.2343,0.4248,56775,585507
12,019,"Clay County, Florida",0.7499,0.1539,0.4479,65740,211405
12,067,"Lafayette County, Florida",0.8437,0.1375,0.5112,50165,8637
12,069,"Lake County, Florida",0.7446,0.2655,0.4785,54513,345867
12,089,"Nassau County, Florida",0.8000,0.2152,0.2361,69943,83098
12,103,"Pinellas County, Florida",0.6702,0.2434,0.4313,54090,964666
12,105,"Polk County, Florida",0.6889,0.2016,0.5802,50584,686218
12,111,"St. Lucie County, Florida",0.7324,0.2376,0.5971,52322,312947
12,043,"Glades County, Florida",0.7964,0.2692,0.5783,40977,13516
12,051,"Hendry County, Florida",0.6534,0.1312,0.5958,40820,40732
12,061,"Indian River County, Florida",0.7923,0.3227,0.4093,54740,153989
12,063,"Jackson County, Florida",0.6983,0.1926,0.4998,39872,47945
12,109,"St. Johns County, Florida",0.8036,0.1971,0.3083,82252,244674
12,117,"Seminole County, Florida",0.6462,0.1520,0.5756,66768,461402
12,005,"Bay County, Florida",0.6509,0.1704,0.4023,54316,182161
12,035,"Flagler County, Florida",0.7599,0.2998,0.4206,54514,109801
12,045,"Gulf County, Florida",0.7419,0.2068,0.3878,47712,15576
12,077,"Liberty County, Florida",0.7544,0.1534,0.3910,38015,8345
12,097,"Osceola County, Florida",0.6162,0.1296,0.5970,52279,351955
12,131,"Walton County, Florida",0.7464,0.1950,0.2823,58093,68262
12,039,"Gadsden County, Florida",0.7294,0.1732,0.5735,41401,45945
12,065,"Jefferson County, Florida",0.7700,0.2294,0.5246,47240,14161
12,083,"Marion County, Florida",0.7500,0.2864,0.4715,45371,353526
12,049,"Hardee County, Florida",0.6492,0.1579,0.5828,38682,27131
12,093,"Okeechobee County, Florida",0.7216,0.1977,0.5288,41760,41144
12,095,"Orange County, Florida",0.5540,0.1164,0.6968,58254,1349746
12,041,"Gilchrist County, Florida",0.8304,0.2026,0.2496,43640,17953
12,121,"Suwannee County, Florida",0.7430,0.2051,0.4044,47839,44046
12,001,"Alachua County, Florida",0.5502,0.1368,0.5736,49689,265443
12,013,"Calhoun County, Florida",0.8143,0.1918,0.3830,38568,14362
12,015,"Charlotte County, Florida",0.7967,0.3962,0.2871,51499,181067
12,029,"Dixie County, Florida",0.7858,0.2274,0.2829,39828,16589
12,085,"Martin County, Florida",0.7805,0.3060,0.3657,61133,159065
12,115,"Sarasota County, Florida",0.7494,0.3605,0.2994,62236,419496
12,081,"Manatee County, Florida",0.7286,0.2698,0.4584,59009,384213
12,017,"Citrus County, Florida",0.8188,0.3628,0.2209,44237,145169
12,003,"Baker County, Florida",0.7528,0.1373,0.3236,63275,28211
12,113,"Santa Rosa County, Florida",0.7597,0.1580,0.3128,67949,174755
12,073,"Leon County, Florida",0.5296,0.1290,0.5808,53106,289770
12,011,"Broward County, Florida",0.6212,0.1630,0.7015,59547,1926205
12,087,"Monroe County, Florida",0.5949,0.2215,0.4969,70033,75798
12,053,"Hernando County, Florida",0.7806,0.2748,0.3771,48812,186313
12,057,"Hillsborough County, Florida",0.5858,0.1393,0.6530,58884,1422278
12,123,"Taylor County, Florida",0.7741,0.1968,0.4370,40306,21870
12,129,"Wakulla County, Florida",0.8201,0.1459,0.3420,61410,32321
12,099,"Palm Beach County, Florida",0.6887,0.2362,0.6178,63299,1465027
12,086,"Miami-Dade County, Florida",0.5116,0.1596,0.4882,51347,2699428
12,037,"Franklin County, Florida",0.7464,0.2270,0.3824,46643,11811
12,047,"Hamilton County, Florida",0.6793,0.1697,0.5781,38569,14326
12,119,"Sumter County, Florida",0.8971,0.5671,0.2698,57226,125044
12,059,"Holmes County, Florida",0.7640,0.1981,0.2424,39102,19432
12,071,"Lee County, Florida",0.7232,0.2809,0.4957,57832,737468
12,021,"Collier County, Florida",0.7333,0.3155,0.5226,69653,371453
12,101,"Pasco County, Florida",0.7210,0.2253,0.4169,52828,524602
12,055,"Highlands County, Florida",0.7531,0.3520,0.5001,40942,103437
12,027,"DeSoto County, Florida",0.6973,0.2168,0.5848,35438,36903
12,023,"Columbia County, Florida",0.7143,0.1828,0.4412,46494,69968
12,107,"Putnam County, Florida",0.7073,0.2271,0.4529,37670,73252
12,125,"Union County, Florida",0.6606,0.1496,0.4657,44270,15303
12,075,"Levy County, Florida",0.7767,0.2409,0.3488,37326,40403
12,127,"Volusia County, Florida",0.7031,0.2415,0.4553,49494,536487
12,079,"Madison County, Florida",0.7356,0.2013,0.5546,37037,18460
12,033,"Escambia County, Florida",0.6203,0.1656,0.5319,50915,313491
12,091,"Okaloosa County, Florida",0.6344,0.1572,0.4373,63412,203794
13,005,"Bacon County, Georgia",0.7241,0.1536,0.4289,37519,11201
13,025,"Brantley County, Georgia",0.8035,0.1604,0.1488,38857,18756
13,017,"Ben Hill County, Georgia",0.5884,0.1673,0.5503,32229,17033
13,033,"Burke County, Georgia",0.7079,0.1503,0.5444,44151,22520
13,047,"Catoosa County, Georgia",0.7401,0.1722,0.1707,56235,66700
13,053,"Chattahoochee County, Georgia",0.2459,0.0320,0.6016,47096,10560
13,055,"Chattooga County, Georgia",0.6820,0.1731,0.3014,36807,24812
13,073,"Columbia County, Georgia",0.7951,0.1319,0.4932,82339,150705
13,087,"Decatur County, Georgia",0.5749,0.1599,0.5672,41481,26682
13,115,"Floyd County, Georgia",0.6104,0.1649,0.4667,48336,97369
13,117,"Forsyth County, Georgia",0.8404,0.1168,0.4584,107218,228383
13,137,"Habersham County, Georgia",0.7826,0.1848,0.3785,50563,44626
13,147,"Hart County, Georgia",0.7480,0.2184,0.4018,43204,25773
13,185,"Lowndes County, Georgia",0.5232,0.1188,0.5744,42441,115364
13,191,"McIntosh County, Georgia",0.7976,0.2567,0.4887,49504,14174
13,199,"Meriwether County, Georgia",0.6849,0.1986,0.5238,37121,21106
13,207,"Monroe County, Georgia",0.7915,0.1806,0.4211,54754,27171
13,237,"Putnam County, Georgia",0.7702,0.2352,0.4956,51606,21691
13,261,"Sumter County, Georgia",0.5551,0.1668,0.5696,36681,30064
13,265,"Taliaferro County, Georgia",0.6897,0.2520,0.5056,37446,1611
13,301,"Warren County, Georgia",0.6658,0.2158,0.4859,37203,5297
13,029,"Bryan County, Georgia",0.7013,0.1050,0.4398,72624,37063
13,035,"Butts County, Georgia",0.6984,0.1539,0.4791,43471,24090
13,039,"Camden County, Georgia",0.6255,0.1270,0.4723,56951,53231
13,079,"Crawford County, Georgia",0.7794,0.1800,0.4137,46283,12325
13,099,"Early County, Georgia",0.6397,0.1898,0.5228,30640,10312
13,069,"Coffee County, Georgia",0.6311,0.1365,0.5674,40859,43021
13,077,"Coweta County, Georgia",0.7283,0.1350,0.4588,75913,143260
13,123,"Gilmer County, Georgia",0.7445,0.2412,0.2489,52625,30414
13,297,"Walton County, Georgia",0.7426,0.1516,0.4093,61599,91442
13,317,"Wilkes County, Georgia",0.6745,0.2286,0.5565,37838,9844
13,091,"Dodge County, Georgia",0.6783,0.1749,0.4963,39302,20829
13,129,"Gordon County, Georgia",0.6514,0.1442,0.3722,45865,57202
13,057,"Cherokee County, Georgia",0.7675,0.1344,0.3639,82740,247515
13,113,"Fayette County, Georgia",0.8195,0.1771,0.5540,90145,112303
13,177,"Lee County, Georgia",0.7276,0.1251,0.4420,69280,29502
13,227,"Pickens County, Georgia",0.7590,0.2137,0.2408,67631,31387
13,133,"Greene County, Georgia",0.7465,0.2845,0.5428,52129,17349
13,075,"Cook County, Georgia",0.6638,0.1589,0.5050,41854,17177
13,085,"Dawson County, Georgia",0.8153,0.2002,0.1491,66281,24536
13,121,"Fulton County, Georgia",0.5160,0.1141,0.6419,69673,1036200
13,189,"McDuffie County, Georgia",0.6127,0.1729,0.5524,43468,21455
13,211,"Morgan County, Georgia",0.7324,0.1951,0.4289,66178,18507
13,149,"Heard County, Georgia",0.7110,0.1664,0.2721,51358,11736
13,095,"Dougherty County, Georgia",0.4600,0.1529,0.4537,39584,89703
13,111,"Fannin County, Georgia",0.7904,0.2846,0.0985,47997,25395
13,153,"Houston County, Georgia",0.6360,0.1242,0.5830,61723,153507
13,175,"Laurens County, Georgia",0.6420,0.1725,0.5329,39120,47405
13,255,"Spalding County, Georgia",0.6248,0.1765,0.5389,47111,65306
13,271,"Telfair County, Georgia",0.6699,0.1753,0.5991,32405,16035
13,291,"Union County, Georgia",0.7722,0.3250,0.1175,50021,23288
13,293,"Upson County, Georgia",0.6757,0.1799,0.4732,37640,26236
13,303,"Washington County, Georgia",0.6660,0.1770,0.5412,38068,20436
13,311,"White County, Georgia",0.7586,0.2206,0.1462,52493,29489
13,225,"Peach County, Georgia",0.6539,0.1551,0.5849,46636,27145
13,223,"Paulding County, Georgia",0.7577,0.1044,0.4566,68370,159825
13,229,"Pierce County, Georgia",0.7748,0.1677,0.2823,42804,19250
13,231,"Pike County, Georgia",0.8397,0.1548,0.2360,64878,18327
13,245,"Richmond County, Georgia",0.5264,0.1357,0.5681,42728,201852
13,251,"Screven County, Georgia",0.7348,0.1826,0.5295,39842,13989
13,267,"Tattnall County, Georgia",0.6715,0.1387,0.5690,40730,25382
13,019,"Berrien County, Georgia",0.6422,0.1756,0.3164,40415,19152
13,295,"Walker County, Georgia",0.7184,0.1831,0.1714,46157,69039
13,135,"Gwinnett County, Georgia",0.6627,0.0963,0.7288,71026,915046
13,013,"Barrow County, Georgia",0.7563,0.1234,0.4635,62345,78991
13,049,"Charlton County, Georgia",0.7135,0.1488,0.5506,41961,13040
13,065,"Clinch County, Georgia",0.7489,0.1554,0.4929,27658,6686
13,015,"Bartow County, Georgia",0.6630,0.1369,0.3809,57423,104919
13,097,"Douglas County, Georgia",0.6432,0.1139,0.6147,63835,143316
13,131,"Grady County, Georgia",0.6427,0.1775,0.5673,43531,24828
13,141,"Hancock County, Georgia",0.7058,0.2236,0.4058,31860,8515
13,313,"Whitfield County, Georgia",0.6457,0.1371,0.5336,48623,104237
13,193,"Macon County, Georgia",0.6399,0.1654,0.5156,32161,13305
13,285,"Troup County, Georgia",0.5738,0.1447,0.5508,45649,69919
13,145,"Harris County, Georgia",0.8764,0.1807,0.3811,76319,34105
13,249,"Schley County, Georgia",0.7151,0.1603,0.4703,44448,5221
13,321,"Worth County, Georgia",0.6543,0.1876,0.4677,45398,20494
13,093,"Dooly County, Georgia",0.6958,0.1923,0.5728,37340,13736
13,109,"Evans County, Georgia",0.6801,0.1643,0.5816,42607,10687
13,307,"Webster County, Georgia",0.8395,0.2004,0.5847,37297,2610
13,103,"Effingham County, Georgia",0.7593,0.1141,0.3669,66822,60477
13,125,"Glascock County, Georgia",0.7473,0.1649,0.2257,45000,2996
13,239,"Quitman County, Georgia",0.7019,0.2490,0.5871,26667,2289
13,051,"Chatham County, Georgia",0.5471,0.1492,0.6036,56842,288496
13,167,"Johnson County, Georgia",0.6726,0.1812,0.4998,42446,9691
13,173,"Lanier County, Georgia",0.6440,0.1382,0.4663,40986,10380
13,195,"Madison County, Georgia",0.7471,0.1665,0.3155,52500,29218
13,205,"Mitchell County, Georgia",0.6219,0.1609,0.5719,38116,22244
13,277,"Tift County, Georgia",0.6000,0.1445,0.5867,45639,40541
13,233,"Polk County, Georgia",0.6458,0.1540,0.4495,44891,41908
13,263,"Talbot County, Georgia",0.7900,0.2346,0.5011,38549,6321
13,273,"Terrell County, Georgia",0.5502,0.1876,0.5338,34768,8737
13,275,"Thomas County, Georgia",0.6123,0.1759,0.5349,43740,44630
13,319,"Wilkinson County, Georgia",0.7523,0.1873,0.5257,38996,9010
13,221,"Oglethorpe County, Georgia",0.7719,0.1887,0.3945,47120,14931
13,243,"Randolph County, Georgia",0.5719,0.2155,0.4902,31699,6973
13,299,"Ware County, Georgia",0.6360,0.1690,0.5076,36869,35593
13,305,"Wayne County, Georgia",0.6351,0.1563,0.4483,45483,29788
13,315,"Wilcox County, Georgia",0.7612,0.1664,0.5294,36964,8824
13,009,"Baldwin County, Georgia",0.5848,0.1543,0.5472,43672,45111
13,031,"Bulloch County, Georgia",0.5391,0.1114,0.5169,45550,76120
13,061,"Clay County, Georgia",0.7295,0.2582,0.4852,22325,2951
13,101,"Echols County, Georgia",0.6778,0.1610,0.4835,39494,3981
13,089,"DeKalb County, Georgia",0.5464,0.1195,0.6179,62399,749323
13,143,"Haralson County, Georgia",0.6838,0.1577,0.1709,48550,29227
13,163,"Jefferson County, Georgia",0.6319,0.1797,0.5400,33944,15618
13,181,"Lincoln County, Georgia",0.7499,0.2324,0.4657,39742,7856
13,213,"Murray County, Georgia",0.6962,0.1440,0.2958,48033,39724
13,235,"Pulaski County, Georgia",0.6428,0.1987,0.5273,45148,11216
13,241,"Rabun County, Georgia",0.7426,0.2746,0.2238,42500,16645
13,281,"Towns County, Georgia",0.7826,0.3440,0.1136,48219,11617
13,283,"Treutlen County, Georgia",0.6691,0.2072,0.4111,32241,6795
13,155,"Irwin County, Georgia",0.7360,0.1868,0.4724,37736,9320
13,001,"Appling County, Georgia",0.7641,0.1685,0.4751,40304,18440
13,187,"Lumpkin County, Georgia",0.7067,0.1685,0.1767,51790,32402
13,201,"Miller County, Georgia",0.6550,0.2163,0.4458,44542,5787
13,219,"Oconee County, Georgia",0.8293,0.1498,0.2849,90751,38132
13,151,"Henry County, Georgia",0.7036,0.1135,0.6162,71288,225356
13,183,"Long County, Georgia",0.6910,0.0905,0.5879,54605,18692
13,257,"Stephens County, Georgia",0.6980,0.1973,0.3062,47164,25750
13,161,"Jeff Davis County, Georgia",0.6511,0.1512,0.4564,36669,15036
13,037,"Calhoun County, Georgia",0.6561,0.1505,0.5273,34167,6365
13,021,"Bibb County, Georgia",0.5232,0.1517,0.5565,41334,153200
13,197,"Marion County, Georgia",0.7840,0.2066,0.5506,44643,8432
13,023,"Bleckley County, Georgia",0.7433,0.1765,0.4542,48174,12807
13,119,"Franklin County, Georgia",0.6643,0.1927,0.2923,42488,22766
13,171,"Lamar County, Georgia",0.6925,0.1675,0.4877,44846,18672
13,107,"Emanuel County, Georgia",0.6384,0.1573,0.5315,37453,22533
13,159,"Jasper County, Georgia",0.7683,0.1754,0.4060,51250,13916
13,179,"Liberty County, Georgia",0.4573,0.0877,0.6676,48007,61349
13,253,"Seminole County, Georgia",0.6527,0.2283,0.5121,33357,8321
13,289,"Twiggs County, Georgia",0.8088,0.2190,0.5132,34879,8229
13,269,"Taylor County, Georgia",0.7052,0.1948,0.5263,33832,8116
13,279,"Toombs County, Georgia",0.6054,0.1615,0.5579,40175,26972
13,209,"Montgomery County, Georgia",0.6916,0.1658,0.5020,41996,9058
13,247,"Rockdale County, Georgia",0.6636,0.1402,0.5988,60189,89717
13,309,"Wheeler County, Georgia",0.6327,0.1409,0.4961,30192,7928
13,011,"Banks County, Georgia",0.7540,0.1646,0.2234,47811,18708
13,059,"Clarke County, Georgia",0.3903,0.1058,0.6069,38623,126176
13,127,"Glynn County, Georgia",0.6255,0.1967,0.5229,52977,84470
13,157,"Jackson County, Georgia",0.7788,0.1441,0.3270,65385,67885
13,169,"Jones County, Georgia",0.8024,0.1738,0.4288,56020,28579
13,215,"Muscogee County, Georgia",0.4802,0.1300,0.6212,46408,195739
13,259,"Stewart County, Georgia",0.7351,0.1489,0.6338,29732,6293
13,287,"Turner County, Georgia",0.6914,0.1948,0.5465,37039,7943
13,003,"Atkinson County, Georgia",0.7333,0.1356,0.5882,37197,8239
13,007,"Baker County, Georgia",0.6526,0.2372,0.5825,32917,3132
13,043,"Candler County, Georgia",0.5761,0.1748,0.5548,33736,10812
13,045,"Carroll County, Georgia",0.6690,0.1336,0.4645,53737,117183
13,081,"Crisp County, Georgia",0.5449,0.1821,0.5425,36042,22713
13,067,"Cobb County, Georgia",0.6453,0.1185,0.6385,77932,751218
13,083,"Dade County, Georgia",0.7149,0.1894,0.1276,42581,16197
13,027,"Brooks County, Georgia",0.7395,0.1888,0.5490,38285,15590
13,105,"Elbert County, Georgia",0.7223,0.2027,0.5056,38678,19166
13,165,"Jenkins County, Georgia",0.7142,0.1782,0.5723,27375,8793
13,217,"Newton County, Georgia",0.6763,0.1266,0.5839,56316,108079
13,071,"Colquitt County, Georgia",0.6297,0.1525,0.5970,36435,45486
13,063,"Clayton County, Georgia",0.4951,0.0902,0.5017,47864,283538
13,139,"Hall County, Georgia",0.6946,0.1455,0.5438,62984,198667
15,001,"Hawaii County, Hawaii",0.6774,0.2019,0.7249,62409,199459
15,003,"Honolulu County, Hawaii",0.5619,0.1730,0.7046,85857,984821
15,007,"Kauai County, Hawaii",0.6320,0.1931,0.7260,83554,71769
15,005,"Kalawao County, Hawaii",0.0000,0.1667,0.6515,69375,66
15,009,"Maui County, Hawaii",0.6105,0.1753,0.7277,80948,165979
16,031,"Cassia County, Idaho",0.7026,0.1376,0.4376,52935,23690
16,063,"Lincoln County, Idaho",0.6821,0.1299,0.4675,50053,5350
16,085,"Valley County, Idaho",0.8082,0.2754,0.1030,64475,10709
16,041,"Franklin County, Idaho",0.8128,0.1381,0.1656,57215,13464
16,069,"Nez Perce County, Idaho",0.7282,0.1959,0.2357,58107,40217
16,055,"Kootenai County, Idaho",0.7040,0.1849,0.1751,57242,157322
16,067,"Minidoka County, Idaho",0.7341,0.1582,0.4906,53370,20705
16,083,"Twin Falls County, Idaho",0.6886,0.1507,0.3477,52919,84869
16,013,"Blaine County, Idaho",0.7006,0.1778,0.3916,56694,22373
16,015,"Boise County, Idaho",0.8284,0.2487,0.1699,59646,7378
16,023,"Butte County, Idaho",0.8232,0.2077,0.1000,42132,2581
16,047,"Gooding County, Idaho",0.7047,0.1669,0.4545,47204,15148
16,001,"Ada County, Idaho",0.6931,0.1395,0.2746,66293,456849
16,007,"Bear Lake County, Idaho",0.7657,0.2058,0.1345,54167,6000
16,011,"Bingham County, Idaho",0.7679,0.1373,0.4184,55472,45839
16,025,"Camas County, Idaho",0.7563,0.1880,0.0375,39688,1048
16,035,"Clearwater County, Idaho",0.7806,0.2667,0.1816,43915,8673
16,051,"Jefferson County, Idaho",0.8067,0.1096,0.2360,63048,28534
16,059,"Lemhi County, Idaho",0.7764,0.2927,0.1276,39324,7847
16,075,"Payette County, Idaho",0.7266,0.1788,0.3538,50579,23260
16,009,"Benewah County, Idaho",0.7329,0.2219,0.2695,47556,9138
16,017,"Bonner County, Idaho",0.7566,0.2376,0.1317,50256,43611
16,033,"Clark County, Idaho",0.6241,0.1479,0.5498,46154,913
16,037,"Custer County, Idaho",0.7864,0.3281,0.1983,40875,4169
16,039,"Elmore County, Idaho",0.5981,0.1301,0.4393,46855,26743
16,043,"Fremont County, Idaho",0.8121,0.1700,0.2639,58065,13020
16,065,"Madison County, Idaho",0.4460,0.0662,0.2138,39160,39100
16,079,"Shoshone County, Idaho",0.6996,0.2233,0.1646,39386,12609
16,049,"Idaho County, Idaho",0.7668,0.2685,0.1689,41516,16411
16,081,"Teton County, Idaho",0.7774,0.1089,0.3124,74216,11426
16,077,"Power County, Idaho",0.7440,0.1568,0.5056,48823,7671
16,087,"Washington County, Idaho",0.7254,0.2461,0.3468,40992,10057
16,071,"Oneida County, Idaho",0.7988,0.1918,0.1251,53841,4385
16,045,"Gem County, Idaho",0.7480,0.2122,0.2220,45492,17331
16,003,"Adams County, Idaho",0.8031,0.2951,0.1486,48856,4097
16,053,"Jerome County, Idaho",0.6492,0.1260,0.4912,52921,23730
16,061,"Lewis County, Idaho",0.6944,0.2467,0.2849,41198,3838
16,073,"Owyhee County, Idaho",0.7091,0.1795,0.4598,43798,11552
16,021,"Boundary County, Idaho",0.7666,0.2127,0.1800,43423,11845
16,029,"Caribou County, Idaho",0.7931,0.1665,0.1549,59053,6953
16,005,"Bannock County, Idaho",0.6754,0.1378,0.2893,51734,85765
16,019,"Bonneville County, Idaho",0.6963,0.1306,0.2929,60615,114392
16,027,"Canyon County, Idaho",0.6950,0.1343,0.4407,52134,217633
16,057,"Latah County, Idaho",0.5432,0.1303,0.2095,49158,39505
17,051,"Fayette County, Illinois",0.8050,0.1882,0.1486,46650,21565
17,107,"Logan County, Illinois",0.7274,0.1801,0.2475,57308,29003
17,165,"Saline County, Illinois",0.7453,0.1994,0.1604,44090,23994
17,097,"Lake County, Illinois",0.7300,0.1373,0.5623,89427,701473
17,127,"Massac County, Illinois",0.7549,0.2083,0.2163,47481,14219
17,017,"Cass County, Illinois",0.7460,0.1726,0.3925,52373,12493
17,139,"Moultrie County, Illinois",0.7763,0.1889,0.0664,61456,14641
17,149,"Pike County, Illinois",0.7857,0.2058,0.0809,47492,15672
17,151,"Pope County, Illinois",0.8253,0.2736,0.1699,38056,4203
17,163,"St. Clair County, Illinois",0.6519,0.1523,0.5283,55179,262338
17,173,"Shelby County, Illinois",0.8101,0.2209,0.0546,52953,21737
17,019,"Champaign County, Illinois",0.5298,0.1237,0.5153,52797,209922
17,013,"Calhoun County, Illinois",0.8726,0.2327,0.0593,63009,4830
17,053,"Ford County, Illinois",0.7221,0.1882,0.1245,52092,13270
17,089,"Kane County, Illinois",0.7387,0.1316,0.5682,79394,531376
17,093,"Kendall County, Illinois",0.8358,0.1012,0.4759,96563,126054
17,009,"Brown County, Illinois",0.7479,0.1448,0.4144,61655,6628
17,121,"Marion County, Illinois",0.7356,0.1931,0.1664,47519,37743
17,125,"Mason County, Illinois",0.7785,0.2206,0.0693,48417,13621
17,075,"Iroquois County, Illinois",0.7613,0.2120,0.1877,52700,27812
17,025,"Clay County, Illinois",0.7453,0.2003,0.0761,48500,13287
17,059,"Gallatin County, Illinois",0.7706,0.2352,0.0850,44076,5064
17,133,"Monroe County, Illinois",0.8342,0.1724,0.0724,85747,34168
17,181,"Union County, Illinois",0.7726,0.2045,0.1674,50625,16968
17,201,"Winnebago County, Illinois",0.6586,0.1701,0.4899,54489,284819
17,153,"Pulaski County, Illinois",0.7637,0.2180,0.5017,34640,5510
17,169,"Schuyler County, Illinois",0.7575,0.2198,0.2055,52357,6953
17,045,"Edgar County, Illinois",0.7650,0.2170,0.0363,53647,17407
17,007,"Boone County, Illinois",0.8100,0.1557,0.4186,69272,53537
17,011,"Bureau County, Illinois",0.7661,0.2163,0.2222,57436,33122
17,029,"Coles County, Illinois",0.6148,0.1654,0.1708,46202,51353
17,033,"Crawford County, Illinois",0.7767,0.1875,0.2257,49779,18972
17,155,"Putnam County, Illinois",0.8052,0.2269,0.1507,63638,5721
17,039,"De Witt County, Illinois",0.7873,0.1877,0.1036,55587,15932
17,103,"Lee County, Illinois",0.7232,0.1893,0.2500,58194,34389
17,117,"Macoupin County, Illinois",0.7674,0.1957,0.0769,55159,45463
17,159,"Richland County, Illinois",0.7122,0.2008,0.0931,48894,15766
17,189,"Washington County, Illinois",0.7749,0.1989,0.0780,61763,14058
17,067,"Hancock County, Illinois",0.8139,0.2281,0.0750,52561,17983
17,119,"Madison County, Illinois",0.7136,0.1680,0.2674,60738,264776
17,063,"Grundy County, Illinois",0.7126,0.1358,0.2451,77350,50666
17,091,"Kankakee County, Illinois",0.6803,0.1628,0.4481,58902,110637
17,131,"Mercer County, Illinois",0.7904,0.2107,0.0910,59787,15589
17,043,"DuPage County, Illinois",0.7337,0.1500,0.5153,92809,929060
17,003,"Alexander County, Illinois",0.7372,0.2128,0.4934,36806,6260
17,129,"Menard County, Illinois",0.7808,0.1941,0.0856,74684,12306
17,099,"LaSalle County, Illinois",0.7180,0.1847,0.2595,58142,109737
17,031,"Cook County, Illinois",0.5692,0.1426,0.6983,64660,5198275
17,115,"Macon County, Illinois",0.6841,0.1942,0.3929,50480,105528
17,177,"Stephenson County, Illinois",0.6992,0.2209,0.3083,48805,45093
17,191,"Wayne County, Illinois",0.7660,0.2130,0.0743,50251,16402
17,203,"Woodford County, Illinois",0.8178,0.1738,0.0874,72808,38700
17,055,"Franklin County, Illinois",0.7422,0.2009,0.0807,42769,38923
17,109,"McDonough County, Illinois",0.6635,0.1717,0.2238,44471,30479
17,111,"McHenry County, Illinois",0.7939,0.1401,0.3242,86799,307714
17,135,"Montgomery County, Illinois",0.7637,0.1962,0.1286,52748,28828
17,195,"Whiteside County, Illinois",0.7485,0.2030,0.2699,54232,56016
17,001,"Adams County, Illinois",0.7184,0.1995,0.1571,52993,66085
17,027,"Clinton County, Illinois",0.7965,0.1664,0.1615,66639,37634
17,037,"DeKalb County, Illinois",0.5703,0.1215,0.3906,63317,104366
17,047,"Edwards County, Illinois",0.8020,0.2091,0.0687,51080,6455
17,079,"Jasper County, Illinois",0.7887,0.1904,0.0593,54256,9594
17,081,"Jefferson County, Illinois",0.7325,0.1862,0.2598,49896,37985
17,183,"Vermilion County, Illinois",0.6955,0.1873,0.3656,46515,77563
17,197,"Will County, Illinois",0.8128,0.1261,0.5484,86961,689315
17,199,"Williamson County, Illinois",0.7011,0.1864,0.1924,50734,67102
17,023,"Clark County, Illinois",0.7659,0.1935,0.0679,56531,15716
17,041,"Douglas County, Illinois",0.7399,0.1756,0.1798,56714,19623
17,049,"Effingham County, Illinois",0.7539,0.1714,0.0807,56685,34137
17,057,"Fulton County, Illinois",0.7829,0.2008,0.1551,51643,35092
17,061,"Greene County, Illinois",0.7755,0.1905,0.0738,49885,13132
17,065,"Hamilton County, Illinois",0.8003,0.2151,0.0257,54046,8176
17,069,"Hardin County, Illinois",0.8195,0.2478,0.1037,51250,3939
17,073,"Henry County, Illinois",0.7865,0.2031,0.1783,59933,49267
17,087,"Johnson County, Illinois",0.8415,0.2093,0.2645,52774,12494
17,095,"Knox County, Illinois",0.6672,0.2084,0.3023,44129,50508
17,105,"Livingston County, Illinois",0.7281,0.1892,0.2011,55160,36040
17,171,"Scott County, Illinois",0.7994,0.1990,0.0644,57118,5005
17,179,"Tazewell County, Illinois",0.7640,0.1830,0.1164,63454,133195
17,187,"Warren County, Illinois",0.7431,0.1858,0.2966,50310,17146
17,167,"Sangamon County, Illinois",0.6890,0.1724,0.3369,61912,196861
17,157,"Randolph County, Illinois",0.7399,0.1849,0.2687,53816,32295
17,141,"Ogle County, Illinois",0.7321,0.1818,0.2362,60986,51025
17,137,"Morgan County, Illinois",0.6852,0.1957,0.2170,51437,34247
17,193,"White County, Illinois",0.8058,0.2158,0.0732,49290,13868
17,071,"Henderson County, Illinois",0.8220,0.2479,0.0788,53676,6809
17,113,"McLean County, Illinois",0.6462,0.1272,0.3562,67675,172578
17,145,"Perry County, Illinois",0.7542,0.1847,0.2546,52428,21251
17,161,"Rock Island County, Illinois",0.6799,0.1880,0.4569,54858,143873
17,185,"Wabash County, Illinois",0.7799,0.2023,0.1175,50770,11546
17,035,"Cumberland County, Illinois",0.7867,0.1932,0.0651,56206,10836
17,085,"Jo Daviess County, Illinois",0.7838,0.2720,0.1028,57946,21588
17,101,"Lawrence County, Illinois",0.7417,0.1874,0.2759,46636,16033
17,123,"Marshall County, Illinois",0.8184,0.2278,0.1052,58465,11679
17,021,"Christian County, Illinois",0.7507,0.1936,0.0964,52834,32931
17,077,"Jackson County, Illinois",0.5147,0.1483,0.4256,37241,57977
17,143,"Peoria County, Illinois",0.6510,0.1645,0.4751,55842,182770
17,147,"Piatt County, Illinois",0.8249,0.1911,0.0740,70849,16401
17,175,"Stark County, Illinois",0.7849,0.2188,0.0888,54907,5447
17,005,"Bond County, Illinois",0.7585,0.1827,0.2221,57289,16589
17,015,"Carroll County, Illinois",0.7661,0.2487,0.1320,52410,14466
17,083,"Jersey County, Illinois",0.8193,0.1908,0.0847,63028,21937
18,069,"Huntington County, Indiana",0.7546,0.1685,0.1009,53632,36359
18,181,"White County, Indiana",0.7755,0.1951,0.1947,54576,24149
18,075,"Jay County, Indiana",0.7301,0.1735,0.0987,47658,20840
18,145,"Shelby County, Indiana",0.7330,0.1665,0.1462,60404,44438
18,153,"Sullivan County, Indiana",0.7437,0.1726,0.1528,50245,20730
18,157,"Tippecanoe County, Indiana",0.5508,0.1113,0.4082,53130,191553
18,057,"Hamilton County, Indiana",0.7695,0.1187,0.2927,98173,323117
18,005,"Bartholomew County, Indiana",0.7144,0.1604,0.3249,63431,82481
18,049,"Fulton County, Indiana",0.7465,0.1890,0.1549,52034,20096
18,113,"Noble County, Indiana",0.7661,0.1523,0.2311,56789,47506
18,019,"Clark County, Indiana",0.7114,0.1541,0.2988,55630,116507
18,063,"Hendricks County, Indiana",0.7846,0.1333,0.2828,81933,163799
18,053,"Grant County, Indiana",0.6843,0.1867,0.2713,44356,66452
18,071,"Jackson County, Indiana",0.7206,0.1585,0.2174,51250,44025
18,119,"Owen County, Indiana",0.7919,0.1896,0.0751,49543,20835
18,183,"Whitley County, Indiana",0.8218,0.1762,0.0886,61741,33730
18,023,"Clinton County, Indiana",0.7057,0.1616,0.3000,54286,32273
18,161,"Union County, Indiana",0.7198,0.1882,0.0888,50375,7113
18,029,"Dearborn County, Indiana",0.7963,0.1702,0.0754,68658,49479
18,093,"Lawrence County, Indiana",0.7698,0.1977,0.0838,53610,45548
18,123,"Perry County, Indiana",0.7774,0.1816,0.1132,52348,19102
18,129,"Posey County, Indiana",0.8172,0.1821,0.0791,64196,25560
18,015,"Carroll County, Indiana",0.8069,0.1915,0.1161,54806,20074
18,045,"Fountain County, Indiana",0.7617,0.1951,0.0906,52874,16430
18,149,"Starke County, Indiana",0.8015,0.1782,0.1105,51190,22952
18,055,"Greene County, Indiana",0.7961,0.1928,0.0661,51613,32159
18,089,"Lake County, Indiana",0.6969,0.1608,0.6157,56128,485707
18,107,"Montgomery County, Indiana",0.7154,0.1779,0.1531,55522,38287
18,001,"Adams County, Indiana",0.7710,0.1513,0.1239,52504,35376
18,041,"Fayette County, Indiana",0.6951,0.1963,0.0870,46175,23194
18,021,"Clay County, Indiana",0.7756,0.1782,0.0751,55637,26234
18,037,"Dubois County, Indiana",0.7790,0.1686,0.1800,60666,42543
18,047,"Franklin County, Indiana",0.8395,0.1753,0.0620,62462,22774
18,059,"Hancock County, Indiana",0.7924,0.1593,0.1450,74072,75164
18,067,"Howard County, Indiana",0.7025,0.1906,0.2685,52373,82331
18,115,"Ohio County, Indiana",0.7624,0.2097,0.0701,60128,5874
18,121,"Parke County, Indiana",0.7875,0.1911,0.1057,52618,16946
18,135,"Randolph County, Indiana",0.7628,0.1969,0.1371,48036,24926
18,007,"Benton County, Indiana",0.7404,0.1752,0.1416,49488,8677
18,013,"Brown County, Indiana",0.8441,0.2430,0.0844,61030,15064
18,133,"Putnam County, Indiana",0.7160,0.1638,0.1562,61047,37384
18,175,"Washington County, Indiana",0.7782,0.1672,0.0633,47983,27848
18,027,"Daviess County, Indiana",0.7348,0.1518,0.1587,53629,33120
18,065,"Henry County, Indiana",0.7349,0.1863,0.1246,49832,48255
18,083,"Knox County, Indiana",0.6456,0.1752,0.1391,47380,37065
18,095,"Madison County, Indiana",0.6964,0.1794,0.2716,49522,129455
18,125,"Pike County, Indiana",0.8236,0.1969,0.0718,50194,12378
18,131,"Pulaski County, Indiana",0.7593,0.1890,0.1127,49580,12559
18,151,"Steuben County, Indiana",0.7777,0.1958,0.1185,58279,34453
18,171,"Warren County, Indiana",0.8385,0.2013,0.0793,60553,8237
18,165,"Vermillion County, Indiana",0.7314,0.1945,0.0698,50243,15539
18,179,"Wells County, Indiana",0.7886,0.1794,0.1086,59237,28011
18,003,"Allen County, Indiana",0.6843,0.1421,0.4336,54857,372575
18,031,"Decatur County, Indiana",0.6983,0.1650,0.0963,57949,26562
18,035,"Delaware County, Indiana",0.6347,0.1685,0.2405,43512,115020
18,043,"Floyd County, Indiana",0.7296,0.1568,0.2242,64468,77320
18,077,"Jefferson County, Indiana",0.7187,0.1736,0.1412,52718,32201
18,079,"Jennings County, Indiana",0.7774,0.1592,0.0961,54191,27710
18,081,"Johnson County, Indiana",0.7265,0.1441,0.2047,72440,153716
18,103,"Miami County, Indiana",0.7149,0.1731,0.2085,50657,35815
18,109,"Morgan County, Indiana",0.7715,0.1626,0.0779,64335,69922
18,051,"Gibson County, Indiana",0.7547,0.1719,0.1232,55462,33656
18,111,"Newton County, Indiana",0.7791,0.1892,0.1318,55356,13992
18,117,"Orange County, Indiana",0.7437,0.1892,0.0949,47917,19545
18,141,"St. Joseph County, Indiana",0.6818,0.1540,0.4480,52769,270216
18,085,"Kosciusko County, Indiana",0.7478,0.1623,0.2213,61366,79035
18,099,"Marshall County, Indiana",0.7472,0.1728,0.2280,52658,46461
18,155,"Switzerland County, Indiana",0.7484,0.1773,0.0897,49383,10685
18,163,"Vanderburgh County, Indiana",0.6478,0.1642,0.2902,49708,181291
18,009,"Blackford County, Indiana",0.7471,0.2101,0.0868,43505,12013
18,143,"Scott County, Indiana",0.7197,0.1661,0.0897,48700,23759
18,105,"Monroe County, Indiana",0.5592,0.1261,0.2949,49839,146461
18,039,"Elkhart County, Indiana",0.6981,0.1430,0.4116,57021,204558
18,025,"Crawford County, Indiana",0.8261,0.1916,0.0769,41662,10569
18,017,"Cass County, Indiana",0.7396,0.1741,0.3401,49415,37880
18,097,"Marion County, Indiana",0.5386,0.1227,0.6053,48316,951869
18,177,"Wayne County, Indiana",0.6695,0.1879,0.2190,46516,66342
18,061,"Harrison County, Indiana",0.8299,0.1722,0.0898,57712,39940
18,091,"LaPorte County, Indiana",0.7234,0.1734,0.3546,53658,110154
18,169,"Wabash County, Indiana",0.7399,0.2039,0.1090,54259,31389
18,073,"Jasper County, Indiana",0.7661,0.1729,0.1577,63892,33447
18,101,"Martin County, Indiana",0.7819,0.1910,0.0580,52726,10212
18,127,"Porter County, Indiana",0.7507,0.1595,0.2961,71152,168636
18,137,"Ripley County, Indiana",0.7589,0.1735,0.0865,56332,28391
18,147,"Spencer County, Indiana",0.8185,0.1927,0.0990,57305,20447
18,159,"Tipton County, Indiana",0.8171,0.2028,0.0984,58118,15162
18,167,"Vigo County, Indiana",0.6181,0.1596,0.2626,45230,107459
18,173,"Warrick County, Indiana",0.7851,0.1701,0.1448,73482,62280
18,033,"DeKalb County, Indiana",0.7607,0.1579,0.0962,56421,42927
18,087,"LaGrange County, Indiana",0.8214,0.1342,0.1122,64498,39193
18,139,"Rush County, Indiana",0.7137,0.1787,0.0838,54346,16641
18,011,"Boone County, Indiana",0.7714,0.1291,0.1767,83077,65544
19,011,"Benton County, Iowa",0.8284,0.1806,0.0773,67729,25636
19,061,"Dubuque County, Iowa",0.7334,0.1730,0.1740,63031,96982
19,151,"Pocahontas County, Iowa",0.7726,0.2272,0.1358,52448,6797
19,177,"Van Buren County, Iowa",0.8131,0.2213,0.0715,48591,7150
19,003,"Adams County, Iowa",0.8173,0.2278,0.0387,49255,3670
19,009,"Audubon County, Iowa",0.7678,0.2430,0.0667,52055,5571
19,051,"Davis County, Iowa",0.8520,0.1743,0.0623,63404,8920
19,093,"Ida County, Iowa",0.7556,0.2190,0.0900,58427,6901
19,135,"Monroe County, Iowa",0.7990,0.1964,0.0726,58269,7807
19,167,"Sioux County, Iowa",0.8034,0.1522,0.2330,69844,34827
19,025,"Calhoun County, Iowa",0.7882,0.2280,0.1108,52323,9744
19,033,"Cerro Gordo County, Iowa",0.6911,0.2111,0.1762,53963,42834
19,083,"Hardin County, Iowa",0.7489,0.2130,0.1537,54196,17061
19,117,"Lucas County, Iowa",0.7814,0.2139,0.0491,55205,8583
19,147,"Palo Alto County, Iowa",0.7234,0.2153,0.1272,52932,9003
19,087,"Henry County, Iowa",0.7117,0.1843,0.2208,53501,19941
19,099,"Jasper County, Iowa",0.7450,0.1890,0.1253,58952,36971
19,157,"Poweshiek County, Iowa",0.6859,0.2020,0.1581,53852,18388
19,043,"Clayton County, Iowa",0.7453,0.2295,0.0793,53152,17625
19,017,"Bremer County, Iowa",0.8268,0.1957,0.0959,70395,24864
19,063,"Emmet County, Iowa",0.7810,0.2052,0.2318,51563,9438
19,081,"Hancock County, Iowa",0.7708,0.2183,0.1297,61761,10802
19,097,"Jackson County, Iowa",0.7901,0.2040,0.0877,55967,19401
19,111,"Lee County, Iowa",0.7441,0.1988,0.1727,49564,34227
19,181,"Warren County, Iowa",0.7901,0.1554,0.1114,77048,50076
19,123,"Mahaska County, Iowa",0.6902,0.1807,0.1304,54825,22164
19,041,"Clay County, Iowa",0.6772,0.2054,0.1290,50521,16211
19,055,"Delaware County, Iowa",0.8436,0.1907,0.0669,63750,17183
19,185,"Wayne County, Iowa",0.8111,0.2170,0.0762,44768,6429
19,163,"Scott County, Iowa",0.6902,0.1577,0.3486,61183,172446
19,023,"Butler County, Iowa",0.7790,0.2234,0.0674,57115,14628
19,071,"Fremont County, Iowa",0.7633,0.2227,0.1020,56750,6946
19,079,"Hamilton County, Iowa",0.7238,0.2016,0.1999,60910,14997
19,173,"Taylor County, Iowa",0.7825,0.2197,0.1770,50431,6167
19,175,"Union County, Iowa",0.7040,0.2003,0.1151,49900,12358
19,195,"Worth County, Iowa",0.7759,0.2019,0.1102,57130,7445
19,159,"Ringgold County, Iowa",0.7722,0.2401,0.0893,55271,4964
19,001,"Adair County, Iowa",0.7431,0.2210,0.0780,53363,7085
19,037,"Chickasaw County, Iowa",0.8067,0.2012,0.0822,60034,12026
19,039,"Clarke County, Iowa",0.7042,0.1785,0.2959,54427,9360
19,059,"Dickinson County, Iowa",0.7939,0.2554,0.0836,59969,17127
19,103,"Johnson County, Iowa",0.5849,0.1131,0.3729,62542,148577
19,107,"Keokuk County, Iowa",0.7840,0.2154,0.0708,52881,10188
19,171,"Tama County, Iowa",0.7579,0.1952,0.3318,56037,17032
19,179,"Wapello County, Iowa",0.7152,0.1736,0.3106,46246,35141
19,069,"Franklin County, Iowa",0.7467,0.2075,0.2309,56419,10162
19,027,"Carroll County, Iowa",0.7583,0.1972,0.0596,59212,20281
19,031,"Cedar County, Iowa",0.8122,0.1925,0.0864,67795,18457
19,067,"Floyd County, Iowa",0.7122,0.2172,0.1602,50406,15786
19,073,"Greene County, Iowa",0.7341,0.2230,0.1039,53050,8950
19,115,"Louisa County, Iowa",0.7691,0.1833,0.3629,56673,11178
19,119,"Lyon County, Iowa",0.8536,0.1786,0.0882,64982,11776
19,125,"Marion County, Iowa",0.7080,0.1750,0.1043,61038,33172
19,183,"Washington County, Iowa",0.7096,0.1874,0.1674,62556,22100
19,197,"Wright County, Iowa",0.7170,0.2203,0.2556,53333,12739
19,029,"Cass County, Iowa",0.6923,0.2257,0.0909,50187,13091
19,035,"Cherokee County, Iowa",0.7462,0.2350,0.1267,56550,11343
19,047,"Crawford County, Iowa",0.6915,0.1702,0.4866,55755,17034
19,057,"Des Moines County, Iowa",0.7032,0.2026,0.2321,51267,39386
19,065,"Fayette County, Iowa",0.7657,0.2100,0.1216,51128,19803
19,085,"Harrison County, Iowa",0.7573,0.1942,0.0740,63854,14089
19,109,"Kossuth County, Iowa",0.7570,0.2307,0.1010,56073,14978
19,129,"Mills County, Iowa",0.7785,0.1803,0.1138,72079,15034
19,133,"Monona County, Iowa",0.7235,0.2434,0.1032,47605,8730
19,139,"Muscatine County, Iowa",0.7343,0.1611,0.3781,58453,42889
19,143,"Osceola County, Iowa",0.7839,0.2097,0.1993,59725,6052
19,153,"Polk County, Iowa",0.6710,0.1276,0.3819,67637,479612
19,187,"Webster County, Iowa",0.6800,0.1802,0.2353,47466,36545
19,169,"Story County, Iowa",0.5352,0.1180,0.2884,56756,96941
19,193,"Woodbury County, Iowa",0.6644,0.1469,0.4363,59224,102586
19,013,"Black Hawk County, Iowa",0.6549,0.1597,0.3304,53539,132393
19,075,"Grundy County, Iowa",0.8155,0.2048,0.0601,68038,12299
19,105,"Jones County, Iowa",0.7831,0.2016,0.1178,57549,20559
19,131,"Mitchell County, Iowa",0.8076,0.2174,0.0696,58302,10608
19,137,"Montgomery County, Iowa",0.7022,0.2089,0.1195,51696,10053
19,161,"Sac County, Iowa",0.7939,0.2316,0.0987,58232,9802
19,149,"Plymouth County, Iowa",0.7751,0.1807,0.1559,67297,25068
19,019,"Buchanan County, Iowa",0.7931,0.1785,0.0758,64837,21118
19,045,"Clinton County, Iowa",0.7326,0.1931,0.1670,51688,46909
19,053,"Decatur County, Iowa",0.6703,0.1964,0.1394,44462,7979
19,101,"Jefferson County, Iowa",0.6629,0.2157,0.3412,47708,18148
19,005,"Allamakee County, Iowa",0.7934,0.2227,0.1769,52216,13813
19,113,"Linn County, Iowa",0.7383,0.1553,0.2581,64903,223861
19,049,"Dallas County, Iowa",0.7373,0.1189,0.2637,88479,87099
19,141,"O'Brien County, Iowa",0.7168,0.2050,0.1426,53703,13835
19,189,"Winnebago County, Iowa",0.7603,0.2086,0.1607,49870,10534
19,165,"Shelby County, Iowa",0.7746,0.2268,0.1048,58000,11606
19,007,"Appanoose County, Iowa",0.7101,0.2270,0.0936,40167,12452
19,095,"Iowa County, Iowa",0.8041,0.1843,0.0968,61443,16189
19,145,"Page County, Iowa",0.7154,0.2165,0.1688,51867,15268
19,191,"Winneshiek County, Iowa",0.7934,0.2002,0.0965,65263,20262
19,155,"Pottawattamie County, Iowa",0.6843,0.1696,0.2230,60065,93393
19,127,"Marshall County, Iowa",0.7048,0.1769,0.4471,56437,39964
19,015,"Boone County, Iowa",0.7813,0.1769,0.1088,64000,26370
19,021,"Buena Vista County, Iowa",0.6461,0.1509,0.5691,57125,20058
19,089,"Howard County, Iowa",0.7966,0.2023,0.0682,55060,9226
19,077,"Guthrie County, Iowa",0.7965,0.2210,0.0958,61161,10669
19,091,"Humboldt County, Iowa",0.7425,0.2080,0.1250,54575,9554
19,121,"Madison County, Iowa",0.7844,0.1708,0.0907,66316,16012
20,181,"Sherman County, Kansas",0.6690,0.1876,0.2853,54754,5938
20,193,"Thomas County, Kansas",0.6761,0.1634,0.1845,60124,7810
20,127,"Morris County, Kansas",0.8035,0.2434,0.1581,55658,5566
20,163,"Rooks County, Kansas",0.7698,0.2213,0.1129,49415,5053
20,025,"Clark County, Kansas",0.7434,0.2359,0.1905,53348,2026
20,077,"Harper County, Kansas",0.6962,0.2226,0.1825,49865,5594
20,111,"Lyon County, Kansas",0.6001,0.1477,0.4473,46338,33251
20,145,"Pawnee County, Kansas",0.6605,0.2027,0.2830,49917,6629
20,033,"Comanche County, Kansas",0.7963,0.2609,0.0763,54821,1740
20,063,"Gove County, Kansas",0.7576,0.2655,0.1343,48317,2644
20,079,"Harvey County, Kansas",0.7158,0.1917,0.2995,57982,34503
20,093,"Kearny County, Kansas",0.7610,0.1464,0.4524,52599,3907
20,113,"McPherson County, Kansas",0.6951,0.1951,0.1587,59089,28567
20,071,"Greeley County, Kansas",0.6301,0.2051,0.3836,54112,1185
20,051,"Ellis County, Kansas",0.6117,0.1500,0.1963,52883,28775
20,107,"Linn County, Kansas",0.7750,0.2210,0.1234,48778,9671
20,175,"Seward County, Kansas",0.6671,0.0939,0.5315,49291,22349
20,091,"Johnson County, Kansas",0.6923,0.1406,0.3499,89087,591506
20,121,"Miami County, Kansas",0.7923,0.1704,0.1391,71995,33417
20,207,"Woodson County, Kansas",0.7706,0.2442,0.1367,39643,3157
20,135,"Ness County, Kansas",0.8337,0.2528,0.2264,56492,2876
20,011,"Bourbon County, Kansas",0.7140,0.1944,0.1856,43917,14608
20,097,"Kiowa County, Kansas",0.7056,0.2132,0.2085,53274,2505
20,177,"Shawnee County, Kansas",0.6443,0.1760,0.4294,56762,177852
20,019,"Chautauqua County, Kansas",0.7768,0.2606,0.2501,40298,3323
20,155,"Reno County, Kansas",0.6929,0.1931,0.2829,49936,62765
20,043,"Doniphan County, Kansas",0.7203,0.1886,0.1804,49703,7684
20,081,"Haskell County, Kansas",0.7621,0.1419,0.4595,55064,4018
20,171,"Scott County, Kansas",0.6995,0.1812,0.3122,65417,4917
20,013,"Brown County, Kansas",0.7022,0.1950,0.2964,48333,9626
20,147,"Phillips County, Kansas",0.7573,0.2283,0.1214,50093,5340
20,039,"Decatur County, Kansas",0.7372,0.2745,0.0912,48125,2860
20,187,"Stanton County, Kansas",0.7435,0.1711,0.5025,52054,2052
20,119,"Meade County, Kansas",0.6921,0.1732,0.3879,59316,4180
20,125,"Montgomery County, Kansas",0.6878,0.1924,0.3557,45157,32521
20,151,"Pratt County, Kansas",0.6774,0.1888,0.2135,52327,9452
20,153,"Rawlins County, Kansas",0.7406,0.2686,0.1877,53207,2502
20,003,"Anderson County, Kansas",0.7436,0.2115,0.0993,50213,7835
20,053,"Ellsworth County, Kansas",0.7684,0.2061,0.2590,54902,6231
20,061,"Geary County, Kansas",0.3791,0.0813,0.6170,53133,34025
20,057,"Ford County, Kansas",0.6151,0.1059,0.5382,51711,34179
20,167,"Russell County, Kansas",0.7801,0.2356,0.1457,44792,6948
20,117,"Marshall County, Kansas",0.7870,0.2135,0.1037,51895,9749
20,001,"Allen County, Kansas",0.7076,0.2024,0.1849,45333,12556
20,023,"Cheyenne County, Kansas",0.8002,0.2645,0.1287,47639,2665
20,035,"Cowley County, Kansas",0.6743,0.1810,0.3503,50102,35351
20,049,"Elk County, Kansas",0.7952,0.2893,0.1849,38750,2523
20,059,"Franklin County, Kansas",0.7232,0.1645,0.1689,56582,25558
20,083,"Hodgeman County, Kansas",0.8149,0.2201,0.2165,61211,1876
20,089,"Jewell County, Kansas",0.8130,0.2964,0.0937,40676,2885
20,159,"Rice County, Kansas",0.7450,0.1864,0.2947,53012,9658
20,185,"Stafford County, Kansas",0.8120,0.2107,0.2862,49375,4181
20,139,"Osage County, Kansas",0.7469,0.1955,0.1288,54090,15881
20,031,"Coffey County, Kansas",0.7587,0.2080,0.1280,59583,8254
20,037,"Crawford County, Kansas",0.5938,0.1519,0.2450,41004,38968
20,073,"Greenwood County, Kansas",0.7378,0.2472,0.1526,41982,6081
20,099,"Labette County, Kansas",0.6951,0.1848,0.2634,47643,20119
20,173,"Sedgwick County, Kansas",0.6295,0.1404,0.5042,56524,513375
20,157,"Republic County, Kansas",0.7290,0.2742,0.0891,47976,4658
20,065,"Graham County, Kansas",0.8227,0.2652,0.2126,46375,2519
20,045,"Douglas County, Kansas",0.5131,0.1181,0.3734,59435,120290
20,179,"Sheridan County, Kansas",0.7672,0.2350,0.1327,62885,2506
20,069,"Gray County, Kansas",0.7815,0.1482,0.3047,64930,6039
20,199,"Wallace County, Kansas",0.7594,0.2217,0.1586,63269,1574
20,017,"Chase County, Kansas",0.8069,0.2416,0.1651,45353,2637
20,189,"Stevens County, Kansas",0.7023,0.1456,0.5003,57806,5603
20,183,"Smith County, Kansas",0.7707,0.2732,0.1026,43429,3627
20,067,"Grant County, Kansas",0.7448,0.1288,0.5066,53413,7467
20,085,"Jackson County, Kansas",0.7557,0.1883,0.2828,57914,13266
20,095,"Kingman County, Kansas",0.7855,0.2180,0.1305,60469,7340
20,109,"Logan County, Kansas",0.6921,0.2018,0.1839,51740,2805
20,131,"Nemaha County, Kansas",0.7492,0.1968,0.0940,63216,10121
20,149,"Pottawatomie County, Kansas",0.7865,0.1410,0.1885,66835,23847
20,209,"Wyandotte County, Kansas",0.5741,0.1203,0.6987,46881,164861
20,021,"Cherokee County, Kansas",0.7271,0.1902,0.2176,43175,20179
20,015,"Butler County, Kansas",0.7448,0.1484,0.2074,64782,66698
20,027,"Clay County, Kansas",0.7106,0.2311,0.1157,53929,8082
20,105,"Lincoln County, Kansas",0.7788,0.2369,0.1009,45076,3044
20,169,"Saline County, Kansas",0.6670,0.1721,0.3420,52200,54701
20,191,"Sumner County, Kansas",0.7412,0.1830,0.1934,55000,23114
20,195,"Trego County, Kansas",0.7491,0.2528,0.0953,57966,2840
20,197,"Wabaunsee County, Kansas",0.8546,0.1952,0.1485,61178,6889
20,205,"Wilson County, Kansas",0.7330,0.2102,0.1503,48341,8688
20,123,"Mitchell County, Kansas",0.7128,0.2363,0.0980,46203,6145
20,141,"Osborne County, Kansas",0.7476,0.2442,0.1067,51286,3530
20,005,"Atchison County, Kansas",0.6937,0.1692,0.2187,50439,16268
20,055,"Finney County, Kansas",0.6437,0.1063,0.5774,60798,36750
20,075,"Hamilton County, Kansas",0.7169,0.1355,0.4750,46944,2591
20,103,"Leavenworth County, Kansas",0.6742,0.1411,0.3636,73013,80745
20,201,"Washington County, Kansas",0.7792,0.2383,0.0821,50588,5493
20,203,"Wichita County, Kansas",0.7334,0.1878,0.4945,57978,2130
20,129,"Morton County, Kansas",0.6946,0.2099,0.4366,47750,2754
20,137,"Norton County, Kansas",0.8016,0.2051,0.2037,49038,5446
20,009,"Barton County, Kansas",0.7026,0.1885,0.3124,49723,26453
20,029,"Cloud County, Kansas",0.7292,0.2099,0.1331,45373,8938
20,047,"Edwards County, Kansas",0.7798,0.2112,0.3766,50902,2869
20,101,"Lane County, Kansas",0.7556,0.1841,0.1663,52125,1564
20,165,"Rush County, Kansas",0.7579,0.2485,0.1434,47981,3022
20,115,"Marion County, Kansas",0.7854,0.2310,0.1412,52123,11964
20,133,"Neosho County, Kansas",0.7035,0.1921,0.1897,46291,16108
20,143,"Ottawa County, Kansas",0.7960,0.1987,0.1136,54784,5822
20,161,"Riley County, Kansas",0.4319,0.0891,0.3996,51208,75056
20,007,"Barber County, Kansas",0.7176,0.2158,0.1955,50174,4624
20,041,"Dickinson County, Kansas",0.7061,0.1946,0.1719,49991,18828
20,087,"Jefferson County, Kansas",0.8407,0.1846,0.1226,64864,18890
21,079,"Garrard County, Kentucky",0.8240,0.1789,0.1118,52631,17445
21,037,"Campbell County, Kentucky",0.6973,0.1520,0.1463,63050,92861
21,063,"Elliott County, Kentucky",0.7535,0.1897,0.0841,32306,7510
21,123,"Larue County, Kentucky",0.7408,0.1711,0.1626,47643,14204
21,167,"Mercer County, Kentucky",0.7227,0.1846,0.1723,55093,21592
21,207,"Russell County, Kentucky",0.7413,0.1975,0.1244,38390,17778
21,229,"Washington County, Kentucky",0.7496,0.1789,0.2258,53743,12023
21,009,"Barren County, Kentucky",0.6668,0.1715,0.1801,41459,43884
21,091,"Hancock County, Kentucky",0.7919,0.1687,0.0875,57217,8720
21,093,"Hardin County, Kentucky",0.6148,0.1369,0.4034,54367,108527
21,149,"McLean County, Kentucky",0.7842,0.1923,0.0766,51861,9283
21,197,"Powell County, Kentucky",0.6904,0.1549,0.0828,37469,12304
21,033,"Caldwell County, Kentucky",0.7637,0.2089,0.1695,44775,12702
21,019,"Boyd County, Kentucky",0.6876,0.1890,0.1317,48308,47682
21,067,"Fayette County, Kentucky",0.5444,0.1296,0.4671,57291,320601
21,115,"Johnson County, Kentucky",0.7190,0.1770,0.0543,37055,22634
21,175,"Morgan County, Kentucky",0.7466,0.1645,0.1396,36134,13288
21,199,"Pulaski County, Kentucky",0.6898,0.1866,0.1110,39998,64350
21,001,"Adair County, Kentucky",0.7612,0.1858,0.1284,38021,19222
21,025,"Breathitt County, Kentucky",0.7102,0.1647,0.0674,27344,12977
21,099,"Hart County, Kentucky",0.7413,0.1636,0.1598,38396,18729
21,223,"Trimble County, Kentucky",0.7710,0.1712,0.1148,53056,8558
21,105,"Hickman County, Kentucky",0.8281,0.2432,0.2445,42929,4510
21,143,"Lyon County, Kentucky",0.7936,0.2671,0.1838,52528,8271
21,135,"Lewis County, Kentucky",0.7397,0.1787,0.0440,31147,13417
21,239,"Woodford County, Kentucky",0.7070,0.1774,0.2498,63820,26318
21,131,"Leslie County, Kentucky",0.8138,0.1743,0.0484,31627,10283
21,127,"Lawrence County, Kentucky",0.7493,0.1708,0.0390,32798,15671
21,145,"McCracken County, Kentucky",0.6507,0.1938,0.2936,46080,65268
21,235,"Whitley County, Kentucky",0.6880,0.1578,0.0781,39005,36131
21,071,"Floyd County, Kentucky",0.6991,0.1750,0.0582,32730,36456
21,117,"Kenton County, Kentucky",0.6613,0.1395,0.2125,64339,165668
21,153,"Magoffin County, Kentucky",0.7253,0.1676,0.0244,28147,12491
21,205,"Rowan County, Kentucky",0.5984,0.1362,0.1059,38230,24507
21,217,"Taylor County, Kentucky",0.6026,0.1741,0.1951,44522,25571
21,039,"Carlisle County, Kentucky",0.8172,0.2063,0.1210,45109,4784
21,065,"Estill County, Kentucky",0.7214,0.1860,0.0194,31688,14224
21,089,"Greenup County, Kentucky",0.7759,0.2029,0.0745,51655,35555
21,069,"Fleming County, Kentucky",0.7322,0.1748,0.0818,44612,14513
21,043,"Carter County, Kentucky",0.7737,0.1828,0.0656,34736,27159
21,081,"Grant County, Kentucky",0.6852,0.1364,0.1071,48714,24951
21,111,"Jefferson County, Kentucky",0.6175,0.1574,0.4945,56586,767419
21,141,"Logan County, Kentucky",0.6970,0.1820,0.2099,48014,26902
21,161,"Mason County, Kentucky",0.6763,0.1747,0.2038,45377,17112
21,191,"Pendleton County, Kentucky",0.7531,0.1552,0.0765,54375,14572
21,201,"Robertson County, Kentucky",0.7491,0.2148,0.1157,41902,2123
21,215,"Spencer County, Kentucky",0.8514,0.1347,0.1140,80166,18680
21,011,"Bath County, Kentucky",0.7207,0.1616,0.0956,44898,12355
21,007,"Ballard County, Kentucky",0.8069,0.2074,0.1425,45048,8032
21,021,"Boyle County, Kentucky",0.6717,0.1855,0.2625,46382,29972
21,087,"Green County, Kentucky",0.7383,0.2014,0.1096,35899,10979
21,095,"Harlan County, Kentucky",0.6883,0.1790,0.0965,26478,26699
21,159,"Martin County, Kentucky",0.7046,0.1569,0.1454,41013,11648
21,137,"Lincoln County, Kentucky",0.7833,0.1784,0.1107,42919,24476
21,171,"Monroe County, Kentucky",0.6972,0.1841,0.1270,34879,10627
21,183,"Ohio County, Kentucky",0.7608,0.1764,0.1101,45564,24071
21,225,"Union County, Kentucky",0.7079,0.1619,0.3029,46673,14638
21,233,"Webster County, Kentucky",0.7182,0.1736,0.2144,42119,13068
21,035,"Calloway County, Kentucky",0.6244,0.1683,0.1933,42273,38837
21,045,"Casey County, Kentucky",0.7729,0.1991,0.1031,34819,15885
21,047,"Christian County, Kentucky",0.4811,0.1206,0.5162,43919,71414
21,059,"Daviess County, Kentucky",0.6794,0.1670,0.2214,51673,100474
21,085,"Grayson County, Kentucky",0.7260,0.1723,0.0925,38612,26247
21,101,"Henderson County, Kentucky",0.6132,0.1721,0.2436,48926,45829
21,103,"Henry County, Kentucky",0.7212,0.1700,0.1617,53926,15911
21,107,"Hopkins County, Kentucky",0.6946,0.1799,0.2117,47170,45331
21,109,"Jackson County, Kentucky",0.7518,0.1701,0.0415,32138,13369
21,125,"Laurel County, Kentucky",0.6994,0.1606,0.0825,41526,60357
21,157,"Marshall County, Kentucky",0.8096,0.2168,0.0713,55113,31192
21,163,"Meade County, Kentucky",0.7262,0.1397,0.1967,56603,28182
21,173,"Montgomery County, Kentucky",0.6786,0.1577,0.1373,45516,27884
21,181,"Nicholas County, Kentucky",0.6887,0.1686,0.0828,38149,7153
21,185,"Oldham County, Kentucky",0.8470,0.1271,0.2165,99128,65967
21,187,"Owen County, Kentucky",0.7477,0.1789,0.0310,48801,10796
21,203,"Rockcastle County, Kentucky",0.7616,0.1780,0.0552,35720,16820
21,209,"Scott County, Kentucky",0.7003,0.1185,0.2387,70817,54667
21,227,"Warren County, Kentucky",0.5871,0.1266,0.3724,52270,128652
21,003,"Allen County, Kentucky",0.7492,0.1732,0.0964,44036,20944
21,017,"Bourbon County, Kentucky",0.6315,0.1895,0.2660,49637,20058
21,029,"Bullitt County, Kentucky",0.8031,0.1532,0.1078,63348,80171
21,055,"Crittenden County, Kentucky",0.8189,0.2023,0.0767,45244,9000
21,075,"Fulton County, Kentucky",0.6133,0.2007,0.4395,30114,6130
21,119,"Knott County, Kentucky",0.7477,0.1765,0.0617,31198,15260
21,165,"Menifee County, Kentucky",0.7982,0.2021,0.0563,39325,6443
21,177,"Muhlenberg County, Kentucky",0.7963,0.1862,0.1505,43590,30951
21,193,"Perry County, Kentucky",0.7585,0.1633,0.0933,33640,26624
21,237,"Wolfe County, Kentucky",0.6339,0.1909,0.0364,24623,7207
21,051,"Clay County, Kentucky",0.6786,0.1475,0.1409,26840,20368
21,013,"Bell County, Kentucky",0.6605,0.1858,0.1106,26272,26791
21,057,"Cumberland County, Kentucky",0.7290,0.2150,0.1441,35344,6697
21,083,"Graves County, Kentucky",0.7547,0.1823,0.2445,44043,37248
21,129,"Lee County, Kentucky",0.6890,0.1738,0.0841,25275,6881
21,031,"Butler County, Kentucky",0.7205,0.1807,0.1017,41763,12764
21,061,"Edmonson County, Kentucky",0.8039,0.2016,0.0948,43401,12138
21,097,"Harrison County, Kentucky",0.6896,0.1744,0.1215,48438,18722
21,023,"Bracken County, Kentucky",0.7402,0.1615,0.0765,49158,8305
21,179,"Nelson County, Kentucky",0.7596,0.1528,0.1800,60127,45650
21,231,"Wayne County, Kentucky",0.7351,0.2007,0.1304,34914,20546
21,155,"Marion County, Kentucky",0.7338,0.1649,0.2230,40107,19244
21,221,"Trigg County, Kentucky",0.8096,0.2220,0.2166,50536,14449
21,015,"Boone County, Kentucky",0.7450,0.1289,0.2262,78327,130820
21,113,"Jessamine County, Kentucky",0.6458,0.1468,0.2070,58245,53032
21,121,"Knox County, Kentucky",0.6550,0.1711,0.0823,30181,31365
21,133,"Letcher County, Kentucky",0.7417,0.1852,0.0500,29886,22295
21,139,"Livingston County, Kentucky",0.7928,0.2103,0.0899,50839,9235
21,195,"Pike County, Kentucky",0.7295,0.1809,0.0608,34856,59497
21,211,"Shelby County, Kentucky",0.7021,0.1530,0.3429,67056,47325
21,005,"Anderson County, Kentucky",0.7605,0.1544,0.1190,55334,22409
21,027,"Breckinridge County, Kentucky",0.8059,0.1927,0.1096,47190,20176
21,073,"Franklin County, Kentucky",0.6280,0.1703,0.3229,56274,50529
21,147,"McCreary County, Kentucky",0.7014,0.1530,0.1960,28105,17465
21,151,"Madison County, Kentucky",0.5905,0.1336,0.1963,50060,90802
21,169,"Metcalfe County, Kentucky",0.7835,0.1877,0.0982,37386,10036
21,189,"Owsley County, Kentucky",0.6843,0.1900,0.1241,30284,4442
21,213,"Simpson County, Kentucky",0.6497,0.1642,0.2640,48623,18183
21,049,"Clark County, Kentucky",0.6736,0.1754,0.1840,54953,35971
21,219,"Todd County, Kentucky",0.6746,0.1560,0.2563,44005,12316
21,041,"Carroll County, Kentucky",0.6433,0.1509,0.2085,43524,10671
21,053,"Clinton County, Kentucky",0.6951,0.1908,0.0960,32184,10193
21,077,"Gallatin County, Kentucky",0.7201,0.1365,0.1676,52167,8737
22,079,"Rapides Parish, Louisiana",0.6171,0.1588,0.5245,47269,130970
22,105,"Tangipahoa Parish, Louisiana",0.6900,0.1400,0.5115,47832,132057
22,123,"West Carroll Parish, Louisiana",0.7689,0.1873,0.3520,38500,11041
22,021,"Caldwell Parish, Louisiana",0.7651,0.1813,0.3450,37691,9992
22,035,"East Carroll Parish, Louisiana",0.5160,0.1404,0.4303,22346,7096
22,039,"Evangeline Parish, Louisiana",0.6552,0.1509,0.4846,31965,33589
22,087,"St. Bernard Parish, Louisiana",0.6771,0.1105,0.5483,44661,46266
22,121,"West Baton Rouge Parish, Louisiana",0.7306,0.1333,0.5292,65385,26101
22,081,"Red River Parish, Louisiana",0.7364,0.1874,0.5247,33816,8565
22,069,"Natchitoches Parish, Louisiana",0.4382,0.1605,0.5585,28567,38769
22,025,"Catahoula Parish, Louisiana",0.8023,0.1678,0.4628,40129,9766
22,041,"Franklin Parish, Louisiana",0.7275,0.1765,0.4613,35282,20238
22,007,"Assumption Parish, Louisiana",0.7815,0.1736,0.4796,43759,22478
22,113,"Vermilion Parish, Louisiana",0.7718,0.1505,0.3638,51945,59865
22,029,"Concordia Parish, Louisiana",0.6614,0.1689,0.5068,32500,19778
22,083,"Richland Parish, Louisiana",0.6672,0.1717,0.5044,34029,20350
22,099,"St. Martin Parish, Louisiana",0.7883,0.1472,0.5002,48656,53732
22,115,"Vernon Parish, Louisiana",0.5302,0.1173,0.4777,49141,49646
22,127,"Winn Parish, Louisiana",0.6723,0.1828,0.4774,38353,14313
22,033,"East Baton Rouge Parish, Louisiana",0.5977,0.1372,0.5864,54948,443763
22,085,"Sabine Parish, Louisiana",0.6816,0.2011,0.5014,40336,23991
22,003,"Allen Parish, Louisiana",0.7452,0.1474,0.4572,46446,25618
22,065,"Madison Parish, Louisiana",0.5318,0.1386,0.4813,30350,11306
22,053,"Jefferson Davis Parish, Louisiana",0.7291,0.1611,0.3614,42105,31441
22,093,"St. James Parish, Louisiana",0.7900,0.1670,0.5217,51603,21308
22,043,"Grant Parish, Louisiana",0.6872,0.1469,0.3861,42505,22340
22,125,"West Feliciana Parish, Louisiana",0.7320,0.1407,0.5280,59637,15428
22,051,"Jefferson Parish, Louisiana",0.6120,0.1663,0.6298,54032,434850
22,011,"Beauregard Parish, Louisiana",0.7747,0.1539,0.3385,53209,37043
22,013,"Bienville Parish, Louisiana",0.7309,0.2030,0.5182,30272,13564
22,015,"Bossier Parish, Louisiana",0.6342,0.1382,0.4982,54268,126499
22,023,"Cameron Parish, Louisiana",0.8442,0.1599,0.2156,53423,6930
22,037,"East Feliciana Parish, Louisiana",0.8054,0.1705,0.5274,51803,19371
22,095,"St. John the Baptist Parish, Louisiana",0.7852,0.1373,0.5626,57429,43242
22,075,"Plaquemines Parish, Louisiana",0.6879,0.1303,0.5424,57204,23338
22,073,"Ouachita Parish, Louisiana",0.5839,0.1446,0.5253,41121,155494
22,117,"Washington Parish, Louisiana",0.6742,0.1752,0.4788,37570,46435
22,097,"St. Landry Parish, Louisiana",0.6826,0.1576,0.5316,36403,83172
22,001,"Acadia Parish, Louisiana",0.7108,0.1486,0.3699,43396,62457
22,101,"St. Mary Parish, Louisiana",0.6072,0.1607,0.5860,40485,50968
22,103,"St. Tammany Parish, Louisiana",0.7837,0.1639,0.3645,68905,255155
22,111,"Union Parish, Louisiana",0.8172,0.2024,0.4613,44100,22353
22,017,"Caddo Parish, Louisiana",0.5983,0.1652,0.5578,41797,245831
22,005,"Ascension Parish, Louisiana",0.8152,0.1138,0.4804,80527,123114
22,055,"Lafayette Parish, Louisiana",0.6485,0.1270,0.4990,56999,241973
22,045,"Iberia Parish, Louisiana",0.6788,0.1447,0.5520,46861,71887
22,061,"Lincoln Parish, Louisiana",0.5149,0.1340,0.5498,35467,47246
22,091,"St. Helena Parish, Louisiana",0.7895,0.1885,0.5287,43886,10297
22,119,"Webster Parish, Louisiana",0.6691,0.1928,0.5000,28951,39242
22,031,"De Soto Parish, Louisiana",0.7131,0.1722,0.5280,46006,27289
22,047,"Iberville Parish, Louisiana",0.7344,0.1515,0.5405,50161,32822
22,063,"Livingston Parish, Louisiana",0.8184,0.1291,0.2257,63389,138928
22,067,"Morehouse Parish, Louisiana",0.6677,0.1822,0.5157,32929,25610
22,071,"Orleans Parish, Louisiana",0.4826,0.1414,0.5552,41604,390845
22,109,"Terrebonne Parish, Louisiana",0.7152,0.1386,0.5101,48747,112054
22,019,"Calcasieu Parish, Louisiana",0.6746,0.1457,0.4816,51148,201619
22,027,"Claiborne Parish, Louisiana",0.6593,0.1886,0.5258,26776,15985
22,009,"Avoyelles Parish, Louisiana",0.6949,0.1671,0.5016,38565,40669
22,049,"Jackson Parish, Louisiana",0.7098,0.2008,0.4584,39139,15879
22,077,"Pointe Coupee Parish, Louisiana",0.7631,0.2019,0.5074,41480,22016
22,089,"St. Charles Parish, Louisiana",0.8073,0.1304,0.5026,69019,52773
22,057,"Lafourche Parish, Louisiana",0.7648,0.1504,0.3872,55506,98108
22,107,"Tensas Parish, Louisiana",0.6752,0.2377,0.5146,27500,4561
22,059,"LaSalle Parish, Louisiana",0.7659,0.1670,0.3018,42104,14936
23,017,"Oxford County, Maine",0.8080,0.2125,0.0914,49204,57550
23,019,"Penobscot County, Maine",0.6938,0.1802,0.1220,50808,151774
23,001,"Androscoggin County, Maine",0.6434,0.1729,0.1760,53509,107602
23,005,"Cumberland County, Maine",0.6928,0.1784,0.1824,73072,292307
23,031,"York County, Maine",0.7388,0.1988,0.1110,67830,204316
23,025,"Somerset County, Maine",0.7612,0.2067,0.0834,44256,50520
23,015,"Lincoln County, Maine",0.7921,0.2708,0.0799,57720,34201
23,027,"Waldo County, Maine",0.7919,0.2178,0.0934,51931,39539
23,021,"Piscataquis County, Maine",0.7590,0.2589,0.0984,40890,16836
23,003,"Aroostook County, Maine",0.7198,0.2342,0.1127,41123,67809
23,029,"Washington County, Maine",0.7652,0.2376,0.1941,41347,31491
23,013,"Knox County, Maine",0.7724,0.2426,0.0937,57751,39759
23,023,"Sagadahoc County, Maine",0.7452,0.2180,0.1051,63694,35452
23,011,"Kennebec County, Maine",0.7053,0.1942,0.1047,55365,121753
23,007,"Franklin County, Maine",0.7942,0.2147,0.0848,51422,29982
23,009,"Hancock County, Maine",0.7631,0.2405,0.1019,57178,54601
24,047,"Worcester County, Maryland",0.7507,0.2731,0.3394,63499,51765
24,041,"Talbot County, Maryland",0.7030,0.2851,0.3778,73547,37167
24,027,"Howard County, Maryland",0.7315,0.1341,0.6558,121160,318855
24,033,"Prince George's County, Maryland",0.6207,0.1286,0.5664,84920,908670
24,003,"Anne Arundel County, Maryland",0.7417,0.1440,0.4989,100798,571275
24,005,"Baltimore County, Maryland",0.6606,0.1682,0.5836,76866,828018
24,021,"Frederick County, Maryland",0.7524,0.1411,0.4391,97730,251422
24,009,"Calvert County, Maryland",0.8467,0.1448,0.3719,109313,91511
24,023,"Garrett County, Maryland",0.7864,0.2201,0.0697,52617,29235
24,029,"Kent County, Maryland",0.6925,0.2621,0.3729,58598,19536
24,031,"Montgomery County, Maryland",0.6541,0.1503,0.7145,108820,1043530
24,013,"Carroll County, Maryland",0.8200,0.1636,0.2038,96769,167699
24,035,"Queen Anne's County, Maryland",0.8099,0.1837,0.2449,97034,49632
24,037,"St. Mary's County, Maryland",0.7105,0.1255,0.4254,89845,112290
24,017,"Charles County, Maryland",0.7685,0.1218,0.6250,100003,159428
24,019,"Dorchester County, Maryland",0.6803,0.2096,0.5328,52917,32138
24,043,"Washington County, Maryland",0.6594,0.1681,0.3620,60860,150109
24,045,"Wicomico County, Maryland",0.5766,0.1545,0.5330,56956,102539
24,015,"Cecil County, Maryland",0.7303,0.1525,0.2685,76887,102552
24,011,"Caroline County, Maryland",0.7285,0.1603,0.4047,58638,33049
24,510,"Baltimore city, Maryland",0.4750,0.1358,0.5386,50379,609032
24,039,"Somerset County, Maryland",0.6502,0.1622,0.5605,37803,25729
24,025,"Harford County, Maryland",0.7865,0.1580,0.3992,89147,252222
24,001,"Allegany County, Maryland",0.6883,0.1983,0.2363,45893,71445
25,001,"Barnstable County, Massachusetts",0.7982,0.2978,0.2000,74336,213496
25,003,"Berkshire County, Massachusetts",0.6920,0.2264,0.2197,59230,126425
25,023,"Plymouth County, Massachusetts",0.7649,0.1761,0.3366,89489,515303
25,021,"Norfolk County, Massachusetts",0.6892,0.1656,0.4193,103291,700437
25,019,"Nantucket County, Massachusetts",0.7054,0.1460,0.2671,107717,11168
25,025,"Suffolk County, Massachusetts",0.3609,0.1176,0.6970,69669,796605
25,007,"Dukes County, Massachusetts",0.7233,0.2330,0.2610,71811,17312
25,017,"Middlesex County, Massachusetts",0.6236,0.1499,0.4596,102603,1600842
25,005,"Bristol County, Massachusetts",0.6264,0.1663,0.3289,69095,561037
25,013,"Hampden County, Massachusetts",0.6112,0.1646,0.5361,55429,467871
25,009,"Essex County, Massachusetts",0.6417,0.1670,0.4594,79263,783676
25,011,"Franklin County, Massachusetts",0.6863,0.2114,0.1747,60950,70577
25,027,"Worcester County, Massachusetts",0.6511,0.1528,0.3982,74679,824772
25,015,"Hampshire County, Massachusetts",0.6686,0.1661,0.2920,70876,161032
26,005,"Allegan County, Michigan",0.8257,0.1605,0.2118,62965,116143
26,003,"Alger County, Michigan",0.8404,0.2466,0.2901,45570,9151
26,127,"Oceana County, Michigan",0.8257,0.2037,0.3097,50104,26416
26,035,"Clare County, Michigan",0.8291,0.2323,0.1000,39565,30651
26,073,"Isabella County, Michigan",0.6214,0.1217,0.2645,45116,70688
26,157,"Tuscola County, Michigan",0.8243,0.1985,0.1271,49988,52939
26,007,"Alpena County, Michigan",0.7795,0.2275,0.0834,43363,28520
26,111,"Midland County, Michigan",0.7660,0.1798,0.1613,62625,83355
26,135,"Oscoda County, Michigan",0.8526,0.2700,0.0869,42335,8248
26,037,"Clinton County, Michigan",0.7999,0.1645,0.1888,70390,78389
26,057,"Gratiot County, Michigan",0.7431,0.1720,0.2528,47848,40916
26,091,"Lenawee County, Michigan",0.7753,0.1835,0.2412,55450,98381
26,117,"Montcalm County, Michigan",0.7810,0.1707,0.1559,49448,63413
26,147,"St. Clair County, Michigan",0.7732,0.1823,0.1677,56951,159247
26,161,"Washtenaw County, Michigan",0.6112,0.1344,0.4820,72586,367000
26,027,"Cass County, Michigan",0.8002,0.2029,0.2524,55107,51523
26,143,"Roscommon County, Michigan",0.8203,0.3194,0.0985,42054,23851
26,023,"Branch County, Michigan",0.7422,0.1816,0.1795,51947,43513
26,075,"Jackson County, Michigan",0.7347,0.1720,0.2752,53658,158636
26,099,"Macomb County, Michigan",0.7333,0.1659,0.3589,62855,870325
26,013,"Baraga County, Michigan",0.8027,0.2170,0.4377,46065,8421
26,045,"Eaton County, Michigan",0.7228,0.1791,0.3052,64348,109456
26,053,"Gogebic County, Michigan",0.7746,0.2558,0.1848,38839,15061
26,033,"Chippewa County, Michigan",0.6745,0.1768,0.4648,46486,37629
26,115,"Monroe County, Michigan",0.7972,0.1750,0.1640,62203,149727
26,125,"Oakland County, Michigan",0.7103,0.1636,0.4552,79698,1253185
26,059,"Hillsdale County, Michigan",0.7647,0.1906,0.1030,49622,45757
26,121,"Muskegon County, Michigan",0.7472,0.1647,0.3938,50854,173297
26,089,"Leelanau County, Michigan",0.8831,0.3003,0.1858,65249,21652
26,087,"Lapeer County, Michigan",0.8395,0.1759,0.1551,62641,88038
26,151,"Sanilac County, Michigan",0.7872,0.2101,0.1152,47672,41295
26,083,"Keweenaw County, Michigan",0.8797,0.3510,0.0631,50292,2111
26,131,"Ontonagon County, Michigan",0.8822,0.3544,0.0982,41546,5877
26,139,"Ottawa County, Michigan",0.7770,0.1462,0.2859,69314,286558
26,001,"Alcona County, Michigan",0.8881,0.3584,0.0819,40484,10353
26,067,"Ionia County, Michigan",0.7661,0.1450,0.2158,57043,64300
26,079,"Kalkaska County, Michigan",0.8259,0.1977,0.1128,46898,17585
26,021,"Berrien County, Michigan",0.7070,0.1930,0.4135,50795,154133
26,129,"Ogemaw County, Michigan",0.8140,0.2524,0.1032,40373,20898
26,165,"Wexford County, Michigan",0.7682,0.1863,0.1056,47193,33256
26,039,"Crawford County, Michigan",0.8119,0.2491,0.1057,47977,13892
26,043,"Dickinson County, Michigan",0.7736,0.2198,0.0980,51645,25439
26,063,"Huron County, Michigan",0.8088,0.2472,0.0930,48289,31349
26,065,"Ingham County, Michigan",0.5847,0.1312,0.4901,52872,290587
26,105,"Mason County, Michigan",0.7686,0.2307,0.1607,51725,28954
26,109,"Menominee County, Michigan",0.7772,0.2365,0.1347,46828,23074
26,113,"Missaukee County, Michigan",0.8012,0.2034,0.1156,47194,15028
26,149,"St. Joseph County, Michigan",0.7461,0.1737,0.2442,52086,60836
26,159,"Van Buren County, Michigan",0.7697,0.1759,0.3251,54485,75358
26,011,"Arenac County, Michigan",0.8379,0.2430,0.1031,42290,15070
26,015,"Barry County, Michigan",0.8355,0.1803,0.1127,64490,60540
26,071,"Iron County, Michigan",0.8077,0.2999,0.1080,41599,11152
26,019,"Benzie County, Michigan",0.8971,0.2580,0.1193,57974,17615
26,153,"Schoolcraft County, Michigan",0.8371,0.2649,0.2505,45500,8048
26,163,"Wayne County, Michigan",0.6202,0.1505,0.6008,47301,1757299
26,055,"Grand Traverse County, Michigan",0.7632,0.1919,0.1407,63575,92181
26,097,"Mackinac County, Michigan",0.7185,0.2735,0.4190,47938,10780
26,049,"Genesee County, Michigan",0.7003,0.1700,0.4345,48588,407875
26,009,"Antrim County, Michigan",0.8709,0.2667,0.1026,56165,23206
26,061,"Houghton County, Michigan",0.6689,0.1698,0.1504,43183,36070
26,093,"Livingston County, Michigan",0.8540,0.1653,0.1089,84221,189754
26,069,"Iosco County, Michigan",0.7995,0.2906,0.1190,43678,25197
26,085,"Lake County, Michigan",0.8415,0.2774,0.2690,37320,11852
26,101,"Manistee County, Michigan",0.8344,0.2498,0.2041,50055,24457
26,119,"Montmorency County, Michigan",0.8405,0.3138,0.0804,41772,9265
26,141,"Presque Isle County, Michigan",0.8879,0.3061,0.0866,47948,12714
26,051,"Gladwin County, Michigan",0.8490,0.2633,0.0819,44619,25279
26,077,"Kalamazoo County, Michigan",0.6401,0.1460,0.3847,56511,262745
26,107,"Mecosta County, Michigan",0.7334,0.1809,0.1658,45018,43251
26,103,"Marquette County, Michigan",0.7077,0.1843,0.1500,53970,66686
26,123,"Newaygo County, Michigan",0.8389,0.1884,0.1762,50326,48366
26,133,"Osceola County, Michigan",0.8067,0.2062,0.1057,44032,23290
26,137,"Otsego County, Michigan",0.7890,0.2073,0.1054,54332,24490
26,025,"Calhoun County, Michigan",0.6991,0.1731,0.3830,48607,134212
26,031,"Cheboygan County, Michigan",0.8238,0.2676,0.1495,48044,25418
26,095,"Luce County, Michigan",0.7947,0.2136,0.3772,45469,6338
26,081,"Kent County, Michigan",0.6978,0.1325,0.4344,63053,648121
26,145,"Saginaw County, Michigan",0.7126,0.1866,0.4776,48000,191821
26,155,"Shiawassee County, Michigan",0.7559,0.1778,0.1131,56032,68340
26,017,"Bay County, Michigan",0.7677,0.1961,0.1851,48819,104104
26,029,"Charlevoix County, Michigan",0.8087,0.2369,0.1197,55760,26188
26,041,"Delta County, Michigan",0.7740,0.2336,0.1349,47434,36026
26,047,"Emmet County, Michigan",0.7283,0.2173,0.1652,55829,33104
27,093,"Meeker County, Minnesota",0.8039,0.1942,0.1160,63452,23105
27,131,"Rice County, Minnesota",0.7398,0.1515,0.3131,68584,66185
27,125,"Red Lake County, Minnesota",0.8358,0.1998,0.1498,58576,4015
27,027,"Clay County, Minnesota",0.6749,0.1291,0.2355,65269,63446
27,045,"Fillmore County, Minnesota",0.8081,0.2052,0.0726,61207,20949
27,119,"Polk County, Minnesota",0.7294,0.1800,0.2387,59343,31521
27,143,"Sibley County, Minnesota",0.7911,0.1808,0.2108,63439,14892
27,165,"Watonwan County, Minnesota",0.7689,0.1995,0.4195,54065,10972
27,011,"Big Stone County, Minnesota",0.7293,0.2564,0.0766,53900,4996
27,021,"Cass County, Minnesota",0.8149,0.2530,0.2931,52204,29268
27,057,"Hubbard County, Minnesota",0.8119,0.2485,0.1365,56709,21019
27,091,"Martin County, Minnesota",0.7382,0.2294,0.1343,52798,19852
27,105,"Nobles County, Minnesota",0.7067,0.1605,0.5626,55304,21734
27,141,"Sherburne County, Minnesota",0.8364,0.1086,0.1667,89250,94463
27,019,"Carver County, Minnesota",0.8191,0.1141,0.2074,101496,101949
27,085,"McLeod County, Minnesota",0.7765,0.1827,0.1693,62121,35832
27,123,"Ramsey County, Minnesota",0.5944,0.1409,0.5745,64660,544442
27,169,"Winona County, Minnesota",0.7043,0.1642,0.1675,59329,50725
27,039,"Dodge County, Minnesota",0.8394,0.1442,0.1479,74575,20669
27,035,"Crow Wing County, Minnesota",0.7654,0.2201,0.0986,56549,64217
27,171,"Wright County, Minnesota",0.8157,0.1217,0.1454,84974,134438
27,081,"Lincoln County, Minnesota",0.7881,0.2463,0.0767,53077,5677
27,095,"Mille Lacs County, Minnesota",0.7509,0.1806,0.2042,56135,25865
27,017,"Carlton County, Minnesota",0.7981,0.1700,0.2170,63098,35633
27,065,"Kanabec County, Minnesota",0.8481,0.2021,0.0998,57163,16089
27,071,"Koochiching County, Minnesota",0.7878,0.2440,0.1289,50870,12515
27,097,"Morrison County, Minnesota",0.7723,0.1895,0.0840,57815,33064
27,113,"Pennington County, Minnesota",0.7283,0.1794,0.1752,60122,14183
27,147,"Steele County, Minnesota",0.7516,0.1704,0.2433,64903,36683
27,167,"Wilkin County, Minnesota",0.7811,0.1877,0.0361,60595,6291
27,001,"Aitkin County, Minnesota",0.8215,0.3249,0.1160,49351,15834
27,043,"Faribault County, Minnesota",0.7750,0.2271,0.1706,53156,13801
27,101,"Murray County, Minnesota",0.8115,0.2535,0.1323,60231,8296
27,067,"Kandiyohi County, Minnesota",0.7401,0.1833,0.3421,60294,42841
27,075,"Lake County, Minnesota",0.8203,0.2574,0.0873,61452,10560
27,133,"Rock County, Minnesota",0.7547,0.1985,0.1240,63005,9402
27,135,"Roseau County, Minnesota",0.8156,0.1668,0.1529,62202,15361
27,155,"Traverse County, Minnesota",0.7960,0.2483,0.2065,51957,3311
27,005,"Becker County, Minnesota",0.7851,0.2022,0.2447,60284,34011
27,053,"Hennepin County, Minnesota",0.6237,0.1368,0.4978,78167,1245837
27,015,"Brown County, Minnesota",0.7917,0.2084,0.1258,61120,25163
27,023,"Chippewa County, Minnesota",0.6671,0.2088,0.2341,55269,11953
27,029,"Clearwater County, Minnesota",0.8132,0.2027,0.2669,50386,8821
27,049,"Goodhue County, Minnesota",0.7528,0.1899,0.1508,66800,46246
27,059,"Isanti County, Minnesota",0.8253,0.1553,0.1202,74616,39430
27,063,"Jackson County, Minnesota",0.8104,0.2162,0.1445,58727,9954
27,099,"Mower County, Minnesota",0.7298,0.1835,0.3658,54295,39807
27,115,"Pine County, Minnesota",0.8092,0.2010,0.2010,53422,29223
27,109,"Olmsted County, Minnesota",0.7274,0.1508,0.3485,76951,154809
27,159,"Wadena County, Minnesota",0.7651,0.2097,0.1121,46605,13654
27,009,"Benton County, Minnesota",0.6738,0.1377,0.1889,57715,40129
27,047,"Freeborn County, Minnesota",0.7668,0.2199,0.2661,53631,30463
27,061,"Itasca County, Minnesota",0.8127,0.2263,0.1546,55139,45141
27,121,"Pope County, Minnesota",0.7753,0.2371,0.0788,61275,11048
27,149,"Stevens County, Minnesota",0.6846,0.1685,0.2332,60559,9789
27,151,"Swift County, Minnesota",0.7026,0.2184,0.1654,51620,9359
27,033,"Cottonwood County, Minnesota",0.7809,0.2273,0.2520,52087,11299
27,139,"Scott County, Minnesota",0.8285,0.1042,0.3322,102152,145275
27,157,"Wabasha County, Minnesota",0.7863,0.2118,0.1028,65226,21537
27,117,"Pipestone County, Minnesota",0.7491,0.2071,0.2188,52917,9191
27,107,"Norman County, Minnesota",0.8194,0.2141,0.1955,55085,6520
27,103,"Nicollet County, Minnesota",0.7388,0.1566,0.2105,67399,33954
27,041,"Douglas County, Minnesota",0.7430,0.2245,0.0794,63819,37513
27,051,"Grant County, Minnesota",0.7741,0.2329,0.0940,55466,5935
27,069,"Kittson County, Minnesota",0.8054,0.2394,0.0905,59643,4311
27,079,"Le Sueur County, Minnesota",0.8159,0.1710,0.1667,71080,28242
27,087,"Mahnomen County, Minnesota",0.6804,0.1752,0.5481,44688,5501
27,025,"Chisago County, Minnesota",0.8636,0.1494,0.1266,83464,55315
27,127,"Redwood County, Minnesota",0.7849,0.2109,0.2373,55404,15261
27,173,"Yellow Medicine County, Minnesota",0.7945,0.2015,0.1951,59210,9814
27,153,"Todd County, Minnesota",0.8257,0.2091,0.1655,53585,24494
27,007,"Beltrami County, Minnesota",0.6706,0.1555,0.4253,49160,46403
27,013,"Blue Earth County, Minnesota",0.6201,0.1337,0.2234,57429,66795
27,055,"Houston County, Minnesota",0.8013,0.2076,0.0781,60382,18648
27,073,"Lac qui Parle County, Minnesota",0.8094,0.2666,0.0976,53071,6719
27,077,"Lake of the Woods County, Minnesota",0.8088,0.2350,0.1310,49967,3771
27,111,"Otter Tail County, Minnesota",0.7828,0.2333,0.1413,58682,58195
27,161,"Waseca County, Minnesota",0.7751,0.1739,0.1994,56762,18740
27,137,"St. Louis County, Minnesota",0.7130,0.1884,0.1670,55646,199759
27,003,"Anoka County, Minnesota",0.8010,0.1353,0.3304,82175,350253
27,145,"Stearns County, Minnesota",0.6808,0.1457,0.2539,62789,158452
27,037,"Dakota County, Minnesota",0.7401,0.1363,0.3734,86036,421453
27,083,"Lyon County, Minnesota",0.6839,0.1547,0.2900,57730,25758
27,089,"Marshall County, Minnesota",0.8257,0.2104,0.1288,60118,9372
27,129,"Renville County, Minnesota",0.7796,0.2049,0.2198,59028,14652
27,163,"Washington County, Minnesota",0.8113,0.1442,0.3082,96671,255938
27,031,"Cook County, Minnesota",0.7689,0.2727,0.2557,57432,5376
28,029,"Copiah County, Mississippi",0.7724,0.1682,0.5403,42151,28501
28,049,"Hinds County, Mississippi",0.5802,0.1363,0.4163,44625,238797
28,145,"Union County, Mississippi",0.7314,0.1641,0.3624,45754,28507
28,139,"Tippah County, Mississippi",0.7230,0.1566,0.3773,39246,22018
28,035,"Forrest County, Mississippi",0.5450,0.1329,0.5368,39840,75224
28,071,"Lafayette County, Mississippi",0.6205,0.1214,0.4527,50272,53590
28,087,"Lowndes County, Mississippi",0.6353,0.1548,0.5403,50441,59150
28,157,"Wilkinson County, Mississippi",0.7994,0.1687,0.4196,27313,8875
28,065,"Jefferson Davis County, Mississippi",0.7560,0.2184,0.4821,32116,11339
28,123,"Scott County, Mississippi",0.7412,0.1488,0.5999,34943,28332
28,163,"Yazoo County, Mississippi",0.6316,0.1274,0.5272,33279,28565
28,011,"Bolivar County, Mississippi",0.5360,0.1501,0.4844,29854,31848
28,113,"Pike County, Mississippi",0.6901,0.1662,0.5196,31784,39532
28,131,"Stone County, Mississippi",0.7452,0.1605,0.3802,45483,18276
28,069,"Kemper County, Mississippi",0.7364,0.1936,0.5028,31103,9943
28,133,"Sunflower County, Mississippi",0.5357,0.1293,0.3974,30838,26168
28,001,"Adams County, Mississippi",0.6242,0.1828,0.5498,29936,31266
28,033,"DeSoto County, Mississippi",0.7399,0.1264,0.5097,67038,178975
28,103,"Noxubee County, Mississippi",0.7293,0.1594,0.4123,33784,10700
28,137,"Tate County, Mississippi",0.7483,0.1612,0.4920,51030,28404
28,107,"Panola County, Mississippi",0.6963,0.1535,0.5450,38304,34190
28,161,"Yalobusha County, Mississippi",0.7004,0.1972,0.5059,41464,12367
28,009,"Benton County, Mississippi",0.8060,0.1737,0.5169,36258,8232
28,037,"Franklin County, Mississippi",0.7691,0.1926,0.4716,40219,7733
28,027,"Coahoma County, Mississippi",0.5058,0.1462,0.3556,29121,23255
28,061,"Jasper County, Mississippi",0.8504,0.1967,0.5100,35872,16505
28,067,"Jones County, Mississippi",0.7265,0.1642,0.4950,41775,68352
28,147,"Walthall County, Mississippi",0.8788,0.1911,0.5081,30961,14477
28,095,"Monroe County, Mississippi",0.7430,0.1898,0.4540,42354,35673
28,115,"Pontotoc County, Mississippi",0.7127,0.1468,0.3868,44759,31618
28,051,"Holmes County, Mississippi",0.6126,0.1452,0.2708,21504,17737
28,005,"Amite County, Mississippi",0.8490,0.2277,0.4953,33981,12412
28,089,"Madison County, Mississippi",0.7168,0.1282,0.5481,71824,104562
28,013,"Calhoun County, Mississippi",0.7455,0.1837,0.5053,37263,14499
28,091,"Marion County, Mississippi",0.8225,0.1801,0.4737,32090,24990
28,141,"Tishomingo County, Mississippi",0.7552,0.2052,0.1298,37681,19441
28,153,"Wayne County, Mississippi",0.8347,0.1676,0.5020,37706,20373
28,041,"Greene County, Mississippi",0.8278,0.1340,0.4103,49677,13645
28,093,"Marshall County, Mississippi",0.7551,0.1698,0.5430,42233,35599
28,119,"Quitman County, Mississippi",0.5867,0.1661,0.4134,25283,7187
28,109,"Pearl River County, Mississippi",0.7780,0.1841,0.3130,46901,55219
28,079,"Leake County, Mississippi",0.7080,0.1586,0.5991,37096,22792
28,099,"Neshoba County, Mississippi",0.7155,0.1569,0.5833,37987,29332
28,121,"Rankin County, Mississippi",0.7651,0.1474,0.4094,65996,152677
28,151,"Washington County, Mississippi",0.5289,0.1541,0.4181,29705,46057
28,077,"Lawrence County, Mississippi",0.7519,0.1752,0.4730,41914,12633
28,111,"Perry County, Mississippi",0.8224,0.1722,0.3588,42469,12006
28,017,"Chickasaw County, Mississippi",0.6969,0.1683,0.5554,36548,17193
28,015,"Carroll County, Mississippi",0.8116,0.2285,0.4654,46052,10070
28,039,"George County, Mississippi",0.8180,0.1471,0.2336,47292,23917
28,043,"Grenada County, Mississippi",0.6396,0.1742,0.5131,40122,21088
28,063,"Jefferson County, Mississippi",0.6736,0.1536,0.3544,25019,7225
28,101,"Newton County, Mississippi",0.7716,0.1612,0.5393,35958,21360
28,117,"Prentiss County, Mississippi",0.7273,0.1761,0.3075,39256,25255
28,125,"Sharkey County, Mississippi",0.6408,0.1819,0.3811,29394,4404
28,019,"Choctaw County, Mississippi",0.7856,0.2140,0.4499,36777,8277
28,045,"Hancock County, Mississippi",0.7552,0.1973,0.2741,48119,46961
28,057,"Itawamba County, Mississippi",0.7634,0.1730,0.1842,44567,23462
28,055,"Issaquena County, Mississippi",0.4369,0.1616,0.4827,24208,1361
28,059,"Jackson County, Mississippi",0.6979,0.1558,0.4934,51657,142376
28,083,"Leflore County, Mississippi",0.5061,0.1381,0.3994,26735,29222
28,143,"Tunica County, Mississippi",0.4023,0.1175,0.3491,39370,9988
28,021,"Claiborne County, Mississippi",0.6946,0.1598,0.2263,29338,9089
28,047,"Harrison County, Mississippi",0.5664,0.1447,0.5263,47894,204502
28,075,"Lauderdale County, Mississippi",0.6446,0.1660,0.5333,42534,76279
28,085,"Lincoln County, Mississippi",0.7534,0.1671,0.4471,42606,34320
28,127,"Simpson County, Mississippi",0.7974,0.1716,0.4863,43850,26888
28,159,"Winston County, Mississippi",0.7309,0.1996,0.5331,34724,18229
28,007,"Attala County, Mississippi",0.7248,0.1904,0.5336,33767,18437
28,073,"Lamar County, Mississippi",0.6746,0.1314,0.4093,60328,61969
28,081,"Lee County, Mississippi",0.6787,0.1454,0.4843,50559,85072
28,135,"Tallahatchie County, Mississippi",0.7196,0.1458,0.5817,29864,14158
28,129,"Smith County, Mississippi",0.8302,0.1895,0.3988,43105,16009
28,149,"Warren County, Mississippi",0.6610,0.1606,0.5341,45113,46519
28,023,"Clarke County, Mississippi",0.8329,0.1996,0.4742,43207,15770
28,097,"Montgomery County, Mississippi",0.6924,0.2074,0.5334,39840,10068
28,105,"Oktibbeha County, Mississippi",0.5170,0.1103,0.5435,40453,49512
28,155,"Webster County, Mississippi",0.7631,0.1793,0.3466,45730,9768
28,003,"Alcorn County, Mississippi",0.6870,0.1821,0.2978,42086,37090
28,025,"Clay County, Mississippi",0.7136,0.1786,0.4902,31833,19640
28,031,"Covington County, Mississippi",0.7821,0.1697,0.5002,38178,18978
28,053,"Humphreys County, Mississippi",0.6186,0.1633,0.3841,28962,8389
29,123,"Madison County, Missouri",0.7181,0.1877,0.1034,43636,12179
29,217,"Vernon County, Missouri",0.7169,0.1874,0.1167,43276,20595
29,147,"Nodaway County, Missouri",0.5782,0.1483,0.1412,44232,22359
29,041,"Chariton County, Missouri",0.7826,0.2375,0.0972,46738,7483
29,223,"Wayne County, Missouri",0.7350,0.2311,0.0996,34316,13195
29,201,"Scott County, Missouri",0.6666,0.1782,0.2924,44139,38633
29,011,"Barton County, Missouri",0.7007,0.2011,0.1421,44125,11797
29,039,"Cedar County, Missouri",0.7071,0.2333,0.1046,39365,14043
29,073,"Gasconade County, Missouri",0.7836,0.2233,0.0796,54885,14711
29,121,"Macon County, Missouri",0.7463,0.2199,0.1227,42746,15199
29,149,"Oregon County, Missouri",0.7383,0.2315,0.1141,33601,10647
29,186,"Ste. Genevieve County, Missouri",0.8009,0.1897,0.0844,60129,17848
29,067,"Douglas County, Missouri",0.7975,0.2391,0.0394,37425,13306
29,083,"Henry County, Missouri",0.7223,0.2138,0.1240,45795,21735
29,109,"Lawrence County, Missouri",0.7179,0.1785,0.1997,44742,38204
29,169,"Pulaski County, Missouri",0.4931,0.0835,0.4902,53492,52425
29,215,"Texas County, Missouri",0.7236,0.2050,0.1692,35067,25604
29,027,"Callaway County, Missouri",0.7251,0.1584,0.1835,56938,44889
29,053,"Cooper County, Missouri",0.7257,0.1720,0.2241,52735,17660
29,075,"Gentry County, Missouri",0.7358,0.1960,0.0789,47790,6616
29,133,"Mississippi County, Missouri",0.5971,0.1759,0.4288,35357,13574
29,153,"Ozark County, Missouri",0.7759,0.2738,0.0912,31947,9207
29,017,"Bollinger County, Missouri",0.8082,0.1960,0.0780,44158,12225
29,103,"Knox County, Missouri",0.8262,0.2146,0.0741,40000,3947
29,139,"Montgomery County, Missouri",0.7000,0.2044,0.1143,46757,11487
29,207,"Stoddard County, Missouri",0.6804,0.1966,0.0894,41062,29377
29,007,"Audrain County, Missouri",0.6849,0.1732,0.2429,44261,25644
29,077,"Greene County, Missouri",0.5605,0.1610,0.2298,46086,289756
29,185,"St. Clair County, Missouri",0.7828,0.2717,0.1059,38870,9370
29,197,"Schuyler County, Missouri",0.6929,0.1925,0.0606,42694,4555
29,029,"Camden County, Missouri",0.8071,0.2767,0.1104,53478,45466
29,099,"Jefferson County, Missouri",0.7937,0.1451,0.1078,65454,223951
29,143,"New Madrid County, Missouri",0.6345,0.1854,0.3375,38679,17560
29,173,"Ralls County, Missouri",0.8325,0.2092,0.0882,55377,10234
29,205,"Shelby County, Missouri",0.7385,0.2056,0.0928,44083,6013
29,225,"Webster County, Missouri",0.7501,0.1551,0.1142,50560,38655
29,005,"Atchison County, Missouri",0.6971,0.2538,0.0673,50236,5229
29,013,"Bates County, Missouri",0.7272,0.1926,0.1127,47625,16296
29,015,"Benton County, Missouri",0.8163,0.3032,0.0999,40249,19107
29,035,"Carter County, Missouri",0.7741,0.1964,0.0739,39530,6147
29,057,"Dade County, Missouri",0.7679,0.2321,0.1205,40399,7578
29,115,"Linn County, Missouri",0.7288,0.2053,0.1000,45930,12113
29,091,"Howell County, Missouri",0.6840,0.1958,0.1099,38357,40104
29,101,"Johnson County, Missouri",0.6098,0.1226,0.2590,55273,53682
29,105,"Laclede County, Missouri",0.6949,0.1751,0.1312,47257,35531
29,125,"Maries County, Missouri",0.7488,0.2130,0.0882,47569,8803
29,161,"Phelps County, Missouri",0.5965,0.1577,0.2095,44154,44630
29,165,"Platte County, Missouri",0.6591,0.1429,0.3337,80393,100682
29,187,"St. Francois County, Missouri",0.6845,0.1620,0.1553,46466,66643
29,510,"St. Louis city, Missouri",0.4366,0.1313,0.5923,43896,308174
29,003,"Andrew County, Missouri",0.7993,0.1873,0.1064,58772,17503
29,023,"Butler County, Missouri",0.6369,0.1852,0.2113,39915,42656
29,033,"Carroll County, Missouri",0.7425,0.2136,0.1021,50830,8781
29,061,"Daviess County, Missouri",0.7931,0.2045,0.0793,51679,8295
29,087,"Holt County, Missouri",0.7621,0.2493,0.0813,49524,4432
29,127,"Marion County, Missouri",0.6540,0.1738,0.1861,48784,28608
29,151,"Osage County, Missouri",0.8455,0.1718,0.0296,61687,13615
29,181,"Ripley County, Missouri",0.7899,0.2058,0.0958,34971,13567
29,219,"Warren County, Missouri",0.7887,0.1762,0.1575,60125,34453
29,221,"Washington County, Missouri",0.7945,0.1623,0.1109,41483,24860
29,043,"Christian County, Missouri",0.7425,0.1522,0.1273,60645,85658
29,063,"DeKalb County, Missouri",0.6911,0.1663,0.2872,55918,12526
29,081,"Harrison County, Missouri",0.7270,0.2233,0.0940,42917,8491
29,107,"Lafayette County, Missouri",0.7079,0.1844,0.1521,58766,32597
29,001,"Adair County, Missouri",0.6007,0.1441,0.1905,41929,25369
29,199,"Scotland County, Missouri",0.7755,0.1832,0.0146,50085,4902
29,211,"Sullivan County, Missouri",0.7448,0.2004,0.3757,46481,6247
29,045,"Clark County, Missouri",0.7486,0.2061,0.0604,48909,6779
29,097,"Jasper County, Missouri",0.6359,0.1518,0.2823,48357,119920
29,111,"Lewis County, Missouri",0.7612,0.1838,0.1397,45988,9955
29,119,"McDonald County, Missouri",0.6860,0.1528,0.3828,41643,22782
29,157,"Perry County, Missouri",0.7500,0.1816,0.0938,55863,19191
29,167,"Polk County, Missouri",0.6900,0.1785,0.1200,45660,31748
29,177,"Ray County, Missouri",0.7854,0.1796,0.1214,61957,22875
29,129,"Mercer County, Missouri",0.7860,0.2113,0.0826,47298,3644
29,229,"Wright County, Missouri",0.6996,0.1943,0.0966,34776,18203
29,047,"Clay County, Missouri",0.6865,0.1383,0.3317,70510,242516
29,065,"Dent County, Missouri",0.7350,0.2148,0.1091,42100,15545
29,195,"Saline County, Missouri",0.6956,0.1804,0.3414,44720,22976
29,227,"Worth County, Missouri",0.7637,0.2467,0.0703,53580,2027
29,079,"Grundy County, Missouri",0.6824,0.2174,0.1139,45594,9992
29,141,"Morgan County, Missouri",0.8073,0.2336,0.1129,39003,20271
29,179,"Reynolds County, Missouri",0.7870,0.2266,0.1199,40324,6290
29,189,"St. Louis County, Missouri",0.6856,0.1767,0.5025,67420,996919
29,209,"Stone County, Missouri",0.8174,0.3034,0.1001,49656,31615
29,009,"Barry County, Missouri",0.7374,0.2022,0.2565,44403,35530
29,019,"Boone County, Missouri",0.5561,0.1187,0.3647,55328,177651
29,051,"Cole County, Missouri",0.6629,0.1604,0.3190,60066,76723
29,055,"Crawford County, Missouri",0.7143,0.1918,0.0934,44438,24154
29,093,"Iron County, Missouri",0.7081,0.2194,0.1085,37435,10164
29,117,"Livingston County, Missouri",0.6661,0.1987,0.1452,46992,15126
29,135,"Moniteau County, Missouri",0.7702,0.1559,0.1574,58010,16046
29,155,"Pemiscot County, Missouri",0.5415,0.1655,0.4557,33859,16663
29,159,"Pettis County, Missouri",0.6879,0.1639,0.2695,46157,42355
29,203,"Shannon County, Missouri",0.7337,0.2101,0.1169,34265,8217
29,175,"Randolph County, Missouri",0.7150,0.1642,0.2123,47740,24878
29,069,"Dunklin County, Missouri",0.6204,0.1784,0.3386,36380,30027
29,071,"Franklin County, Missouri",0.7451,0.1688,0.0963,57214,103191
29,089,"Howard County, Missouri",0.7825,0.1846,0.1760,52700,10058
29,095,"Jackson County, Missouri",0.5824,0.1464,0.5497,55134,696216
29,131,"Miller County, Missouri",0.7424,0.1882,0.0997,47171,25201
29,171,"Putnam County, Missouri",0.7718,0.2395,0.0780,42849,4781
29,213,"Taney County, Missouri",0.6169,0.2128,0.2070,46031,55114
29,021,"Buchanan County, Missouri",0.6235,0.1584,0.2980,51916,88460
29,025,"Caldwell County, Missouri",0.7612,0.1935,0.1062,49839,9039
29,037,"Cass County, Missouri",0.7650,0.1651,0.2217,69433,103597
29,049,"Clinton County, Missouri",0.7642,0.1748,0.1205,62701,20500
29,059,"Dallas County, Missouri",0.7607,0.2050,0.1046,43542,16617
29,085,"Hickory County, Missouri",0.8222,0.3352,0.1004,34182,9404
29,113,"Lincoln County, Missouri",0.7849,0.1328,0.1329,64196,56477
29,137,"Monroe County, Missouri",0.7453,0.2280,0.1351,43966,8629
29,145,"Newton County, Missouri",0.7151,0.1774,0.2514,50813,58180
29,163,"Pike County, Missouri",0.7168,0.1702,0.2184,46385,18455
29,183,"St. Charles County, Missouri",0.8063,0.1472,0.2363,84978,394290
29,031,"Cape Girardeau County, Missouri",0.6498,0.1620,0.2544,53732,78491
30,017,"Custer County, Montana",0.6875,0.1912,0.1545,52965,11729
30,075,"Powder River County, Montana",0.7463,0.2738,0.1321,54427,1607
30,085,"Roosevelt County, Montana",0.6289,0.1110,0.5098,43194,11175
30,051,"Liberty County, Montana",0.6302,0.2510,0.0336,44875,2351
30,083,"Richland County, Montana",0.6598,0.1472,0.2049,67205,11199
30,101,"Toole County, Montana",0.5940,0.1686,0.2336,50721,4892
30,019,"Daniels County, Montana",0.7841,0.2445,0.1330,57440,1730
30,045,"Judith Basin County, Montana",0.7572,0.2267,0.1383,43661,1954
30,023,"Deer Lodge County, Montana",0.6777,0.2279,0.1842,41820,9106
30,055,"McCone County, Montana",0.8077,0.2508,0.2069,49701,1790
30,087,"Rosebud County, Montana",0.6917,0.1479,0.5461,57992,9152
30,021,"Dawson County, Montana",0.6827,0.1856,0.1465,58596,9017
30,007,"Broadwater County, Montana",0.8253,0.2341,0.1074,60594,5945
30,071,"Phillips County, Montana",0.7708,0.2234,0.2796,46212,4077
30,041,"Hill County, Montana",0.6185,0.1455,0.4506,49321,16436
30,015,"Chouteau County, Montana",0.6376,0.1999,0.3690,42298,5732
30,053,"Lincoln County, Montana",0.8034,0.2773,0.1398,40140,19537
30,067,"Park County, Montana",0.6853,0.2181,0.1270,53068,16352
30,103,"Treasure County, Montana",0.6809,0.2874,0.1087,43047,668
30,005,"Blaine County, Montana",0.5803,0.1508,0.5361,41279,6719
30,097,"Sweet Grass County, Montana",0.7235,0.3025,0.1126,49886,3670
30,099,"Teton County, Montana",0.6989,0.2267,0.1219,55000,6086
30,079,"Prairie County, Montana",0.8398,0.2796,0.0440,43625,1252
30,035,"Glacier County, Montana",0.5878,0.1180,0.4678,36045,13732
30,025,"Fallon County, Montana",0.7204,0.1784,0.1087,64545,2921
30,037,"Golden Valley County, Montana",0.7692,0.2541,0.1920,43875,728
30,093,"Silver Bow County, Montana",0.6890,0.1875,0.1785,45718,34770
30,095,"Stillwater County, Montana",0.8072,0.2196,0.1367,64645,9466
30,043,"Jefferson County, Montana",0.8432,0.2054,0.1389,69646,11917
30,039,"Granite County, Montana",0.7913,0.2915,0.1099,49881,3311
30,107,"Wheatland County, Montana",0.7475,0.2017,0.1262,39655,2142
30,057,"Madison County, Montana",0.7697,0.2893,0.1422,54107,8302
30,091,"Sheridan County, Montana",0.7877,0.2317,0.1668,55521,3483
30,011,"Carter County, Montana",0.7197,0.2261,0.0612,48000,1331
30,003,"Big Horn County, Montana",0.6340,0.1214,0.4788,49859,13387
30,047,"Lake County, Montana",0.7198,0.2140,0.4860,48829,30013
30,049,"Lewis and Clark County, Montana",0.6945,0.1798,0.1621,65791,67805
30,073,"Pondera County, Montana",0.7461,0.1999,0.3132,51151,5994
30,111,"Yellowstone County, Montana",0.6840,0.1652,0.2463,61264,159008
30,063,"Missoula County, Montana",0.5889,0.1505,0.1996,54062,117309
30,081,"Ravalli County, Montana",0.7629,0.2511,0.1340,53054,42512
30,105,"Valley County, Montana",0.7490,0.2219,0.2704,53162,7471
30,013,"Cascade County, Montana",0.6437,0.1832,0.2646,49913,81625
30,027,"Fergus County, Montana",0.7284,0.2322,0.1132,50540,11221
30,033,"Garfield County, Montana",0.7306,0.2307,0.0153,42000,1036
30,061,"Mineral County, Montana",0.7396,0.2806,0.1609,41705,4251
30,069,"Petroleum County, Montana",0.7451,0.2230,0.1043,51250,453
30,077,"Powell County, Montana",0.6707,0.2000,0.1950,54667,6854
30,089,"Sanders County, Montana",0.7756,0.3001,0.1833,40823,11681
30,109,"Wibaux County, Montana",0.7972,0.2228,0.1283,53958,1122
30,031,"Gallatin County, Montana",0.6118,0.1223,0.1582,66397,108063
30,059,"Meagher County, Montana",0.7251,0.2399,0.1390,46607,1888
30,009,"Carbon County, Montana",0.7639,0.2499,0.1102,58707,10597
30,001,"Beaverhead County, Montana",0.6776,0.2135,0.1804,43201,9415
30,029,"Flathead County, Montana",0.7412,0.1870,0.1376,56182,99899
30,065,"Musselshell County, Montana",0.7199,0.2591,0.1662,43274,4766
31,009,"Blaine County, Nebraska",0.7371,0.2767,0.0000,51094,477
31,049,"Deuel County, Nebraska",0.7627,0.2348,0.2206,47287,1831
31,113,"Logan County, Nebraska",0.7378,0.2006,0.1067,52708,927
31,169,"Thayer County, Nebraska",0.7857,0.2537,0.0983,51821,5057
31,001,"Adams County, Nebraska",0.6646,0.1772,0.2512,53023,31587
31,011,"Boone County, Nebraska",0.7616,0.2222,0.0709,54979,5279
31,149,"Rock County, Nebraska",0.7978,0.2511,0.0677,56250,1414
31,163,"Sherman County, Nebraska",0.7719,0.2674,0.0712,50781,3033
31,093,"Howard County, Nebraska",0.7651,0.2110,0.0871,59348,6417
31,073,"Gosper County, Nebraska",0.7049,0.2613,0.1397,64053,2013
31,153,"Sarpy County, Nebraska",0.6894,0.1138,0.3326,82032,181232
31,015,"Boyd County, Nebraska",0.8153,0.3015,0.0968,47778,1937
31,059,"Fillmore County, Nebraska",0.7753,0.2308,0.1214,60313,5547
31,091,"Hooker County, Nebraska",0.6258,0.3261,0.1507,41125,693
31,159,"Seward County, Nebraska",0.7173,0.1696,0.1025,70389,17171
31,181,"Webster County, Nebraska",0.7963,0.2239,0.1589,46188,3537
31,023,"Butler County, Nebraska",0.7788,0.2045,0.1070,58979,8029
31,005,"Arthur County, Nebraska",0.6650,0.2506,0.0811,42813,427
31,067,"Gage County, Nebraska",0.6957,0.2051,0.1066,53110,21594
31,099,"Kearney County, Nebraska",0.7314,0.1898,0.1477,60266,6529
31,119,"Madison County, Nebraska",0.6561,0.1554,0.3408,53188,35080
31,137,"Phelps County, Nebraska",0.7178,0.2001,0.1466,59040,9100
31,179,"Wayne County, Nebraska",0.6413,0.1551,0.1870,56456,9332
31,107,"Knox County, Nebraska",0.7415,0.2446,0.2541,52332,8426
31,121,"Merrick County, Nebraska",0.7453,0.2074,0.1421,55649,7798
31,133,"Pawnee County, Nebraska",0.8339,0.2786,0.0883,46452,2649
31,183,"Wheeler County, Nebraska",0.6705,0.2388,0.0597,51591,783
31,083,"Harlan County, Nebraska",0.7936,0.2474,0.0890,49835,3415
31,185,"York County, Nebraska",0.7157,0.1972,0.1770,60298,13745
31,019,"Buffalo County, Nebraska",0.6499,0.1395,0.2341,59431,49209
31,037,"Colfax County, Nebraska",0.7234,0.1258,0.5524,58872,10714
31,087,"Hitchcock County, Nebraska",0.7393,0.2529,0.0169,49962,2815
31,141,"Platte County, Nebraska",0.7246,0.1728,0.3496,62305,33174
31,143,"Polk County, Nebraska",0.8309,0.2180,0.1351,67719,5225
31,013,"Box Butte County, Nebraska",0.6861,0.1717,0.3200,54004,10970
31,017,"Brown County, Nebraska",0.7541,0.2700,0.0861,43098,3015
31,161,"Sheridan County, Nebraska",0.6881,0.2529,0.3275,45371,5231
31,109,"Lancaster County, Nebraska",0.5980,0.1347,0.3308,60527,313158
31,129,"Nuckolls County, Nebraska",0.7584,0.2665,0.1039,43388,4244
31,007,"Banner County, Nebraska",0.6961,0.2147,0.1801,51750,722
31,063,"Frontier County, Nebraska",0.7022,0.2530,0.0759,54659,2640
31,055,"Douglas County, Nebraska",0.6171,0.1265,0.4881,64629,560617
31,147,"Richardson County, Nebraska",0.7589,0.2411,0.1466,47917,7961
31,089,"Holt County, Nebraska",0.7216,0.2155,0.1275,60387,10177
31,065,"Furnas County, Nebraska",0.7462,0.2448,0.1261,48838,4747
31,151,"Saline County, Nebraska",0.7060,0.1442,0.4585,51502,14270
31,173,"Thurston County, Nebraska",0.6085,0.1193,0.5403,51034,7181
31,177,"Washington County, Nebraska",0.7825,0.1783,0.1058,71430,20361
31,031,"Cherry County, Nebraska",0.6125,0.2068,0.2184,56651,5779
31,053,"Dodge County, Nebraska",0.6213,0.1903,0.2827,54085,36665
31,069,"Garden County, Nebraska",0.7373,0.2768,0.1093,43750,1864
31,123,"Morrill County, Nebraska",0.7155,0.2012,0.3074,46194,4781
31,127,"Nemaha County, Nebraska",0.7293,0.1975,0.1189,51828,6973
31,171,"Thomas County, Nebraska",0.7653,0.2124,0.0943,59432,645
31,043,"Dakota County, Nebraska",0.6521,0.1341,0.6133,59231,20173
31,003,"Antelope County, Nebraska",0.7553,0.2295,0.0942,49912,6341
31,029,"Chase County, Nebraska",0.7564,0.2191,0.2271,57009,3783
31,035,"Clay County, Nebraska",0.7976,0.1993,0.1957,57173,6203
31,041,"Custer County, Nebraska",0.6956,0.2187,0.1044,52184,10826
31,061,"Franklin County, Nebraska",0.8061,0.2708,0.0838,49282,2987
31,081,"Hamilton County, Nebraska",0.7703,0.1951,0.1021,64210,9215
31,095,"Jefferson County, Nebraska",0.7123,0.2360,0.1244,44510,7144
31,101,"Keith County, Nebraska",0.6880,0.2671,0.1900,50735,8068
31,115,"Loup County, Nebraska",0.7653,0.2446,0.0422,51000,605
31,135,"Perkins County, Nebraska",0.7785,0.2299,0.0924,65543,2901
31,155,"Saunders County, Nebraska",0.7807,0.1829,0.0917,68682,21165
31,157,"Scotts Bluff County, Nebraska",0.6695,0.1871,0.4239,49745,36074
31,103,"Keya Paha County, Nebraska",0.7270,0.2408,0.0286,56500,760
31,105,"Kimball County, Nebraska",0.7140,0.2458,0.2462,53403,3633
31,111,"Lincoln County, Nebraska",0.6698,0.1889,0.2224,59795,35263
31,139,"Pierce County, Nebraska",0.7591,0.1890,0.0747,64511,7144
31,165,"Sioux County, Nebraska",0.7206,0.2215,0.1398,48269,1219
31,021,"Burt County, Nebraska",0.7658,0.2366,0.1346,54203,6510
31,025,"Cass County, Nebraska",0.8169,0.1698,0.1226,71846,25888
31,039,"Cuming County, Nebraska",0.6971,0.2172,0.2132,56768,8952
31,051,"Dixon County, Nebraska",0.7853,0.1997,0.2712,56905,5719
31,057,"Dundy County, Nebraska",0.7213,0.2154,0.2185,41716,1913
31,075,"Grant County, Nebraska",0.7049,0.2105,0.0833,46500,722
31,077,"Greeley County, Nebraska",0.8096,0.2527,0.0752,47869,2382
31,079,"Hall County, Nebraska",0.6234,0.1459,0.4775,57104,61265
31,085,"Hayes County, Nebraska",0.7519,0.1859,0.1520,51726,893
31,131,"Otoe County, Nebraska",0.6980,0.1915,0.2051,59167,15949
31,145,"Red Willow County, Nebraska",0.7294,0.2001,0.1558,48808,10768
31,027,"Cedar County, Nebraska",0.8055,0.2125,0.0694,61869,8498
31,045,"Dawes County, Nebraska",0.6462,0.1827,0.2688,50750,8810
31,097,"Johnson County, Nebraska",0.7341,0.1819,0.3391,54712,5161
31,033,"Cheyenne County, Nebraska",0.6662,0.1852,0.1935,53871,9604
31,047,"Dawson County, Nebraska",0.6732,0.1557,0.5398,53721,23733
31,071,"Garfield County, Nebraska",0.7783,0.2854,0.0577,53000,2001
31,117,"McPherson County, Nebraska",0.7277,0.2987,0.0299,48125,395
31,125,"Nance County, Nebraska",0.8047,0.2040,0.0690,49032,3544
31,167,"Stanton County, Nebraska",0.8205,0.1754,0.1538,63986,5957
31,175,"Valley County, Nebraska",0.7426,0.2537,0.1010,55324,4206
32,015,"Lander County, Nevada",0.7343,0.1414,0.4901,88030,5643
32,009,"Esmeralda County, Nevada",0.5825,0.2848,0.3361,37375,969
32,021,"Mineral County, Nevada",0.7061,0.3047,0.5731,35806,4460
32,017,"Lincoln County, Nevada",0.7483,0.2189,0.2375,58462,5180
32,031,"Washoe County, Nevada",0.5832,0.1595,0.5366,64791,456936
32,510,"Carson City, Nevada",0.5676,0.1982,0.4901,55718,54773
32,001,"Churchill County, Nevada",0.6542,0.1867,0.4373,57824,24259
32,005,"Douglas County, Nevada",0.7141,0.2741,0.3294,66810,48132
32,027,"Pershing County, Nevada",0.6679,0.1566,0.5109,50491,6615
32,011,"Eureka County, Nevada",0.7377,0.1802,0.1876,67105,1859
32,013,"Humboldt County, Nevada",0.7142,0.1342,0.4956,67756,16828
32,033,"White Pine County, Nevada",0.7557,0.1653,0.4549,60827,9679
32,007,"Elko County, Nevada",0.7124,0.1098,0.4897,81232,52297
32,023,"Nye County, Nevada",0.7081,0.2968,0.3927,47300,44380
32,029,"Storey County, Nevada",0.9035,0.2864,0.2737,66292,3988
32,003,"Clark County, Nevada",0.5376,0.1446,0.6955,59340,2182004
32,019,"Lyon County, Nevada",0.7072,0.2091,0.4062,56875,54380
33,013,"Merrimack County, New Hampshire",0.7177,0.1755,0.1443,75737,149917
33,001,"Belknap County, New Hampshire",0.7551,0.2141,0.0968,69447,60887
33,017,"Strafford County, New Hampshire",0.6601,0.1459,0.1761,72960,129124
33,005,"Cheshire County, New Hampshire",0.6944,0.1936,0.1136,64751,76042
33,009,"Grafton County, New Hampshire",0.6934,0.2001,0.1758,63389,89777
33,015,"Rockingham County, New Hampshire",0.7775,0.1722,0.1422,93756,306359
33,019,"Sullivan County, New Hampshire",0.7330,0.2076,0.0966,61312,43104
33,011,"Hillsborough County, New Hampshire",0.6605,0.1523,0.2795,81460,413035
33,007,"Coos County, New Hampshire",0.7066,0.2306,0.1509,47117,31741
33,003,"Carroll County, New Hampshire",0.7935,0.2697,0.0812,63153,48138
34,025,"Monmouth County, New Jersey",0.7375,0.1715,0.4144,99733,621659
34,037,"Sussex County, New Jersey",0.8313,0.1672,0.2477,94520,141483
34,013,"Essex County, New Jersey",0.4399,0.1344,0.7023,61510,795404
34,015,"Gloucester County, New Jersey",0.8012,0.1538,0.3688,87283,291165
34,031,"Passaic County, New Jersey",0.5275,0.1428,0.6431,69688,503637
34,003,"Bergen County, New Jersey",0.6479,0.1703,0.6109,101144,930390
34,041,"Warren County, New Jersey",0.7169,0.1761,0.3213,81307,105862
34,005,"Burlington County, New Jersey",0.7542,0.1664,0.5094,87416,445702
34,021,"Mercer County, New Jersey",0.6305,0.1493,0.6702,81057,367922
34,011,"Cumberland County, New Jersey",0.6523,0.1493,0.6562,54149,151906
34,035,"Somerset County, New Jersey",0.7579,0.1528,0.6217,113611,329838
34,029,"Ocean County, New Jersey",0.7996,0.2245,0.2733,70909,596415
34,001,"Atlantic County, New Jersey",0.6713,0.1753,0.6198,62110,266105
34,023,"Middlesex County, New Jersey",0.6350,0.1468,0.7029,89533,825920
34,033,"Salem County, New Jersey",0.7111,0.1832,0.4231,66842,62990
34,009,"Cape May County, New Jersey",0.7764,0.2585,0.2647,67074,93086
34,007,"Camden County, New Jersey",0.6683,0.1535,0.6135,70451,506738
34,039,"Union County, New Jersey",0.5857,0.1419,0.6999,80198,554033
34,017,"Hudson County, New Jersey",0.3168,0.1174,0.6974,71189,670046
34,019,"Hunterdon County, New Jersey",0.8284,0.1786,0.2617,115379,124823
34,027,"Morris County, New Jersey",0.7395,0.1672,0.4608,115527,493379
35,029,"Luna County, New Mexico",0.6089,0.2051,0.4627,29360,24083
35,055,"Taos County, New Mexico",0.7642,0.2525,0.5472,38329,32786
35,007,"Colfax County, New Mexico",0.7102,0.2701,0.5367,36302,12168
35,021,"Harding County, New Mexico",0.6540,0.3900,0.4948,29375,441
35,037,"Quay County, New Mexico",0.6148,0.2427,0.5476,29035,8326
35,027,"Lincoln County, New Mexico",0.8057,0.2813,0.4684,46216,19461
35,005,"Chaves County, New Mexico",0.6889,0.1550,0.5261,43359,65144
35,025,"Lea County, New Mexico",0.6680,0.1106,0.5289,60546,70277
35,049,"Santa Fe County, New Mexico",0.7090,0.2313,0.5530,61200,149293
35,059,"Union County, New Mexico",0.6495,0.1974,0.5550,35884,4133
35,051,"Sierra County, New Mexico",0.7392,0.3555,0.4879,29755,11031
35,053,"Socorro County, New Mexico",0.7336,0.1885,0.6195,42083,16858
35,041,"Roosevelt County, New Mexico",0.5847,0.1388,0.5523,42702,18888
35,013,"Doña Ana County, New Mexico",0.6309,0.1529,0.4592,40973,216069
35,028,"Los Alamos County, New Mexico",0.7411,0.1750,0.4472,121324,18625
35,039,"Rio Arriba County, New Mexico",0.7686,0.1866,0.4533,39952,39159
35,047,"San Miguel County, New Mexico",0.7034,0.2059,0.3631,30946,27738
35,061,"Valencia County, New Mexico",0.8149,0.1721,0.5239,48945,76027
35,057,"Torrance County, New Mexico",0.8322,0.2010,0.5150,36120,15519
35,001,"Bernalillo County, New Mexico",0.6298,0.1577,0.5952,53329,677858
35,035,"Otero County, New Mexico",0.6420,0.1701,0.6065,41988,66137
35,006,"Cibola County, New Mexico",0.6868,0.1561,0.6449,39413,26891
35,011,"De Baca County, New Mexico",0.6265,0.1966,0.5165,31625,2040
35,019,"Guadalupe County, New Mexico",0.6264,0.2180,0.4127,24798,4353
35,003,"Catron County, New Mexico",0.8770,0.3704,0.3091,41910,3526
35,023,"Hidalgo County, New Mexico",0.7064,0.2118,0.5098,42526,4297
35,031,"McKinley County, New Mexico",0.7092,0.1189,0.4011,33834,72438
35,043,"Sandoval County, New Mexico",0.7859,0.1710,0.6383,63802,142704
35,017,"Grant County, New Mexico",0.6807,0.2655,0.5346,37843,27669
35,009,"Curry County, New Mexico",0.5702,0.1225,0.5911,45092,49732
35,015,"Eddy County, New Mexico",0.6949,0.1430,0.5390,65328,57732
35,033,"Mora County, New Mexico",0.8552,0.3040,0.3106,28446,4536
35,045,"San Juan County, New Mexico",0.7102,0.1425,0.6512,50518,126515
36,095,"Schoharie County, New York",0.7582,0.2099,0.1305,57714,31222
36,035,"Fulton County, New York",0.7067,0.1903,0.1391,50482,53646
36,083,"Rensselaer County, New York",0.6282,0.1653,0.2999,68991,159185
36,033,"Franklin County, New York",0.7140,0.1657,0.3218,50407,50477
36,081,"Queens County, New York",0.4477,0.1532,0.7629,68666,2287388
36,115,"Washington County, New York",0.7405,0.1886,0.1460,57258,61616
36,061,"New York County, New York",0.2407,0.1620,0.6824,86553,1631993
36,011,"Cayuga County, New York",0.7127,0.1836,0.1852,58377,77425
36,087,"Rockland County, New York",0.6829,0.1554,0.5535,93024,324422
36,063,"Niagara County, New York",0.7065,0.1860,0.2630,55522,210820
36,031,"Essex County, New York",0.7538,0.2276,0.1523,56763,37459
36,059,"Nassau County, New York",0.8067,0.1747,0.5894,116100,1356509
36,097,"Schuyler County, New York",0.7516,0.2080,0.0976,52327,17920
36,017,"Chenango County, New York",0.7447,0.2020,0.1015,52002,47909
36,045,"Jefferson County, New York",0.5648,0.1322,0.3232,52685,112842
36,103,"Suffolk County, New York",0.8057,0.1650,0.4990,101031,1483832
36,121,"Wyoming County, New York",0.7691,0.1736,0.1883,58052,40305
36,075,"Oswego County, New York",0.7371,0.1578,0.1146,55967,118339
36,117,"Wayne County, New York",0.7645,0.1837,0.1881,59449,90519
36,007,"Broome County, New York",0.6517,0.1869,0.2976,52226,193188
36,029,"Erie County, New York",0.6458,0.1759,0.4082,58121,919355
36,105,"Sullivan County, New York",0.6832,0.1854,0.4561,57426,75116
36,071,"Orange County, New York",0.6685,0.1367,0.5339,79944,380085
36,005,"Bronx County, New York",0.1969,0.1252,0.5906,40088,1435068
36,067,"Onondaga County, New York",0.6468,0.1660,0.3926,61359,462872
36,019,"Clinton County, New York",0.6648,0.1640,0.1883,56365,80583
36,099,"Seneca County, New York",0.7389,0.1865,0.2038,54545,34390
36,079,"Putnam County, New York",0.8181,0.1671,0.3566,104486,98787
36,043,"Herkimer County, New York",0.7361,0.2012,0.1059,54646,62057
36,069,"Ontario County, New York",0.7380,0.1937,0.1896,64944,109511
36,101,"Steuben County, New York",0.7274,0.1893,0.1235,53663,96422
36,041,"Hamilton County, New York",0.8669,0.3025,0.0788,58675,4515
36,013,"Chautauqua County, New York",0.6925,0.1958,0.2288,46820,128496
36,047,"Kings County, New York",0.3011,0.1360,0.7267,60231,2589974
36,107,"Tioga County, New York",0.7693,0.1973,0.0968,62999,48686
36,073,"Orleans County, New York",0.7559,0.1735,0.2478,52620,40904
36,091,"Saratoga County, New York",0.7220,0.1759,0.1811,84291,228502
36,021,"Columbia County, New York",0.7371,0.2308,0.2492,66787,60371
36,049,"Lewis County, New York",0.8082,0.1789,0.0807,54524,26572
36,119,"Westchester County, New York",0.6140,0.1674,0.6310,96610,968890
36,025,"Delaware County, New York",0.7386,0.2398,0.1499,49544,44995
36,057,"Montgomery County, New York",0.6844,0.1830,0.3188,49462,49302
36,085,"Richmond County, New York",0.6933,0.1589,0.5761,82783,474893
36,089,"St. Lawrence County, New York",0.7296,0.1689,0.1524,50940,108913
36,109,"Tompkins County, New York",0.5491,0.1393,0.3900,60240,102642
36,113,"Warren County, New York",0.7075,0.2161,0.1196,61024,64276
36,023,"Cortland County, New York",0.6564,0.1602,0.1406,56023,47865
36,027,"Dutchess County, New York",0.6876,0.1708,0.4626,81219,293754
36,055,"Monroe County, New York",0.6352,0.1686,0.4714,60075,743341
36,065,"Oneida County, New York",0.6748,0.1838,0.3186,56027,229959
36,111,"Ulster County, New York",0.6826,0.1917,0.3602,64304,178665
36,015,"Chemung County, New York",0.6831,0.1839,0.2507,54940,84895
36,051,"Livingston County, New York",0.7468,0.1719,0.1738,59510,63591
36,077,"Otsego County, New York",0.7216,0.2056,0.1673,54028,59972
36,039,"Greene County, New York",0.7483,0.2164,0.2656,53601,47424
36,001,"Albany County, New York",0.5638,0.1651,0.4566,66252,306968
36,003,"Allegany County, New York",0.7621,0.1841,0.1080,48412,46688
36,009,"Cattaraugus County, New York",0.7168,0.1871,0.1762,48703,77121
36,053,"Madison County, New York",0.7735,0.1763,0.1321,61633,71205
36,093,"Schenectady County, New York",0.6566,0.1682,0.4529,65499,154859
36,037,"Genesee County, New York",0.7226,0.1832,0.1779,60524,57808
36,123,"Yates County, New York",0.8002,0.2011,0.1022,56563,25011
37,087,"Haywood County, North Carolina",0.7303,0.2435,0.1402,51659,61053
37,067,"Forsyth County, North Carolina",0.6157,0.1558,0.5951,51569,375195
37,017,"Bladen County, North Carolina",0.7137,0.2104,0.5753,36173,33407
37,031,"Carteret County, North Carolina",0.7256,0.2424,0.2483,57194,69070
37,015,"Bertie County, North Carolina",0.7443,0.2190,0.5061,35527,19380
37,117,"Martin County, North Carolina",0.6798,0.2231,0.5505,40090,22849
37,143,"Perquimans County, North Carolina",0.7535,0.2708,0.4229,47162,13430
37,157,"Rockingham County, North Carolina",0.6956,0.1989,0.4388,43579,91077
37,029,"Camden County, North Carolina",0.8190,0.1751,0.3323,64572,10551
37,071,"Gaston County, North Carolina",0.6527,0.1583,0.4428,52835,219271
37,125,"Moore County, North Carolina",0.7570,0.2382,0.3854,59963,97294
37,167,"Stanly County, North Carolina",0.7438,0.1873,0.3318,52623,61588
37,199,"Yancey County, North Carolina",0.7333,0.2528,0.1416,42222,17760
37,037,"Chatham County, North Carolina",0.7635,0.2401,0.4574,67031,71338
37,101,"Johnston County, North Carolina",0.7298,0.1300,0.4973,59865,196870
37,145,"Person County, North Carolina",0.7645,0.1895,0.4885,51020,39345
37,009,"Ashe County, North Carolina",0.7586,0.2470,0.1413,40962,26863
37,107,"Lenoir County, North Carolina",0.5935,0.1953,0.6007,39402,56756
37,133,"Onslow County, North Carolina",0.5306,0.0895,0.5252,50278,195069
37,161,"Rutherford County, North Carolina",0.7154,0.2115,0.2946,42608,66599
37,197,"Yadkin County, North Carolina",0.7625,0.1953,0.2762,44682,37602
37,023,"Burke County, North Carolina",0.7394,0.1968,0.3254,44557,89968
37,079,"Greene County, North Carolina",0.7067,0.1577,0.6373,39837,21033
37,121,"Mitchell County, North Carolina",0.7801,0.2438,0.1502,46103,15004
37,041,"Chowan County, North Carolina",0.6672,0.2423,0.5154,46519,14097
37,005,"Alleghany County, North Carolina",0.7626,0.2650,0.2352,37830,11008
37,027,"Caldwell County, North Carolina",0.7248,0.1933,0.2322,44511,81884
37,035,"Catawba County, North Carolina",0.6939,0.1747,0.4111,52056,157613
37,045,"Cleveland County, North Carolina",0.6778,0.1819,0.4231,42247,97282
37,049,"Craven County, North Carolina",0.6293,0.1871,0.5135,52687,102491
37,065,"Edgecombe County, North Carolina",0.5880,0.1897,0.5364,36866,52648
37,077,"Granville County, North Carolina",0.7215,0.1662,0.5672,55856,59328
37,085,"Harnett County, North Carolina",0.6537,0.1216,0.5637,53554,132283
37,093,"Hoke County, North Carolina",0.6706,0.0962,0.6988,48072,53957
37,089,"Henderson County, North Carolina",0.7334,0.2544,0.2974,55945,114913
37,095,"Hyde County, North Carolina",0.6780,0.1941,0.5545,39663,5213
37,097,"Iredell County, North Carolina",0.7227,0.1555,0.4018,60955,175538
37,119,"Mecklenburg County, North Carolina",0.5638,0.1092,0.6625,66641,1074475
37,131,"Northampton County, North Carolina",0.6835,0.2507,0.5317,37146,19946
37,147,"Pitt County, North Carolina",0.5212,0.1281,0.5803,47437,178433
37,159,"Rowan County, North Carolina",0.6930,0.1719,0.4479,49842,140296
37,181,"Vance County, North Carolina",0.5647,0.1787,0.5895,40529,44479
37,039,"Cherokee County, North Carolina",0.7903,0.2895,0.1693,41438,27969
37,053,"Currituck County, North Carolina",0.8198,0.1584,0.2340,69964,26363
37,179,"Union County, North Carolina",0.8133,0.1234,0.4531,80033,231053
37,193,"Wilkes County, North Carolina",0.7570,0.2098,0.2327,44107,68469
37,127,"Nash County, North Carolina",0.6533,0.1779,0.5915,49537,94030
37,003,"Alexander County, North Carolina",0.7571,0.1948,0.2408,48756,37213
37,055,"Dare County, North Carolina",0.7438,0.2070,0.2318,59381,36222
37,185,"Warren County, North Carolina",0.7320,0.2457,0.5954,36466,19898
37,195,"Wilson County, North Carolina",0.5909,0.1747,0.6152,43877,81435
37,073,"Gates County, North Carolina",0.7753,0.1977,0.4874,50750,11548
37,075,"Graham County, North Carolina",0.8302,0.2316,0.2374,39571,8509
37,115,"Madison County, North Carolina",0.7410,0.2178,0.1146,45873,21499
37,137,"Pamlico County, North Carolina",0.7766,0.2913,0.4134,46728,12701
37,149,"Polk County, North Carolina",0.7402,0.3017,0.2596,48787,20557
37,151,"Randolph County, North Carolina",0.7180,0.1736,0.3584,47288,143118
37,169,"Stokes County, North Carolina",0.7756,0.2031,0.1674,48054,45781
37,187,"Washington County, North Carolina",0.6653,0.2360,0.5744,35979,11922
37,043,"Clay County, North Carolina",0.7796,0.3013,0.1259,42222,10946
37,051,"Cumberland County, North Carolina",0.5073,0.1157,0.6634,46875,332861
37,081,"Guilford County, North Carolina",0.5878,0.1482,0.6242,53261,527868
37,099,"Jackson County, North Carolina",0.6430,0.1926,0.3342,47252,42938
37,139,"Pasquotank County, North Carolina",0.5963,0.1650,0.5640,50558,39514
37,155,"Robeson County, North Carolina",0.6560,0.1472,0.6988,34976,132596
37,173,"Swain County, North Carolina",0.7151,0.1896,0.5131,39317,14260
37,183,"Wake County, North Carolina",0.6390,0.1126,0.5842,80591,1069079
37,007,"Anson County, North Carolina",0.6614,0.1791,0.5661,40213,24902
37,111,"McDowell County, North Carolina",0.7267,0.1988,0.2310,43646,45227
37,069,"Franklin County, North Carolina",0.7379,0.1644,0.5278,55193,66362
37,103,"Jones County, North Carolina",0.7333,0.2284,0.5136,38158,9594
37,113,"Macon County, North Carolina",0.7289,0.2835,0.2017,45507,34813
37,019,"Brunswick County, North Carolina",0.8067,0.3051,0.3165,58236,131815
37,175,"Transylvania County, North Carolina",0.7601,0.2994,0.1796,50212,33775
37,013,"Beaufort County, North Carolina",0.6987,0.2335,0.4987,45212,47168
37,047,"Columbus County, North Carolina",0.7246,0.1950,0.5529,37628,56068
37,109,"Lincoln County, North Carolina",0.7640,0.1701,0.2724,57536,82919
37,123,"Montgomery County, North Carolina",0.7480,0.1973,0.5445,44146,27252
37,135,"Orange County, North Carolina",0.6264,0.1340,0.4919,71723,144836
37,153,"Richmond County, North Carolina",0.6617,0.1744,0.5677,36148,44997
37,163,"Sampson County, North Carolina",0.6930,0.1743,0.6371,42151,63385
37,171,"Surry County, North Carolina",0.7346,0.2011,0.2839,43597,71971
37,011,"Avery County, North Carolina",0.7526,0.2172,0.2082,40340,17506
37,021,"Buncombe County, North Carolina",0.6340,0.1943,0.2931,52207,256886
37,025,"Cabarrus County, North Carolina",0.7147,0.1301,0.5263,67328,206615
37,033,"Caswell County, North Carolina",0.7644,0.2070,0.5169,45733,22684
37,059,"Davie County, North Carolina",0.7976,0.2025,0.2794,60434,42257
37,057,"Davidson County, North Carolina",0.6981,0.1783,0.3431,49546,165381
37,061,"Duplin County, North Carolina",0.7037,0.1794,0.6288,41764,58967
37,063,"Durham County, North Carolina",0.5435,0.1259,0.6692,60958,311848
37,091,"Hertford County, North Carolina",0.6581,0.1938,0.5424,41028,24012
37,105,"Lee County, North Carolina",0.6669,0.1611,0.5869,49994,60481
37,129,"New Hanover County, North Carolina",0.5806,0.1722,0.3834,54891,227938
37,141,"Pender County, North Carolina",0.8121,0.1774,0.4101,57240,60399
37,191,"Wayne County, North Carolina",0.6212,0.1599,0.6075,44416,123603
37,165,"Scotland County, North Carolina",0.6049,0.1742,0.6416,37238,35076
37,189,"Watauga County, North Carolina",0.6006,0.1549,0.1573,47526,54925
37,083,"Halifax County, North Carolina",0.6263,0.2012,0.5720,35502,51190
37,001,"Alamance County, North Carolina",0.6517,0.1663,0.5354,49688,163324
37,177,"Tyrrell County, North Carolina",0.6826,0.2000,0.5764,35300,4095
38,097,"Traill County, North Dakota",0.7148,0.1936,0.1509,64453,8008
38,021,"Dickey County, North Dakota",0.7428,0.2041,0.1287,65492,4938
38,101,"Ward County, North Dakota",0.5950,0.1223,0.3063,68871,68812
38,067,"Pembina County, North Dakota",0.7701,0.2250,0.1704,64549,6947
38,041,"Hettinger County, North Dakota",0.8071,0.2430,0.1684,60164,2547
38,017,"Cass County, North Dakota",0.5213,0.1161,0.2641,64482,176975
38,029,"Emmons County, North Dakota",0.8587,0.2946,0.0873,55902,3310
38,077,"Richland County, North Dakota",0.7087,0.1726,0.1639,61371,16254
38,001,"Adams County, North Dakota",0.7353,0.2436,0.1466,56681,2311
38,027,"Eddy County, North Dakota",0.7100,0.2490,0.1842,54868,2301
38,057,"Mercer County, North Dakota",0.8266,0.1832,0.1612,82181,8462
38,073,"Ransom County, North Dakota",0.7094,0.2140,0.1112,63903,5314
38,085,"Sioux County, North Dakota",0.4344,0.0784,0.3000,38939,4373
38,033,"Golden Valley County, North Dakota",0.6995,0.2070,0.1811,58690,1845
38,095,"Towner County, North Dakota",0.7306,0.2257,0.2095,52300,2224
38,023,"Divide County, North Dakota",0.7238,0.2655,0.2015,62865,2335
38,081,"Sargent County, North Dakota",0.7280,0.2216,0.1526,63073,3872
38,089,"Stark County, North Dakota",0.6106,0.1300,0.2321,72045,31081
38,103,"Wells County, North Dakota",0.7869,0.2658,0.0723,57582,3976
38,013,"Burke County, North Dakota",0.7890,0.1691,0.0818,77232,2182
38,061,"Mountrail County, North Dakota",0.6813,0.1131,0.5393,72147,10321
38,105,"Williams County, North Dakota",0.5260,0.0910,0.3540,87161,35208
38,007,"Billings County, North Dakota",0.7911,0.2137,0.0569,75208,922
38,043,"Kidder County, North Dakota",0.7527,0.2129,0.1125,54643,2466
38,019,"Cavalier County, North Dakota",0.8066,0.2708,0.0985,64798,3803
38,037,"Grant County, North Dakota",0.8669,0.2907,0.0850,50938,2353
38,049,"McHenry County, North Dakota",0.8292,0.2018,0.0922,64179,5878
38,091,"Steele County, North Dakota",0.8468,0.2328,0.0484,70724,1744
38,005,"Benson County, North Dakota",0.6699,0.1330,0.4940,47667,6873
38,045,"LaMoure County, North Dakota",0.7689,0.2562,0.0778,60806,4125
38,059,"Morton County, North Dakota",0.7066,0.1599,0.1898,70556,30868
38,025,"Dunn County, North Dakota",0.7701,0.1666,0.2892,76719,4395
38,051,"McIntosh County, North Dakota",0.7343,0.3123,0.0981,52587,2597
38,063,"Nelson County, North Dakota",0.7226,0.2730,0.0904,52039,2894
38,079,"Rolette County, North Dakota",0.7131,0.1129,0.3187,43158,14511
38,099,"Walsh County, North Dakota",0.7638,0.2091,0.2748,55700,10751
38,009,"Bottineau County, North Dakota",0.7941,0.2292,0.1619,60381,6502
38,003,"Barnes County, North Dakota",0.6926,0.2188,0.1425,58365,10706
38,035,"Grand Forks County, North Dakota",0.4851,0.1229,0.2922,54051,70224
38,053,"McKenzie County, North Dakota",0.5397,0.0868,0.3776,77845,13334
38,055,"McLean County, North Dakota",0.8117,0.2289,0.1994,68529,9584
38,069,"Pierce County, North Dakota",0.7358,0.2380,0.1234,55660,4126
38,075,"Renville County, North Dakota",0.8263,0.1740,0.1722,73182,2442
38,011,"Bowman County, North Dakota",0.7533,0.2055,0.1381,62442,3148
38,015,"Burleigh County, North Dakota",0.6867,0.1562,0.2051,71524,94793
38,047,"Logan County, North Dakota",0.8386,0.2799,0.0574,59375,1872
38,065,"Oliver County, North Dakota",0.8862,0.2345,0.1821,78929,1842
38,093,"Stutsman County, North Dakota",0.6558,0.1890,0.1488,57674,20965
38,071,"Ramsey County, North Dakota",0.6029,0.1918,0.2926,58910,11583
38,031,"Foster County, North Dakota",0.7421,0.2252,0.0919,61425,3260
38,039,"Griggs County, North Dakota",0.7612,0.2968,0.0901,53565,2409
38,083,"Sheridan County, North Dakota",0.7975,0.2967,0.0225,51055,1409
38,087,"Slope County, North Dakota",0.8221,0.2655,0.0708,63611,742
39,105,"Meigs County, Ohio",0.7862,0.1928,0.0654,44899,23078
39,021,"Champaign County, Ohio",0.7316,0.1810,0.1282,60112,38845
39,057,"Greene County, Ohio",0.6609,0.1677,0.2900,68720,166502
39,087,"Lawrence County, Ohio",0.7224,0.1840,0.1011,45118,60184
39,115,"Morgan County, Ohio",0.7670,0.2074,0.1486,42341,14640
39,175,"Wyandot County, Ohio",0.7407,0.1877,0.0969,55767,22000
39,043,"Erie County, Ohio",0.6925,0.2130,0.2985,54226,74780
39,091,"Logan County, Ohio",0.7418,0.1755,0.1272,56754,45316
39,153,"Summit County, Ohio",0.6580,0.1748,0.3842,57181,541334
39,149,"Shelby County, Ohio",0.7118,0.1600,0.1361,63806,48749
39,171,"Williams County, Ohio",0.7700,0.1847,0.1402,53183,36816
39,029,"Columbiana County, Ohio",0.7352,0.1983,0.1166,48345,103190
39,051,"Fulton County, Ohio",0.7906,0.1727,0.2000,63092,42253
39,053,"Gallia County, Ohio",0.7448,0.1850,0.1311,44858,30088
39,099,"Mahoning County, Ohio",0.6868,0.2041,0.3974,46042,229961
39,145,"Scioto County, Ohio",0.6761,0.1779,0.1283,41330,76040
39,117,"Morrow County, Ohio",0.8181,0.1658,0.0792,59452,35043
39,135,"Preble County, Ohio",0.7835,0.1872,0.0708,58957,41093
39,003,"Allen County, Ohio",0.6707,0.1720,0.3323,53131,103175
39,033,"Crawford County, Ohio",0.6968,0.2041,0.0920,44971,41821
39,059,"Guernsey County, Ohio",0.7146,0.1906,0.1114,45917,39111
39,107,"Mercer County, Ohio",0.7702,0.1730,0.0897,62952,40884
39,023,"Clark County, Ohio",0.6599,0.1903,0.2843,50873,134726
39,093,"Lorain County, Ohio",0.7232,0.1777,0.3712,58427,307670
39,113,"Montgomery County, Ohio",0.6098,0.1763,0.4559,51542,531670
39,165,"Warren County, Ohio",0.7766,0.1398,0.2520,87125,229132
39,007,"Ashtabula County, Ohio",0.7052,0.1853,0.1955,46700,97830
39,159,"Union County, Ohio",0.7848,0.1199,0.1954,86715,56707
39,131,"Pike County, Ohio",0.6479,0.1755,0.0931,42832,28000
39,125,"Paulding County, Ohio",0.7899,0.1815,0.1416,55330,18809
39,061,"Hamilton County, Ohio",0.5791,0.1505,0.5074,57212,813589
39,049,"Franklin County, Ohio",0.5339,0.1173,0.5459,61305,1290360
39,101,"Marion County, Ohio",0.6637,0.1725,0.2151,47498,65299
39,157,"Tuscarawas County, Ohio",0.7072,0.1923,0.1063,53243,92335
39,169,"Wayne County, Ohio",0.7296,0.1732,0.1215,58300,116099
39,015,"Brown County, Ohio",0.7236,0.1813,0.0702,54575,43572
39,017,"Butler County, Ohio",0.6812,0.1437,0.3332,66117,380019
39,067,"Harrison County, Ohio",0.7888,0.2095,0.0994,49689,15211
39,083,"Knox County, Ohio",0.7201,0.1774,0.0898,57749,61481
39,089,"Licking County, Ohio",0.7291,0.1611,0.1859,64589,173750
39,139,"Richland County, Ohio",0.6736,0.1918,0.2602,49547,121100
39,163,"Vinton County, Ohio",0.7601,0.1701,0.0680,45673,13083
39,019,"Carroll County, Ohio",0.7865,0.2080,0.0391,55267,27332
39,063,"Hancock County, Ohio",0.6881,0.1664,0.2036,58450,75837
39,025,"Clermont County, Ohio",0.7416,0.1574,0.1243,66968,204275
39,045,"Fairfield County, Ohio",0.7393,0.1538,0.2531,67609,154457
39,039,"Defiance County, Ohio",0.7628,0.1820,0.2431,59931,38160
39,071,"Highland County, Ohio",0.6844,0.1795,0.0949,44169,43016
39,069,"Henry County, Ohio",0.7737,0.1801,0.1874,59695,27208
39,081,"Jefferson County, Ohio",0.6899,0.2102,0.1803,46581,66371
39,133,"Portage County, Ohio",0.6954,0.1589,0.1944,57618,162511
39,137,"Putnam County, Ohio",0.8159,0.1687,0.1494,64822,33911
39,013,"Belmont County, Ohio",0.7642,0.2033,0.1388,50904,68024
39,027,"Clinton County, Ohio",0.6464,0.1657,0.1273,52815,41957
39,047,"Fayette County, Ohio",0.6491,0.1733,0.1439,47308,28620
39,127,"Perry County, Ohio",0.7370,0.1623,0.0662,50150,36022
39,129,"Pickaway County, Ohio",0.7457,0.1550,0.1402,63633,57762
39,097,"Madison County, Ohio",0.7118,0.1521,0.2122,68022,44135
39,119,"Muskingum County, Ohio",0.6899,0.1746,0.1619,47254,86131
39,143,"Sandusky County, Ohio",0.7272,0.1846,0.2765,54089,59029
39,161,"Van Wert County, Ohio",0.7709,0.1851,0.1166,54254,28261
39,167,"Washington County, Ohio",0.7363,0.2048,0.0958,50021,60426
39,011,"Auglaize County, Ohio",0.7573,0.1790,0.0846,64074,45729
39,037,"Darke County, Ohio",0.7280,0.1914,0.0764,55620,51513
39,123,"Ottawa County, Ohio",0.7884,0.2443,0.1453,59099,40632
39,065,"Hardin County, Ohio",0.7105,0.1559,0.0985,50506,31425
39,079,"Jackson County, Ohio",0.6923,0.1678,0.0779,47550,32450
39,077,"Huron County, Ohio",0.7091,0.1671,0.1828,52560,58339
39,009,"Athens County, Ohio",0.5784,0.1256,0.1942,40905,65917
39,001,"Adams County, Ohio",0.7082,0.1748,0.0379,39079,27776
39,103,"Medina County, Ohio",0.7989,0.1731,0.1186,76600,177980
39,095,"Lucas County, Ohio",0.5973,0.1583,0.4870,48736,431102
39,121,"Noble County, Ohio",0.8194,0.2667,0.1416,46897,14416
39,147,"Seneca County, Ohio",0.7226,0.1748,0.1900,52500,55351
39,151,"Stark County, Ohio",0.6820,0.1900,0.2467,53860,372404
39,031,"Coshocton County, Ohio",0.7398,0.1899,0.0803,46606,36585
39,041,"Delaware County, Ohio",0.8138,0.1317,0.2702,106908,201135
39,055,"Geauga County, Ohio",0.8631,0.1980,0.0864,82303,93843
39,073,"Hocking County, Ohio",0.7513,0.1853,0.0721,52363,28390
39,085,"Lake County, Ohio",0.7422,0.1948,0.2174,64466,229954
39,141,"Ross County, Ohio",0.7093,0.1610,0.1931,51092,76948
39,035,"Cuyahoga County, Ohio",0.5824,0.1775,0.5621,50366,1247451
39,075,"Holmes County, Ohio",0.7550,0.1335,0.0424,63753,43901
39,109,"Miami County, Ohio",0.7108,0.1837,0.1466,61041,105371
39,111,"Monroe County, Ohio",0.7826,0.2326,0.0562,45289,13942
39,155,"Trumbull County, Ohio",0.7058,0.2102,0.2336,47280,200367
39,173,"Wood County, Ohio",0.6526,0.1482,0.2162,62390,130150
39,005,"Ashland County, Ohio",0.7379,0.1834,0.0856,52823,53536
40,071,"Kay County, Oklahoma",0.6746,0.1885,0.4149,46809,44402
40,035,"Craig County, Oklahoma",0.6951,0.1959,0.5120,43329,14390
40,017,"Canadian County, Oklahoma",0.7541,0.1290,0.4021,72056,140455
40,077,"Latimer County, Oklahoma",0.6981,0.2113,0.4925,44214,10348
40,139,"Texas County, Oklahoma",0.6798,0.1096,0.5923,52282,20805
40,127,"Pushmataha County, Oklahoma",0.7563,0.2258,0.4371,37692,11128
40,069,"Johnston County, Oklahoma",0.7352,0.1912,0.4599,41332,11064
40,007,"Beaver County, Oklahoma",0.7651,0.1871,0.4214,52349,5377
40,063,"Hughes County, Oklahoma",0.7285,0.1881,0.5337,39365,13372
40,031,"Comanche County, Oklahoma",0.5313,0.1225,0.6260,52161,121762
40,001,"Adair County, Oklahoma",0.6926,0.1525,0.5622,34695,22220
40,137,"Stephens County, Oklahoma",0.7242,0.1917,0.3416,47214,43647
40,019,"Carter County, Oklahoma",0.6828,0.1641,0.4777,51419,48319
40,055,"Greer County, Oklahoma",0.6972,0.1749,0.4213,41488,5861
40,091,"McIntosh County, Oklahoma",0.7843,0.2517,0.4673,39084,19725
40,099,"Murray County, Oklahoma",0.7022,0.1917,0.4400,52478,13946
40,115,"Ottawa County, Oklahoma",0.6896,0.1800,0.4985,39872,31454
40,145,"Wagoner County, Oklahoma",0.7863,0.1602,0.4535,62795,78958
40,015,"Caddo County, Oklahoma",0.7127,0.1631,0.5830,46592,29242
40,101,"Muskogee County, Oklahoma",0.6531,0.1644,0.6011,43078,68736
40,013,"Bryan County, Oklahoma",0.6221,0.1766,0.4490,44212,46457
40,043,"Dewey County, Oklahoma",0.7626,0.1861,0.3119,52428,4922
40,059,"Harper County, Oklahoma",0.7838,0.1872,0.3749,46154,3760
40,083,"Logan County, Oklahoma",0.8289,0.1506,0.3807,65357,46683
40,143,"Tulsa County, Oklahoma",0.5881,0.1400,0.5742,55517,646419
40,147,"Washington County, Oklahoma",0.7082,0.1925,0.4388,54997,51886
40,057,"Harmon County, Oklahoma",0.7314,0.1875,0.5819,48344,2710
40,061,"Haskell County, Oklahoma",0.7473,0.1982,0.4456,42348,12687
40,111,"Okmulgee County, Oklahoma",0.7099,0.1820,0.5415,42998,38749
40,113,"Osage County, Oklahoma",0.7832,0.1928,0.5384,49103,47226
40,067,"Jefferson County, Oklahoma",0.7212,0.2006,0.3735,39895,6158
40,047,"Garfield County, Oklahoma",0.6579,0.1593,0.4214,54006,61898
40,049,"Garvin County, Oklahoma",0.6931,0.1772,0.4042,47125,27835
40,121,"Pittsburg County, Oklahoma",0.7248,0.1950,0.4644,46784,44146
40,123,"Pontotoc County, Oklahoma",0.6593,0.1635,0.5010,50392,38355
40,129,"Roger Mills County, Oklahoma",0.7502,0.2018,0.2877,51302,3667
40,153,"Woodward County, Oklahoma",0.7125,0.1499,0.3425,60147,20727
40,021,"Cherokee County, Oklahoma",0.6835,0.1631,0.5815,42774,48664
40,041,"Delaware County, Oklahoma",0.7564,0.2439,0.4976,41696,42433
40,045,"Ellis County, Oklahoma",0.7423,0.2252,0.2444,53245,4015
40,051,"Grady County, Oklahoma",0.7712,0.1588,0.3225,60875,55071
40,119,"Payne County, Oklahoma",0.5168,0.1230,0.3924,41603,81815
40,125,"Pottawatomie County, Oklahoma",0.6948,0.1600,0.4383,49250,72154
40,037,"Creek County, Oklahoma",0.7355,0.1740,0.3909,51318,71427
40,141,"Tillman County, Oklahoma",0.7585,0.1961,0.5675,42280,7413
40,149,"Washita County, Oklahoma",0.7090,0.1759,0.2921,53274,11225
40,033,"Cotton County, Oklahoma",0.7777,0.1943,0.3966,50885,5858
40,075,"Kiowa County, Oklahoma",0.7214,0.1946,0.4242,38019,8886
40,079,"Le Flore County, Oklahoma",0.7100,0.1753,0.4493,40677,50026
40,089,"McCurtain County, Oklahoma",0.7082,0.1769,0.5512,37061,33016
40,093,"Major County, Oklahoma",0.7938,0.1972,0.2703,54332,7692
40,097,"Mayes County, Oklahoma",0.7290,0.1819,0.4842,50345,41044
40,109,"Oklahoma County, Oklahoma",0.5888,0.1335,0.6262,54520,787216
40,039,"Custer County, Oklahoma",0.6259,0.1342,0.4914,49900,29152
40,085,"Love County, Oklahoma",0.7665,0.1934,0.4612,49399,10063
40,009,"Beckham County, Oklahoma",0.6624,0.1352,0.4071,50721,22268
40,023,"Choctaw County, Oklahoma",0.6927,0.2029,0.5608,34489,14807
40,065,"Jackson County, Oklahoma",0.5849,0.1483,0.5411,49703,25063
40,081,"Lincoln County, Oklahoma",0.7965,0.1793,0.3079,50671,34895
40,117,"Pawnee County, Oklahoma",0.7561,0.1885,0.3755,48009,16412
40,133,"Seminole County, Oklahoma",0.6804,0.1769,0.5165,39373,24832
40,025,"Cimarron County, Oklahoma",0.7288,0.2433,0.3625,46328,2174
40,011,"Blaine County, Oklahoma",0.7340,0.1810,0.4428,45792,9556
40,029,"Coal County, Oklahoma",0.7405,0.2059,0.4608,40938,5581
40,053,"Grant County, Oklahoma",0.7661,0.2111,0.2193,57727,4397
40,073,"Kingfisher County, Oklahoma",0.7631,0.1558,0.3881,57777,15694
40,087,"McClain County, Oklahoma",0.7939,0.1521,0.3536,67662,39247
40,095,"Marshall County, Oklahoma",0.7262,0.2225,0.5212,45746,16505
40,103,"Noble County, Oklahoma",0.7683,0.1884,0.3202,56117,11335
40,105,"Nowata County, Oklahoma",0.7375,0.1916,0.4771,43145,10322
40,131,"Rogers County, Oklahoma",0.7820,0.1593,0.4377,65434,91353
40,135,"Sequoyah County, Oklahoma",0.7186,0.1807,0.5131,40351,41709
40,003,"Alfalfa County, Oklahoma",0.8016,0.1917,0.2875,61852,5847
40,151,"Woods County, Oklahoma",0.6842,0.1666,0.3027,54282,9043
40,027,"Cleveland County, Oklahoma",0.6366,0.1299,0.4627,64016,279274
40,107,"Okfuskee County, Oklahoma",0.7120,0.1753,0.5426,38411,12067
40,005,"Atoka County, Oklahoma",0.7343,0.1872,0.4485,39316,13823
41,039,"Lane County, Oregon",0.5867,0.1880,0.3187,52426,373340
41,067,"Washington County, Oregon",0.6164,0.1295,0.5261,82215,589481
41,007,"Clatsop County, Oregon",0.6219,0.2145,0.2595,54886,39102
41,029,"Jackson County, Oregon",0.6323,0.2154,0.3281,53412,216574
41,023,"Grant County, Oregon",0.7110,0.2920,0.1605,44712,7189
41,005,"Clackamas County, Oregon",0.7108,0.1757,0.3178,80484,410463
41,057,"Tillamook County, Oregon",0.6926,0.2486,0.2760,49895,26389
41,033,"Josephine County, Oregon",0.6631,0.2568,0.2374,45616,86251
41,059,"Umatilla County, Oregon",0.6570,0.1532,0.4930,54699,77129
41,009,"Columbia County, Oregon",0.7540,0.1829,0.2112,62257,51375
41,065,"Wasco County, Oregon",0.6218,0.2018,0.4073,53105,26130
41,061,"Union County, Oregon",0.6454,0.2006,0.2082,52171,26337
41,047,"Marion County, Oregon",0.6024,0.1534,0.4978,59625,339641
41,019,"Douglas County, Oregon",0.6817,0.2525,0.2225,47267,109114
41,031,"Jefferson County, Oregon",0.6808,0.1926,0.5618,53277,23607
41,053,"Polk County, Oregon",0.6626,0.1755,0.3677,62691,83037
41,017,"Deschutes County, Oregon",0.6695,0.1957,0.2312,67043,186251
41,043,"Linn County, Oregon",0.6438,0.1831,0.2686,55893,125048
41,071,"Yamhill County, Oregon",0.7002,0.1679,0.3759,63902,104831
41,001,"Baker County, Oregon",0.7070,0.2591,0.1797,45998,16019
41,035,"Klamath County, Oregon",0.6428,0.2069,0.3712,46491,66921
41,041,"Lincoln County, Oregon",0.6563,0.2788,0.3069,47882,48547
41,003,"Benton County, Oregon",0.5722,0.1553,0.3441,62077,91107
41,013,"Crook County, Oregon",0.7223,0.2483,0.2151,49006,23011
41,055,"Sherman County, Oregon",0.6457,0.2607,0.1964,51071,1642
41,025,"Harney County, Oregon",0.7219,0.2389,0.2344,40735,7267
41,045,"Malheur County, Oregon",0.5829,0.1644,0.5115,43313,30412
41,063,"Wallowa County, Oregon",0.6966,0.2824,0.1341,51224,7004
41,069,"Wheeler County, Oregon",0.7609,0.3576,0.2293,40926,1415
41,049,"Morrow County, Oregon",0.7001,0.1561,0.5144,54269,11303
41,011,"Coos County, Oregon",0.6586,0.2547,0.2642,45051,63686
41,015,"Curry County, Oregon",0.7136,0.3366,0.2477,48440,22650
41,021,"Gilliam County, Oregon",0.6734,0.2529,0.2198,47500,1878
41,027,"Hood River County, Oregon",0.6723,0.1555,0.4942,65679,23209
41,037,"Lake County, Oregon",0.6191,0.2461,0.2764,37898,7837
41,051,"Multnomah County, Oregon",0.5453,0.1304,0.4889,69176,804606
42,045,"Delaware County, Pennsylvania",0.6879,0.1601,0.5038,74477,564554
42,111,"Somerset County, Pennsylvania",0.7807,0.2176,0.1104,49089,74361
42,023,"Cameron County, Pennsylvania",0.7198,0.2678,0.0829,41165,4611
42,017,"Bucks County, Pennsylvania",0.7698,0.1814,0.2865,89139,626806
42,077,"Lehigh County, Pennsylvania",0.6442,0.1646,0.5204,63897,365052
42,031,"Clarion County, Pennsylvania",0.6912,0.1915,0.0786,46680,38715
42,059,"Greene County, Pennsylvania",0.7484,0.1851,0.1260,54776,36870
42,079,"Luzerne County, Pennsylvania",0.6796,0.1961,0.3193,53473,317663
42,037,"Columbia County, Pennsylvania",0.6924,0.1893,0.1299,50550,65715
42,065,"Jefferson County, Pennsylvania",0.7429,0.2056,0.0558,47603,43846
42,099,"Perry County, Pennsylvania",0.7898,0.1801,0.0907,63718,46053
42,113,"Sullivan County, Pennsylvania",0.8197,0.2764,0.0951,47407,6135
42,103,"Pike County, Pennsylvania",0.8324,0.2191,0.3378,65928,55453
42,109,"Snyder County, Pennsylvania",0.7216,0.1833,0.0952,58997,40483
42,115,"Susquehanna County, Pennsylvania",0.7706,0.2290,0.0729,54966,40970
42,039,"Crawford County, Pennsylvania",0.7290,0.2001,0.1006,50304,85665
42,049,"Erie County, Pennsylvania",0.6606,0.1735,0.2829,51529,273835
42,057,"Fulton County, Pennsylvania",0.7744,0.2096,0.0772,53476,14506
42,067,"Juniata County, Pennsylvania",0.7453,0.1988,0.1111,53879,24624
42,107,"Schuylkill County, Pennsylvania",0.7565,0.2002,0.1690,52280,142674
42,131,"Wyoming County, Pennsylvania",0.7723,0.2049,0.0854,59415,27327
42,001,"Adams County, Pennsylvania",0.7801,0.1981,0.2022,67253,102470
42,005,"Armstrong County, Pennsylvania",0.7596,0.2161,0.0573,51410,65867
42,035,"Clinton County, Pennsylvania",0.7020,0.1830,0.0936,50923,38915
42,025,"Carbon County, Pennsylvania",0.7585,0.2066,0.1563,57006,63887
42,027,"Centre County, Pennsylvania",0.6152,0.1377,0.2638,60403,161960
42,097,"Northumberland County, Pennsylvania",0.7077,0.2086,0.1427,48671,91761
42,095,"Northampton County, Pennsylvania",0.7138,0.1862,0.3910,70471,302809
42,121,"Venango County, Pennsylvania",0.7505,0.2164,0.0815,49945,51818
42,007,"Beaver County, Pennsylvania",0.7313,0.2093,0.1952,57807,165833
42,069,"Lackawanna County, Pennsylvania",0.6428,0.1962,0.2667,52821,210652
42,083,"McKean County, Pennsylvania",0.7406,0.1904,0.1250,48647,41401
42,051,"Fayette County, Pennsylvania",0.7441,0.2063,0.1555,47364,131302
42,091,"Montgomery County, Pennsylvania",0.7178,0.1737,0.4087,91546,823823
42,033,"Clearfield County, Pennsylvania",0.7678,0.2014,0.1332,49015,79908
42,075,"Lebanon County, Pennsylvania",0.6995,0.1914,0.3062,60281,139729
42,081,"Lycoming County, Pennsylvania",0.6924,0.1903,0.1755,54241,114330
42,093,"Montour County, Pennsylvania",0.6715,0.2064,0.1635,58333,18259
42,123,"Warren County, Pennsylvania",0.7687,0.2234,0.0633,50250,39756
42,019,"Butler County, Pennsylvania",0.7589,0.1821,0.1025,70668,186899
42,047,"Elk County, Pennsylvania",0.7856,0.2148,0.0522,53440,30340
42,071,"Lancaster County, Pennsylvania",0.6806,0.1754,0.3148,66056,540999
42,085,"Mercer County, Pennsylvania",0.7250,0.2118,0.1830,50696,111518
42,105,"Potter County, Pennsylvania",0.7622,0.2352,0.0685,45419,16806
42,117,"Tioga County, Pennsylvania",0.7282,0.2146,0.0764,51324,40944
42,043,"Dauphin County, Pennsylvania",0.6321,0.1653,0.5240,60715,275632
42,055,"Franklin County, Pennsylvania",0.7118,0.1925,0.2193,63379,154147
42,119,"Union County, Pennsylvania",0.7239,0.1773,0.2819,59399,45111
42,127,"Wayne County, Pennsylvania",0.8099,0.2349,0.1780,56096,51422
42,009,"Bedford County, Pennsylvania",0.7908,0.2224,0.0644,50509,48337
42,089,"Monroe County, Pennsylvania",0.7699,0.1683,0.5190,63934,168032
42,061,"Huntingdon County, Pennsylvania",0.7566,0.2050,0.1769,51678,45369
42,125,"Washington County, Pennsylvania",0.7561,0.2013,0.1485,63543,207212
42,101,"Philadelphia County, Pennsylvania",0.5303,0.1344,0.6869,45927,1579075
42,133,"York County, Pennsylvania",0.7488,0.1706,0.2949,66457,445565
42,063,"Indiana County, Pennsylvania",0.7117,0.1877,0.1170,49320,85032
42,041,"Cumberland County, Pennsylvania",0.7035,0.1814,0.2605,71269,249328
42,003,"Allegheny County, Pennsylvania",0.6429,0.1851,0.3647,61043,1221744
42,129,"Westmoreland County, Pennsylvania",0.7721,0.2214,0.1193,60471,352590
42,053,"Forest County, Pennsylvania",0.8390,0.2192,0.4835,39717,7313
42,013,"Blair County, Pennsylvania",0.6979,0.2030,0.1048,49181,123157
42,073,"Lawrence County, Pennsylvania",0.7455,0.2152,0.1518,50204,86727
42,015,"Bradford County, Pennsylvania",0.7402,0.2078,0.0837,52358,60963
42,021,"Cambria County, Pennsylvania",0.7411,0.2198,0.1388,46659,133009
42,029,"Chester County, Pennsylvania",0.7498,0.1590,0.3569,100214,519560
42,011,"Berks County, Pennsylvania",0.7152,0.1692,0.4394,63728,418025
42,087,"Mifflin County, Pennsylvania",0.7131,0.2115,0.0801,50219,46276
44,003,"Kent County, Rhode Island",0.7014,0.1842,0.2157,73521,163869
44,009,"Washington County, Rhode Island",0.7396,0.1993,0.1711,85531,126060
44,005,"Newport County, Rhode Island",0.6324,0.2167,0.2586,79454,82801
44,007,"Providence County, Rhode Island",0.5417,0.1497,0.5684,58974,635737
44,001,"Bristol County, Rhode Island",0.7073,0.1939,0.1622,83092,48764
45,071,"Newberry County, South Carolina",0.7325,0.1923,0.5389,44226,38194
45,027,"Clarendon County, South Carolina",0.7699,0.2278,0.5480,40900,33957
45,085,"Sumter County, South Carolina",0.6459,0.1588,0.5762,45661,106757
45,011,"Barnwell County, South Carolina",0.6956,0.1774,0.5379,35803,21346
45,031,"Darlington County, South Carolina",0.6957,0.1839,0.5312,38448,67027
45,091,"York County, South Carolina",0.7199,0.1404,0.4624,65361,265872
45,021,"Cherokee County, South Carolina",0.6894,0.1628,0.4278,36883,56895
45,053,"Jasper County, South Carolina",0.7173,0.1819,0.6258,45601,28657
45,061,"Lee County, South Carolina",0.7470,0.1808,0.4869,32371,17365
45,001,"Abbeville County, South Carolina",0.7503,0.2112,0.4491,38741,24627
45,003,"Aiken County, South Carolina",0.7256,0.1874,0.4974,51399,168301
45,005,"Allendale County, South Carolina",0.6820,0.1969,0.4080,27185,9024
45,037,"Edgefield County, South Carolina",0.7407,0.1838,0.5516,49127,26927
45,023,"Chester County, South Carolina",0.7609,0.1818,0.5183,42442,32311
45,029,"Colleton County, South Carolina",0.7495,0.1977,0.5320,36324,37585
45,067,"Marion County, South Carolina",0.6603,0.1899,0.5308,32063,31308
45,063,"Lexington County, South Carolina",0.7424,0.1542,0.4136,61173,290278
45,073,"Oconee County, South Carolina",0.7272,0.2278,0.2787,49134,77528
45,015,"Berkeley County, South Carolina",0.7192,0.1343,0.5331,63309,215044
45,019,"Charleston County, South Carolina",0.6155,0.1591,0.5098,64022,401165
45,043,"Georgetown County, South Carolina",0.7883,0.2698,0.4923,48456,61952
45,069,"Marlboro County, South Carolina",0.6285,0.1739,0.5879,33586,26753
45,007,"Anderson County, South Carolina",0.7172,0.1775,0.3753,50865,198064
45,025,"Chesterfield County, South Carolina",0.7108,0.1794,0.5327,41505,45953
45,047,"Greenwood County, South Carolina",0.6403,0.1812,0.5404,42336,70411
45,051,"Horry County, South Carolina",0.7180,0.2316,0.3810,50704,332172
45,055,"Kershaw County, South Carolina",0.8210,0.1798,0.4696,51479,65112
45,075,"Orangeburg County, South Carolina",0.6732,0.1898,0.5118,37955,87687
45,083,"Spartanburg County, South Carolina",0.7064,0.1593,0.4863,52332,307617
45,009,"Bamberg County, South Carolina",0.7064,0.2105,0.4981,31422,14376
45,013,"Beaufort County, South Carolina",0.7334,0.2645,0.4950,68377,186095
45,017,"Calhoun County, South Carolina",0.8032,0.2203,0.5402,46339,14663
45,033,"Dillon County, South Carolina",0.5936,0.1592,0.5626,30812,30689
45,081,"Saluda County, South Carolina",0.7410,0.1920,0.5742,45714,20303
45,079,"Richland County, South Carolina",0.5955,0.1234,0.6007,54767,411357
45,039,"Fairfield County, South Carolina",0.7526,0.2049,0.5125,38213,22565
45,049,"Hampton County, South Carolina",0.7598,0.1795,0.5470,33429,19564
45,045,"Greenville County, South Carolina",0.6748,0.1538,0.4928,60351,507003
45,057,"Lancaster County, South Carolina",0.7970,0.2043,0.4610,58849,92308
45,035,"Dorchester County, South Carolina",0.7166,0.1350,0.5215,63080,158299
45,041,"Florence County, South Carolina",0.6571,0.1635,0.5492,47058,138475
45,059,"Laurens County, South Carolina",0.6982,0.1794,0.4787,43304,66846
45,065,"McCormick County, South Carolina",0.7657,0.3340,0.5396,43633,9531
45,077,"Pickens County, South Carolina",0.6708,0.1612,0.2589,49573,124029
45,087,"Union County, South Carolina",0.6826,0.1962,0.4892,41186,27490
45,089,"Williamsburg County, South Carolina",0.7295,0.2001,0.4878,32485,31324
46,085,"Lyman County, South Dakota",0.6722,0.1557,0.5110,53862,3848
46,039,"Deuel County, South Dakota",0.7903,0.2128,0.0747,65437,4318
46,015,"Brule County, South Dakota",0.6168,0.1769,0.2781,57196,5258
46,053,"Gregory County, South Dakota",0.7163,0.2446,0.2208,43438,4186
46,099,"Minnehaha County, South Dakota",0.6320,0.1273,0.3109,61772,188674
46,025,"Clark County, South Dakota",0.7937,0.2114,0.1222,48980,3685
46,077,"Kingsbury County, South Dakota",0.7951,0.2269,0.0623,61699,4944
46,027,"Clay County, South Dakota",0.5372,0.1185,0.2333,50724,13957
46,041,"Dewey County, South Dakota",0.6105,0.0960,0.3367,47475,5833
46,065,"Hughes County, South Dakota",0.6875,0.1681,0.3022,64783,17608
46,111,"Sanborn County, South Dakota",0.7327,0.1988,0.1141,56875,2379
46,059,"Hand County, South Dakota",0.6830,0.2429,0.0695,54155,3256
46,135,"Yankton County, South Dakota",0.6518,0.1839,0.2128,58342,22717
46,005,"Beadle County, South Dakota",0.6574,0.1703,0.3890,52313,18346
46,035,"Davison County, South Dakota",0.5970,0.1801,0.1764,50570,19871
46,073,"Jerauld County, South Dakota",0.7264,0.2963,0.1055,49632,2018
46,117,"Stanley County, South Dakota",0.7887,0.2161,0.2154,71382,3017
46,107,"Potter County, South Dakota",0.7882,0.2782,0.1590,54583,2315
46,023,"Charles Mix County, South Dakota",0.7088,0.1824,0.4941,50481,9349
46,091,"Marshall County, South Dakota",0.7379,0.2075,0.2978,63723,4891
46,105,"Perkins County, South Dakota",0.7259,0.2399,0.1096,57981,2897
46,121,"Todd County, South Dakota",0.4370,0.0743,0.2012,24331,10195
46,102,"Oglala Lakota County, South Dakota",0.5020,0.0680,0.1610,31997,14335
46,003,"Aurora County, South Dakota",0.7530,0.1893,0.2144,64083,2763
46,051,"Grant County, South Dakota",0.8117,0.2052,0.1402,58158,7149
46,123,"Tripp County, South Dakota",0.7623,0.2224,0.3128,57720,5458
46,137,"Ziebach County, South Dakota",0.5716,0.0939,0.3741,37400,2791
46,115,"Spink County, South Dakota",0.7420,0.2045,0.1201,54423,6483
46,009,"Bon Homme County, South Dakota",0.7350,0.2054,0.2376,54737,6929
46,011,"Brookings County, South Dakota",0.5915,0.1171,0.1833,58136,34601
46,047,"Fall River County, South Dakota",0.7806,0.2760,0.2723,50588,6747
46,057,"Hamlin County, South Dakota",0.8054,0.1577,0.1235,67105,6025
46,071,"Jackson County, South Dakota",0.5828,0.1429,0.4878,33295,3290
46,033,"Custer County, South Dakota",0.8400,0.2898,0.1883,58522,8719
46,069,"Hyde County, South Dakota",0.7504,0.2616,0.2179,57788,1319
46,049,"Faulk County, South Dakota",0.8034,0.2669,0.0759,55096,2312
46,067,"Hutchinson County, South Dakota",0.7723,0.2311,0.1021,57089,7308
46,129,"Walworth County, South Dakota",0.7387,0.2395,0.3532,55583,5457
46,017,"Buffalo County, South Dakota",0.4628,0.0721,0.3066,34808,2026
46,037,"Day County, South Dakota",0.7529,0.2561,0.2475,46679,5486
46,043,"Douglas County, South Dakota",0.7984,0.2349,0.1070,58684,2929
46,063,"Harding County, South Dakota",0.6711,0.1753,0.1493,59655,1306
46,089,"McPherson County, South Dakota",0.7709,0.2947,0.0961,44574,2297
46,109,"Roberts County, South Dakota",0.6646,0.1940,0.5250,50348,10287
46,119,"Sully County, South Dakota",0.8594,0.2452,0.0772,62153,1305
46,083,"Lincoln County, South Dakota",0.7673,0.1219,0.1341,82473,56826
46,079,"Lake County, South Dakota",0.7455,0.2102,0.1292,61846,12717
46,081,"Lawrence County, South Dakota",0.6469,0.2108,0.1717,52641,25478
46,029,"Codington County, South Dakota",0.6527,0.1694,0.1376,56376,28026
46,019,"Butte County, South Dakota",0.7711,0.1990,0.1650,46508,10225
46,031,"Corson County, South Dakota",0.5381,0.1092,0.4222,35759,4150
46,045,"Edmunds County, South Dakota",0.8199,0.1934,0.0760,71324,3909
46,021,"Campbell County, South Dakota",0.8648,0.2505,0.0371,54449,1485
46,007,"Bennett County, South Dakota",0.6047,0.1162,0.4852,47500,3425
46,055,"Haakon County, South Dakota",0.7713,0.2096,0.1941,42250,2018
46,075,"Jones County, South Dakota",0.7500,0.2308,0.1326,46149,793
46,093,"Meade County, South Dakota",0.7435,0.1510,0.2282,60578,27717
46,125,"Turner County, South Dakota",0.7830,0.2055,0.0916,59242,8300
46,013,"Brown County, South Dakota",0.6400,0.1708,0.2364,58216,38915
46,061,"Hanson County, South Dakota",0.8794,0.1492,0.0094,64696,3399
46,087,"McCook County, South Dakota",0.7594,0.1875,0.1259,61507,5548
46,095,"Mellette County, South Dakota",0.6944,0.1511,0.5260,30650,2052
46,101,"Moody County, South Dakota",0.7144,0.1899,0.3815,61538,6507
46,103,"Pennington County, South Dakota",0.6864,0.1735,0.3430,57039,110685
46,127,"Union County, South Dakota",0.6918,0.1740,0.1498,70378,15368
46,097,"Miner County, South Dakota",0.7669,0.1981,0.0952,52910,2211
47,165,"Sumner County, Tennessee",0.7362,0.1556,0.2839,67204,183437
47,169,"Trousdale County, Tennessee",0.7883,0.1393,0.2794,56321,10231
47,027,"Clay County, Tennessee",0.7832,0.2374,0.1074,32167,7654
47,157,"Shelby County, Tennessee",0.5505,0.1310,0.5815,51657,936374
47,077,"Henderson County, Tennessee",0.7276,0.1794,0.2289,43305,27977
47,089,"Jefferson County, Tennessee",0.7524,0.1963,0.1474,49139,53679
47,153,"Sequatchie County, Tennessee",0.7475,0.1999,0.1233,49370,14816
47,017,"Carroll County, Tennessee",0.7309,0.1992,0.2732,42637,27886
47,037,"Davidson County, Tennessee",0.5434,0.1196,0.5989,60388,687488
47,135,"Perry County, Tennessee",0.8243,0.2050,0.1544,41034,7962
47,121,"Meigs County, Tennessee",0.7872,0.2173,0.1134,49167,12104
47,075,"Haywood County, Tennessee",0.5817,0.1789,0.5465,37905,17623
47,125,"Montgomery County, Tennessee",0.5955,0.0912,0.5485,57541,200180
47,061,"Grundy County, Tennessee",0.7801,0.2053,0.2328,40516,13344
47,029,"Cocke County, Tennessee",0.6708,0.2085,0.1288,36716,35552
47,041,"DeKalb County, Tennessee",0.6835,0.1811,0.2183,45511,19847
47,101,"Lewis County, Tennessee",0.7796,0.2055,0.1280,37277,12027
47,131,"Obion County, Tennessee",0.6491,0.1984,0.3000,39615,30365
47,167,"Tipton County, Tennessee",0.7135,0.1408,0.3920,61291,61447
47,045,"Dyer County, Tennessee",0.6151,0.1719,0.3417,44185,37416
47,065,"Hamilton County, Tennessee",0.6397,0.1722,0.4547,55070,360919
47,139,"Polk County, Tennessee",0.7372,0.2051,0.1002,43306,16814
47,185,"White County, Tennessee",0.8001,0.2005,0.1247,41998,26800
47,163,"Sullivan County, Tennessee",0.7184,0.2149,0.1264,46684,157050
47,107,"McMinn County, Tennessee",0.7346,0.1937,0.2006,43285,53053
47,117,"Marshall County, Tennessee",0.7175,0.1572,0.2710,53197,32965
47,143,"Rhea County, Tennessee",0.7122,0.1798,0.1772,42206,32719
47,151,"Scott County, Tennessee",0.6996,0.1654,0.0561,38864,21969
47,001,"Anderson County, Tennessee",0.6793,0.1970,0.2027,50392,76061
47,049,"Fentress County, Tennessee",0.7513,0.2104,0.0680,36520,18213
47,053,"Gibson County, Tennessee",0.6826,0.1769,0.3815,43171,49228
47,069,"Hardeman County, Tennessee",0.7122,0.1789,0.5309,40304,25443
47,105,"Loudon County, Tennessee",0.7778,0.2583,0.2228,58065,52340
47,149,"Rutherford County, Tennessee",0.6524,0.1020,0.4695,67429,315815
47,159,"Smith County, Tennessee",0.7389,0.1636,0.1409,48068,19740
47,189,"Wilson County, Tennessee",0.7683,0.1542,0.2705,75991,136666
47,171,"Unicoi County, Tennessee",0.7192,0.2318,0.1299,41890,17811
47,177,"Warren County, Tennessee",0.6947,0.1718,0.2637,41125,40702
47,179,"Washington County, Tennessee",0.6439,0.1786,0.2110,48334,127805
47,183,"Weakley County, Tennessee",0.6528,0.1802,0.2388,39937,33510
47,005,"Benton County, Tennessee",0.7711,0.2385,0.1383,37512,16140
47,007,"Bledsoe County, Tennessee",0.7380,0.1790,0.2210,44122,14836
47,013,"Campbell County, Tennessee",0.6810,0.2043,0.0720,39803,39797
47,015,"Cannon County, Tennessee",0.7476,0.1835,0.1130,55330,14178
47,083,"Houston County, Tennessee",0.7648,0.2092,0.1502,42711,8164
47,119,"Maury County, Tennessee",0.6987,0.1553,0.3541,57170,91976
47,031,"Coffee County, Tennessee",0.6813,0.1717,0.2149,50351,55209
47,047,"Fayette County, Tennessee",0.7992,0.2074,0.4619,60711,40164
47,067,"Hancock County, Tennessee",0.7965,0.2053,0.0642,30136,6587
47,073,"Hawkins County, Tennessee",0.7352,0.2055,0.0958,41924,56611
47,091,"Johnson County, Tennessee",0.7560,0.2237,0.1462,36004,17753
47,103,"Lincoln County, Tennessee",0.7507,0.1887,0.2394,49485,33924
47,111,"Macon County, Tennessee",0.7438,0.1565,0.1528,37430,23842
47,127,"Moore County, Tennessee",0.8480,0.2049,0.1411,57708,6378
47,147,"Robertson County, Tennessee",0.7398,0.1450,0.2963,63307,70280
47,051,"Franklin County, Tennessee",0.7448,0.1945,0.2146,51585,41725
47,009,"Blount County, Tennessee",0.7542,0.1999,0.1705,56667,129927
47,021,"Cheatham County, Tennessee",0.7696,0.1460,0.1418,61913,40181
47,019,"Carter County, Tennessee",0.7080,0.2118,0.1007,38092,56433
47,057,"Grainger County, Tennessee",0.7910,0.2015,0.1158,44064,23101
47,055,"Giles County, Tennessee",0.6960,0.1984,0.2811,49614,29285
47,097,"Lauderdale County, Tennessee",0.5610,0.1528,0.5171,39896,25989
47,099,"Lawrence County, Tennessee",0.7534,0.1764,0.1291,43614,43390
47,113,"Madison County, Tennessee",0.6233,0.1639,0.5503,48161,97625
47,115,"Marion County, Tennessee",0.7495,0.1955,0.1566,49432,28538
47,133,"Overton County, Tennessee",0.7975,0.2009,0.0760,37197,22068
47,137,"Pickett County, Tennessee",0.8172,0.2688,0.0118,39554,5079
47,181,"Wayne County, Tennessee",0.7743,0.1869,0.1901,41427,16693
47,187,"Williamson County, Tennessee",0.8055,0.1273,0.2783,112962,225389
47,003,"Bedford County, Tennessee",0.6855,0.1503,0.3878,50415,48292
47,059,"Greene County, Tennessee",0.7399,0.2116,0.1327,42595,68834
47,035,"Cumberland County, Tennessee",0.7756,0.3023,0.1072,45958,59216
47,175,"Van Buren County, Tennessee",0.8146,0.2250,0.0828,42724,5760
47,025,"Claiborne County, Tennessee",0.7086,0.1939,0.0932,36835,31732
47,081,"Hickman County, Tennessee",0.8031,0.1683,0.1793,43596,24813
47,085,"Humphreys County, Tennessee",0.7779,0.1929,0.1434,45667,18435
47,141,"Putnam County, Tennessee",0.6147,0.1657,0.2132,44259,77447
47,155,"Sevier County, Tennessee",0.6938,0.1925,0.1860,49610,97068
47,161,"Stewart County, Tennessee",0.7501,0.1960,0.1552,45809,13427
47,023,"Chester County, Tennessee",0.7710,0.1691,0.2603,51946,17190
47,039,"Decatur County, Tennessee",0.8099,0.2344,0.1614,42031,11686
47,087,"Jackson County, Tennessee",0.7707,0.2196,0.0905,35207,11682
47,109,"McNairy County, Tennessee",0.7270,0.2062,0.1894,39161,25844
47,145,"Roane County, Tennessee",0.7724,0.2222,0.1385,53367,53075
47,011,"Bradley County, Tennessee",0.6554,0.1682,0.2624,51331,105749
47,063,"Hamblen County, Tennessee",0.6685,0.1788,0.3206,43619,64132
47,173,"Union County, Tennessee",0.7541,0.1814,0.0733,44671,19488
47,071,"Hardin County, Tennessee",0.7250,0.2244,0.1551,40682,25715
47,043,"Dickson County, Tennessee",0.7507,0.1552,0.1959,53076,52680
47,129,"Morgan County, Tennessee",0.8161,0.1744,0.1491,41333,21545
47,123,"Monroe County, Tennessee",0.7671,0.2067,0.1682,42429,46064
47,079,"Henry County, Tennessee",0.7624,0.2276,0.2302,40502,32284
47,033,"Crockett County, Tennessee",0.7157,0.1863,0.4249,44717,14399
47,095,"Lake County, Tennessee",0.5470,0.1546,0.4738,35191,7401
47,093,"Knox County, Tennessee",0.6427,0.1544,0.3128,57470,461104
48,407,"San Jacinto County, Texas",0.8063,0.2210,0.4162,41614,28180
48,459,"Upshur County, Texas",0.7879,0.1792,0.3392,52162,41018
48,473,"Waller County, Texas",0.6833,0.1160,0.6643,59642,51832
48,493,"Wilson County, Texas",0.8438,0.1537,0.5168,76692,49173
48,219,"Hockley County, Texas",0.7053,0.1426,0.5500,48248,23064
48,329,"Midland County, Texas",0.6692,0.1026,0.5892,79421,168167
48,299,"Llano County, Texas",0.7807,0.3638,0.2416,53411,21047
48,147,"Fannin County, Texas",0.7321,0.1853,0.3620,54648,34537
48,041,"Brazos County, Texas",0.4713,0.0887,0.6086,49181,222981
48,165,"Gaines County, Texas",0.7731,0.0879,0.5193,63054,20706
48,179,"Gray County, Texas",0.7354,0.1582,0.5124,47952,22410
48,237,"Jack County, Texas",0.8128,0.1706,0.3738,52045,8852
48,035,"Bosque County, Texas",0.7737,0.2462,0.3601,52148,18296
48,029,"Bexar County, Texas",0.5853,0.1185,0.5545,57157,1952843
48,023,"Baylor County, Texas",0.7235,0.2424,0.2414,40739,3577
48,121,"Denton County, Texas",0.6507,0.0985,0.5940,86913,833822
48,167,"Galveston County, Texas",0.6752,0.1395,0.5934,73330,332885
48,393,"Roberts County, Texas",0.7973,0.2559,0.2784,68750,805
48,463,"Uvalde County, Texas",0.7332,0.1669,0.4171,41679,26920
48,037,"Bowie County, Texas",0.6346,0.1635,0.5267,50164,93373
48,263,"Kent County, Texas",0.6960,0.2813,0.2782,44688,647
48,425,"Somervell County, Texas",0.8031,0.1833,0.3393,60632,8860
48,199,"Hardin County, Texas",0.8122,0.1647,0.2453,60339,56765
48,289,"Leon County, Texas",0.7737,0.2424,0.3944,43045,17225
48,351,"Newton County, Texas",0.8461,0.2012,0.4172,40101,13914
48,389,"Reeves County, Texas",0.7246,0.1266,0.3921,53311,15492
48,453,"Travis County, Texas",0.5236,0.0949,0.6346,75887,1226805
48,087,"Collingsworth County, Texas",0.7527,0.1698,0.5485,39120,2969
48,143,"Erath County, Texas",0.6343,0.1404,0.3989,52742,41841
48,345,"Motley County, Texas",0.6830,0.3139,0.4051,43859,1252
48,083,"Coleman County, Texas",0.7458,0.2471,0.3775,46743,8334
48,325,"Medina County, Texas",0.8040,0.1652,0.5393,62599,50057
48,213,"Henderson County, Texas",0.7521,0.2198,0.3680,47355,81070
48,277,"Lamar County, Texas",0.6447,0.1891,0.4219,45117,49611
48,267,"Kimble County, Texas",0.7622,0.2897,0.3796,43328,4373
48,477,"Washington County, Texas",0.7412,0.2098,0.5370,54971,35163
48,429,"Stephens County, Texas",0.8208,0.1949,0.4370,46232,9364
48,003,"Andrews County, Texas",0.7411,0.1004,0.5211,76158,18036
48,177,"Gonzales County, Texas",0.6730,0.1637,0.5648,53577,20731
48,305,"Lynn County, Texas",0.6829,0.1693,0.5335,43382,5830
48,505,"Zapata County, Texas",0.7475,0.1381,0.1069,33952,14304
48,221,"Hood County, Texas",0.7735,0.2469,0.2748,64041,58318
48,269,"King County, Texas",0.3377,0.1055,0.4416,52083,237
48,073,"Cherokee County, Texas",0.7186,0.1705,0.5595,48186,52118
48,119,"Delta County, Texas",0.7819,0.2012,0.3336,51038,5249
48,253,"Jones County, Texas",0.7460,0.1522,0.6098,50344,19943
48,249,"Jim Wells County, Texas",0.7061,0.1492,0.3231,41505,40972
48,111,"Dallam County, Texas",0.6442,0.1073,0.5428,58811,7304
48,157,"Fort Bend County, Texas",0.7717,0.1063,0.7494,97743,765394
48,235,"Irion County, Texas",0.7757,0.1685,0.4447,47500,1620
48,489,"Willacy County, Texas",0.7053,0.1368,0.2095,35521,21588
48,115,"Dawson County, Texas",0.6930,0.1466,0.5529,43239,12813
48,051,"Burleson County, Texas",0.7816,0.2043,0.5208,57731,18058
48,355,"Nueces County, Texas",0.5795,0.1407,0.5050,55919,361540
48,379,"Rains County, Texas",0.7774,0.2459,0.2620,51579,11766
48,385,"Real County, Texas",0.7647,0.2861,0.3967,35862,3408
48,431,"Sterling County, Texas",0.8559,0.1267,0.5083,59868,1231
48,065,"Carson County, Texas",0.8103,0.1827,0.2542,74872,6009
48,161,"Freestone County, Texas",0.7745,0.1961,0.5091,49471,19714
48,197,"Hardeman County, Texas",0.6792,0.2142,0.4454,41859,3945
48,045,"Briscoe County, Texas",0.6927,0.2553,0.5336,40227,1457
48,291,"Liberty County, Texas",0.7555,0.1299,0.5277,51494,83702
48,301,"Loving County, Texas",0.6333,0.2551,0.2668,83750,98
48,395,"Robertson County, Texas",0.7607,0.1901,0.5877,52928,16990
48,401,"Rusk County, Texas",0.7785,0.1643,0.5367,55234,53755
48,455,"Trinity County, Texas",0.7738,0.2622,0.3657,41357,14620
48,019,"Bandera County, Texas",0.8502,0.2644,0.3584,58661,22215
48,075,"Childress County, Texas",0.5987,0.1384,0.5552,43181,7253
48,091,"Comal County, Texas",0.7488,0.1793,0.4684,79936,141642
48,225,"Houston County, Texas",0.6997,0.2132,0.5431,37904,22954
48,349,"Navarro County, Texas",0.6891,0.1680,0.5952,48529,48995
48,415,"Scurry County, Texas",0.7519,0.1508,0.5560,54326,17096
48,433,"Stonewall County, Texas",0.7552,0.2033,0.3785,51250,1476
48,021,"Bastrop County, Texas",0.7767,0.1456,0.5787,64597,84522
48,025,"Bee County, Texas",0.6270,0.1197,0.5498,44578,32611
48,103,"Crane County, Texas",0.8564,0.1362,0.4878,65969,4802
48,373,"Polk County, Texas",0.7603,0.1848,0.4636,49279,48913
48,391,"Refugio County, Texas",0.7275,0.2164,0.5679,50076,7145
48,467,"Van Zandt County, Texas",0.7800,0.2005,0.2861,54654,55103
48,055,"Caldwell County, Texas",0.6739,0.1369,0.5668,54152,42144
48,487,"Wilbarger County, Texas",0.6073,0.1845,0.5675,45302,12833
48,317,"Martin County, Texas",0.7385,0.1209,0.5068,66610,5649
48,501,"Yoakum County, Texas",0.7803,0.1148,0.4573,70005,8631
48,189,"Hale County, Texas",0.6229,0.1325,0.5297,48384,33826
48,419,"Shelby County, Texas",0.7365,0.1738,0.5512,42522,25349
48,387,"Red River County, Texas",0.7657,0.2444,0.4274,39142,12171
48,399,"Runnels County, Texas",0.7115,0.2064,0.5044,44940,10277
48,435,"Sutton County, Texas",0.6919,0.1807,0.4529,54306,3824
48,451,"Tom Green County, Texas",0.6349,0.1512,0.5551,53903,117986
48,469,"Victoria County, Texas",0.6618,0.1581,0.5772,56834,92109
48,481,"Wharton County, Texas",0.6696,0.1664,0.6127,48310,41577
48,485,"Wichita County, Texas",0.6031,0.1447,0.5255,48650,131596
48,033,"Borden County, Texas",0.7577,0.2724,0.2775,72188,613
48,315,"Marion County, Texas",0.7731,0.2588,0.4435,37662,10017
48,323,"Maverick County, Texas",0.6571,0.1152,0.0933,39625,58174
48,181,"Grayson County, Texas",0.6760,0.1751,0.4084,54815,131014
48,297,"Live Oak County, Texas",0.8196,0.2028,0.5252,53848,12139
48,363,"Palo Pinto County, Texas",0.7271,0.1944,0.3962,50154,28540
48,255,"Karnes County, Texas",0.7450,0.1402,0.5675,56127,15545
48,123,"DeWitt County, Texas",0.7277,0.1939,0.5662,55357,20340
48,059,"Callahan County, Texas",0.8209,0.2055,0.2502,48651,13856
48,067,"Cass County, Texas",0.7934,0.2191,0.3862,44848,30059
48,183,"Gregg County, Texas",0.5914,0.1508,0.5942,50180,123443
48,313,"Madison County, Texas",0.7416,0.1518,0.6157,52664,14197
48,303,"Lubbock County, Texas",0.5522,0.1218,0.5832,52429,304808
48,257,"Kaufman County, Texas",0.7661,0.1178,0.5343,70107,123804
48,259,"Kendall County, Texas",0.7411,0.1889,0.4190,84747,43769
48,153,"Floyd County, Texas",0.7486,0.1863,0.5192,50580,5803
48,017,"Bailey County, Texas",0.7459,0.1387,0.4879,52273,7100
48,071,"Chambers County, Texas",0.8294,0.1088,0.4953,91141,41305
48,027,"Bell County, Texas",0.5431,0.1056,0.6792,54884,348574
48,061,"Cameron County, Texas",0.6589,0.1315,0.1880,38758,421666
48,117,"Deaf Smith County, Texas",0.6404,0.1247,0.4083,49701,18736
48,141,"El Paso County, Texas",0.6113,0.1191,0.3028,46871,836062
48,283,"La Salle County, Texas",0.6871,0.1703,0.2751,50151,7416
48,443,"Terrell County, Texas",0.9306,0.3270,0.5224,43208,896
48,457,"Tyler County, Texas",0.8396,0.2158,0.3578,44497,21518
48,483,"Wheeler County, Texas",0.6661,0.1918,0.4620,49315,5338
48,009,"Archer County, Texas",0.8366,0.1953,0.2121,63835,8716
48,043,"Brewster County, Texas",0.5780,0.2245,0.5454,47080,9231
48,215,"Hidalgo County, Texas",0.6804,0.1084,0.1464,40014,855176
48,423,"Smith County, Texas",0.6641,0.1620,0.5749,56810,227449
48,105,"Crockett County, Texas",0.7393,0.1495,0.4769,47386,3484
48,207,"Haskell County, Texas",0.7558,0.2204,0.4982,40313,5726
48,227,"Howard County, Texas",0.6539,0.1288,0.5790,54208,36349
48,333,"Mills County, Texas",0.8508,0.3076,0.3442,49306,4889
48,337,"Montague County, Texas",0.7240,0.2237,0.2512,51765,19489
48,365,"Panola County, Texas",0.7672,0.1867,0.4269,52982,23327
48,403,"Sabine County, Texas",0.8824,0.3048,0.2614,34992,10471
48,421,"Sherman County, Texas",0.7262,0.1334,0.5153,51926,3059
48,437,"Swisher County, Texas",0.7098,0.1837,0.5881,39771,7432
48,231,"Hunt County, Texas",0.6888,0.1581,0.4531,54959,94162
48,063,"Camp County, Texas",0.7242,0.1847,0.6006,48207,12878
48,195,"Hansford County, Texas",0.7046,0.1542,0.5031,38000,5520
48,187,"Guadalupe County, Texas",0.7669,0.1363,0.5960,74496,158966
48,077,"Clay County, Texas",0.8436,0.2281,0.1894,55989,10403
48,205,"Hartley County, Texas",0.6269,0.1503,0.5612,58298,5669
48,383,"Reagan County, Texas",0.6744,0.0818,0.4376,74868,3766
48,217,"Hill County, Texas",0.7258,0.2054,0.4547,53307,35689
48,293,"Limestone County, Texas",0.7406,0.1874,0.5792,44418,23417
48,347,"Nacogdoches County, Texas",0.5657,0.1421,0.5775,44847,65339
48,369,"Parmer County, Texas",0.6694,0.1350,0.4828,55359,9718
48,367,"Parker County, Texas",0.7884,0.1533,0.2874,77503,133811
48,377,"Presidio County, Texas",0.5785,0.2413,0.2814,25098,6975
48,465,"Val Verde County, Texas",0.6351,0.1415,0.3048,46147,48969
48,109,"Culberson County, Texas",0.6672,0.1477,0.4299,37900,2214
48,135,"Ector County, Texas",0.6489,0.0949,0.5252,62973,160579
48,169,"Garza County, Texas",0.7051,0.1374,0.5664,49627,6070
48,173,"Glasscock County, Texas",0.6576,0.0987,0.4922,78456,1510
48,185,"Grimes County, Texas",0.7648,0.1694,0.5767,52913,27984
48,085,"Collin County, Texas",0.6502,0.1068,0.6193,96913,973977
48,005,"Angelina County, Texas",0.6615,0.1586,0.5633,50453,87322
48,101,"Cottle County, Texas",0.5615,0.2077,0.6462,32305,1642
48,209,"Hays County, Texas",0.6228,0.1069,0.5572,68717,213366
48,039,"Brazoria County, Texas",0.7212,0.1157,0.6600,81447,360677
48,129,"Donley County, Texas",0.7026,0.2322,0.3306,42961,3342
48,013,"Atascosa County, Texas",0.7533,0.1433,0.4752,55366,49528
48,353,"Nolan County, Texas",0.6723,0.1765,0.5465,45537,14904
48,229,"Hudspeth County, Texas",0.7188,0.1529,0.3636,31677,4415
48,475,"Ward County, Texas",0.7154,0.1378,0.5501,62986,11658
48,203,"Harrison County, Texas",0.7230,0.1647,0.5354,52220,66580
48,327,"Menard County, Texas",0.6913,0.3143,0.5244,36395,2119
48,149,"Fayette County, Texas",0.8166,0.2461,0.4443,60189,25141
48,491,"Williamson County, Texas",0.6839,0.1182,0.5782,87337,547604
48,233,"Hutchinson County, Texas",0.8033,0.1626,0.4485,52524,21344
48,343,"Morris County, Texas",0.7297,0.2147,0.5216,41359,12373
48,361,"Orange County, Texas",0.7530,0.1559,0.3355,59399,84069
48,495,"Winkler County, Texas",0.7961,0.1152,0.5042,60366,7867
48,201,"Harris County, Texas",0.5460,0.1016,0.6884,61705,4646630
48,053,"Burnet County, Texas",0.7719,0.2193,0.4083,59492,46530
48,171,"Gillespie County, Texas",0.7244,0.2932,0.3879,59155,26459
48,113,"Dallas County, Texas",0.5001,0.1046,0.6998,59607,2606868
48,311,"McMullen County, Texas",0.7593,0.1835,0.5114,62000,774
48,503,"Young County, Texas",0.7556,0.2041,0.3576,50635,18036
48,251,"Johnson County, Texas",0.7334,0.1384,0.4343,64359,167212
48,223,"Hopkins County, Texas",0.6960,0.1827,0.4291,52078,36486
48,357,"Ochiltree County, Texas",0.7339,0.1050,0.5201,50464,10131
48,275,"Knox County, Texas",0.8291,0.1833,0.5406,48798,3705
48,309,"McLennan County, Texas",0.5923,0.1414,0.5969,49778,251089
48,095,"Concho County, Texas",0.7522,0.1996,0.5169,47500,3266
48,137,"Edwards County, Texas",0.8555,0.3055,0.4921,40766,1918
48,133,"Eastland County, Texas",0.7660,0.2239,0.3432,37276,18273
48,243,"Jeff Davis County, Texas",0.8159,0.3405,0.5004,53088,2241
48,247,"Jim Hogg County, Texas",0.7165,0.1422,0.1591,33382,5231
48,339,"Montgomery County, Texas",0.7105,0.1282,0.5022,80902,571949
48,127,"Dimmit County, Texas",0.6623,0.1689,0.2324,27161,10438
48,479,"Webb County, Texas",0.6219,0.0919,0.0873,46475,273526
48,011,"Armstrong County, Texas",0.8804,0.2154,0.1950,72500,1973
48,069,"Castro County, Texas",0.6445,0.1517,0.4800,50142,7673
48,273,"Kleberg County, Texas",0.5277,0.1301,0.4264,43730,30974
48,097,"Cooke County, Texas",0.6932,0.1815,0.3978,60202,40041
48,107,"Crosby County, Texas",0.7530,0.1816,0.5300,40759,5836
48,151,"Fisher County, Texas",0.7364,0.2282,0.5101,46146,3856
48,131,"Duval County, Texas",0.6545,0.1755,0.1931,41186,11268
48,031,"Blanco County, Texas",0.7859,0.2504,0.3690,66390,11478
48,241,"Jasper County, Texas",0.7757,0.1936,0.4125,44370,35506
48,245,"Jefferson County, Texas",0.6107,0.1421,0.6788,51248,254340
48,271,"Kinney County, Texas",0.7659,0.2471,0.4839,26738,3659
48,359,"Oldham County, Texas",0.7845,0.1476,0.3799,64545,2094
48,279,"Lamb County, Texas",0.7149,0.1653,0.5356,45111,13123
48,295,"Lipscomb County, Texas",0.7383,0.1710,0.5052,59091,3398
48,307,"McCulloch County, Texas",0.7222,0.2183,0.5265,47707,8057
48,319,"Mason County, Texas",0.7064,0.2439,0.3998,42276,4186
48,125,"Dickens County, Texas",0.7669,0.2379,0.4614,42540,2203
48,287,"Lee County, Texas",0.8055,0.1884,0.5302,54744,17058
48,439,"Tarrant County, Texas",0.6052,0.1101,0.6689,67700,2049770
48,001,"Anderson County, Texas",0.6959,0.1432,0.5768,43455,57810
48,139,"Ellis County, Texas",0.7437,0.1262,0.5509,76871,173772
48,239,"Jackson County, Texas",0.6960,0.1739,0.5440,62806,14816
48,265,"Kerr County, Texas",0.7072,0.2705,0.4545,55990,51843
48,331,"Milam County, Texas",0.7142,0.2034,0.5325,47902,24770
48,093,"Comanche County, Texas",0.7999,0.2400,0.4393,53516,13529
48,145,"Falls County, Texas",0.7240,0.1792,0.6255,39497,17272
48,047,"Brooks County, Texas",0.6132,0.1458,0.1293,28333,7141
48,015,"Austin County, Texas",0.7621,0.1874,0.5330,66206,29764
48,261,"Kenedy County, Texas",0.2335,0.2535,0.1001,38021,568
48,089,"Colorado County, Texas",0.8244,0.2165,0.5825,52559,21224
48,409,"San Patricio County, Texas",0.6832,0.1461,0.5181,56556,67008
48,381,"Randall County, Texas",0.7082,0.1467,0.4383,68261,134026
48,411,"San Saba County, Texas",0.6844,0.2307,0.4954,45083,5991
48,413,"Schleicher County, Texas",0.7888,0.1877,0.5066,53229,2983
48,507,"Zavala County, Texas",0.7197,0.1383,0.1157,34459,12039
48,057,"Calhoun County, Texas",0.7278,0.1739,0.5789,58776,21668
48,155,"Foard County, Texas",0.8311,0.2706,0.4292,43625,1275
48,175,"Goliad County, Texas",0.8001,0.2200,0.5295,60690,7565
48,193,"Hamilton County, Texas",0.8187,0.2451,0.2767,50825,8332
48,335,"Mitchell County, Texas",0.7897,0.1544,0.6026,51492,8523
48,449,"Titus County, Texas",0.6698,0.1397,0.6023,50196,32640
48,285,"Lavaca County, Texas",0.7425,0.2329,0.4200,54403,20021
48,445,"Terry County, Texas",0.6964,0.1508,0.5393,44627,12528
48,497,"Wise County, Texas",0.7794,0.1486,0.3729,64536,66290
48,321,"Matagorda County, Texas",0.7067,0.1634,0.6181,48913,36774
48,371,"Pecos County, Texas",0.7223,0.1272,0.4619,52397,15815
48,397,"Rockwall County, Texas",0.8179,0.1210,0.4620,100920,97175
48,441,"Taylor County, Texas",0.5836,0.1423,0.5309,53143,136870
48,447,"Throckmorton County, Texas",0.7290,0.2799,0.2629,40000,1436
48,471,"Walker County, Texas",0.5140,0.1270,0.5963,43742,72321
48,499,"Wood County, Texas",0.8021,0.2673,0.3072,53394,44366
48,007,"Aransas County, Texas",0.8019,0.2743,0.4694,45137,24462
48,079,"Cochran County, Texas",0.7836,0.1576,0.5236,40962,2887
48,081,"Coke County, Texas",0.7415,0.2849,0.3727,45000,3303
48,099,"Coryell County, Texas",0.5793,0.0984,0.5987,52893,75280
48,211,"Hemphill County, Texas",0.7126,0.1319,0.4807,70625,3994
48,341,"Moore County, Texas",0.6584,0.1067,0.5745,54871,21399
48,375,"Potter County, Texas",0.5517,0.1219,0.6458,42528,119674
48,405,"San Augustine County, Texas",0.7748,0.2636,0.4713,40353,8286
48,417,"Shackelford County, Texas",0.7957,0.1917,0.2561,46935,3296
48,427,"Starr County, Texas",0.7512,0.1123,0.0164,30387,64078
48,461,"Upton County, Texas",0.7305,0.1670,0.5546,52171,3659
48,049,"Brown County, Texas",0.7246,0.1952,0.4358,48365,37855
48,191,"Hall County, Texas",0.6527,0.2234,0.5650,34673,3048
48,159,"Franklin County, Texas",0.7871,0.2169,0.3577,53783,10716
48,163,"Frio County, Texas",0.6904,0.1242,0.3440,46729,19871
48,281,"Lampasas County, Texas",0.7735,0.1876,0.4328,60772,20862
49,049,"Utah County, Utah",0.6765,0.0756,0.3066,74665,605490
49,013,"Duchesne County, Utah",0.7515,0.1139,0.2645,63224,20148
49,047,"Uintah County, Utah",0.7591,0.1018,0.3183,65264,36084
49,011,"Davis County, Utah",0.7701,0.0976,0.2861,83310,345767
49,015,"Emery County, Utah",0.7689,0.1642,0.1665,55554,10117
49,017,"Garfield County, Utah",0.7949,0.2177,0.2060,54565,4998
49,027,"Millard County, Utah",0.7450,0.1671,0.2935,62242,12854
49,045,"Tooele County, Utah",0.8095,0.0887,0.2924,74562,67397
49,053,"Washington County, Utah",0.7040,0.2089,0.2767,59839,165811
49,025,"Kane County, Utah",0.7741,0.2253,0.1643,47044,7484
49,043,"Summit County, Utah",0.7738,0.1181,0.2753,102958,41103
49,019,"Grand County, Utah",0.6514,0.1768,0.3076,51557,9640
49,031,"Piute County, Utah",0.8365,0.2460,0.0636,42813,1866
49,033,"Rich County, Utah",0.7165,0.2114,0.1914,57902,2389
49,051,"Wasatch County, Utah",0.7297,0.1105,0.2835,85166,31708
49,001,"Beaver County, Utah",0.7415,0.1416,0.2733,55221,6517
49,003,"Box Elder County, Utah",0.7778,0.1268,0.2337,62233,53946
49,021,"Iron County, Utah",0.6397,0.1255,0.2536,51807,51213
49,039,"Sanpete County, Utah",0.7770,0.1366,0.2512,53838,29850
49,041,"Sevier County, Utah",0.7814,0.1599,0.1558,54799,21280
49,057,"Weber County, Utah",0.7341,0.1142,0.3865,67244,251498
49,037,"San Juan County, Utah",0.8063,0.1372,0.5563,45394,15302
49,035,"Salt Lake County, Utah",0.6711,0.1056,0.4573,74865,1133646
49,009,"Daggett County, Utah",0.8712,0.1256,0.0511,75417,613
49,055,"Wayne County, Utah",0.7390,0.2053,0.1721,44245,2689
49,007,"Carbon County, Utah",0.7374,0.1679,0.2511,51158,20308
49,029,"Morgan County, Utah",0.8532,0.1140,0.0972,91341,11664
49,005,"Cache County, Utah",0.6298,0.0913,0.2877,59038,124165
49,023,"Juab County, Utah",0.7855,0.1169,0.1579,61463,11301
50,021,"Rutland County, Vermont",0.7143,0.2131,0.0913,56139,58892
50,017,"Orange County, Vermont",0.8048,0.2050,0.0860,60925,28908
50,027,"Windsor County, Vermont",0.7378,0.2272,0.1034,60987,55275
50,019,"Orleans County, Vermont",0.7818,0.2211,0.0952,49168,26901
50,013,"Grand Isle County, Vermont",0.8403,0.1995,0.1367,71587,7022
50,007,"Chittenden County, Vermont",0.6237,0.1464,0.2131,73647,162646
50,015,"Lamoille County, Vermont",0.7316,0.1673,0.1057,64003,25318
50,011,"Franklin County, Vermont",0.7541,0.1556,0.1172,65485,49116
50,005,"Caledonia County, Vermont",0.7307,0.2002,0.0996,50563,30234
50,025,"Windham County, Vermont",0.6726,0.2190,0.1321,51985,42823
50,003,"Bennington County, Vermont",0.7403,0.2251,0.1131,56183,35746
50,001,"Addison County, Vermont",0.7600,0.1918,0.1421,68825,36882
50,009,"Essex County, Vermont",0.8124,0.2527,0.0901,44349,6200
50,023,"Washington County, Vermont",0.7044,0.1899,0.1119,62791,58350
51,181,"Surry County, Virginia",0.7429,0.2166,0.5254,57962,6523
51,043,"Clarke County, Virginia",0.7500,0.2073,0.2517,80026,14423
51,117,"Mecklenburg County, Virginia",0.7106,0.2513,0.5137,43207,30728
51,015,"Augusta County, Virginia",0.7932,0.2047,0.1739,62711,75079
51,075,"Goochland County, Virginia",0.8488,0.2161,0.3690,93994,22865
51,113,"Madison County, Virginia",0.7446,0.2163,0.2746,57895,13170
51,161,"Roanoke County, Virginia",0.7480,0.2115,0.2579,68948,93823
51,025,"Brunswick County, Virginia",0.7070,0.2090,0.5397,44434,16520
51,131,"Northampton County, Virginia",0.6519,0.2602,0.5878,47227,11885
51,163,"Rockbridge County, Virginia",0.7524,0.2549,0.1484,54600,22570
51,720,"Norton city, Virginia",0.5006,0.1640,0.2113,29000,3970
51,570,"Colonial Heights city, Virginia",0.6291,0.2037,0.4495,54550,17428
51,021,"Bland County, Virginia",0.8141,0.2251,0.1173,48531,6388
51,023,"Botetourt County, Virginia",0.8630,0.2190,0.1357,71110,33343
51,520,"Bristol city, Virginia",0.6039,0.2044,0.2179,37500,16912
51,830,"Williamsburg city, Virginia",0.4930,0.1569,0.5082,57463,14927
51,035,"Carroll County, Virginia",0.7829,0.2379,0.1054,44835,29801
51,191,"Washington County, Virginia",0.7518,0.2220,0.0906,48495,54071
51,139,"Page County, Virginia",0.7107,0.2088,0.1141,51792,23788
51,510,"Alexandria city, Virginia",0.4328,0.1127,0.6524,100939,157613
51,650,"Hampton city, Virginia",0.5573,0.1497,0.6064,56287,135041
51,013,"Arlington County, Virginia",0.4275,0.1048,0.5778,120071,233464
51,027,"Buchanan County, Virginia",0.7731,0.2143,0.0994,31956,21788
51,179,"Stafford County, Virginia",0.7738,0.1012,0.5710,111108,146773
51,760,"Richmond city, Virginia",0.4263,0.1283,0.6101,47250,226622
51,057,"Essex County, Virginia",0.6709,0.2221,0.5434,51954,10998
51,185,"Tazewell County, Virginia",0.7453,0.2148,0.1163,42099,41603
51,685,"Manassas Park city, Virginia",0.6591,0.0846,0.7029,88046,16986
51,183,"Sussex County, Virginia",0.6916,0.1731,0.5499,49487,11377
51,683,"Manassas city, Virginia",0.6613,0.0972,0.6772,81493,41174
51,775,"Salem city, Virginia",0.6358,0.1897,0.2659,57165,25317
51,037,"Charlotte County, Virginia",0.7127,0.2188,0.4602,40573,12040
51,081,"Greensville County, Virginia",0.7329,0.1484,0.5220,50300,11525
51,093,"Isle of Wight County, Virginia",0.7579,0.1860,0.4493,73991,36627
51,620,"Franklin city, Virginia",0.5156,0.1928,0.5409,40417,8147
51,678,"Lexington city, Virginia",0.5241,0.1558,0.3609,42632,7241
51,089,"Henry County, Virginia",0.7193,0.2359,0.4596,37952,51308
51,101,"King William County, Virginia",0.8736,0.1568,0.3829,66987,16688
51,109,"Louisa County, Virginia",0.8004,0.1957,0.3670,60975,36040
51,147,"Prince Edward County, Virginia",0.6437,0.1608,0.5252,47202,22905
51,165,"Rockingham County, Virginia",0.7447,0.1882,0.2080,61864,80284
51,095,"James City County, Virginia",0.7639,0.2456,0.4070,87678,74916
51,167,"Russell County, Virginia",0.7614,0.2067,0.0644,39758,27141
51,173,"Smyth County, Virginia",0.7150,0.2135,0.1130,40932,30767
51,540,"Charlottesville city, Virginia",0.4285,0.1131,0.5240,59471,47096
51,031,"Campbell County, Virginia",0.7473,0.1957,0.3457,49664,55225
51,087,"Henrico County, Virginia",0.6265,0.1499,0.6202,70307,327535
51,099,"King George County, Virginia",0.7875,0.1279,0.4301,94274,26229
51,103,"Lancaster County, Virginia",0.7586,0.3617,0.4495,53711,10724
51,105,"Lee County, Virginia",0.7079,0.2077,0.1350,32888,23948
51,115,"Mathews County, Virginia",0.8497,0.3119,0.2564,64237,8788
51,119,"Middlesex County, Virginia",0.7867,0.3107,0.3740,57438,10675
51,149,"Prince George County, Virginia",0.6756,0.1344,0.5939,71912,38114
51,159,"Richmond County, Virginia",0.6993,0.2117,0.5549,49517,8884
51,169,"Scott County, Virginia",0.7736,0.2354,0.0660,39820,21902
51,177,"Spotsylvania County, Virginia",0.7809,0.1375,0.4999,88628,132833
51,011,"Appomattox County, Virginia",0.7777,0.2026,0.3718,58696,15707
51,067,"Franklin County, Virginia",0.8174,0.2278,0.2329,56254,56187
51,097,"King and Queen County, Virginia",0.8352,0.2312,0.4908,63982,7042
51,121,"Montgomery County, Virginia",0.5537,0.1220,0.2987,57977,98140
51,127,"New Kent County, Virginia",0.8650,0.1653,0.3590,87904,21686
51,049,"Cumberland County, Virginia",0.7386,0.2190,0.5066,47469,9824
51,051,"Dickenson County, Virginia",0.7570,0.2142,0.0474,29932,14756
51,083,"Halifax County, Virginia",0.7412,0.2343,0.5225,42669,34552
51,107,"Loudoun County, Virginia",0.7805,0.0901,0.6252,142299,395134
51,153,"Prince William County, Virginia",0.7328,0.0954,0.7097,107132,461423
51,175,"Southampton County, Virginia",0.7482,0.1942,0.5228,61348,17880
51,091,"Highland County, Virginia",0.8293,0.3888,0.0135,48587,2204
51,033,"Caroline County, Virginia",0.7920,0.1599,0.5244,65103,30381
51,073,"Gloucester County, Virginia",0.7824,0.1859,0.2704,70537,37222
51,141,"Patrick County, Virginia",0.7897,0.2616,0.1907,43073,17748
51,145,"Powhatan County, Virginia",0.9014,0.1771,0.2541,89090,28815
51,171,"Shenandoah County, Virginia",0.7093,0.2119,0.2262,57252,43224
51,061,"Fauquier County, Virginia",0.7829,0.1618,0.3474,100783,69728
51,790,"Staunton city, Virginia",0.5730,0.2098,0.3285,52611,24432
51,065,"Fluvanna County, Virginia",0.8497,0.1941,0.3663,76873,26594
51,750,"Radford city, Virginia",0.4658,0.0866,0.2950,36297,17691
51,840,"Winchester city, Virginia",0.4425,0.1593,0.5202,58818,27897
51,001,"Accomack County, Virginia",0.6680,0.2272,0.5497,46073,32673
51,045,"Craig County, Virginia",0.7645,0.2129,0.0271,55708,5110
51,063,"Floyd County, Virginia",0.8112,0.2252,0.1293,51521,15704
51,071,"Giles County, Virginia",0.7507,0.2129,0.0980,54520,16772
51,077,"Grayson County, Virginia",0.8129,0.2401,0.1915,36544,15742
51,135,"Nottoway County, Virginia",0.6467,0.1895,0.5423,45535,15433
51,157,"Rappahannock County, Virginia",0.7422,0.2585,0.2136,74284,7378
51,036,"Charles City County, Virginia",0.8391,0.2392,0.6069,57198,7014
51,047,"Culpeper County, Virginia",0.7271,0.1539,0.4742,77935,51101
51,053,"Dinwiddie County, Virginia",0.7718,0.1715,0.5145,60346,28485
51,079,"Greene County, Virginia",0.7760,0.1656,0.3086,67398,19519
51,085,"Hanover County, Virginia",0.8252,0.1716,0.2876,89390,105537
51,111,"Lunenburg County, Virginia",0.7179,0.2147,0.5468,44303,12282
51,137,"Orange County, Virginia",0.7878,0.1974,0.3705,71548,36010
51,595,"Emporia city, Virginia",0.4012,0.1683,0.5374,27063,5442
51,197,"Wythe County, Virginia",0.7797,0.2071,0.1189,49364,28844
51,550,"Chesapeake city, Virginia",0.7135,0.1295,0.5780,78640,239982
51,660,"Harrisonburg city, Virginia",0.3959,0.0897,0.5165,46679,53273
51,003,"Albemarle County, Virginia",0.6330,0.1801,0.3921,79880,107405
51,019,"Bedford County, Virginia",0.8210,0.2085,0.2249,64199,78376
51,029,"Buckingham County, Virginia",0.7520,0.1925,0.5078,49025,17059
51,195,"Wise County, Virginia",0.6664,0.1768,0.1602,38888,38486
51,580,"Covington city, Virginia",0.7445,0.2020,0.3268,40655,5598
51,740,"Portsmouth city, Virginia",0.5499,0.1448,0.5812,52175,95097
51,810,"Virginia Beach city, Virginia",0.6371,0.1373,0.5716,76610,450201
51,005,"Alleghany County, Virginia",0.7624,0.2380,0.1597,47673,15157
51,640,"Galax city, Virginia",0.6812,0.2237,0.3509,33575,6517
51,193,"Westmoreland County, Virginia",0.7315,0.2482,0.5192,53853,17751
51,133,"Northumberland County, Virginia",0.8920,0.3669,0.4388,62632,12190
51,155,"Pulaski County, Virginia",0.7135,0.2250,0.1732,53866,34182
51,187,"Warren County, Virginia",0.7674,0.1562,0.2420,69116,39492
51,590,"Danville city, Virginia",0.5150,0.2031,0.5794,37203,41070
51,630,"Fredericksburg city, Virginia",0.3547,0.1077,0.5879,65641,28622
51,009,"Amherst County, Virginia",0.7712,0.2056,0.4074,52888,31775
51,017,"Bath County, Virginia",0.7535,0.2241,0.2010,49738,4307
51,670,"Hopewell city, Virginia",0.4675,0.1551,0.5991,39030,22456
51,700,"Newport News city, Virginia",0.4892,0.1266,0.6446,53215,179673
51,069,"Frederick County, Virginia",0.7761,0.1680,0.2940,78002,86415
51,680,"Lynchburg city, Virginia",0.4872,0.1411,0.5278,46409,80569
51,199,"York County, Virginia",0.7129,0.1569,0.4743,92069,67982
51,690,"Martinsville city, Virginia",0.5591,0.1865,0.6031,34371,12852
51,125,"Nelson County, Virginia",0.7640,0.2598,0.3241,64313,14831
51,143,"Pittsylvania County, Virginia",0.7538,0.2183,0.4100,47690,61256
51,530,"Buena Vista city, Virginia",0.6798,0.1845,0.2173,32455,6484
51,610,"Falls Church city, Virginia",0.5833,0.1285,0.4611,127610,14128
51,730,"Petersburg city, Virginia",0.3883,0.1671,0.3920,38679,31362
51,735,"Poquoson city, Virginia",0.8143,0.1964,0.1619,97118,12090
51,600,"Fairfax city, Virginia",0.7000,0.1487,0.6205,116979,23531
51,820,"Waynesboro city, Virginia",0.5770,0.1763,0.4103,45011,22140
51,770,"Roanoke city, Virginia",0.5146,0.1611,0.5724,44230,99229
51,800,"Suffolk city, Virginia",0.6875,0.1417,0.5851,74884,90093
51,710,"Norfolk city, Virginia",0.4339,0.1086,0.6374,51590,244601
51,007,"Amelia County, Virginia",0.8440,0.1917,0.4120,57946,12953
51,041,"Chesterfield County, Virginia",0.7578,0.1442,0.5565,82599,343551
51,059,"Fairfax County, Virginia",0.6798,0.1308,0.6686,124831,1145862
53,067,"Thurston County, Washington",0.6538,0.1678,0.4205,72003,279711
53,013,"Columbia County, Washington",0.6791,0.2826,0.2626,53423,3992
53,039,"Klickitat County, Washington",0.6801,0.2360,0.3084,55773,21721
53,027,"Grays Harbor County, Washington",0.6704,0.2102,0.3527,51240,72779
53,069,"Wahkiakum County, Washington",0.8672,0.3304,0.2413,53227,4268
53,025,"Grant County, Washington",0.6251,0.1349,0.5350,55556,95502
53,061,"Snohomish County, Washington",0.6709,0.1310,0.4889,86691,798808
53,003,"Asotin County, Washington",0.7068,0.2284,0.1798,53715,22421
53,001,"Adams County, Washington",0.6313,0.1091,0.4811,48294,19594
53,023,"Garfield County, Washington",0.7154,0.2471,0.1953,55900,2230
53,045,"Mason County, Washington",0.7738,0.2254,0.3360,57634,63804
53,057,"Skagit County, Washington",0.6858,0.2026,0.4102,67028,125612
53,065,"Stevens County, Washington",0.7813,0.2252,0.2411,51775,44655
53,063,"Spokane County, Washington",0.6239,0.1579,0.2775,56904,505505
53,043,"Lincoln County, Washington",0.7797,0.2554,0.1632,54631,10574
53,007,"Chelan County, Washington",0.6442,0.1860,0.4590,58795,76229
53,031,"Jefferson County, Washington",0.7425,0.3528,0.2139,55127,31285
53,035,"Kitsap County, Washington",0.6780,0.1736,0.3962,75411,265882
53,033,"King County, Washington",0.5695,0.1295,0.5960,94974,2195502
53,049,"Pacific County, Washington",0.7997,0.3027,0.3160,46733,21688
53,051,"Pend Oreille County, Washington",0.7789,0.2566,0.2120,50591,13377
53,055,"San Juan County, Washington",0.7458,0.3292,0.2124,63622,16788
53,059,"Skamania County, Washington",0.7450,0.1990,0.2249,65181,11753
53,075,"Whitman County, Washington",0.4363,0.1016,0.3688,42745,49231
53,077,"Yakima County, Washington",0.6269,0.1351,0.5671,51637,249697
53,009,"Clallam County, Washington",0.7039,0.2880,0.3036,52192,75392
53,015,"Cowlitz County, Washington",0.6607,0.1881,0.2894,54506,106778
53,019,"Ferry County, Washington",0.7199,0.2544,0.4165,41939,7578
53,041,"Lewis County, Washington",0.7064,0.2071,0.2918,53484,78145
53,017,"Douglas County, Washington",0.6870,0.1720,0.4875,62951,42023
53,029,"Island County, Washington",0.7147,0.2395,0.3614,68604,82866
53,053,"Pierce County, Washington",0.6212,0.1352,0.5251,72113,877013
53,021,"Franklin County, Washington",0.6846,0.0901,0.5538,63584,92009
53,071,"Walla Walla County, Washington",0.6481,0.1762,0.4389,57858,60365
53,073,"Whatcom County, Washington",0.6193,0.1690,0.3621,62984,220821
53,047,"Okanogan County, Washington",0.6576,0.2112,0.5195,47240,41842
53,037,"Kittitas County, Washington",0.5913,0.1573,0.2828,56004,45897
53,005,"Benton County, Washington",0.6882,0.1451,0.4547,69023,197518
53,011,"Clark County, Washington",0.6697,0.1504,0.3691,75253,473252
54,089,"Summers County, West Virginia",0.7623,0.2425,0.1531,38187,12848
54,025,"Greenbrier County, West Virginia",0.7249,0.2262,0.1475,40200,35155
54,057,"Mineral County, West Virginia",0.7603,0.2128,0.1152,49936,27167
54,041,"Lewis County, West Virginia",0.7151,0.2022,0.0718,39908,16166
54,075,"Pocahontas County, West Virginia",0.8161,0.2484,0.0374,41882,8450
54,083,"Randolph County, West Virginia",0.7153,0.2113,0.0820,43320,28930
54,105,"Wirt County, West Virginia",0.8367,0.1961,0.0216,46048,5798
54,015,"Clay County, West Virginia",0.8143,0.2007,0.0151,35024,8709
54,061,"Monongalia County, West Virginia",0.5677,0.1216,0.2230,52455,105474
54,103,"Wetzel County, West Virginia",0.7943,0.2277,0.0603,43107,15436
54,039,"Kanawha County, West Virginia",0.6907,0.1997,0.2244,46639,183279
54,077,"Preston County, West Virginia",0.8288,0.1947,0.1762,51888,33683
54,085,"Ritchie County, West Virginia",0.7982,0.2289,0.0613,43577,9844
54,043,"Lincoln County, West Virginia",0.7781,0.1866,0.0441,42345,20850
54,007,"Braxton County, West Virginia",0.8067,0.2244,0.0616,41466,14190
54,005,"Boone County, West Virginia",0.7659,0.1911,0.0464,40739,22368
54,109,"Wyoming County, West Virginia",0.8418,0.2078,0.0560,42332,21281
54,023,"Grant County, West Virginia",0.8155,0.2392,0.0675,42216,11616
54,027,"Hampshire County, West Virginia",0.7630,0.2176,0.0831,47857,23309
54,009,"Brooke County, West Virginia",0.7618,0.2281,0.0858,51496,22459
54,017,"Doddridge County, West Virginia",0.8767,0.2058,0.0932,45545,8560
54,031,"Hardy County, West Virginia",0.7383,0.2187,0.1868,47438,13805
54,049,"Marion County, West Virginia",0.7462,0.1911,0.1428,50305,56355
54,059,"Mingo County, West Virginia",0.7355,0.1815,0.0823,32764,24290
54,029,"Hancock County, West Virginia",0.7269,0.2257,0.1198,45763,29383
54,051,"Marshall County, West Virginia",0.8011,0.2142,0.0651,48557,31308
54,067,"Nicholas County, West Virginia",0.7943,0.2177,0.0599,40086,25078
54,093,"Tucker County, West Virginia",0.7852,0.2526,0.0537,49118,6982
54,095,"Tyler County, West Virginia",0.8273,0.2178,0.0498,43087,8811
54,087,"Roane County, West Virginia",0.7927,0.2128,0.0617,37373,14020
54,091,"Taylor County, West Virginia",0.7796,0.1976,0.0877,48578,16864
54,107,"Wood County, West Virginia",0.7148,0.1994,0.0939,47321,84960
54,021,"Gilmer County, West Virginia",0.6892,0.1657,0.3194,42636,8041
54,053,"Mason County, West Virginia",0.7946,0.2039,0.0662,46078,26820
54,063,"Monroe County, West Virginia",0.7868,0.2475,0.0724,38540,13401
54,073,"Pleasants County, West Virginia",0.8250,0.1862,0.0804,56838,7482
54,011,"Cabell County, West Virginia",0.6180,0.1823,0.1894,40028,94339
54,037,"Jefferson County, West Virginia",0.7643,0.1554,0.2991,80430,56506
54,045,"Logan County, West Virginia",0.7265,0.1939,0.0792,36168,33154
54,071,"Pendleton County, West Virginia",0.8050,0.2645,0.1013,42312,7001
54,033,"Harrison County, West Virginia",0.7394,0.1896,0.1122,53022,67908
54,069,"Ohio County, West Virginia",0.6981,0.2117,0.1494,50584,42143
54,013,"Calhoun County, West Virginia",0.7887,0.2352,0.0558,38382,7295
54,065,"Morgan County, West Virginia",0.8327,0.2277,0.0912,51745,17709
54,081,"Raleigh County, West Virginia",0.7337,0.2004,0.2349,43748,75252
54,079,"Putnam County, West Virginia",0.8185,0.1789,0.0883,60097,56610
54,001,"Barbour County, West Virginia",0.7204,0.1940,0.0880,38459,16633
54,047,"McDowell County, West Virginia",0.7868,0.2077,0.2059,27682,18661
54,099,"Wayne County, West Virginia",0.7346,0.2037,0.0529,37988,40303
54,035,"Jackson County, West Virginia",0.7673,0.1994,0.0599,47837,28907
54,055,"Mercer County, West Virginia",0.6952,0.2132,0.1804,40784,59919
54,097,"Upshur County, West Virginia",0.7368,0.1977,0.0795,40322,24502
54,101,"Webster County, West Virginia",0.7257,0.2274,0.0081,34927,8386
54,003,"Berkeley County, West Virginia",0.7463,0.1445,0.2876,62515,115329
54,019,"Fayette County, West Virginia",0.7727,0.2043,0.1424,41394,43576
55,033,"Dunn County, Wisconsin",0.6816,0.1525,0.1385,58783,44759
55,043,"Grant County, Wisconsin",0.7036,0.1688,0.0960,54800,51733
55,117,"Sheboygan County, Wisconsin",0.6996,0.1747,0.2825,60696,115178
55,078,"Menominee County, Wisconsin",0.6804,0.1297,0.2900,40921,4558
55,011,"Buffalo County, Wisconsin",0.7635,0.2164,0.0834,57829,13126
55,063,"La Crosse County, Wisconsin",0.6303,0.1584,0.1896,57882,117894
55,073,"Marathon County, Wisconsin",0.7220,0.1711,0.2091,62633,135396
55,121,"Trempealeau County, Wisconsin",0.7299,0.1775,0.1913,58548,29499
55,027,"Dodge County, Wisconsin",0.6974,0.1722,0.1884,60652,87715
55,125,"Vilas County, Wisconsin",0.7767,0.3055,0.2665,47072,21751
55,071,"Manitowoc County, Wisconsin",0.7536,0.1985,0.1777,56612,79185
55,013,"Burnett County, Wisconsin",0.8220,0.2803,0.1783,52672,15289
55,029,"Door County, Wisconsin",0.7989,0.2898,0.1182,61560,27472
55,039,"Fond du Lac County, Wisconsin",0.7027,0.1790,0.1933,62391,102597
55,091,"Pepin County, Wisconsin",0.7980,0.2193,0.0703,54583,7265
55,103,"Richland County, Wisconsin",0.7473,0.2202,0.1043,51947,17459
55,137,"Waushara County, Wisconsin",0.8164,0.2379,0.1957,52810,24193
55,065,"Lafayette County, Wisconsin",0.7644,0.1818,0.1129,60691,16715
55,093,"Pierce County, Wisconsin",0.7221,0.1426,0.1134,72323,41977
55,015,"Calumet County, Wisconsin",0.8064,0.1434,0.1708,75814,49928
55,059,"Kenosha County, Wisconsin",0.6609,0.1364,0.4019,63733,168524
55,051,"Iron County, Wisconsin",0.7754,0.3012,0.0888,43798,5687
55,019,"Clark County, Wisconsin",0.7841,0.1639,0.1315,54012,34579
55,109,"St. Croix County, Wisconsin",0.7677,0.1356,0.1170,84756,88732
55,083,"Oconto County, Wisconsin",0.8271,0.2012,0.0973,60908,37646
55,069,"Lincoln County, Wisconsin",0.7808,0.2097,0.0893,58541,27744
55,135,"Waupaca County, Wisconsin",0.7366,0.2039,0.1101,58693,51245
55,005,"Barron County, Wisconsin",0.7473,0.2141,0.1282,52703,45229
55,113,"Sawyer County, Wisconsin",0.7400,0.2525,0.3721,47714,16399
55,047,"Green Lake County, Wisconsin",0.7611,0.2159,0.1459,55075,18755
55,099,"Price County, Wisconsin",0.7784,0.2508,0.1140,47956,13416
55,077,"Marquette County, Wisconsin",0.8141,0.2413,0.1282,52288,15304
55,075,"Marinette County, Wisconsin",0.7470,0.2320,0.0918,50330,40391
55,079,"Milwaukee County, Wisconsin",0.4947,0.1324,0.6441,50606,951226
55,101,"Racine County, Wisconsin",0.6758,0.1615,0.4520,61336,195602
55,139,"Winnebago County, Wisconsin",0.6522,0.1585,0.2106,58543,170411
55,041,"Forest County, Wisconsin",0.7617,0.2283,0.3460,45536,8995
55,045,"Green County, Wisconsin",0.7510,0.1810,0.1094,64502,36896
55,107,"Rusk County, Wisconsin",0.7914,0.2369,0.1016,47532,14132
55,115,"Shawano County, Wisconsin",0.7726,0.2072,0.2389,56531,40904
55,067,"Langlade County, Wisconsin",0.7709,0.2335,0.1183,49491,19146
55,087,"Outagamie County, Wisconsin",0.7113,0.1430,0.2295,65572,185700
55,123,"Vernon County, Wisconsin",0.7776,0.1903,0.0731,52459,30633
55,021,"Columbia County, Wisconsin",0.7437,0.1745,0.1401,68005,57133
55,061,"Kewaunee County, Wisconsin",0.7931,0.1981,0.1068,66192,20387
55,009,"Brown County, Wisconsin",0.6484,0.1436,0.3351,62340,261368
55,035,"Eau Claire County, Wisconsin",0.6447,0.1513,0.1873,59476,103514
55,085,"Oneida County, Wisconsin",0.8320,0.2558,0.0993,56852,35381
55,095,"Polk County, Wisconsin",0.7889,0.2007,0.0968,59994,43438
55,129,"Washburn County, Wisconsin",0.8003,0.2574,0.1118,50280,15688
55,133,"Waukesha County, Wisconsin",0.7628,0.1808,0.2119,87277,400475
55,127,"Walworth County, Wisconsin",0.6861,0.1711,0.2573,63776,103074
55,023,"Crawford County, Wisconsin",0.7571,0.2263,0.1084,50595,16235
55,057,"Juneau County, Wisconsin",0.7624,0.2013,0.1595,53490,26478
55,111,"Sauk County, Wisconsin",0.6888,0.1795,0.1712,59943,63922
55,131,"Washington County, Wisconsin",0.7754,0.1745,0.1362,77663,134925
55,017,"Chippewa County, Wisconsin",0.7311,0.1749,0.1236,59742,63892
55,025,"Dane County, Wisconsin",0.5820,0.1324,0.3565,73893,536078
55,031,"Douglas County, Wisconsin",0.6752,0.1800,0.1583,53986,43295
55,053,"Jackson County, Wisconsin",0.7390,0.1848,0.2509,53650,20522
55,049,"Iowa County, Wisconsin",0.7385,0.1801,0.0916,64124,23618
55,089,"Ozaukee County, Wisconsin",0.7586,0.1924,0.1613,85215,88597
55,097,"Portage County, Wisconsin",0.6903,0.1607,0.1688,58853,70632
55,105,"Rock County, Wisconsin",0.6836,0.1612,0.3034,57875,162152
55,119,"Taylor County, Wisconsin",0.7663,0.1883,0.0802,53020,20325
55,001,"Adams County, Wisconsin",0.8329,0.2873,0.1791,46369,20094
55,007,"Bayfield County, Wisconsin",0.8321,0.2687,0.2697,56096,14993
55,081,"Monroe County, Wisconsin",0.6970,0.1647,0.1779,59587,45771
55,141,"Wood County, Wisconsin",0.7237,0.2011,0.1474,54913,73112
55,003,"Ashland County, Wisconsin",0.6829,0.1893,0.3023,42510,15617
55,037,"Florence County, Wisconsin",0.8624,0.2561,0.0577,52181,4314
55,055,"Jefferson County, Wisconsin",0.7015,0.1642,0.1916,66291,84701
56,021,"Laramie County, Wyoming",0.6978,0.1553,0.3553,66910,98320
56,039,"Teton County, Wyoming",0.6041,0.1404,0.3154,84678,23280
56,019,"Johnson County, Wyoming",0.6988,0.2289,0.1600,58132,8487
56,031,"Platte County, Wyoming",0.7476,0.2388,0.2096,50903,8582
56,033,"Sheridan County, Wyoming",0.6880,0.2046,0.1566,60807,30140
56,003,"Big Horn County, Wyoming",0.7321,0.2105,0.2214,52804,11882
56,011,"Crook County, Wyoming",0.8177,0.1914,0.1096,65132,7472
56,029,"Park County, Wyoming",0.7317,0.2216,0.1674,63582,29148
56,001,"Albany County, Wyoming",0.5104,0.1127,0.3083,49322,38390
56,007,"Carbon County, Wyoming",0.6958,0.1632,0.3696,60161,15247
56,015,"Goshen County, Wyoming",0.7367,0.2157,0.2512,54289,13342
56,041,"Uinta County, Wyoming",0.7706,0.1301,0.2248,63403,20479
56,043,"Washakie County, Wyoming",0.7649,0.2109,0.3075,54158,8027
56,017,"Hot Springs County, Wyoming",0.7521,0.2396,0.1402,51413,4607
56,013,"Fremont County, Wyoming",0.7046,0.1786,0.4588,55896,39812
56,035,"Sublette County, Wyoming",0.8207,0.1779,0.1966,77403,9880
56,045,"Weston County, Wyoming",0.8302,0.1944,0.0709,57031,7049
56,005,"Campbell County, Wyoming",0.7340,0.0920,0.2295,82659,47409
56,023,"Lincoln County, Wyoming",0.8241,0.1666,0.1474,66964,19274
56,025,"Natrona County, Wyoming",0.6818,0.1441,0.2402,62772,80333
56,009,"Converse County, Wyoming",0.7371,0.1655,0.2060,69647,13921
56,027,"Niobrara County, Wyoming",0.7749,0.2279,0.1747,39150,2422
56,037,"Sweetwater County, Wyoming",0.7622,0.1142,0.3409,74843,43521
