vintage,state_fips,geo_type,geo_id,name,gini
2010,06,county,00047,"Merced County, California",0.4600
2010,06,county,00049,"Modoc County, California",0.4300
2010,06,county,00051,"Mono County, California",0.4010
2010,06,county,00053,"Monterey County, California",0.4500
2010,06,county,00055,"Napa County, California",0.4610
2010,06,county,00057,"Nevada County, California",0.4260
2010,06,county,00059,"Orange County, California",0.4550
2010,06,county,00061,"Placer County, California",0.4220
2010,06,county,00063,"Plumas County, California",0.4460
2010,06,county,00065,"Riverside County, California",0.4390
2010,06,county,00067,"Sacramento County, California",0.4310
2010,06,county,00069,"San Benito County, California",0.4140
2010,06,county,00071,"San Bernardino County, California",0.4220
2010,06,county,00073,"San Diego County, California",0.4520
2010,06,county,00075,"San Francisco County, California",0.5070
2010,06,county,00077,"San Joaquin County, California",0.4370
2010,06,county,00079,"San Luis Obispo County, California",0.4560
2010,06,county,00081,"San Mateo County, California",0.4670
2010,06,county,00083,"Santa Barbara County, California",0.4750
2010,06,county,00085,"Santa Clara County, California",0.4500
2010,06,county,00087,"Santa Cruz County, California",0.4670
2010,06,county,00089,"Shasta County, California",0.4530
2010,06,county,00091,"Sierra County, California",0.3890
2010,06,county,00093,"Siskiyou County, California",0.4480
2010,06,county,00095,"Solano County, California",0.4040
2010,06,county,00097,"Sonoma County, California",0.4410
2010,06,county,00099,"Stanislaus County, California",0.4410
2010,06,county,00101,"Sutter County, California",0.4240
2010,06,county,00103,"Tehama County, California",0.4530
2010,06,county,00105,"Trinity County, California",0.4090
2010,06,county,00107,"Tulare County, California",0.4450
2010,06,county,00109,"Tuolumne County, California",0.4330
2010,06,county,00111,"Ventura County, California",0.4350
2010,06,county,00113,"Yolo County, California",0.4560
2010,06,county,00115,"Yuba County, California",0.4180
2010,06,county,00001,"Alameda County, California",0.4560
2010,06,county,00003,"Alpine County, California",0.4490
2010,06,county,00005,"Amador County, California",0.3990
2010,06,county,00007,"Butte County, California",0.4490
2010,06,county,00009,"Calaveras County, California",0.4120
2010,06,county,00011,"Colusa County, California",0.4290
2010,06,county,00013,"Contra Costa County, California",0.4530
2010,06,county,00015,"Del Norte County, California",0.4480
2010,06,county,00017,"El Dorado County, California",0.4210
2010,06,county,00019,"Fresno County, California",0.4590
2010,06,county,00021,"Glenn County, California",0.4360
2010,06,county,00023,"Humboldt County, California",0.4730
2010,06,county,00025,"Imperial County, California",0.4690
2010,06,county,00027,"Inyo County, California",0.4270
2010,06,county,00029,"Kern County, California",0.4520
2010,06,county,00031,"Kings County, California",0.4130
2010,06,county,00033,"Lake County, California",0.4420
2010,06,county,00035,"Lassen County, California",0.4220
2010,06,county,00037,"Los Angeles County, California",0.4890
2010,06,county,00039,"Madera County, California",0.4410
2010,06,county,00041,"Marin County, California",0.4980
2010,06,county,00043,"Mariposa County, California",0.4280
2010,06,county,00045,"Mendocino County, California",0.4440
2010,06,place,04982,"Bellflower city, California",0.3990
2010,06,place,04996,"Bell Gardens city, California",0.3850
2010,06,place,05108,"Belmont city, California",0.4160
2010,06,place,05164,"Belvedere city, California",0.5510
2010,06,place,05262,"Benbow CDP, California",0.3130
2010,06,place,05276,"Bend CDP, California",0.3860
2010,06,place,05290,"Benicia city, California",0.3950
2010,06,place,05332,"Ben Lomond CDP, California",0.4220
2010,06,place,05346,"Benton CDP, California",0.3250
2010,06,place,06000,"Berkeley city, California",0.5190
2010,06,place,06028,"Bermuda Dunes CDP, California",0.4420
2010,06,place,06070,"Berry Creek CDP, California",0.4240
2010,06,place,06150,"Bertsch-Oceanview CDP, California",0.4950
2010,06,place,06210,"Bethel Island CDP, California",0.5070
2010,06,place,06308,"Beverly Hills city, California",0.5820
2010,06,place,06336,"Bieber CDP, California",0.3920
2010,06,place,06406,"Big Bear City CDP, California",0.3880
2010,06,place,06434,"Big Bear Lake city, California",0.5890
2010,06,place,06475,"Big Bend CDP, California",0.4320
2010,06,place,06518,"Big Creek CDP, California",0.2520
2010,06,place,06560,"Biggs city, California",0.3580
2010,06,place,06567,"Big Lagoon CDP, California",0.2890
2010,06,place,06616,"Big Pine CDP, California",0.3320
2010,06,place,06635,"Big River CDP, California",0.4900
2010,06,place,06728,"Biola CDP, California",0.3690
2010,06,place,06798,"Bishop city, California",0.4480
2010,06,place,06928,"Blackhawk CDP, California",0.3980
2010,06,place,06935,"Blacklake CDP, California",0.3740
2010,06,place,06982,"Black Point-Green Point CDP, California",0.4400
2010,06,place,07036,"Bloomfield CDP, California",0.2600
2010,06,place,07064,"Bloomington CDP, California",0.3960
2010,06,place,07162,"Blue Lake city, California",0.4070
2010,06,place,07172,"Bluewater CDP, California",0.4280
2010,06,place,07218,"Blythe city, California",0.4490
2010,06,place,07246,"Bodega CDP, California",0.3430
2010,06,place,07260,"Bodega Bay CDP, California",0.3530
2010,06,place,07274,"Bodfish CDP, California",0.4170
2010,06,place,07316,"Bolinas CDP, California",0.4420
2010,06,place,07372,"Bombay Beach CDP, California",0.3960
2010,06,place,07379,"Bonadelle Ranchos-Madera Ranchos CDP, California",0.3590
2010,06,place,07414,"Bonita CDP, California",0.4110
2010,06,place,07470,"Bonny Doon CDP, California",0.4160
2010,06,place,07498,"Bonsall CDP, California",0.4960
2010,06,place,07512,"Boonville CDP, California",0.3800
2010,06,place,07525,"Bootjack CDP, California",0.3970
2010,06,place,07568,"Boron CDP, California",0.4630
2010,06,place,07578,"Boronda CDP, California",0.3980
2010,06,place,07596,"Borrego Springs CDP, California",0.4020
2010,06,place,07624,"Bostonia CDP, California",0.3780
2010,06,place,07652,"Boulder Creek CDP, California",0.4320
2010,06,place,07694,"Boulevard CDP, California",0.0120
2010,06,place,07750,"Bowles CDP, California",0.2480
2010,06,place,07848,"Boyes Hot Springs CDP, California",0.4620
2010,06,place,07946,"Bradbury city, California",0.4340
2010,06,place,07974,"Bradley CDP, California",0.2130
2010,06,place,08058,"Brawley city, California",0.5020
2010,06,place,08100,"Brea city, California",0.3930
2010,06,place,08142,"Brentwood city, California",0.3630
2010,06,place,08172,"Bret Harte CDP, California",0.3540
2010,06,place,08240,"Bridgeport CDP, California",0.3150
2010,06,place,08310,"Brisbane city, California",0.4320
2010,06,place,08338,"Broadmoor CDP, California",0.4320
2010,06,place,08478,"Brookdale CDP, California",0.3940
2010,06,place,08530,"Brooktrails CDP, California",0.4330
2010,06,place,08680,"Buckhorn CDP, California",0.3060
2010,06,place,08758,"Buellton city, California",0.4000
2010,06,place,08786,"Buena Park city, California",0.3930
2010,06,place,08828,"Buena Vista CDP, California",0.2440
2010,06,place,08954,"Burbank city, California",0.4290
2010,06,place,08968,"Burbank CDP, California",0.4690
2010,06,place,09066,"Burlingame city, California",0.4830
2010,06,place,09122,"Burney CDP, California",0.4120
2010,06,place,09150,"Burnt Ranch CDP, California",0.6820
2010,06,place,09310,"Butte Creek Canyon CDP, California",0.5160
2010,06,place,09318,"Butte Meadows CDP, California",0.1290
2010,06,place,09324,"Butte Valley CDP, California",0.3640
2010,06,place,09332,"Buttonwillow CDP, California",0.3680
2010,06,place,09346,"Byron CDP, California",0.2320
2010,06,place,09353,"Bystrom CDP, California",0.4040
2010,06,place,09360,"Cabazon CDP, California",0.3560
2010,06,place,09598,"Calabasas city, California",0.4770
2010,06,place,09710,"Calexico city, California",0.4670
2010,06,place,09780,"California City city, California",0.4070
2010,06,place,09822,"California Hot Springs CDP, California",0.2590
2010,06,place,09834,"California Pines CDP, California",0.3210
2010,06,place,09864,"Calimesa city, California",0.4170
2010,06,place,09878,"Calipatria city, California",0.4400
2010,06,place,09892,"Calistoga city, California",0.4570
2010,06,place,09948,"Callender CDP, California",0.3420
2010,06,place,09990,"Calpella CDP, California",0.2880
2010,06,place,10004,"Calpine CDP, California",0.3740
2010,06,place,10031,"Calwa CDP, California",0.4370
2010,06,place,10042,"Camanche North Shore CDP, California",0.3930
2010,06,place,10044,"Camanche Village CDP, California",0.3400
2010,06,place,10046,"Camarillo city, California",0.4100
2010,06,place,10074,"Cambria CDP, California",0.4210
2010,06,place,10088,"Cambrian Park CDP, California",0.4220
2010,06,place,10256,"Cameron Park CDP, California",0.3620
2010,06,place,10270,"Camino CDP, California",0.4120
2010,06,place,10301,"Camino Tassajara CDP, California",0.3250
2010,06,place,10345,"Campbell city, California",0.4290
2010,06,place,10494,"Camp Nelson CDP, California",0.4910
2010,06,place,10508,"Campo CDP, California",0.3900
2010,06,place,10559,"Camp Pendleton North CDP, California",0.3300
2010,06,place,10561,"Camp Pendleton South CDP, California",0.2980
2010,06,place,10676,"Camptonville CDP, California",0.4390
2010,06,place,10732,"Canby CDP, California",0.1910
2010,06,place,10816,"Cantua Creek CDP, California",0.3060
2010,06,place,10928,"Canyon Lake city, California",0.3740
2010,06,place,11040,"Capitola city, California",0.4380
2010,06,place,11194,"Carlsbad city, California",0.4470
2010,06,place,11250,"Carmel-by-the-Sea city, California",0.5260
2010,06,place,11324,"Carmel Valley Village CDP, California",0.4810
2010,06,place,11376,"Carmet CDP, California",0.1190
2010,06,place,11390,"Carmichael CDP, California",0.4570
2010,06,place,11418,"Carnelian Bay CDP, California",0.2620
2010,06,place,11446,"Carpinteria city, California",0.4490
2010,06,place,11481,"Carrick CDP, California",0.4060
2010,06,place,11530,"Carson city, California",0.3850
2010,06,place,11600,"Cartago CDP, California",0.2970
2010,06,place,11614,"Caruthers CDP, California",0.3330
2010,06,place,11656,"Casa Conejo CDP, California",0.3510
2010,06,place,11691,"Casa de Oro-Mount Helix CDP, California",0.4320
2010,06,place,11754,"Casmalia CDP, California",0.1080
2010,06,place,11768,"Caspar CDP, California",0.2650
2010,06,place,11782,"Cassel CDP, California",0.2430
2010,06,place,11796,"Castaic CDP, California",0.3320
2010,06,place,11915,"Castle Hill CDP, California",0.3970
2010,06,place,11964,"Castro Valley CDP, California",0.4170
2010,06,place,11978,"Castroville CDP, California",0.3310
2010,06,place,12048,"Cathedral City city, California",0.4350
2010,06,place,12062,"Catheys Valley CDP, California",0.4500
2010,06,place,12132,"Cayucos CDP, California",0.4580
2010,06,place,12146,"Cazadero CDP, California",0.4560
2010,06,place,12300,"Cedar Ridge CDP, California",0.3710
2010,06,place,12328,"Cedarville CDP, California",0.3690
2010,06,place,12412,"Centerville CDP, California",0.4150
2010,06,place,12524,"Ceres city, California",0.4010
2010,06,place,12552,"Cerritos city, California",0.3970
2010,06,place,12594,"Chalfant CDP, California",0.3770
2010,06,place,12612,"Challenge-Brownsville CDP, California",0.2520
2010,06,place,12669,"Channel Islands Beach CDP, California",0.5500
2010,06,place,12734,"Charter Oak CDP, California",0.3810
2010,06,place,12818,"Cherokee CDP, California",0.3670
2010,06,place,12860,"Cherokee Strip CDP, California",0.0190
2010,06,place,12902,"Cherryland CDP, California",0.4100
2010,06,place,12916,"Cherry Valley CDP, California",0.3980
2010,06,place,12930,"Chester CDP, California",0.3930
2010,06,place,13014,"Chico city, California",0.4570
2010,06,place,13077,"Chilcoot-Vinton CDP, California",0.2600
2010,06,place,13157,"China Lake Acres CDP, California",0.4770
2010,06,place,13182,"Chinese Camp CDP, California",0.3440
2010,06,place,13210,"Chino city, California",0.3640
2010,06,place,13214,"Chino Hills city, California",0.3390
2010,06,place,13294,"Chowchilla city, California",0.4120
2010,06,place,13364,"Chualar CDP, California",0.3490
2010,06,place,13392,"Chula Vista city, California",0.4010
2010,06,place,13560,"Citrus CDP, California",0.3780
2010,06,place,13588,"Citrus Heights city, California",0.3720
2010,06,place,13756,"Claremont city, California",0.4550
2010,06,place,13784,"Clarksburg CDP, California",0.5180
2010,06,place,13854,"Clay CDP, California",0.2810
2010,06,place,13882,"Clayton city, California",0.3760
2010,06,place,13910,"Clear Creek CDP, California",0.3620
2010,06,place,13945,"Clearlake city, California",0.4190
2010,06,place,13966,"Clearlake Oaks CDP, California",0.3470
2010,06,place,13985,"Clearlake Riviera CDP, California",0.3740
2010,06,place,14008,"Cleone CDP, California",0.4970
2010,06,place,14148,"Clipper Mills CDP, California",0.2480
2010,06,place,14190,"Cloverdale city, California",0.4000
2010,06,place,14218,"Clovis city, California",0.4110
2010,06,place,14232,"Clyde CDP, California",0.2070
2010,06,place,14260,"Coachella city, California",0.3690
2010,06,place,14274,"Coalinga city, California",0.4030
2010,06,place,14288,"Coarsegold CDP, California",0.4960
2010,06,place,14302,"Cobb CDP, California",0.3110
2010,06,place,14406,"Coffee Creek CDP, California",0.3430
2010,06,place,14442,"Cohasset CDP, California",0.3310
2010,06,place,14450,"Cold Springs CDP (El Dorado County), California",0.2910
2010,06,place,14454,"Cold Springs CDP (Tuolumne County), California",0.1190
2010,06,place,14484,"Coleville CDP, California",0.2370
2010,06,place,14498,"Colfax city, California",0.3780
2010,06,place,14554,"College City CDP, California",0.2110
2010,06,place,14708,"Collierville CDP, California",0.4130
2010,06,place,14736,"Colma town, California",0.3090
2010,06,place,14764,"Coloma CDP, California",0.2620
2010,06,place,14890,"Colton city, California",0.4040
2010,06,place,14904,"Columbia CDP, California",0.4680
2010,06,place,14946,"Colusa city, California",0.3940
2010,06,place,14974,"Commerce city, California",0.4290
2010,06,place,15030,"Comptche CDP, California",0.7750
2010,06,place,15044,"Compton city, California",0.4020
2010,06,place,16000,"Concord city, California",0.4080
2010,06,place,16035,"Concow CDP, California",0.4990
2010,06,place,16210,"Copperopolis CDP, California",0.3420
2010,06,place,16224,"Corcoran city, California",0.4490
2010,06,place,16322,"Corning city, California",0.4300
2010,06,place,16350,"Corona city, California",0.3890
2010,06,place,16378,"Coronado city, California",0.4490
2010,06,place,16420,"Coronita CDP, California",0.4650
2010,06,place,16434,"Corralitos CDP, California",0.4440
2010,06,place,16462,"Corte Madera town, California",0.4800
2010,06,place,16532,"Costa Mesa city, California",0.4480
2010,06,place,16560,"Cotati city, California",0.4290
2010,06,place,16580,"Coto de Caza CDP, California",0.4080
2010,06,place,16630,"Cottonwood CDP, California",0.3880
2010,06,place,16644,"Coultervillle CDP, California",0.1930
2010,06,place,16651,"Country Club CDP, California",0.3860
2010,06,place,16714,"Courtland CDP, California",0.4230
2010,06,place,16728,"Covelo CDP, California",0.4260
2010,06,place,16742,"Covina city, California",0.3830
2010,06,place,16762,"Cowan CDP, California",0.3160
2010,06,place,17022,"Crescent City city, California",0.4310
2010,06,place,17050,"Crescent Mills CDP, California",0.1460
2010,06,place,17078,"Cressey CDP, California",0.4640
2010,06,place,17106,"Crest CDP, California",0.3740
2010,06,place,17162,"Crestline CDP, California",0.4060
2010,06,place,17204,"Crestmore Heights CDP, California",0.1370
2010,06,place,17232,"Creston CDP, California",0.3390
2010,06,place,17267,"C-Road CDP, California",0.1640
2010,06,place,17274,"Crockett CDP, California",0.3730
2010,06,place,17288,"Cromberg CDP, California",0.3450
2010,06,place,17372,"Crowley Lake CDP, California",0.2250
2010,06,place,17428,"Crows Landing CDP, California",0.2020
2010,06,place,17498,"Cudahy city, California",0.3760
2010,06,place,17568,"Culver City city, California",0.4260
2010,06,place,17610,"Cupertino city, California",0.4000
2010,06,place,17708,"Cutler CDP, California",0.4370
2010,06,place,17722,"Cutten CDP, California",0.3760
2010,06,place,17727,"Cuyama CDP, California",0.1150
2010,06,place,17750,"Cypress city, California",0.3710
2010,06,place,17918,"Daly City city, California",0.3690
2010,06,place,17946,"Dana Point city, California",0.4680
2010,06,place,17988,"Danville town, California",0.4450
2010,06,place,17995,"Daphnedale Park CDP, California",0.2600
2010,06,place,18030,"Darwin CDP, California",0.1710
2010,06,place,18086,"Davenport CDP, California",0.4220
2010,06,place,18100,"Davis city, California",0.4860
2010,06,place,18153,"Day Valley CDP, California",0.4410
2010,06,place,18324,"Deer Park CDP, California",0.4110
2010,06,place,18352,"Del Aire CDP, California",0.3470
2010,06,place,18394,"Delano city, California",0.4250
2010,06,place,18450,"Delft Colony CDP, California",0.4590
2010,06,place,18464,"Delhi CDP, California",0.3640
2010,06,place,18485,"Delleker CDP, California",0.3650
2010,06,place,18506,"Del Mar city, California",0.4790
2010,06,place,18590,"Del Monte Forest CDP, California",0.5560
2010,06,place,18674,"Del Rey CDP, California",0.4090
2010,06,place,18688,"Del Rey Oaks city, California",0.3500
2010,06,place,18695,"Del Rio CDP, California",0.4370
2010,06,place,18856,"Denair CDP, California",0.3560
2010,06,place,18926,"Derby Acres CDP, California",0.3620
2010,06,place,18940,"Descanso CDP, California",0.3750
2010,06,place,18982,"Desert Center CDP, California",0.3780
2010,06,place,18986,"Desert Edge CDP, California",0.4060
2010,06,place,18996,"Desert Hot Springs city, California",0.4050
2010,06,place,19022,"Desert Palms CDP, California",0.4070
2010,06,place,19024,"Desert Shores CDP, California",0.5130
2010,06,place,19052,"Desert View Highlands CDP, California",0.3270
2010,06,place,19150,"Diablo CDP, California",0.5690
2010,06,place,19155,"Diablo Grande CDP, California",0.1610
2010,06,place,19192,"Diamond Bar city, California",0.3660
2010,06,place,19220,"Diamond Springs CDP, California",0.4580
2010,06,place,19262,"Dillon Beach CDP, California",0.2290
2010,06,place,19318,"Dinuba city, California",0.3990
2010,06,place,19339,"Discovery Bay CDP, California",0.4220
2010,06,place,19402,"Dixon city, California",0.3800
2010,06,place,19406,"Dixon Lane-Meadow Creek CDP, California",0.4460
2010,06,place,19416,"Dobbins CDP, California",0.3820
2010,06,place,19440,"Dogtown CDP, California",0.4160
2010,06,place,19455,"Dollar Point CDP, California",0.4640
2010,06,place,19570,"Dorrington CDP, California",0.4500
2010,06,place,19584,"Dorris city, California",0.3600
2010,06,place,19612,"Dos Palos city, California",0.3390
2010,06,place,19654,"Dos Palos Y CDP, California",0.1750
2010,06,place,19724,"Douglas City CDP, California",0.4940
2010,06,place,19766,"Downey city, California",0.4020
2010,06,place,19794,"Downieville CDP, California",0.4980
2010,06,place,19878,"Doyle CDP, California",0.5490
2010,06,place,19976,"Drytown CDP, California",0.3270
2010,06,place,19990,"Duarte city, California",0.4180
2010,06,place,20018,"Dublin city, California",0.3530
2010,06,place,20032,"Ducor CDP, California",0.3800
2010,06,place,20228,"Dunnigan CDP, California",0.3150
2010,06,place,20242,"Dunsmuir city, California",0.4330
2010,06,place,20270,"Durham CDP, California",0.4500
2010,06,place,20284,"Dustin Acres CDP, California",0.2970
2010,06,place,20298,"Dutch Flat CDP, California",0.3740
2010,06,place,20424,"Eagleville CDP, California",0.4960
2010,06,place,20438,"Earlimart CDP, California",0.3760
2010,06,place,20598,"East Foothills CDP, California",0.4160
2010,06,place,20697,"East Hemet CDP, California",0.3960
2010,06,place,20746,"East La Mirada CDP, California",0.3690
2010,06,place,20802,"East Los Angeles CDP, California",0.4190
2010,06,place,20900,"East Nicolaus CDP, California",0.4520
2010,06,place,20907,"East Oakdale CDP, California",0.4410
2010,06,place,20928,"Easton CDP, California",0.4770
2010,06,place,20942,"East Orosi CDP, California",0.0810
2010,06,place,20956,"East Palo Alto city, California",0.4370
2010,06,place,20984,"East Pasadena CDP, California",0.5140
2010,06,place,21012,"East Porterville CDP, California",0.4560
2010,06,place,21026,"East Quincy CDP, California",0.3650
2010,06,place,21034,"East Rancho Dominguez CDP, California",0.3700
2010,06,place,21061,"East Richmond Heights CDP, California",0.3340
2010,06,place,21096,"East San Gabriel CDP, California",0.4170
2010,06,place,21138,"East Shore CDP, California",0.3150
2010,06,place,21188,"East Sonora CDP, California",0.5130
2010,06,place,21210,"East Tulare Villa CDP, California",0.2920
2010,06,place,21230,"Eastvale CDP, California",0.3440
2010,06,place,21530,"Edgewood CDP, California",0.2220
2010,06,place,21558,"Edmundson Acres CDP, California",0.3360
2010,06,place,21600,"Edwards AFB CDP, California",0.2910
2010,06,place,21712,"El Cajon city, California",0.4340
2010,06,place,21782,"El Centro city, California",0.4730
2010,06,place,21796,"El Cerrito city, California",0.4190
2010,06,place,21810,"El Cerrito CDP, California",0.3930
2010,06,place,21880,"El Dorado Hills CDP, California",0.3640
2010,06,place,21894,"Eldridge CDP, California",0.4440
2010,06,place,21936,"El Granada CDP, California",0.4010
2010,06,place,21964,"Elizabeth Lake CDP, California",0.3160
2010,06,place,22006,"Elk Creek CDP, California",0.3510
2010,06,place,22020,"Elk Grove city, California",0.3650
2010,06,place,22034,"Elkhorn CDP, California",0.3400
2010,06,place,22146,"Elmira CDP, California",0.2720
2010,06,place,22230,"El Monte city, California",0.4090
2010,06,place,22286,"El Nido CDP, California",0.5610
2010,06,place,22300,"El Paso de Robles (Paso Robles) city, California",0.4050
2010,06,place,22328,"El Portal CDP, California",0.1410
2010,06,place,22370,"El Rio CDP, California",0.3500
2010,06,place,22412,"El Segundo city, California",0.3960
2010,06,place,22454,"El Sobrante CDP (Contra Costa County), California",0.4100
2010,06,place,22457,"El Sobrante CDP (Riverside County), California",0.2920
2010,06,place,22510,"El Verano CDP, California",0.3840
2010,06,place,22524,"Elverta CDP, California",0.3270
2010,06,place,22587,"Emerald Lake Hills CDP, California",0.4070
2010,06,place,22594,"Emeryville city, California",0.4940
2010,06,place,22622,"Empire CDP, California",0.4070
2010,06,place,22678,"Encinitas city, California",0.4810
2010,06,place,22790,"Escalon city, California",0.3600
2010,06,place,22804,"Escondido city, California",0.4460
2010,06,place,22846,"Esparto CDP, California",0.4270
2010,06,place,22972,"Etna city, California",0.4160
2010,06,place,23000,"Eucalyptus Hills CDP, California",0.3680
2010,06,place,23042,"Eureka city, California",0.4960
2010,06,place,23126,"Exeter city, California",0.3880
2010,06,place,23150,"Fairbanks Ranch CDP, California",0.3210
2010,06,place,23168,"Fairfax town, California",0.4170
2010,06,place,23182,"Fairfield city, California",0.3960
2010,06,place,23210,"Fairmead CDP, California",0.5020
2010,06,place,23294,"Fair Oaks CDP, California",0.4320
2010,06,place,23350,"Fairview CDP, California",0.3910
2010,06,place,23462,"Fallbrook CDP, California",0.4380
2010,06,place,23532,"Fall River Mills CDP, California",0.4820
2010,06,place,23616,"Farmersville city, California",0.3700
2010,06,place,23630,"Farmington CDP, California",0.3120
2010,06,place,23812,"Fellows CDP, California",0.2570
2010,06,place,23826,"Felton CDP, California",0.3780
2010,06,place,23910,"Ferndale city, California",0.4810
2010,06,place,23973,"Fetters Hot Springs-Agua Caliente CDP, California",0.4380
2010,06,place,23980,"Fiddletown CDP, California",0.3400
2010,06,place,24008,"Fieldbrook CDP, California",0.4190
2010,06,place,24022,"Fields Landing CDP, California",0.2560
2010,06,place,24092,"Fillmore city, California",0.3950
2010,06,place,24134,"Firebaugh city, California",0.4270
2010,06,place,24477,"Florence-Graham CDP, California",0.4070
2010,06,place,24498,"Florin CDP, California",0.3940
2010,06,place,24568,"Flournoy CDP, California",0.5110
2010,06,place,24638,"Folsom city, California",0.3860
2010,06,place,24680,"Fontana city, California",0.3800
2010,06,place,24722,"Foothill Farms CDP, California",0.3860
2010,06,place,24750,"Forbestown CDP, California",0.3440
2010,06,place,24764,"Ford City CDP, California",0.4500
2010,06,place,24834,"Foresthill CDP, California",0.4710
2010,06,place,24897,"Forest Meadows CDP, California",0.3560
2010,06,place,24918,"Forest Ranch CDP, California",0.6110
2010,06,place,24960,"Forestville CDP, California",0.4630
2010,06,place,25030,"Fort Bidwell CDP, California",0.4140
2010,06,place,25058,"Fort Bragg city, California",0.4460
2010,06,place,25114,"Fort Irwin CDP, California",0.2840
2010,06,place,25128,"Fort Jones city, California",0.4470
2010,06,place,25296,"Fortuna city, California",0.4810
2010,06,place,25300,"Fort Washington CDP, California",0.3310
2010,06,place,25338,"Foster City city, California",0.3900
2010,06,place,25380,"Fountain Valley city, California",0.4150
2010,06,place,25436,"Fowler city, California",0.3870
2010,06,place,25488,"Franklin CDP (Merced County), California",0.3980
2010,06,place,25534,"Frazier Park CDP, California",0.3530
2010,06,place,25576,"Freedom CDP, California",0.3760
2010,06,place,00135,"Acalanes Ridge CDP, California",0.4150
2010,06,place,00212,"Acton CDP, California",0.3780
2010,06,place,00296,"Adelanto city, California",0.3840
2010,06,place,00310,"Adin CDP, California",0.3690
2010,06,place,00394,"Agoura Hills city, California",0.4310
2010,06,place,00450,"Agua Dulce CDP, California",0.3900
2010,06,place,00464,"Aguanga CDP, California",0.3980
2010,06,place,00478,"Ahwahnee CDP, California",0.5150
2010,06,place,00535,"Airport CDP, California",0.4430
2010,06,place,00562,"Alameda city, California",0.4340
2010,06,place,00618,"Alamo CDP, California",0.4710
2010,06,place,00674,"Albany city, California",0.4190
2010,06,place,00716,"Albion CDP, California",0.2710
2010,06,place,00786,"Alderpoint CDP, California",0.4360
2010,06,place,00884,"Alhambra city, California",0.4310
2010,06,place,00898,"Alhambra Valley CDP, California",0.3460
2010,06,place,00947,"Aliso Viejo city, California",0.3470
2010,06,place,00982,"Alleghany CDP, California",0.0920
2010,06,place,00996,"Allendale CDP, California",0.3800
2010,06,place,01010,"Allensworth CDP, California",0.3600
2010,06,place,01150,"Alondra Park CDP, California",0.4230
2010,06,place,01164,"Alpaugh CDP, California",0.3800
2010,06,place,01192,"Alpine CDP, California",0.4650
2010,06,place,01228,"Alpine Village CDP, California",0.2200
2010,06,place,01276,"Alta CDP, California",0.3900
2010,06,place,01290,"Altadena CDP, California",0.4510
2010,06,place,01360,"Alta Sierra CDP, California",0.3470
2010,06,place,01416,"Alto CDP, California",0.4040
2010,06,place,01444,"Alturas city, California",0.4210
2010,06,place,01458,"Alum Rock CDP, California",0.3830
2010,06,place,01514,"Amador City city, California",0.4990
2010,06,place,01640,"American Canyon city, California",0.3690
2010,06,place,01651,"Amesti CDP, California",0.3700
2010,06,place,02000,"Anaheim city, California",0.4200
2010,06,place,02028,"Anchor Bay CDP, California",0.3680
2010,06,place,02042,"Anderson city, California",0.4020
2010,06,place,02112,"Angels city, California",0.4190
2010,06,place,02168,"Angwin CDP, California",0.5890
2010,06,place,02210,"Antelope CDP, California",0.3460
2010,06,place,02252,"Antioch city, California",0.4040
2010,06,place,02294,"Anza CDP, California",0.4280
2010,06,place,02364,"Apple Valley town, California",0.4430
2010,06,place,02378,"Aptos CDP, California",0.4150
2010,06,place,02382,"Aptos Hills-Larkin Valley CDP, California",0.4370
2010,06,place,02420,"Arbuckle CDP, California",0.4100
2010,06,place,02462,"Arcadia city, California",0.4790
2010,06,place,02476,"Arcata city, California",0.4860
2010,06,place,02553,"Arden-Arcade CDP, California",0.4940
2010,06,place,02700,"Armona CDP, California",0.2960
2010,06,place,02770,"Arnold CDP, California",0.3970
2010,06,place,02812,"Aromas CDP, California",0.4930
2010,06,place,02868,"Arroyo Grande city, California",0.4270
2010,06,place,02896,"Artesia city, California",0.3840
2010,06,place,02910,"Artois CDP, California",0.1020
2010,06,place,02924,"Arvin city, California",0.3710
2010,06,place,02980,"Ashland CDP, California",0.4000
2010,06,place,03064,"Atascadero city, California",0.4000
2010,06,place,03092,"Atherton town, California",0.5310
2010,06,place,03162,"Atwater city, California",0.4450
2010,06,place,03190,"Auberry CDP, California",0.3210
2010,06,place,03204,"Auburn city, California",0.4550
2010,06,place,03205,"Auburn Lake Trails CDP, California",0.3730
2010,06,place,03209,"August CDP, California",0.4290
2010,06,place,03274,"Avalon city, California",0.4140
2010,06,place,03302,"Avenal city, California",0.4100
2010,06,place,03316,"Avery CDP, California",0.4710
2010,06,place,03330,"Avilla Beach CDP, California",0.5390
2010,06,place,03344,"Avocado Heights CDP, California",0.3840
2010,06,place,03386,"Azusa city, California",0.3980
2010,06,place,03512,"Baker CDP, California",0.2850
2010,06,place,03526,"Bakersfield city, California",0.4380
2010,06,place,03666,"Baldwin Park city, California",0.3980
2010,06,place,03694,"Ballard CDP, California",0.4190
2010,06,place,03708,"Ballico CDP, California",0.3570
2010,06,place,03792,"Bangor CDP, California",0.3920
2010,06,place,03820,"Banning city, California",0.4050
2010,06,place,04030,"Barstow city, California",0.4110
2010,06,place,04198,"Bass Lake CDP, California",0.4590
2010,06,place,04415,"Bay Point CDP, California",0.4320
2010,06,place,04470,"Bayview CDP (Contra Costa County), California",0.3020
2010,06,place,04478,"Bayview CDP (Humboldt County), California",0.4770
2010,06,place,04576,"Beale AFB CDP, California",0.3680
2010,06,place,04632,"Bear Creek CDP, California",0.5620
2010,06,place,04716,"Bear Valley CDP (Alpine County), California",0.1200
2010,06,place,04730,"Bear Valley CDP (Mariposa County), California",0.4660
2010,06,place,04734,"Bear Valley Springs CDP, California",0.4130
2010,06,place,04758,"Beaumont city, California",0.3770
2010,06,place,04772,"Beckwourth CDP, California",0.3190
2010,06,place,04856,"Belden CDP, California",0.1180
2010,06,place,04870,"Bell city, California",0.3790
2010,06,place,04926,"Bella Vista CDP, California",0.3540
2010,06,place,04938,"Bell Canyon CDP, California",0.4310
2010,06,place,63400,"Rutherford CDP, California",0.6170
2010,06,place,64000,"Sacramento city, California",0.4430
2010,06,place,64140,"St. Helena city, California",0.4800
2010,06,place,64210,"Salida CDP, California",0.3160
2010,06,place,64224,"Salinas city, California",0.4110
2010,06,place,64252,"Salmon Creek CDP, California",0.4600
2010,06,place,64294,"Salton City CDP, California",0.3490
2010,06,place,64308,"Salton Sea Beach CDP, California",0.3810
2010,06,place,64392,"Samoa CDP, California",0.3910
2010,06,place,64420,"San Andreas CDP, California",0.3730
2010,06,place,64434,"San Anselmo town, California",0.4810
2010,06,place,64462,"San Antonio Heights CDP, California",0.3970
2010,06,place,64476,"San Ardo CDP, California",0.2450
2010,06,place,65000,"San Bernardino city, California",0.4320
2010,06,place,65028,"San Bruno city, California",0.3780
2010,06,place,65042,"San Buenaventura (Ventura) city, California",0.4180
2010,06,place,65070,"San Carlos city, California",0.4290
2010,06,place,65084,"San Clemente city, California",0.4670
2010,06,place,65112,"Sand City city, California",0.4930
2010,06,place,66000,"San Diego city, California",0.4630
2010,06,place,66004,"San Diego Country Estates CDP, California",0.3230
2010,06,place,66070,"San Dimas city, California",0.4040
2010,06,place,66140,"San Fernando city, California",0.3630
2010,06,place,67000,"San Francisco city, California",0.5070
2010,06,place,67042,"San Gabriel city, California",0.4460
2010,06,place,67056,"Sanger city, California",0.4150
2010,06,place,67070,"San Geronimo CDP, California",0.3100
2010,06,place,67112,"San Jacinto city, California",0.4290
2010,06,place,67126,"San Joaquin city, California",0.3440
2010,06,place,68000,"San Jose city, California",0.4310
2010,06,place,68014,"San Juan Bautista city, California",0.4050
2010,06,place,68028,"San Juan Capistrano city, California",0.5270
2010,06,place,68084,"San Leandro city, California",0.4040
2010,06,place,68112,"San Lorenzo CDP, California",0.3490
2010,06,place,68140,"San Lucas CDP, California",0.3150
2010,06,place,68154,"San Luis Obispo city, California",0.5090
2010,06,place,68196,"San Marcos city, California",0.4340
2010,06,place,68224,"San Marino city, California",0.4940
2010,06,place,68238,"San Martin CDP, California",0.4570
2010,06,place,68252,"San Mateo city, California",0.4410
2010,06,place,68263,"San Miguel CDP (Contra Costa County), California",0.5060
2010,06,place,68266,"San Miguel CDP (San Luis Obispo County), California",0.3300
2010,06,place,68294,"San Pablo city, California",0.4210
2010,06,place,68308,"San Pasqual CDP, California",0.4330
2010,06,place,68364,"San Rafael city, California",0.4710
2010,06,place,68378,"San Ramon city, California",0.3560
2010,06,place,68434,"San Simeon CDP, California",0.2930
2010,06,place,69000,"Santa Ana city, California",0.3990
2010,06,place,69070,"Santa Barbara city, California",0.4830
2010,06,place,69084,"Santa Clara city, California",0.4080
2010,06,place,69088,"Santa Clarita city, California",0.3890
2010,06,place,69112,"Santa Cruz city, California",0.4770
2010,06,place,69154,"Santa Fe Springs city, California",0.3820
2010,06,place,69182,"Santa Margarita CDP, California",0.4240
2010,06,place,69196,"Santa Maria city, California",0.4170
2010,06,place,70000,"Santa Monica city, California",0.5400
2010,06,place,70028,"Santa Nella CDP, California",0.3940
2010,06,place,70042,"Santa Paula city, California",0.4440
2010,06,place,70098,"Santa Rosa city, California",0.4350
2010,06,place,70130,"Santa Rosa Valley CDP, California",0.4750
2010,06,place,70140,"Santa Susana CDP, California",0.3060
2010,06,place,70154,"Santa Venetia CDP, California",0.4180
2010,06,place,70182,"Santa Ynez CDP, California",0.4140
2010,06,place,70224,"Santee city, California",0.3490
2010,06,place,70266,"Saranap CDP, California",0.4240
2010,06,place,70280,"Saratoga city, California",0.4810
2010,06,place,70322,"Saticoy CDP, California",0.4890
2010,06,place,70364,"Sausalito city, California",0.4930
2010,06,place,70518,"Scotia CDP, California",0.4860
2010,06,place,70588,"Scotts Valley city, California",0.3930
2010,06,place,70644,"Seacliff CDP, California",0.4360
2010,06,place,70686,"Seal Beach city, California",0.5050
2010,06,place,70712,"Sea Ranch CDP, California",0.4340
2010,06,place,70728,"Searles Valley CDP, California",0.4280
2010,06,place,70742,"Seaside city, California",0.3700
2010,06,place,70770,"Sebastopol city, California",0.4230
2010,06,place,70798,"Seeley CDP, California",0.3970
2010,06,place,70882,"Selma city, California",0.3970
2010,06,place,71000,"Sereno del Mar CDP, California",0.5250
2010,06,place,71078,"Seville CDP, California",0.2920
2010,06,place,71084,"Shackelford CDP, California",0.4440
2010,06,place,71106,"Shafter city, California",0.3970
2010,06,place,71134,"Shandon CDP, California",0.3290
2010,06,place,71218,"Shasta CDP, California",0.4070
2010,06,place,71225,"Shasta Lake city, California",0.4060
2010,06,place,71246,"Shaver Lake CDP, California",0.4200
2010,06,place,71362,"Shell Ridge CDP, California",0.4210
2010,06,place,71372,"Shelter Cove CDP, California",0.2880
2010,06,place,71414,"Sheridan CDP, California",0.3870
2010,06,place,71554,"Shingle Springs CDP, California",0.3560
2010,06,place,71568,"Shingletown CDP, California",0.3720
2010,06,place,71680,"Shoshone CDP, California",0.2850
2010,06,place,71774,"Sierra Brooks CDP, California",0.2100
2010,06,place,71778,"Sierra City CDP, California",0.2830
2010,06,place,71806,"Sierra Madre city, California",0.4660
2010,06,place,71834,"Sierra Village CDP, California",0.1810
2010,06,place,71848,"Sierraville CDP, California",0.5480
2010,06,place,71876,"Signal Hill city, California",0.4140
2010,06,place,71927,"Silverado Resort CDP, California",0.5470
2010,06,place,71964,"Silver Lakes CDP, California",0.3490
2010,06,place,72016,"Simi Valley city, California",0.3810
2010,06,place,72086,"Sisquoc CDP, California",0.4440
2010,06,place,72156,"Sky Valley CDP, California",0.4720
2010,06,place,72184,"Sleepy Hollow CDP, California",0.4590
2010,06,place,72282,"Smartsville CDP, California",0.2500
2010,06,place,72338,"Smith Corner CDP, California",0.2810
2010,06,place,72380,"Smith River CDP, California",0.4070
2010,06,place,72408,"Snelling CDP, California",0.5420
2010,06,place,72478,"Soda Bay CDP, California",0.4580
2010,06,place,72492,"Soda Springs CDP, California",0.1290
2010,06,place,72506,"Solana Beach city, California",0.4730
2010,06,place,72520,"Soledad city, California",0.3760
2010,06,place,72576,"Solvang city, California",0.4590
2010,06,place,72646,"Sonoma city, California",0.4410
2010,06,place,72674,"Sonora city, California",0.5050
2010,06,place,72688,"Soquel CDP, California",0.4800
2010,06,place,72772,"Soulsbyville CDP, California",0.3220
2010,06,place,72954,"South Dos Palos CDP, California",0.3240
2010,06,place,72996,"South El Monte city, California",0.3670
2010,06,place,73080,"South Gate city, California",0.3860
2010,06,place,73108,"South Lake Tahoe city, California",0.4330
2010,06,place,73167,"South Monrovia Island CDP, California",0.3600
2010,06,place,73178,"South Oroville CDP, California",0.3640
2010,06,place,73220,"South Pasadena city, California",0.4710
2010,06,place,73262,"South San Francisco city, California",0.3930
2010,06,place,73276,"South San Gabriel CDP, California",0.3890
2010,06,place,73290,"South San Jose Hills CDP, California",0.3280
2010,06,place,73388,"South Taft CDP, California",0.3550
2010,06,place,73430,"South Whittier CDP, California",0.3630
2010,06,place,73554,"Spaulding CDP, California",0.4830
2010,06,place,73612,"Spreckels CDP, California",0.3560
2010,06,place,73690,"Spring Valley CDP (Lake County), California",0.3570
2010,06,place,73696,"Spring Valley CDP (San Diego County), California",0.3750
2010,06,place,73700,"Spring Valley Lake CDP, California",0.4050
2010,06,place,73710,"Springville CDP, California",0.5170
2010,06,place,73794,"Squaw Valley CDP, California",0.3430
2010,06,place,73815,"Squirrel Mountain Valley CDP, California",0.3770
2010,06,place,73868,"Stallion Springs CDP, California",0.3390
2010,06,place,73906,"Stanford CDP, California",0.6240
2010,06,place,73962,"Stanton city, California",0.3990
2010,06,place,74130,"Stevenson Ranch CDP, California",0.4030
2010,06,place,74144,"Stevinson CDP, California",0.4240
2010,06,place,74172,"Stinson Beach CDP, California",0.3400
2010,06,place,74186,"Stirling City CDP, California",0.3460
2010,06,place,75000,"Stockton city, California",0.4410
2010,06,place,75154,"Stonyford CDP, California",0.3780
2010,06,place,75252,"Stratford CDP, California",0.2510
2010,06,place,75280,"Strathmore CDP, California",0.4500
2010,06,place,75315,"Strawberry CDP (Marin County), California",0.5140
2010,06,place,75596,"Sugarloaf Village CDP, California",0.2470
2010,06,place,75630,"Suisun City city, California",0.3410
2010,06,place,75672,"Sultana CDP, California",0.3440
2010,06,place,75714,"Summerland CDP, California",0.4910
2010,06,place,75994,"Sunnyside CDP, California",0.3460
2010,06,place,76015,"Sunnyside-Tahoe City CDP, California",0.3840
2010,06,place,76022,"Sunnyslope CDP, California",0.3720
2010,06,place,76040,"Sunny Slopes CDP, California",0.0410
2010,06,place,77000,"Sunnyvale city, California",0.4070
2010,06,place,77042,"Sunol CDP, California",0.5400
2010,06,place,77126,"Sunset Beach CDP, California",0.4800
2010,06,place,77308,"Sun Village CDP, California",0.3600
2010,06,place,77364,"Susanville city, California",0.4290
2010,06,place,77378,"Sutter CDP, California",0.3440
2010,06,place,77392,"Sutter Creek city, California",0.3860
2010,06,place,77430,"Swall Meadows CDP, California",0.3220
2010,06,place,77574,"Taft city, California",0.4320
2010,06,place,77588,"Taft Heights CDP, California",0.4140
2010,06,place,77595,"Taft Mosswood CDP, California",0.2980
2010,06,place,77700,"Tahoe Vista CDP, California",0.3700
2010,06,place,77728,"Tahoma CDP, California",0.3850
2010,06,place,77784,"Talmage CDP, California",0.4200
2010,06,place,77805,"Tamalpais-Homestead Valley CDP, California",0.4290
2010,06,place,77924,"Tara Hills CDP, California",0.4350
2010,06,place,77960,"Tarpey Village CDP, California",0.3350
2010,06,place,78008,"Taylorsville CDP, California",0.2390
2010,06,place,78050,"Tecopa CDP, California",0.2550
2010,06,place,78092,"Tehachapi city, California",0.4310
2010,06,place,78106,"Tehama city, California",0.4040
2010,06,place,78120,"Temecula city, California",0.3810
2010,06,place,78126,"Temelec CDP, California",0.4170
2010,06,place,78134,"Temescal Valley CDP, California",0.3510
2010,06,place,78148,"Temple City city, California",0.3940
2010,06,place,78162,"Templeton CDP, California",0.4220
2010,06,place,78176,"Tennant CDP, California",0.2360
2010,06,place,78232,"Terminous CDP, California",0.4190
2010,06,place,78288,"Terra Bella CDP, California",0.4500
2010,06,place,78336,"Teviston CDP, California",0.4110
2010,06,place,78456,"Thermal CDP, California",0.3420
2010,06,place,78470,"Thermalito CDP, California",0.3890
2010,06,place,78568,"Thornton CDP, California",0.3630
2010,06,place,78582,"Thousand Oaks city, California",0.4340
2010,06,place,78596,"Thousand Palms CDP, California",0.3500
2010,06,place,78638,"Three Rivers CDP, California",0.4040
2010,06,place,78652,"Three Rocks CDP, California",0.3500
2010,06,place,78666,"Tiburon town, California",0.5570
2010,06,place,78715,"Timber Cove CDP, California",0.4390
2010,06,place,78750,"Tipton CDP, California",0.3620
2010,06,place,78890,"Tomales CDP, California",0.3070
2010,06,place,78932,"Tonyville CDP, California",0.3610
2010,06,place,78949,"Tooleville CDP, California",0.3510
2010,06,place,78960,"Topanga CDP, California",0.4740
2010,06,place,79529,"Toro Canyon CDP, California",0.4860
2010,06,place,80000,"Torrance city, California",0.4130
2010,06,place,80238,"Tracy city, California",0.3950
2010,06,place,80266,"Tranquillity CDP, California",0.3840
2010,06,place,80280,"Traver CDP, California",0.3640
2010,06,place,80364,"Tres Pinos CDP, California",0.4920
2010,06,place,80448,"Trinidad city, California",0.3450
2010,06,place,80476,"Trinity Center CDP, California",0.4330
2010,06,place,80483,"Trinity Village CDP, California",0.2270
2010,06,place,80560,"Trowbridge CDP, California",0.3020
2010,06,place,80588,"Truckee town, California",0.3970
2010,06,place,80644,"Tulare city, California",0.4010
2010,06,place,80686,"Tulelake city, California",0.3900
2010,06,place,80763,"Tuolumne City CDP, California",0.4140
2010,06,place,80784,"Tupman CDP, California",0.4270
2010,06,place,80812,"Turlock city, California",0.4260
2010,06,place,80854,"Tustin city, California",0.4280
2010,06,place,80882,"Tuttle CDP, California",0.0490
2010,06,place,80896,"Tuttletown CDP, California",0.3860
2010,06,place,80952,"Twain CDP, California",0.2090
2010,06,place,80966,"Twain Harte CDP, California",0.3950
2010,06,place,80994,"Twentynine Palms city, California",0.3950
2010,06,place,81050,"Twin Lakes CDP, California",0.4780
2010,06,place,81134,"Ukiah city, California",0.4100
2010,06,place,81204,"Union City city, California",0.3800
2010,06,place,81302,"University of California Davis CDP, California",0.4530
2010,06,place,81344,"Upland city, California",0.4220
2010,06,place,81358,"Upper Lake CDP, California",0.3630
2010,06,place,81554,"Vacaville city, California",0.3840
2010,06,place,81638,"Valinda CDP, California",0.3380
2010,06,place,81652,"Vallecito CDP, California",0.3840
2010,06,place,81666,"Vallejo city, California",0.4200
2010,06,place,81708,"Valle Vista CDP, California",0.4470
2010,06,place,81722,"Valley Acres CDP, California",0.2910
2010,06,place,81736,"Valley Center CDP, California",0.3550
2010,06,place,81778,"Valley Ford CDP, California",0.0040
2010,06,place,81792,"Valley Home CDP, California",0.3620
2010,06,place,81869,"Valley Ranch CDP, California",0.2380
2010,06,place,81890,"Valley Springs CDP, California",0.3620
2010,06,place,81967,"Val Verde CDP, California",0.3430
2010,06,place,82072,"Vandenberg AFB CDP, California",0.3290
2010,06,place,82086,"Vandenberg Village CDP, California",0.3370
2010,06,place,82334,"Verdi CDP, California",0.1970
2010,06,place,82422,"Vernon city, California",0.3950
2010,06,place,82562,"Victor CDP, California",0.3730
2010,06,place,82590,"Victorville city, California",0.4020
2010,06,place,82667,"View Park-Windsor Hills CDP, California",0.4130
2010,06,place,82744,"Villa Park city, California",0.4480
2010,06,place,82786,"Vina CDP, California",0.4360
2010,06,place,82814,"Vincent CDP, California",0.3290
2010,06,place,82842,"Vine Hill CDP, California",0.4430
2010,06,place,82852,"Vineyard CDP, California",0.3760
2010,06,place,82954,"Visalia city, California",0.4370
2010,06,place,82996,"Vista city, California",0.3890
2010,06,place,83085,"Vista Santa Rosa CDP, California",0.3950
2010,06,place,83094,"Volcano CDP, California",0.0400
2010,06,place,83108,"Volta CDP, California",0.0070
2010,06,place,83215,"Contra Costa Centre CDP, California",0.3710
2010,06,place,83262,"Walker CDP, California",0.3850
2010,06,place,83304,"Wallace CDP, California",0.5000
2010,06,place,83332,"Walnut city, California",0.3790
2010,06,place,83346,"Walnut Creek city, California",0.4450
2010,06,place,83374,"Walnut Grove CDP, California",0.4220
2010,06,place,83402,"Walnut Park CDP, California",0.4140
2010,06,place,83460,"Warm Springs CDP, California",0.3300
2010,06,place,83542,"Wasco city, California",0.4090
2010,06,place,83570,"Washington CDP, California",0.1900
2010,06,place,83612,"Waterford city, California",0.3590
2010,06,place,83626,"Waterloo CDP, California",0.5120
2010,06,place,83668,"Watsonville city, California",0.4070
2010,06,place,83724,"Waukena CDP, California",0.5300
2010,06,place,83766,"Wawona CDP, California",0.1500
2010,06,place,83794,"Weaverville CDP, California",0.3560
2010,06,place,83850,"Weed city, California",0.4350
2010,06,place,83863,"Weedpatch CDP, California",0.3990
2010,06,place,83948,"Weldon CDP, California",0.3920
2010,06,place,84004,"Weott CDP, California",0.4850
2010,06,place,84116,"West Athens CDP, California",0.4710
2010,06,place,84120,"West Bishop CDP, California",0.3740
2010,06,place,84144,"West Carson CDP, California",0.3840
2010,06,place,84200,"West Covina city, California",0.3910
2010,06,place,84345,"West Goshen CDP, California",0.2740
2010,06,place,84385,"Westhaven-Moonstone CDP, California",0.4320
2010,06,place,84410,"West Hollywood city, California",0.5060
2010,06,place,84438,"Westlake Village city, California",0.4950
2010,06,place,84480,"Westley CDP, California",0.2660
2010,06,place,84536,"West Menlo Park CDP, California",0.5420
2010,06,place,84550,"Westminster city, California",0.4220
2010,06,place,84578,"West Modesto CDP, California",0.4060
2010,06,place,84592,"Westmont CDP, California",0.4360
2010,06,place,84606,"Westmorland city, California",0.4290
2010,06,place,84680,"West Park CDP, California",0.3080
2010,06,place,84732,"West Point CDP, California",0.4270
2010,06,place,84774,"West Puente Valley CDP, California",0.3490
2010,06,place,84780,"West Rancho Dominguez CDP, California",0.4840
2010,06,place,84816,"West Sacramento city, California",0.4120
2010,06,place,84921,"West Whittier-Los Nietos CDP, California",0.3880
2010,06,place,84928,"Westwood CDP, California",0.4810
2010,06,place,85012,"Wheatland city, California",0.3690
2010,06,place,85206,"Whitewater CDP, California",0.3440
2010,06,place,85222,"Whitley Gardens CDP, California",0.3000
2010,06,place,85292,"Whittier city, California",0.4180
2010,06,place,85446,"Wildomar city, California",0.3940
2010,06,place,85551,"Wilkerson CDP, California",0.4220
2010,06,place,85586,"Williams city, California",0.3540
2010,06,place,85600,"Willits city, California",0.4950
2010,06,place,85614,"Willowbrook CDP, California",0.4390
2010,06,place,85642,"Willow Creek CDP, California",0.4490
2010,06,place,85684,"Willows city, California",0.4440
2010,06,place,85880,"Wilton CDP, California",0.4370
2010,06,place,85894,"Winchester CDP, California",0.3940
2010,06,place,85922,"Windsor town, California",0.3680
2010,06,place,85992,"Winter Gardens CDP, California",0.3640
2010,06,place,86020,"Winterhaven CDP, California",0.4180
2010,06,place,86034,"Winters city, California",0.3960
2010,06,place,86076,"Winton CDP, California",0.4140
2010,06,place,86174,"Wofford Heights CDP, California",0.4810
2010,06,place,86216,"Woodacre CDP, California",0.4010
2010,06,place,86230,"Woodbridge CDP, California",0.5200
2010,06,place,86244,"Woodcrest CDP, California",0.3960
2010,06,place,86300,"Woodlake city, California",0.3850
2010,06,place,86328,"Woodland city, California",0.4220
2010,06,place,86380,"Woodlands CDP, California",0.3840
2010,06,place,86440,"Woodside town, California",0.5630
2010,06,place,86482,"Woodville CDP, California",0.4060
2010,06,place,86594,"Wrightwood CDP, California",0.3450
2010,06,place,86678,"Yankee Hill CDP, California",0.4610
2010,06,place,86734,"Yettem CDP, California",0.0700
2010,06,place,86804,"Yolo CDP, California",0.5010
2010,06,place,86832,"Yorba Linda city, California",0.4280
2010,06,place,86878,"Yosemite Lakes CDP, California",0.4020
2010,06,place,86912,"Yosemite Valley CDP, California",0.2160
2010,06,place,86930,"Yountville city, California",0.4630
2010,06,place,86944,"Yreka city, California",0.4970
2010,06,place,86972,"Yuba City city, California",0.4160
2010,06,place,87042,"Yucaipa city, California",0.4260
2010,06,place,87056,"Yucca Valley town, California",0.4270
2010,06,place,87090,"Zayante CDP, California",0.3630
2010,06,place,26000,"Fremont city, California",0.3860
2010,06,place,26028,"French Camp CDP, California",0.3670
2010,06,place,26056,"French Gulch CDP, California",0.3520
2010,06,place,26067,"French Valley CDP, California",0.3330
2010,06,place,27000,"Fresno city, California",0.4680
2010,06,place,27014,"Friant CDP, California",0.4540
2010,06,place,27080,"Fruitdale CDP, California",0.5200
2010,06,place,27130,"Fruitridge Pocket CDP, California",0.4260
2010,06,place,27190,"Fuller Acres CDP, California",0.3940
2010,06,place,28000,"Fullerton city, California",0.4460
2010,06,place,28014,"Fulton CDP, California",0.3620
2010,06,place,28021,"Furnace Creek CDP, California",0.3190
2010,06,place,28112,"Galt city, California",0.3390
2010,06,place,28154,"Garberville CDP, California",0.4990
2010,06,place,28168,"Gardena city, California",0.4270
2010,06,place,28182,"Garden Acres CDP, California",0.3780
2010,06,place,28210,"Garden Farms CDP, California",0.4410
2010,06,place,29000,"Garden Grove city, California",0.4050
2010,06,place,29070,"Garey CDP, California",0.2780
2010,06,place,29112,"Garnet CDP, California",0.3700
2010,06,place,29154,"Gasquet CDP, California",0.2820
2010,06,place,29252,"Gazelle CDP, California",0.4000
2010,06,place,29350,"Georgetown CDP, California",0.3840
2010,06,place,29392,"Gerber CDP, California",0.3360
2010,06,place,29420,"Geyserville CDP, California",0.4400
2010,06,place,29504,"Gilroy city, California",0.4470
2010,06,place,29644,"Glen Avon CDP, California",0.3980
2010,06,place,30000,"Glendale city, California",0.4870
2010,06,place,30014,"Glendora city, California",0.4390
2010,06,place,30028,"Glen Ellen CDP, California",0.3180
2010,06,place,30282,"Golden Hills CDP, California",0.4340
2010,06,place,30345,"Gold River CDP, California",0.4370
2010,06,place,30378,"Goleta city, California",0.4010
2010,06,place,30392,"Gonzales city, California",0.3600
2010,06,place,30410,"Good Hope CDP, California",0.4490
2010,06,place,30420,"Goodyears Bar CDP, California",0.1150
2010,06,place,30476,"Goshen CDP, California",0.3510
2010,06,place,30560,"Graeagle CDP, California",0.3670
2010,06,place,30658,"Grand Terrace city, California",0.4010
2010,06,place,30686,"Grangeville CDP, California",0.4540
2010,06,place,30693,"Granite Bay CDP, California",0.4520
2010,06,place,30703,"Granite Hills CDP, California",0.5140
2010,06,place,30798,"Grass Valley city, California",0.4860
2010,06,place,30812,"Graton CDP, California",0.3760
2010,06,place,30882,"Grayson CDP, California",0.2640
2010,06,place,30900,"Greeley Hill CDP, California",0.4740
2010,06,place,30938,"Greenacres CDP, California",0.4000
2010,06,place,30944,"Green Acres CDP, California",0.4100
2010,06,place,30987,"Greenfield CDP, California",0.3980
2010,06,place,30994,"Greenfield city, California",0.3620
2010,06,place,31029,"Greenhorn CDP, California",0.2950
2010,06,place,31092,"Green Valley CDP (Los Angeles County), California",0.3330
2010,06,place,31099,"Green Valley CDP (Solano County), California",0.3270
2010,06,place,31134,"Greenview CDP, California",0.3160
2010,06,place,31162,"Greenville CDP, California",0.3840
2010,06,place,31246,"Grenada CDP, California",0.5150
2010,06,place,31260,"Gridley city, California",0.4220
2010,06,place,31288,"Grimes CDP, California",0.2830
2010,06,place,31302,"Grizzly Flats CDP, California",0.4080
2010,06,place,31372,"Groveland CDP, California",0.3930
2010,06,place,31393,"Grover Beach city, California",0.4180
2010,06,place,31414,"Guadalupe city, California",0.3260
2010,06,place,31470,"Guerneville CDP, California",0.4890
2010,06,place,31540,"Guinda CDP, California",0.4170
2010,06,place,31568,"Gustine city, California",0.3950
2010,06,place,31596,"Hacienda Heights CDP, California",0.4250
2010,06,place,31708,"Half Moon Bay city, California",0.4450
2010,06,place,31883,"Hamilton Branch CDP, California",0.3660
2010,06,place,31890,"Hamilton City CDP, California",0.4190
2010,06,place,31960,"Hanford city, California",0.3950
2010,06,place,32030,"Happy Camp CDP, California",0.4100
2010,06,place,32044,"Harbison Canyon CDP, California",0.3730
2010,06,place,32156,"Hardwick CDP, California",0.6430
2010,06,place,32340,"Hartley CDP, California",0.3670
2010,06,place,32385,"Hasley Canyon CDP, California",0.4050
2010,06,place,32408,"Hat Creek CDP, California",0.3790
2010,06,place,32506,"Hawaiian Gardens city, California",0.3590
2010,06,place,32548,"Hawthorne city, California",0.4120
2010,06,place,32562,"Hayfork CDP, California",0.3740
2010,06,place,33000,"Hayward city, California",0.4110
2010,06,place,33056,"Healdsburg city, California",0.4490
2010,06,place,33084,"Heber CDP, California",0.4090
2010,06,place,33182,"Hemet city, California",0.4320
2010,06,place,33294,"Herald CDP, California",0.3100
2010,06,place,33308,"Hercules city, California",0.3960
2010,06,place,33336,"Herlong CDP, California",0.1120
2010,06,place,33364,"Hermosa Beach city, California",0.4560
2010,06,place,33434,"Hesperia city, California",0.4030
2010,06,place,33504,"Hickman CDP, California",0.3100
2010,06,place,33518,"Hidden Hills city, California",0.4610
2010,06,place,33532,"Hidden Meadows CDP, California",0.4150
2010,06,place,33549,"Hidden Valley Lake CDP, California",0.3890
2010,06,place,33574,"Highgrove CDP, California",0.4370
2010,06,place,33588,"Highland city, California",0.4330
2010,06,place,33633,"Highlands-Baywood Park CDP, California",0.4080
2010,06,place,33798,"Hillsborough town, California",0.4980
2010,06,place,33861,"Hilmar-Irwin CDP, California",0.4260
2010,06,place,33935,"Hiouchi CDP, California",0.4650
2010,06,place,34120,"Hollister city, California",0.3890
2010,06,place,34246,"Holtville city, California",0.5020
2010,06,place,34281,"Home Garden CDP, California",0.3940
2010,06,place,34302,"Home Gardens CDP, California",0.3790
2010,06,place,34316,"Homeland CDP, California",0.3980
2010,06,place,34392,"Homestead Valley CDP, California",0.3980
2010,06,place,34405,"Homewood Canyon CDP, California",0.3000
2010,06,place,34428,"Honcut CDP, California",0.2750
2010,06,place,34484,"Hood CDP, California",0.3420
2010,06,place,34652,"Hopland CDP, California",0.3170
2010,06,place,34694,"Hornbrook CDP, California",0.4410
2010,06,place,34904,"Hughson city, California",0.4000
2010,06,place,34928,"Humboldt Hill CDP, California",0.4510
2010,06,place,36000,"Huntington Beach city, California",0.4260
2010,06,place,36056,"Huntington Park city, California",0.4170
2010,06,place,36084,"Huron city, California",0.4150
2010,06,place,36098,"Hyampom CDP, California",0.1980
2010,06,place,36126,"Hydesville CDP, California",0.3970
2010,06,place,36168,"Idlewild CDP, California",0.1020
2010,06,place,36203,"Idyllwild-Pine Cove CDP, California",0.4700
2010,06,place,36280,"Imperial city, California",0.3760
2010,06,place,36294,"Imperial Beach city, California",0.4110
2010,06,place,36350,"Independence CDP, California",0.3460
2010,06,place,36420,"Indianola CDP, California",0.4290
2010,06,place,36434,"Indian Wells city, California",0.5420
2010,06,place,36448,"Indio city, California",0.4340
2010,06,place,36452,"Indio Hills CDP, California",0.3200
2010,06,place,36490,"Industry city, California",0.6290
2010,06,place,36546,"Inglewood city, California",0.4300
2010,06,place,36613,"Interlaken CDP, California",0.5540
2010,06,place,36616,"Inverness CDP, California",0.4760
2010,06,place,36658,"Inyokern CDP, California",0.5170
2010,06,place,36672,"Ione city, California",0.3520
2010,06,place,36735,"Iron Horse CDP, California",0.1860
2010,06,place,36770,"Irvine city, California",0.4410
2010,06,place,36826,"Irwindale city, California",0.3710
2010,06,place,36868,"Isla Vista CDP, California",0.5220
2010,06,place,36882,"Isleton city, California",0.4210
2010,06,place,36910,"Ivanhoe CDP, California",0.3310
2010,06,place,36980,"Jackson city, California",0.3880
2010,06,place,37022,"Jacumba CDP, California",0.2430
2010,06,place,37106,"Jamestown CDP, California",0.4360
2010,06,place,37120,"Jamul CDP, California",0.3940
2010,06,place,37134,"Janesville CDP, California",0.4040
2010,06,place,37274,"Jenner CDP, California",0.2930
2010,06,place,37400,"Johannesburg CDP, California",0.2970
2010,06,place,37484,"Johnstonville CDP, California",0.3830
2010,06,place,37554,"Joshua Tree CDP, California",0.4460
2010,06,place,37582,"Julian CDP, California",0.4320
2010,06,place,37596,"Junction City CDP, California",0.4110
2010,06,place,37624,"June Lake CDP, California",0.3920
2010,06,place,37904,"Keddie CDP, California",0.1220
2010,06,place,37918,"Keeler CDP, California",0.2940
2010,06,place,37946,"Keene CDP, California",0.4300
2010,06,place,38024,"Kelly Ridge CDP, California",0.4560
2010,06,place,38044,"Kelseyville CDP, California",0.3300
2010,06,place,38065,"Kennedy CDP, California",0.4190
2010,06,place,38086,"Kensington CDP, California",0.3850
2010,06,place,38114,"Kentfield CDP, California",0.5530
2010,06,place,38156,"Kenwood CDP, California",0.5730
2010,06,place,38226,"Kerman city, California",0.4320
2010,06,place,38310,"Kernville CDP, California",0.5600
2010,06,place,38352,"Keswick CDP, California",0.3230
2010,06,place,38394,"Kettleman City CDP, California",0.3890
2010,06,place,38422,"Keyes CDP, California",0.3700
2010,06,place,38520,"King City city, California",0.3520
2010,06,place,38548,"Kings Beach CDP, California",0.4210
2010,06,place,38562,"Kingsburg city, California",0.4180
2010,06,place,38604,"Kingvale CDP, California",0.1360
2010,06,place,38646,"Kirkwood CDP, California",0.0730
2010,06,place,38702,"Klamath CDP, California",0.4310
2010,06,place,38772,"Knightsen CDP, California",0.3910
2010,06,place,38800,"Knights Landing CDP, California",0.4030
2010,06,place,39003,"La Cañada Flintridge city, California",0.5200
2010,06,place,39045,"La Crescenta-Montrose CDP, California",0.4140
2010,06,place,39094,"Ladera CDP, California",0.3960
2010,06,place,39108,"Ladera Heights CDP, California",0.4010
2010,06,place,39114,"Ladera Ranch CDP, California",0.3600
2010,06,place,39122,"Lafayette city, California",0.4600
2010,06,place,39178,"Laguna Beach city, California",0.5740
2010,06,place,39220,"Laguna Hills city, California",0.5130
2010,06,place,39248,"Laguna Niguel city, California",0.4420
2010,06,place,39259,"Laguna Woods city, California",0.4560
2010,06,place,39283,"Lagunitas-Forest Knolls CDP, California",0.3280
2010,06,place,39290,"La Habra city, California",0.4050
2010,06,place,39304,"La Habra Heights city, California",0.4560
2010,06,place,39318,"La Honda CDP, California",0.3690
2010,06,place,39411,"Lake Almanor Country Club CDP, California",0.3830
2010,06,place,39420,"Lake Almanor Peninsula CDP, California",0.2540
2010,06,place,39425,"Lake Almanor West CDP, California",0.3530
2010,06,place,39444,"Lake Arrowhead CDP, California",0.5150
2010,06,place,39460,"Lake California CDP, California",0.3270
2010,06,place,39472,"Lake City CDP, California",0.3690
2010,06,place,39484,"Lake Don Pedro CDP, California",0.4190
2010,06,place,39486,"Lake Elsinore city, California",0.3970
2010,06,place,39496,"Lake Forest city, California",0.3780
2010,06,place,39514,"Lakehead CDP, California",0.3580
2010,06,place,39556,"Lake Hughes CDP, California",0.4000
2010,06,place,39570,"Lake Isabella CDP, California",0.4800
2010,06,place,39598,"Lakeland Village CDP, California",0.4420
2010,06,place,39612,"Lake Los Angeles CDP, California",0.4020
2010,06,place,39645,"Lake Mathews CDP, California",0.3950
2010,06,place,39670,"Lake Nacimiento CDP, California",0.3690
2010,06,place,39690,"Lake of the Pines CDP, California",0.3830
2010,06,place,39696,"Lake of the Woods CDP, California",0.2990
2010,06,place,39710,"Lakeport city, California",0.4930
2010,06,place,39715,"Lake Riverside CDP, California",0.3040
2010,06,place,39724,"Lake San Marcos CDP, California",0.4900
2010,06,place,39735,"Lake Sherwood CDP, California",0.4850
2010,06,place,39766,"Lakeside CDP, California",0.3790
2010,06,place,39836,"Lakeview CDP, California",0.1950
2010,06,place,39885,"Lake Wildwood CDP, California",0.3650
2010,06,place,39892,"Lakewood city, California",0.3500
2010,06,place,40004,"La Mesa city, California",0.4230
2010,06,place,40032,"La Mirada city, California",0.3960
2010,06,place,40088,"Lamont CDP, California",0.4030
2010,06,place,40116,"Lanare CDP, California",0.3490
2010,06,place,40130,"Lancaster city, California",0.4450
2010,06,place,40256,"La Palma city, California",0.4030
2010,06,place,40312,"La Porte CDP, California",0.3120
2010,06,place,40326,"La Presa CDP, California",0.3930
2010,06,place,40340,"La Puente city, California",0.3630
2010,06,place,40354,"La Quinta city, California",0.5010
2010,06,place,40410,"La Riviera CDP, California",0.3950
2010,06,place,40426,"Larkfield-Wikiup CDP, California",0.4120
2010,06,place,40438,"Larkspur city, California",0.4920
2010,06,place,40508,"La Selva Beach CDP, California",0.4160
2010,06,place,40526,"Las Flores CDP (Orange County), California",0.3710
2010,06,place,40536,"Las Flores CDP (Tehama County), California",0.3680
2010,06,place,40592,"Las Lomas CDP, California",0.3580
2010,06,place,40704,"Lathrop city, California",0.3490
2010,06,place,40746,"Laton CDP, California",0.3560
2010,06,place,40830,"La Verne city, California",0.4040
2010,06,place,40872,"La Vina CDP, California",0.3270
2010,06,place,40886,"Lawndale city, California",0.4070
2010,06,place,40928,"Laytonville CDP, California",0.3750
2010,06,place,40956,"Lebec CDP, California",0.3230
2010,06,place,40998,"Lee Vining CDP, California",0.1340
2010,06,place,41026,"Leggett CDP, California",0.4390
2010,06,place,41040,"Le Grand CDP, California",0.3770
2010,06,place,41110,"Lemon Cove CDP, California",0.4040
2010,06,place,41124,"Lemon Grove city, California",0.4050
2010,06,place,41142,"Lemon Hill CDP, California",0.3910
2010,06,place,41152,"Lemoore city, California",0.3720
2010,06,place,41166,"Lemoore Station CDP, California",0.3520
2010,06,place,41180,"Lennox CDP, California",0.3900
2010,06,place,41194,"Lenwood CDP, California",0.3430
2010,06,place,41208,"Leona Valley CDP, California",0.4190
2010,06,place,41278,"Lewiston CDP, California",0.3700
2010,06,place,41282,"Lexington Hills CDP, California",0.3660
2010,06,place,41390,"Likely CDP, California",0.2800
2010,06,place,41474,"Lincoln city, California",0.3760
2010,06,place,41558,"Lincoln Village CDP, California",0.3450
2010,06,place,41572,"Linda CDP, California",0.4100
2010,06,place,41656,"Lindcove CDP, California",0.3060
2010,06,place,41670,"Linden CDP, California",0.4250
2010,06,place,41712,"Lindsay city, California",0.4650
2010,06,place,41740,"Linnell Camp CDP, California",0.2830
2010,06,place,41782,"Litchfield CDP, California",0.4040
2010,06,place,41866,"Little River CDP, California",0.4350
2010,06,place,41880,"Littlerock CDP, California",0.3240
2010,06,place,41922,"Live Oak CDP, California",0.4290
2010,06,place,41936,"Live Oak city, California",0.3590
2010,06,place,41992,"Livermore city, California",0.3880
2010,06,place,42006,"Livingston city, California",0.3920
2010,06,place,42104,"Lockeford CDP, California",0.4550
2010,06,place,42146,"Lockwood CDP, California",0.3710
2010,06,place,42202,"Lodi city, California",0.4440
2010,06,place,42230,"Lodoga CDP, California",0.3490
2010,06,place,42328,"Loleta CDP, California",0.4450
2010,06,place,42370,"Loma Linda city, California",0.4630
2010,06,place,42384,"Loma Mar CDP, California",0.0610
2010,06,place,42412,"Loma Rica CDP, California",0.2940
2010,06,place,42468,"Lomita city, California",0.4160
2010,06,place,42510,"Lompico CDP, California",0.3010
2010,06,place,42524,"Lompoc city, California",0.4120
2010,06,place,42566,"London CDP, California",0.4480
2010,06,place,42580,"Lone Pine CDP, California",0.4210
2010,06,place,42622,"Long Barn CDP, California",0.5060
2010,06,place,43000,"Long Beach city, California",0.4700
2010,06,place,43126,"Lookout CDP, California",0.3030
2010,06,place,43140,"Loomis town, California",0.4230
2010,06,place,43224,"Los Alamitos city, California",0.4040
2010,06,place,43252,"Los Alamos CDP, California",0.4170
2010,06,place,43280,"Los Altos city, California",0.4640
2010,06,place,43294,"Los Altos Hills town, California",0.5040
2010,06,place,44000,"Los Angeles city, California",0.5220
2010,06,place,44028,"Los Banos city, California",0.4200
2010,06,place,44042,"Los Berros CDP, California",0.4010
2010,06,place,44112,"Los Gatos town, California",0.4690
2010,06,place,44140,"Los Molinos CDP, California",0.4100
2010,06,place,44168,"Los Olivos CDP, California",0.4680
2010,06,place,44182,"Los Osos CDP, California",0.3890
2010,06,place,44242,"Los Ranchos CDP, California",0.4840
2010,06,place,44280,"Lost Hills CDP, California",0.3430
2010,06,place,44350,"Lower Lake CDP, California",0.3860
2010,06,place,44364,"Loyalton city, California",0.3130
2010,06,place,44378,"Loyola CDP, California",0.4190
2010,06,place,44399,"Lucas Valley-Marinwood CDP, California",0.4220
2010,06,place,44406,"Lucerne CDP, California",0.4050
2010,06,place,44420,"Lucerne Valley CDP, California",0.4390
2010,06,place,44574,"Lynwood city, California",0.3870
2010,06,place,44644,"Lytle Creek CDP, California",0.3870
2010,06,place,44672,"Mabie CDP, California",0.3080
2010,06,place,44700,"McArthur CDP, California",0.5120
2010,06,place,44760,"McClellan Park CDP, California",0.4290
2010,06,place,44784,"McCloud CDP, California",0.4390
2010,06,place,44812,"Macdoel CDP, California",0.2790
2010,06,place,44826,"McFarland city, California",0.3930
2010,06,place,44910,"McKinleyville CDP, California",0.4280
2010,06,place,44924,"McKittrick CDP, California",0.2410
2010,06,place,45006,"McSwain CDP, California",0.3880
2010,06,place,45022,"Madera city, California",0.4200
2010,06,place,45050,"Madera Acres CDP, California",0.3960
2010,06,place,45064,"Madison CDP, California",0.2070
2010,06,place,45092,"Mad River CDP, California",0.3780
2010,06,place,45120,"Magalia CDP, California",0.3800
2010,06,place,45232,"Malaga CDP, California",0.4930
2010,06,place,45246,"Malibu city, California",0.5840
2010,06,place,45358,"Mammoth Lakes town, California",0.4200
2010,06,place,45386,"Manchester CDP, California",0.3100
2010,06,place,45400,"Manhattan Beach city, California",0.5030
2010,06,place,45414,"Manila CDP, California",0.3060
2010,06,place,45484,"Manteca city, California",0.3790
2010,06,place,45512,"Manton CDP, California",0.3240
2010,06,place,45680,"March ARB CDP, California",0.3350
2010,06,place,45736,"Maricopa city, California",0.3540
2010,06,place,45778,"Marina city, California",0.4170
2010,06,place,45806,"Marina del Rey CDP, California",0.4270
2010,06,place,45820,"Marin City CDP, California",0.4840
2010,06,place,45932,"Mariposa CDP, California",0.3860
2010,06,place,45988,"Markleeville CDP, California",0.2700
2010,06,place,46100,"Martell CDP, California",0.4060
2010,06,place,46114,"Martinez city, California",0.4040
2010,06,place,46170,"Marysville city, California",0.4480
2010,06,place,46223,"Matheny CDP, California",0.4150
2010,06,place,46226,"Mather CDP, California",0.3150
2010,06,place,46338,"Maxwell CDP, California",0.4260
2010,06,place,46400,"Mayfair CDP, California",0.4080
2010,06,place,46436,"Mayflower Village CDP, California",0.3780
2010,06,place,46492,"Maywood city, California",0.3810
2010,06,place,46520,"Meadowbrook CDP, California",0.3990
2010,06,place,46618,"Meadow Valley CDP, California",0.4900
2010,06,place,46632,"Meadow Vista CDP, California",0.3600
2010,06,place,46646,"Mead Valley CDP, California",0.3900
2010,06,place,46660,"Mecca CDP, California",0.3550
2010,06,place,46702,"Meiners Oaks CDP, California",0.4730
2010,06,place,46814,"Mendocino CDP, California",0.2420
2010,06,place,46828,"Mendota city, California",0.3760
2010,06,place,46842,"Menifee city, California",0.4050
2010,06,place,46870,"Menlo Park city, California",0.5090
2010,06,place,46884,"Mentone CDP, California",0.3630
2010,06,place,46898,"Merced city, California",0.4660
2010,06,place,46926,"Meridian CDP, California",0.4010
2010,06,place,47013,"Mesa CDP, California",0.4170
2010,06,place,47066,"Mesa Verde CDP, California",0.3030
2010,06,place,47086,"Mesa Vista CDP, California",0.4100
2010,06,place,47164,"Mettler CDP, California",0.2780
2010,06,place,47192,"Mexican Colony CDP, California",0.2870
2010,06,place,47332,"Middletown CDP, California",0.3300
2010,06,place,47374,"Midpines CDP, California",0.4360
2010,06,place,47430,"Midway City CDP, California",0.4400
2010,06,place,47472,"Milford CDP, California",0.1650
2010,06,place,47486,"Millbrae city, California",0.4330
2010,06,place,47710,"Mill Valley city, California",0.4890
2010,06,place,47724,"Millville CDP, California",0.4410
2010,06,place,47766,"Milpitas city, California",0.3730
2010,06,place,47794,"Mineral CDP, California",0.3050
2010,06,place,47822,"Minkler CDP, California",0.3900
2010,06,place,47976,"Mira Loma CDP, California",0.3620
2010,06,place,48046,"Mira Monte CDP, California",0.4130
2010,06,place,48060,"Miranda CDP, California",0.1250
2010,06,place,48147,"Mission Canyon CDP, California",0.4910
2010,06,place,48186,"Mission Hills CDP, California",0.4630
2010,06,place,48256,"Mission Viejo city, California",0.4000
2010,06,place,48298,"Mi-Wuk Village CDP, California",0.3900
2010,06,place,48354,"Modesto city, California",0.4490
2010,06,place,48448,"Mohawk Vista CDP, California",0.0750
2010,06,place,48452,"Mojave CDP, California",0.5320
2010,06,place,48480,"Mokelumne Hill CDP, California",0.3850
2010,06,place,48592,"Monmouth CDP, California",0.3240
2010,06,place,48602,"Mono City CDP, California",0.0710
2010,06,place,48641,"Mono Vista CDP, California",0.3700
2010,06,place,48648,"Monrovia city, California",0.4220
2010,06,place,48676,"Monson CDP, California",0.4400
2010,06,place,48690,"Montague city, California",0.3930
2010,06,place,48718,"Montalvin Manor CDP, California",0.4400
2010,06,place,48760,"Montara CDP, California",0.3250
2010,06,place,48788,"Montclair city, California",0.4020
2010,06,place,48816,"Montebello city, California",0.4250
2010,06,place,48844,"Montecito CDP, California",0.5910
2010,06,place,48872,"Monterey city, California",0.4220
2010,06,place,48914,"Monterey Park city, California",0.4450
2010,06,place,48916,"Monterey Park Tract CDP, California",0.1810
2010,06,place,48928,"Monte Rio CDP, California",0.4720
2010,06,place,48956,"Monte Sereno city, California",0.4610
2010,06,place,48998,"Montgomery Creek CDP, California",0.4590
2010,06,place,49045,"Monument Hills CDP, California",0.3450
2010,06,place,49138,"Moorpark city, California",0.3800
2010,06,place,49180,"Morada CDP, California",0.5200
2010,06,place,49187,"Moraga town, California",0.4440
2010,06,place,49270,"Moreno Valley city, California",0.3910
2010,06,place,49278,"Morgan Hill city, California",0.4290
2010,06,place,49348,"Morongo Valley CDP, California",0.4460
2010,06,place,49362,"Morro Bay city, California",0.4290
2010,06,place,49432,"Moskowite Corner CDP, California",0.1780
2010,06,place,49446,"Moss Beach CDP, California",0.4090
2010,06,place,49488,"Moss Landing CDP, California",0.1960
2010,06,place,49544,"Mountain Center CDP, California",0.3310
2010,06,place,49558,"Mountain Gate CDP, California",0.5220
2010,06,place,49582,"Mountain House CDP, California",0.3140
2010,06,place,49600,"Mountain Mesa CDP, California",0.3340
2010,06,place,49628,"Mountain Ranch CDP, California",0.4000
2010,06,place,49651,"Mountain View CDP, California",0.3790
2010,06,place,49670,"Mountain View city, California",0.4420
2010,06,place,49684,"Mountain View Acres CDP, California",0.3710
2010,06,place,49768,"Mount Hebron CDP, California",0.3190
2010,06,place,49796,"Mount Hermon CDP, California",0.3930
2010,06,place,49810,"Mount Laguna CDP, California",0.0980
2010,06,place,49852,"Mount Shasta city, California",0.4120
2010,06,place,49950,"Muir Beach CDP, California",0.4180
2010,06,place,50034,"Murphys CDP, California",0.4680
2010,06,place,50076,"Murrieta city, California",0.3810
2010,06,place,50132,"Muscoy CDP, California",0.3600
2010,06,place,50188,"Myrtletown CDP, California",0.5460
2010,06,place,50258,"Napa city, California",0.4290
2010,06,place,50398,"National City city, California",0.4310
2010,06,place,50734,"Needles city, California",0.4870
2010,06,place,50874,"Nevada City city, California",0.3830
2010,06,place,50916,"Newark city, California",0.3550
2010,06,place,51000,"Newcastle CDP, California",0.4370
2010,06,place,51028,"New Cuyama CDP, California",0.2730
2010,06,place,51042,"Newell CDP, California",0.2910
2010,06,place,51140,"Newman city, California",0.3740
2010,06,place,51168,"New Pine Creek CDP, California",0.4650
2010,06,place,51182,"Newport Beach city, California",0.5430
2010,06,place,51294,"Nice CDP, California",0.3580
2010,06,place,51336,"Nicolaus CDP, California",0.3990
2010,06,place,51392,"Niland CDP, California",0.2810
2010,06,place,51470,"Nipinnawasee CDP, California",0.3670
2010,06,place,51476,"Nipomo CDP, California",0.4000
2010,06,place,51560,"Norco city, California",0.4070
2010,06,place,51574,"Nord CDP, California",0.3310
2010,06,place,51622,"Norris Canyon CDP, California",0.2570
2010,06,place,51637,"North Auburn CDP, California",0.4260
2010,06,place,51812,"North Edwards CDP, California",0.4170
2010,06,place,51820,"North El Monte CDP, California",0.3330
2010,06,place,51840,"North Fair Oaks CDP, California",0.4540
2010,06,place,51890,"North Gate CDP, California",0.2670
2010,06,place,51924,"North Highlands CDP, California",0.3930
2010,06,place,51990,"North Lakeport CDP, California",0.4480
2010,06,place,52162,"North Richmond CDP, California",0.5090
2010,06,place,52246,"North San Juan CDP, California",0.3180
2010,06,place,52302,"North Shore CDP, California",0.3560
2010,06,place,52379,"North Tustin CDP, California",0.4710
2010,06,place,52526,"Norwalk city, California",0.3720
2010,06,place,52582,"Novato city, California",0.4540
2010,06,place,52624,"Nuevo CDP, California",0.3410
2010,06,place,52694,"Oakdale city, California",0.4130
2010,06,place,52715,"Oak Glen CDP, California",0.2770
2010,06,place,52760,"Oak Hills CDP, California",0.3640
2010,06,place,52764,"Oakhurst CDP, California",0.4360
2010,06,place,53000,"Oakland city, California",0.5090
2010,06,place,53070,"Oakley city, California",0.3890
2010,06,place,53116,"Oak Park CDP, California",0.4050
2010,06,place,53160,"Oak Shores CDP, California",0.3420
2010,06,place,53182,"Oak View CDP, California",0.4460
2010,06,place,53196,"Oakville CDP, California",0.1700
2010,06,place,53224,"Oasis CDP, California",0.3760
2010,06,place,53266,"Occidental CDP, California",0.4480
2010,06,place,53294,"Oceano CDP, California",0.3650
2010,06,place,53322,"Oceanside city, California",0.4010
2010,06,place,53378,"Ocotillo CDP, California",0.4580
2010,06,place,53448,"Oildale CDP, California",0.4360
2010,06,place,53476,"Ojai city, California",0.4570
2010,06,place,53490,"Olancha CDP, California",0.2370
2010,06,place,53505,"Old Fig Garden CDP, California",0.4510
2010,06,place,53602,"Old Station CDP, California",0.0430
2010,06,place,53714,"Olivehurst CDP, California",0.3850
2010,06,place,53896,"Ontario city, California",0.3690
2010,06,place,53910,"Onyx CDP, California",0.2120
2010,06,place,53924,"Pleasure Point CDP, California",0.4400
2010,06,place,53980,"Orange city, California",0.4280
2010,06,place,54008,"Orange Cove city, California",0.4420
2010,06,place,54092,"Orangevale CDP, California",0.3720
2010,06,place,54120,"Orcutt CDP, California",0.3740
2010,06,place,54218,"Orick CDP, California",0.4080
2010,06,place,54232,"Orinda city, California",0.4520
2010,06,place,54274,"Orland city, California",0.3730
2010,06,place,54372,"Orosi CDP, California",0.3860
2010,06,place,54386,"Oroville city, California",0.4390
2010,06,place,54388,"Oroville East CDP, California",0.3790
2010,06,place,54652,"Oxnard city, California",0.4140
2010,06,place,54764,"Pacheco CDP, California",0.4050
2010,06,place,54806,"Pacifica city, California",0.3910
2010,06,place,54848,"Pacific Grove city, California",0.4540
2010,06,place,55044,"Pajaro CDP, California",0.3120
2010,06,place,55048,"Pajaro Dunes CDP, California",0.4600
2010,06,place,55086,"Palermo CDP, California",0.4210
2010,06,place,55156,"Palmdale city, California",0.4090
2010,06,place,55184,"Palm Desert city, California",0.4990
2010,06,place,55254,"Palm Springs city, California",0.5040
2010,06,place,55282,"Palo Alto city, California",0.4890
2010,06,place,55296,"Palo Cedro CDP, California",0.4320
2010,06,place,55380,"Palos Verdes Estates city, California",0.4910
2010,06,place,55422,"Palo Verde CDP, California",0.3710
2010,06,place,55506,"Panorama Heights CDP, California",0.3800
2010,06,place,55520,"Paradise town, California",0.4390
2010,06,place,55528,"Paradise CDP, California",0.3350
2010,06,place,55604,"Paradise Park CDP, California",0.4180
2010,06,place,55618,"Paramount city, California",0.3870
2010,06,place,55728,"Parklawn CDP, California",0.3640
2010,06,place,55751,"Parksdale CDP, California",0.3880
2010,06,place,55800,"Parkway CDP, California",0.3670
2010,06,place,55842,"Parkwood CDP, California",0.3850
2010,06,place,55856,"Parlier city, California",0.4200
2010,06,place,56000,"Pasadena city, California",0.5000
2010,06,place,56028,"Pasatiempo CDP, California",0.6260
2010,06,place,56042,"Paskenta CDP, California",0.3540
2010,06,place,56112,"Patterson city, California",0.3700
2010,06,place,56120,"Patterson Tract CDP, California",0.4880
2010,06,place,56140,"Patton Village CDP, California",0.3780
2010,06,place,56196,"Paynes Creek CDP, California",0.3680
2010,06,place,56350,"Pedley CDP, California",0.3210
2010,06,place,56476,"Penngrove CDP, California",0.3950
2010,06,place,56518,"Penn Valley CDP, California",0.3600
2010,06,place,56546,"Penryn CDP, California",0.3870
2010,06,place,56700,"Perris city, California",0.3690
2010,06,place,56756,"Pescadero CDP, California",0.3800
2010,06,place,56784,"Petaluma city, California",0.4040
2010,06,place,56798,"Peters CDP, California",0.3550
2010,06,place,56826,"Phelan CDP, California",0.4210
2010,06,place,56854,"Phillipsville CDP, California",0.5490
2010,06,place,56868,"Philo CDP, California",0.1780
2010,06,place,56870,"Phoenix Lake CDP, California",0.3860
2010,06,place,56924,"Pico Rivera city, California",0.3710
2010,06,place,56938,"Piedmont city, California",0.4290
2010,06,place,57036,"Pike CDP, California",0.2060
2010,06,place,57070,"Pine Canyon CDP, California",0.3140
2010,06,place,57134,"Pine Flat CDP, California",0.5400
2010,06,place,57148,"Pine Grove CDP, California",0.3810
2010,06,place,57204,"Pine Hills CDP, California",0.4020
2010,06,place,57240,"Pine Mountain Club CDP, California",0.4150
2010,06,place,57244,"Pine Mountain Lake CDP, California",0.3970
2010,06,place,57260,"Pine Valley CDP, California",0.3220
2010,06,place,57288,"Pinole city, California",0.3440
2010,06,place,57302,"Pi?on Hills CDP, California",0.5470
2010,06,place,57330,"Pioneer CDP, California",0.4000
2010,06,place,57372,"Piru CDP, California",0.3690
2010,06,place,57414,"Pismo Beach city, California",0.5120
2010,06,place,57456,"Pittsburg city, California",0.4020
2010,06,place,57512,"Pixley CDP, California",0.5220
2010,06,place,57526,"Placentia city, California",0.4050
2010,06,place,57540,"Placerville city, California",0.4100
2010,06,place,57568,"Plainview CDP, California",0.4960
2010,06,place,57582,"Planada CDP, California",0.4160
2010,06,place,57764,"Pleasant Hill city, California",0.4220
2010,06,place,57792,"Pleasanton city, California",0.4050
2010,06,place,57828,"Plumas Eureka CDP, California",0.3740
2010,06,place,57829,"Plumas Lake CDP, California",0.2800
2010,06,place,57834,"Plymouth city, California",0.4160
2010,06,place,57876,"Point Arena city, California",0.4300
2010,06,place,57960,"Point Reyes Station CDP, California",0.4890
2010,06,place,58030,"Pollock Pines CDP, California",0.3930
2010,06,place,58072,"Pomona city, California",0.4010
2010,06,place,58134,"Ponderosa CDP, California",0.0710
2010,06,place,58191,"Poplar-Cotton Center CDP, California",0.3860
2010,06,place,58226,"Port Costa CDP, California",0.1860
2010,06,place,58240,"Porterville city, California",0.4300
2010,06,place,58296,"Port Hueneme city, California",0.3870
2010,06,place,58352,"Portola city, California",0.5050
2010,06,place,58380,"Portola Valley town, California",0.5580
2010,06,place,58478,"Potrero CDP, California",0.3900
2010,06,place,58506,"Potter Valley CDP, California",0.3120
2010,06,place,58520,"Poway city, California",0.4200
2010,06,place,58758,"Princeton CDP, California",0.3920
2010,06,place,58814,"Proberta CDP, California",0.3520
2010,06,place,58870,"Prunedale CDP, California",0.3880
2010,06,place,59052,"Quartz Hill CDP, California",0.4120
2010,06,place,59080,"Quincy CDP, California",0.4700
2010,06,place,59115,"Rackerby CDP, California",0.4370
2010,06,place,59220,"Rail Road Flat CDP, California",0.2120
2010,06,place,59248,"Rainbow CDP, California",0.4360
2010,06,place,59290,"Raisin City CDP, California",0.3890
2010,06,place,59346,"Ramona CDP, California",0.4250
2010,06,place,59426,"Rancho Calaveras CDP, California",0.3500
2010,06,place,59444,"Rancho Cordova city, California",0.4170
2010,06,place,59451,"Rancho Cucamonga city, California",0.3900
2010,06,place,59500,"Rancho Mirage city, California",0.5730
2010,06,place,59506,"Rancho Murieta CDP, California",0.4120
2010,06,place,59514,"Rancho Palos Verdes city, California",0.4650
2010,06,place,59550,"Rancho San Diego CDP, California",0.4010
2010,06,place,59584,"Rancho Santa Fe CDP, California",0.5950
2010,06,place,59587,"Rancho Santa Margarita city, California",0.3720
2010,06,place,59604,"Rancho Tehama Reserve CDP, California",0.3570
2010,06,place,59668,"Randsburg CDP, California",0.3330
2010,06,place,59892,"Red Bluff city, California",0.4580
2010,06,place,59896,"Red Corral CDP, California",0.3540
2010,06,place,59906,"Redcrest CDP, California",0.1540
2010,06,place,59920,"Redding city, California",0.4510
2010,06,place,59962,"Redlands city, California",0.4420
2010,06,place,60018,"Redondo Beach city, California",0.4220
2010,06,place,60088,"Redway CDP, California",0.4030
2010,06,place,60102,"Redwood City city, California",0.4560
2010,06,place,60214,"Redwood Valley CDP, California",0.3720
2010,06,place,60242,"Reedley city, California",0.4140
2010,06,place,60279,"Reliez Valley CDP, California",0.4920
2010,06,place,60466,"Rialto city, California",0.3810
2010,06,place,60592,"Richfield CDP, California",0.4490
2010,06,place,60606,"Richgrove CDP, California",0.3930
2010,06,place,60620,"Richmond city, California",0.4340
2010,06,place,60662,"Richvale CDP, California",0.0850
2010,06,place,60704,"Ridgecrest city, California",0.4100
2010,06,place,60706,"Ridgemark CDP, California",0.3650
2010,06,place,60900,"Rio Dell city, California",0.4910
2010,06,place,60928,"Rio del Mar CDP, California",0.4370
2010,06,place,60942,"Rio Linda CDP, California",0.3970
2010,06,place,60970,"Rio Oso CDP, California",0.3760
2010,06,place,60984,"Rio Vista city, California",0.4060
2010,06,place,61012,"Ripley CDP, California",0.5100
2010,06,place,61026,"Ripon city, California",0.4290
2010,06,place,61068,"Riverbank city, California",0.3730
2010,06,place,61096,"Riverdale CDP, California",0.3710
2010,06,place,61106,"Riverdale Park CDP, California",0.3640
2010,06,place,61124,"River Pines CDP, California",0.3680
2010,06,place,62000,"Riverside city, California",0.4280
2010,06,place,62168,"Robbins CDP, California",0.2310
2010,06,place,62200,"Robinson Mill CDP, California",0.1520
2010,06,place,62364,"Rocklin city, California",0.3790
2010,06,place,62490,"Rodeo CDP, California",0.3920
2010,06,place,62496,"Rodriguez Camp CDP, California",0.2750
2010,06,place,62546,"Rohnert Park city, California",0.4070
2010,06,place,62602,"Rolling Hills city, California",0.5360
2010,06,place,62625,"Rolling Hills CDP, California",0.3320
2010,06,place,62644,"Rolling Hills Estates city, California",0.4760
2010,06,place,62700,"Rollingwood CDP, California",0.3780
2010,06,place,62756,"Romoland CDP, California",0.3260
2010,06,place,62826,"Rosamond CDP, California",0.4320
2010,06,place,62854,"Rosedale CDP, California",0.4350
2010,06,place,62860,"Rose Hills CDP, California",0.4640
2010,06,place,62868,"Roseland CDP, California",0.4050
2010,06,place,62896,"Rosemead city, California",0.4190
2010,06,place,62910,"Rosemont CDP, California",0.3500
2010,06,place,62938,"Roseville city, California",0.3960
2010,06,place,62980,"Ross town, California",0.5610
2010,06,place,63050,"Rossmoor CDP, California",0.4290
2010,06,place,63106,"Rough and Ready CDP, California",0.4670
2010,06,place,63134,"Round Mountain CDP, California",0.1950
2010,06,place,63148,"Round Valley CDP, California",0.3030
2010,06,place,63168,"Rouse CDP, California",0.3900
2010,06,place,63218,"Rowland Heights CDP, California",0.4230
2010,06,place,63260,"Rubidoux CDP, California",0.4140
2010,06,place,63316,"Running Springs CDP, California",0.3620
2010,06,place,63386,"Ruth CDP, California",0.2560
2010,06,school district (unified),00047,"Tracy Joint Unified School District, California",0.4130
2010,06,school district (unified),00048,"Paso Robles Joint Unified School District, California",0.4370
2010,06,school district (unified),00049,"Coast Unified School District, California",0.4260
2010,06,school district (unified),00051,"Gridley Unified School District, California",0.4300
2010,06,school district (unified),00052,"Eureka City Unified School District, California",0.4990
2010,06,school district (unified),00060,"Hughson Unified School District, California",0.4360
2010,06,school district (unified),00061,"Riverbank Unified School District, California",0.3820
2010,06,school district (unified),00062,"Oakdale Joint Unified School District, California",0.4420
2010,06,school district (unified),00063,"Waterford Unified School District, California",0.4020
2010,06,school district (unified),00064,"Porterville Unified School District, California",0.4350
2010,06,school district (unified),00065,"Dinuba Unified School District, California",0.4210
2010,06,school district (unified),00067,"Caruthers Unified School District, California",0.3720
2010,06,school district (unified),00068,"Golden Valley Unified School District, California",0.3730
2010,06,school district (unified),00069,"Valley Center-Pauma Unified School District, California",0.4130
2010,06,school district (unified),00116,"Chawanakee Unified School District, California",0.4170
2010,06,school district (unified),00153,"Alhambra Unified School District, California",0.4420
2010,06,school district (unified),00158,"Turlock Unified School District, California",0.4270
2010,06,school district (unified),00159,"Scott Valley Unified School District, California",0.3990
2010,06,school district (unified),00160,"Yosemite Unified School District, California",0.4570
2010,06,school district (unified),01331,"Trinity Alps Unified School District, California",0.3530
2010,06,school district (unified),01332,"Twin Rivers Unified School District, California",0.4120
2010,06,school district (unified),01620,"ABC Unified School District, California",0.4000
2010,06,school district (unified),01770,"Alameda City Unified School District, California",0.4340
2010,06,school district (unified),01860,"Albany City Unified School District, California",0.4190
2010,06,school district (unified),02010,"Alpaugh Unified School District, California",0.4310
2010,06,school district (unified),02070,"Alpine County Unified School District, California",0.4490
2010,06,school district (unified),02430,"Alvord Unified School District, California",0.3830
2010,06,school district (unified),02450,"Amador County Unified School District, California",0.3990
2010,06,school district (unified),02730,"Anderson Valley Unified School District, California",0.3950
2010,06,school district (unified),02850,"Antioch Unified School District, California",0.4080
2010,06,school district (unified),02970,"Arcadia Unified School District, California",0.4730
2010,06,school district (unified),03300,"Atascadero Unified School District, California",0.4070
2010,06,school district (unified),03600,"Azusa Unified School District, California",0.3830
2010,06,school district (unified),03610,"Baker Valley Unified School District, California",0.3230
2010,06,school district (unified),03690,"Baldwin Park Unified School District, California",0.3960
2010,06,school district (unified),03840,"Banning Unified School District, California",0.4310
2010,06,school district (unified),04020,"Barstow Unified School District, California",0.4180
2010,06,school district (unified),04110,"Bassett Unified School District, California",0.4040
2010,06,school district (unified),04230,"Bear Valley Unified School District, California",0.4630
2010,06,school district (unified),04290,"Beaumont Unified School District, California",0.4010
2010,06,school district (unified),04440,"Bellflower Unified School District, California",0.4000
2010,06,school district (unified),04620,"Benicia Unified School District, California",0.3960
2010,06,school district (unified),04740,"Berkeley Unified School District, California",0.5190
2010,06,school district (unified),04830,"Beverly Hills Unified School District, California",0.5820
2010,06,school district (unified),04950,"Big Pine Unified School District, California",0.3270
2010,06,school district (unified),05010,"Big Valley Joint Unified School District, California",0.3940
2010,06,school district (unified),05040,"Biggs Unified School District, California",0.3520
2010,06,school district (unified),05240,"Black Oak Mine Unified School District, California",0.3760
2010,06,school district (unified),05610,"Bonita Unified School District, California",0.4010
2010,06,school district (unified),05700,"Borrego Springs Unified School District, California",0.4090
2010,06,school district (unified),05880,"Brea-Olinda Unified School District, California",0.4140
2010,06,school district (unified),06450,"Burbank Unified School District, California",0.4290
2010,06,school district (unified),06580,"Butte Valley Unified School District, California",0.5040
2010,06,school district (unified),06780,"Cabrillo Unified School District, California",0.4360
2010,06,school district (unified),06870,"Calaveras Unified School District, California",0.4000
2010,06,school district (unified),06900,"Calexico Unified School District, California",0.4660
2010,06,school district (unified),06990,"Calipatria Unified School District, California",0.4660
2010,06,school district (unified),07020,"Calistoga Joint Unified School District, California",0.5370
2010,06,school district (unified),07440,"Capistrano Unified School District, California",0.4420
2010,06,school district (unified),07500,"Carlsbad Unified School District, California",0.4520
2010,06,school district (unified),07530,"Carmel Unified School District, California",0.5200
2010,06,school district (unified),07560,"Carpinteria Unified School District, California",0.4860
2010,06,school district (unified),07800,"Castro Valley Unified School District, California",0.4110
2010,06,school district (unified),07900,"Center Joint Unified School District, California",0.3440
2010,06,school district (unified),07970,"Central Unified School District, California",0.4030
2010,06,school district (unified),08130,"Ceres Unified School District, California",0.4240
2010,06,school district (unified),08190,"Charter Oak Unified School District, California",0.3720
2010,06,school district (unified),08370,"Chico Unified School District, California",0.4660
2010,06,school district (unified),08460,"Chino Valley Unified School District, California",0.3620
2010,06,school district (unified),08760,"Claremont Unified School District, California",0.4610
2010,06,school district (unified),08970,"Cloverdale Unified School District, California",0.4110
2010,06,school district (unified),09030,"Clovis Unified School District, California",0.4260
2010,06,school district (unified),09070,"Coachella Valley Unified School District, California",0.5260
2010,06,school district (unified),09120,"Coalinga-Huron Joint Unified School District, California",0.4540
2010,06,school district (unified),09390,"Colton Joint Unified School District, California",0.4030
2010,06,school district (unified),09570,"Colusa Unified School District, California",0.4070
2010,06,school district (unified),09620,"Compton Unified School District, California",0.4150
2010,06,school district (unified),09640,"Conejo Valley Unified School District, California",0.4390
2010,06,school district (unified),09665,"Leggett Valley Unified School District, California",0.5360
2010,06,school district (unified),09690,"Corcoran Joint Unified School District, California",0.4530
2010,06,school district (unified),09850,"Corona-Norco Unified School District, California",0.3890
2010,06,school district (unified),09870,"Coronado Unified School District, California",0.4490
2010,06,school district (unified),09940,"Cotati-Rohnert Park Unified School District, California",0.4140
2010,06,school district (unified),10050,"Covina-Valley Unified School District, California",0.4040
2010,06,school district (unified),10260,"Culver City Unified School District, California",0.4260
2010,06,school district (unified),10350,"Cutler-Orosi Joint Unified School District, California",0.4230
2010,06,school district (unified),10620,"Davis Joint Unified School District, California",0.4920
2010,06,school district (unified),10680,"Death Valley Unified School District, California",0.3950
2010,06,school district (unified),10770,"Del Norte County Unified School District, California",0.4480
2010,06,school district (unified),11040,"Denair Unified School District, California",0.4200
2010,06,school district (unified),11100,"Desert Center Unified School District, California",0.4000
2010,06,school district (unified),11110,"Desert Sands Unified School District, California",0.4880
2010,06,school district (unified),11280,"Dixon Unified School District, California",0.3780
2010,06,school district (unified),11460,"Downey Unified School District, California",0.4040
2010,06,school district (unified),11520,"Duarte Unified School District, California",0.4300
2010,06,school district (unified),11730,"Durham Unified School District, California",0.4180
2010,06,school district (unified),11870,"Eastern Sierra Unified School District, California",0.4020
2010,06,school district (unified),12180,"El Rancho Unified School District, California",0.3720
2010,06,school district (unified),12210,"El Segundo Unified School District, California",0.3960
2010,06,school district (unified),12330,"Elk Grove Unified School District, California",0.3950
2010,06,school district (unified),12630,"Emery Unified School District, California",0.4940
2010,06,school district (unified),12840,"Escalon Unified School District, California",0.4070
2010,06,school district (unified),12930,"Esparto Unified School District, California",0.4330
2010,06,school district (unified),13360,"Fairfield-Suisun Unified School District, California",0.3970
2010,06,school district (unified),13470,"Fall River Joint Unified School District, California",0.4430
2010,06,school district (unified),13800,"Fillmore Unified School District, California",0.3930
2010,06,school district (unified),13840,"Firebaugh-Las Deltas Joint Unified School District, California",0.4190
2010,06,school district (unified),13890,"Folsom-Cordova Unified School District, California",0.4180
2010,06,school district (unified),13920,"Fontana Unified School District, California",0.3880
2010,06,school district (unified),14070,"Fort Bragg Unified School District, California",0.4510
2010,06,school district (unified),14250,"Fowler Unified School District, California",0.4160
2010,06,school district (unified),14400,"Fremont Unified School District, California",0.3860
2010,06,school district (unified),14550,"Fresno Unified School District, California",0.4700
2010,06,school district (unified),14880,"Garden Grove Unified School District, California",0.4010
2010,06,school district (unified),14950,"Gateway Unified School District, California",0.4620
2010,06,school district (unified),15150,"Geyserville Unified School District, California",0.4740
2010,06,school district (unified),15180,"Gilroy Unified School District, California",0.4490
2010,06,school district (unified),15240,"Glendale Unified School District, California",0.4830
2010,06,school district (unified),15270,"Glendora Unified School District, California",0.4570
2010,06,school district (unified),16323,"Gustine Unified School District, California",0.4700
2010,06,school district (unified),16325,"Hacienda La Puente Unified School District, California",0.3980
2010,06,school district (unified),16740,"Hayward Unified School District, California",0.4170
2010,06,school district (unified),16920,"Hemet Unified School District, California",0.4410
2010,06,school district (unified),17220,"Hilmar Unified School District, California",0.4360
2010,06,school district (unified),17430,"Holtville Unified School District, California",0.4780
2010,06,school district (unified),18210,"Imperial Unified School District, California",0.4290
2010,06,school district (unified),18390,"Inglewood Unified School District, California",0.4420
2010,06,school district (unified),18990,"John Swett Unified School District, California",0.3860
2010,06,school district (unified),19260,"Jurupa Unified School District, California",0.3870
2010,06,school district (unified),19320,"Kelseyville Unified School District, California",0.4060
2010,06,school district (unified),19490,"Kerman Unified School District, California",0.4510
2010,06,school district (unified),19700,"Kings Canyon Joint Unified School District, California",0.4340
2010,06,school district (unified),19950,"Klamath-Trinity Joint Unified School District, California",0.4520
2010,06,school district (unified),20070,"Konocti Unified School District, California",0.4470
2010,06,school district (unified),20130,"La Ca?ada Unified School District, California",0.5180
2010,06,school district (unified),20220,"La Honda-Pescadero Unified School District, California",0.4170
2010,06,school district (unified),20370,"Laguna Beach Unified School District, California",0.5820
2010,06,school district (unified),20640,"Lake Tahoe Unified School District, California",0.4300
2010,06,school district (unified),20670,"Lakeport Unified School District, California",0.4630
2010,06,school district (unified),21000,"Las Virgenes Unified School District, California",0.4820
2010,06,school district (unified),21150,"Laton Joint Unified School District, California",0.3810
2010,06,school district (unified),21690,"Lincoln Unified School District, California",0.4650
2010,06,school district (unified),21810,"Linden Unified School District, California",0.4630
2010,06,school district (unified),21870,"Lindsay Unified School District, California",0.4580
2010,06,school district (unified),22050,"Live Oak Unified School District, California",0.4310
2010,06,school district (unified),22110,"Livermore Valley Joint Unified School District, California",0.3910
2010,06,school district (unified),22230,"Lodi Unified School District, California",0.4370
2010,06,school district (unified),22410,"Lompoc Unified School District, California",0.4160
2010,06,school district (unified),22440,"Lone Pine Unified School District, California",0.4200
2010,06,school district (unified),22500,"Long Beach Unified School District, California",0.4600
2010,06,school district (unified),22590,"Los Alamitos Unified School District, California",0.4790
2010,06,school district (unified),22710,"Los Angeles Unified School District, California",0.5140
2010,06,school district (unified),22740,"Los Banos Unified School District, California",0.4150
2010,06,school district (unified),22860,"Los Molinos Unified School District, California",0.4500
2010,06,school district (unified),23080,"Lucia Mar Unified School District, California",0.4440
2010,06,school district (unified),23160,"Lynwood Unified School District, California",0.3870
2010,06,school district (unified),23340,"Madera Unified School District, California",0.4320
2010,06,school district (unified),23530,"Mammoth Unified School District, California",0.3930
2010,06,school district (unified),23610,"Manteca Unified School District, California",0.3740
2010,06,school district (unified),23820,"Maricopa Unified School District, California",0.3920
2010,06,school district (unified),23940,"Mariposa County Unified School District, California",0.4310
2010,06,school district (unified),24030,"Martinez Unified School District, California",0.4360
2010,06,school district (unified),24090,"Marysville Joint Unified School District, California",0.4230
2010,06,school district (unified),24150,"Maxwell Unified School District, California",0.5190
2010,06,school district (unified),24230,"McFarland Unified School District, California",0.3970
2010,06,school district (unified),24480,"Mendocino Unified School District, California",0.4340
2010,06,school district (unified),24500,"Milpitas Unified School District, California",0.3930
2010,06,school district (unified),24750,"Middletown Unified School District, California",0.3840
2010,06,school district (unified),25190,"Modoc Joint Unified School District, California",0.4210
2010,06,school district (unified),25230,"Mojave Unified School District, California",0.4410
2010,06,school district (unified),25320,"Monrovia Unified School District, California",0.4140
2010,06,school district (unified),25470,"Montebello Unified School District, California",0.4190
2010,06,school district (unified),25530,"Monterey Peninsula Unified School District, California",0.4130
2010,06,school district (unified),25690,"Moorpark Unified School District, California",0.3880
2010,06,school district (unified),25800,"Moreno Valley Unified School District, California",0.3980
2010,06,school district (unified),25830,"Morgan Hill Unified School District, California",0.4270
2010,06,school district (unified),25860,"Morongo Unified School District, California",0.4340
2010,06,school district (unified),26100,"Mountain Empire Unified School District, California",0.4070
2010,06,school district (unified),26370,"Mount Diablo Unified School District, California",0.4270
2010,06,school district (unified),26490,"Muroc Joint Unified School District, California",0.4030
2010,06,school district (unified),26640,"Napa Valley Unified School District, California",0.4410
2010,06,school district (unified),26760,"Needles Unified School District, California",0.4810
2010,06,school district (unified),26910,"New Haven Unified School District, California",0.3760
2010,06,school district (unified),27060,"Newark Unified School District, California",0.3550
2010,06,school district (unified),27200,"Newman-Crows Landing Unified School District, California",0.4120
2010,06,school district (unified),27240,"Newport-Mesa Unified School District, California",0.5310
2010,06,school district (unified),27590,"North Monterey County Unified School District, California",0.3920
2010,06,school district (unified),27690,"Norwalk-La Mirada Unified School District, California",0.3910
2010,06,school district (unified),27720,"Novato Unified School District, California",0.4550
2010,06,school district (unified),27850,"Oak Park Unified School District, California",0.4050
2010,06,school district (unified),28050,"Oakland Unified School District, California",0.5100
2010,06,school district (unified),28250,"Oceanside Unified School District, California",0.4050
2010,06,school district (unified),28270,"Ojai Unified School District, California",0.4570
2010,06,school district (unified),28650,"Orange Unified School District, California",0.4330
2010,06,school district (unified),29190,"Owens Valley Unified School District, California",0.3460
2010,06,school district (unified),29370,"Pacific Grove Unified School District, California",0.5150
2010,06,school district (unified),29490,"Pajaro Valley Joint Unified School District, California",0.4620
2010,06,school district (unified),29550,"Palm Springs Unified School District, California",0.5000
2010,06,school district (unified),29610,"Palo Alto Unified School District, California",0.5050
2010,06,school district (unified),29640,"Palo Verde Unified School District, California",0.4520
2010,06,school district (unified),29700,"Palos Verdes Peninsula Unified School District, California",0.4960
2010,06,school district (unified),29820,"Paradise Unified School District, California",0.4270
2010,06,school district (unified),29850,"Paramount Unified School District, California",0.3980
2010,06,school district (unified),29910,"Parlier Unified School District, California",0.4270
2010,06,school district (unified),29940,"Pasadena Unified School District, California",0.4870
2010,06,school district (unified),30030,"Patterson Joint Unified School District, California",0.4150
2010,06,school district (unified),30330,"Piedmont City Unified School District, California",0.4290
2010,06,school district (unified),30360,"Pierce Joint Unified School District, California",0.4230
2010,06,school district (unified),30600,"Pittsburg Unified School District, California",0.4040
2010,06,school district (unified),30660,"Placentia-Yorba Linda Unified School District, California",0.4380
2010,06,school district (unified),31170,"Plumas Unified School District, California",0.4390
2010,06,school district (unified),31320,"Pomona Unified School District, California",0.4060
2010,06,school district (unified),31400,"Potter Valley Community Unified School District, California",0.3750
2010,06,school district (unified),31530,"Poway Unified School District, California",0.4010
2010,06,school district (unified),31620,"Princeton Joint Unified School District, California",0.4400
2010,06,school district (unified),31710,"Ramona City Unified School District, California",0.3900
2010,06,school district (unified),32070,"Redlands Unified School District, California",0.4300
2010,06,school district (unified),32270,"Reef-Sunset Unified School District, California",0.4070
2010,06,school district (unified),32370,"Rialto Unified School District, California",0.3850
2010,06,school district (unified),32550,"West Contra Costa Unified School District, California",0.4320
2010,06,school district (unified),32610,"Rim of the World Unified School District, California",0.4540
2010,06,school district (unified),32880,"Ripon Unified School District, California",0.4420
2010,06,school district (unified),33110,"River Delta Joint Unified School District, California",0.4300
2010,06,school district (unified),33150,"Riverside Unified School District, California",0.4380
2010,06,school district (unified),33720,"Round Valley Unified School District, California",0.4290
2010,06,school district (unified),33750,"Rowland Unified School District, California",0.4050
2010,06,school district (unified),33840,"Sacramento City Unified School District, California",0.4490
2010,06,school district (unified),33860,"Saddleback Valley Unified School District, California",0.4200
2010,06,school district (unified),34170,"San Bernardino City Unified School District, California",0.4320
2010,06,school district (unified),34320,"San Diego City Unified School District, California",0.4630
2010,06,school district (unified),34410,"San Francisco Unified School District, California",0.5070
2010,06,school district (unified),34425,"San Gabriel Unified School District, California",0.4360
2010,06,school district (unified),34440,"San Jacinto Unified School District, California",0.4370
2010,06,school district (unified),34590,"San Jose Unified School District, California",0.4630
2010,06,school district (unified),34620,"San Juan Unified School District, California",0.4490
2010,06,school district (unified),34680,"San Leandro Unified School District, California",0.4100
2010,06,school district (unified),34710,"San Lorenzo Unified School District, California",0.3820
2010,06,school district (unified),34740,"San Lorenzo Valley Unified School District, California",0.4100
2010,06,school district (unified),34800,"San Luis Coastal Unified School District, California",0.5000
2010,06,school district (unified),34860,"San Marino Unified School District, California",0.4970
2010,06,school district (unified),34880,"San Marcos Unified School District, California",0.4420
2010,06,school district (unified),35070,"San Pasqual Valley Unified School District, California",0.4260
2010,06,school district (unified),35130,"San Ramon Valley Unified School District, California",0.4200
2010,06,school district (unified),35250,"Sanger Unified School District, California",0.4260
2010,06,school district (unified),35310,"Santa Ana Unified School District, California",0.4140
2010,06,school district (unified),35430,"Santa Clara Unified School District, California",0.4090
2010,06,school district (unified),35700,"Santa Monica-Malibu Unified School District, California",0.5560
2010,06,school district (unified),36270,"Selma Unified School District, California",0.4140
2010,06,school district (unified),36450,"Shandon Joint Unified School District, California",0.4060
2010,06,school district (unified),36670,"Shoreline Unified School District, California",0.4640
2010,06,school district (unified),36780,"Sierra-Plumas Joint Unified School District, California",0.4380
2010,06,school district (unified),36800,"Sierra Sands Unified School District, California",0.4250
2010,06,school district (unified),36805,"Sierra Unified School District, California",0.3480
2010,06,school district (unified),36820,"Silver Valley Unified School District, California",0.3380
2010,06,school district (unified),36840,"Simi Valley Unified School District, California",0.3810
2010,06,school district (unified),36970,"Snowline Joint Unified School District, California",0.4190
2010,06,school district (unified),37050,"Soledad Unified School District, California",0.3750
2010,06,school district (unified),37200,"Sonoma Valley Unified School District, California",0.5040
2010,06,school district (unified),37500,"South Pasadena Unified School District, California",0.4710
2010,06,school district (unified),37530,"South San Francisco Unified School District, California",0.3820
2010,06,school district (unified),37590,"Southern Humboldt Joint Unified School District, California",0.4330
2010,06,school district (unified),37620,"Southern Kern Unified School District, California",0.4310
2010,06,school district (unified),37630,"Southern Trinity Joint Unified School District, California",0.3980
2010,06,school district (unified),37830,"St. Helena Unified School District, California",0.5240
2010,06,school district (unified),38010,"Stockton Unified School District, California",0.4270
2010,06,school district (unified),38070,"Stony Creek Joint Unified School District, California",0.4140
2010,06,school district (unified),38520,"Surprise Valley Joint Unified School District, California",0.4600
2010,06,school district (unified),38770,"Tahoe-Truckee Joint Unified School District, California",0.4250
2010,06,school district (unified),38880,"Tehachapi Unified School District, California",0.4480
2010,06,school district (unified),38980,"Temple City Unified School District, California",0.4210
2010,06,school district (unified),39000,"Templeton Unified School District, California",0.4350
2010,06,school district (unified),39420,"Torrance Unified School District, California",0.4120
2010,06,school district (unified),39630,"Travis Unified School District, California",0.3190
2010,06,school district (unified),39840,"Trona Joint Unified School District, California",0.4530
2010,06,school district (unified),39940,"Tulelake Basin Joint Unified School District, California",0.4080
2010,06,school district (unified),40150,"Tustin Unified School District, California",0.4490
2010,06,school district (unified),40300,"Ukiah Unified School District, California",0.4340
2010,06,school district (unified),40590,"Vacaville Unified School District, California",0.3970
2010,06,school district (unified),40740,"Vallejo City Unified School District, California",0.4210
2010,06,school district (unified),40980,"Ventura Unified School District, California",0.4230
2010,06,school district (unified),41160,"Visalia Unified School District, California",0.4420
2010,06,school district (unified),41190,"Vista Unified School District, California",0.3960
2010,06,school district (unified),41280,"Walnut Valley Unified School District, California",0.3740
2010,06,school district (unified),41580,"Washington Unified School District, California",0.4120
2010,06,school district (unified),42000,"West Covina Unified School District, California",0.3790
2010,06,school district (unified),42140,"Western Placer Unified School District, California",0.3840
2010,06,school district (unified),42300,"Westwood Unified School District, California",0.4700
2010,06,school district (unified),42540,"Williams Unified School District, California",0.4210
2010,06,school district (unified),42560,"Willits Unified School District, California",0.4580
2010,06,school district (unified),42580,"Laytonville Unified School District, California",0.4440
2010,06,school district (unified),42710,"Willows Unified School District, California",0.4560
2010,06,school district (unified),42930,"Winters Joint Unified School District, California",0.4560
2010,06,school district (unified),00001,"Acton-Agua Dulce Unified School District, California",0.4030
2010,06,school district (unified),00009,"Cuyama Joint Unified School District, California",0.3650
2010,06,school district (unified),00011,"Fort Sage Unified School District, California",0.4330
2010,06,school district (unified),00013,"Rocklin Unified School District, California",0.3760
2010,06,school district (unified),00014,"Hesperia Unified School District, California",0.4040
2010,06,school district (unified),00015,"Lucerne Valley Unified School District, California",0.4470
2010,06,school district (unified),00016,"Upland Unified School District, California",0.4210
2010,06,school district (unified),00017,"Apple Valley Unified School District, California",0.4400
2010,06,school district (unified),00018,"Mountain Valley Unified School District, California",0.3930
2010,06,school district (unified),00019,"Dublin Unified School District, California",0.3540
2010,06,school district (unified),00020,"Pleasanton Unified School District, California",0.4060
2010,06,school district (unified),00021,"Sunol Glen Unified School District, California",0.5140
2010,06,school district (unified),00022,"Mendota Unified School District, California",0.3700
2010,06,school district (unified),00025,"Manhattan Beach Unified School District, California",0.5030
2010,06,school district (unified),00026,"El Tejon Unified School District, California",0.3940
2010,06,school district (unified),00027,"Lake Elsinore Unified School District, California",0.3980
2010,06,school district (unified),00028,"Temecula Valley Unified School District, California",0.3730
2010,06,school district (unified),00029,"Murrieta Valley Unified School District, California",0.3910
2010,06,school district (unified),00031,"Pacific Unified School District, California",0.4110
2010,06,school district (unified),00032,"Redondo Beach Unified School District, California",0.4220
2010,06,school district (unified),00033,"Dos Palos-Oro Loma Joint Unified School District, California",0.3840
2010,06,school district (unified),00034,"Windsor Unified School District, California",0.3840
2010,06,school district (unified),00035,"Farmersville Unified School District, California",0.3820
2010,06,school district (unified),00036,"Natomas Unified School District, California",0.4000
2010,06,school district (unified),00037,"Ferndale Unified School District, California",0.5220
2010,06,school district (unified),00038,"Mattole Unified School District, California",0.4220
2010,06,school district (unified),00039,"Delhi Unified School District, California",0.3790
2010,06,school district (unified),00040,"Riverdale Joint Unified School District, California",0.3920
2010,06,school district (unified),00042,"Warner Unified School District, California",0.4840
2010,06,school district (unified),00043,"Scotts Valley Unified School District, California",0.4510
2010,06,school district (unified),00044,"Healdsburg Unified School District, California",0.4700
2010,06,school district (unified),00045,"Orland Joint Unified School District, California",0.4020
2010,06,school district (unified),00046,"Gonzales Unified School District, California",0.3640
2010,06,school district (unified),43080,"Woodland Joint Unified School District, California",0.4320
2010,06,school district (unified),43470,"Yuba City Unified School District, California",0.4200
2010,06,school district (unified),43560,"Yucaipa-Calimesa Joint Unified School District, California",0.4250
2010,06,school district (unified),84500,"Irvine Unified School District, California",0.4440
2010,06,school district (unified),91134,"Golden Plains Unified School District, California",0.3640
2010,06,school district (unified),91135,"Val Verde Unified School District, California",0.3580
2010,06,school district (unified),91136,"Aromas-San Juan Unified School District, California",0.4620
2010,06,school district (unified),91137,"Big Oak Flat-Groveland Unified School District, California",0.3950
2010,06,school district (unified),99997,"School District Not Defined, California",0.4270
2010,06,school district (unified),99999,"Remainder of California, California",0.4610
2010,06,school district (elementary),10710,"Dehesa Elementary School District, California",0.4080
2010,06,school district (elementary),10740,"Del Mar Union Elementary School District, California",0.4500
2010,06,school district (elementary),10890,"Delano Union Elementary School District, California",0.4270
2010,06,school district (elementary),10980,"Delphic Elementary School District, California",0.3990
2010,06,school district (elementary),11130,"Di Giorgio Elementary School District, California",0.3760
2010,06,school district (elementary),11220,"Dixie Elementary School District, California",0.4440
2010,06,school district (elementary),11430,"Douglas City Elementary School District, California",0.4250
2010,06,school district (elementary),11490,"Dry Creek Joint Elementary School District, California",0.3560
2010,06,school district (elementary),11550,"Ducor Union Elementary School District, California",0.4010
2010,06,school district (elementary),11610,"Dunham Elementary School District, California",0.4070
2010,06,school district (elementary),11670,"Dunsmuir Elementary School District, California",0.4410
2010,06,school district (elementary),11760,"Earlimart Elementary School District, California",0.3920
2010,06,school district (elementary),11850,"East Whittier City Elementary School District, California",0.3880
2010,06,school district (elementary),11910,"Eastside Union Elementary School District, California",0.4460
2010,06,school district (elementary),11940,"Edison Elementary School District, California",0.3620
2010,06,school district (elementary),12030,"El Centro Elementary School District, California",0.4780
2010,06,school district (elementary),12090,"El Monte City Elementary School District, California",0.4080
2010,06,school district (elementary),12150,"El Nido Elementary School District, California",0.5740
2010,06,school district (elementary),12360,"Elk Hills Elementary School District, California",0.4450
2010,06,school district (elementary),12420,"Elkins Elementary School District, California",0.3710
2010,06,school district (elementary),12600,"Elverta Joint Elementary School District, California",0.3400
2010,06,school district (elementary),12690,"Empire Union Elementary School District, California",0.3940
2010,06,school district (elementary),12750,"Encinitas Union Elementary School District, California",0.4720
2010,06,school district (elementary),12810,"Enterprise Elementary School District, California",0.4060
2010,06,school district (elementary),12880,"Escondido Union Elementary School District, California",0.4450
2010,06,school district (elementary),12960,"Etiwanda Elementary School District, California",0.3360
2010,06,school district (elementary),13080,"Eureka Union Elementary School District, California",0.4540
2010,06,school district (elementary),13140,"Evergreen Elementary School District, California",0.4340
2010,06,school district (elementary),13170,"Evergreen Union Elementary School District, California",0.4430
2010,06,school district (elementary),13200,"Exeter Union Elementary School District, California",0.4060
2010,06,school district (elementary),13290,"Fairfax Elementary School District, California",0.3730
2010,06,school district (elementary),13500,"Fallbrook Union Elementary School District, California",0.4450
2010,06,school district (elementary),13710,"Feather Falls Union Elementary School District, California",0.5450
2010,06,school district (elementary),13740,"Fieldbrook Elementary School District, California",0.4030
2010,06,school district (elementary),13860,"Flournoy Union Elementary School District, California",0.5420
2010,06,school district (elementary),13980,"Foresthill Union Elementary School District, California",0.4100
2010,06,school district (elementary),14010,"Forestville Union Elementary School District, California",0.4140
2010,06,school district (elementary),14040,"Forks of Salmon Elementary School District, California",0.7190
2010,06,school district (elementary),14130,"Fort Ross Elementary School District, California",0.5040
2010,06,school district (elementary),14160,"Fortuna Union Elementary School District, California",0.4660
2010,06,school district (elementary),14220,"Fountain Valley Elementary School District, California",0.4130
2010,06,school district (elementary),14340,"Franklin Elementary School District, California",0.4320
2010,06,school district (elementary),14370,"Franklin-McKinley Elementary School District, California",0.4230
2010,06,school district (elementary),14490,"French Gulch-Whiskeytown Elementary School District, California",0.3330
2010,06,school district (elementary),14520,"Freshwater Elementary School District, California",0.4560
2010,06,school district (elementary),14580,"West Fresno Elementary School District, California",0.3810
2010,06,school district (elementary),14700,"Fruitvale Elementary School District, California",0.3940
2010,06,school district (elementary),14730,"Fullerton Elementary School District, California",0.4410
2010,06,school district (elementary),14790,"Galt Joint Union Elementary School District, California",0.3640
2010,06,school district (elementary),14910,"Garfield Elementary School District, California",0.3600
2010,06,school district (elementary),14940,"Garvey Elementary School District, California",0.4190
2010,06,school district (elementary),14970,"Gazelle Union Elementary School District, California",0.4100
2010,06,school district (elementary),15000,"General Shafter Elementary School District, California",0.4830
2010,06,school district (elementary),15090,"Gerber Union Elementary School District, California",0.4440
2010,06,school district (elementary),15390,"Gold Oak Union Elementary School District, California",0.3830
2010,06,school district (elementary),15450,"Gold Trail Union Elementary School District, California",0.3950
2010,06,school district (elementary),15480,"Golden Feather Union Elementary School District, California",0.4990
2010,06,school district (elementary),15510,"Goleta Union Elementary School District, California",0.4620
2010,06,school district (elementary),15600,"Gorman Elementary School District, California",0.3460
2010,06,school district (elementary),15690,"Grant Elementary School District, California",0.4150
2010,06,school district (elementary),15780,"Grass Valley Elementary School District, California",0.4280
2010,06,school district (elementary),15810,"Gratton Elementary School District, California",0.3760
2010,06,school district (elementary),15840,"Gravenstein Union Elementary School District, California",0.4100
2010,06,school district (elementary),15870,"Graves Elementary School District, California",0.0980
2010,06,school district (elementary),15990,"Green Point Elementary School District, California",0.4800
2010,06,school district (elementary),16050,"Greenfield Union Elementary School District (Kern County), California",0.3670
2010,06,school district (elementary),16080,"Greenfield Union Elementary School District (Monterey County), California",0.4010
2010,06,school district (elementary),16110,"Grenada Elementary School District, California",0.4490
2010,06,school district (elementary),16260,"Guadalupe Union Elementary School District, California",0.3290
2010,06,school district (elementary),16300,"Cucamonga Elementary School District, California",0.3620
2010,06,school district (elementary),16320,"Guerneville Elementary School District, California",0.4830
2010,06,school district (elementary),16410,"Hamilton Union Elementary School District, California",0.4410
2010,06,school district (elementary),16470,"Hanford Elementary School District, California",0.4030
2010,06,school district (elementary),16530,"Happy Camp Union Elementary School District, California",0.4150
2010,06,school district (elementary),16560,"Happy Valley Elementary School District, California",0.4840
2010,06,school district (elementary),16570,"Happy Valley Union Elementary School District, California",0.3840
2010,06,school district (elementary),16620,"Harmony Union Elementary School District, California",0.4650
2010,06,school district (elementary),16650,"Hart-Ransom Union Elementary School District, California",0.3810
2010,06,school district (elementary),16680,"Hawthorne Elementary School District, California",0.3960
2010,06,school district (elementary),16830,"Heber Elementary School District, California",0.3810
2010,06,school district (elementary),16860,"Helendale Elementary School District, California",0.3820
2010,06,school district (elementary),17040,"Hermosa Beach City Elementary School District, California",0.4560
2010,06,school district (elementary),17160,"Hickman Elementary School District, California",0.4200
2010,06,school district (elementary),17190,"Hillsborough City Elementary School District, California",0.4990
2010,06,school district (elementary),17340,"Hollister School District, California",0.3970
2010,06,school district (elementary),17490,"Hope Elementary School District (Santa Barbara County), California",0.5190
2010,06,school district (elementary),17520,"Hope Elementary School District (Tulare County), California",0.3800
2010,06,school district (elementary),17580,"Horicon Elementary School District, California",0.4260
2010,06,school district (elementary),17620,"Hornbrook Elementary School District, California",0.4170
2010,06,school district (elementary),17640,"Hot Springs Elementary School District, California",0.4410
2010,06,school district (elementary),17760,"Howell Mountain Elementary School District, California",0.5550
2010,06,school district (elementary),17850,"Hueneme Elementary School District, California",0.4100
2010,06,school district (elementary),17880,"Hughes-Elizabeth Lakes Union Elementary School District, California",0.3490
2010,06,school district (elementary),18030,"Huntington Beach City Elementary School District, California",0.4440
2010,06,school district (elementary),18120,"Hydesville Elementary School District, California",0.4090
2010,06,school district (elementary),18160,"Igo, Ono, Platina Union Elementary School District; California",0.4650
2010,06,school district (elementary),18240,"Indian Diggings Elementary School District, California",0.4720
2010,06,school district (elementary),18270,"Indian Springs Elementary School District, California",0.4570
2010,06,school district (elementary),18510,"Island Union Elementary School District, California",0.5040
2010,06,school district (elementary),18660,"Jacoby Creek Elementary School District, California",0.4330
2010,06,school district (elementary),18690,"Jamestown Elementary School District, California",0.4410
2010,06,school district (elementary),18730,"Jamul-Dulzura Union Elementary School District, California",0.3890
2010,06,school district (elementary),18780,"Janesville Union Elementary School District, California",0.3870
2010,06,school district (elementary),18810,"Jefferson Elementary School District (San Benito County), California",0.4760
2010,06,school district (elementary),18840,"Jefferson Elementary School District (San Joaquin County), California",0.3410
2010,06,school district (elementary),18870,"Jefferson Elementary School District (San Mateo County), California",0.3730
2010,06,school district (elementary),19050,"Johnstonville Elementary School District, California",0.3610
2010,06,school district (elementary),19140,"Julian Union Elementary School District, California",0.4490
2010,06,school district (elementary),19170,"Junction City Elementary School District, California",0.4090
2010,06,school district (elementary),19200,"Junction Elementary School District (Shasta County), California",0.4590
2010,06,school district (elementary),19230,"Junction Elementary School District (Siskiyou County), California",0.3880
2010,06,school district (elementary),19380,"Kentfield Elementary School District, California",0.5420
2010,06,school district (elementary),19410,"Kenwood Elementary School District, California",0.4320
2010,06,school district (elementary),19440,"Keppel Union Elementary School District, California",0.4230
2010,06,school district (elementary),19590,"Kernville Union Elementary School District, California",0.4980
2010,06,school district (elementary),19620,"Keyes Union Elementary School District, California",0.4900
2010,06,school district (elementary),19680,"King City Union Elementary School District, California",0.3590
2010,06,school district (elementary),19740,"Kings River Union Elementary School District, California",0.5250
2010,06,school district (elementary),19770,"Kings River-Hardwick Union Elementary School District, California",0.4180
2010,06,school district (elementary),19800,"Kingsburg Joint Union Elementary School District, California",0.4390
2010,06,school district (elementary),19860,"Kirkwood Elementary School District, California",0.2660
2010,06,school district (elementary),19890,"Kit Carson Union Elementary School District, California",0.4310
2010,06,school district (elementary),19920,"Klamath River Union Elementary School District, California",0.4090
2010,06,school district (elementary),19980,"Kneeland Elementary School District, California",0.4070
2010,06,school district (elementary),20010,"Knights Ferry Elementary School District, California",0.4620
2010,06,school district (elementary),20040,"Knightsen Elementary School District, California",0.4150
2010,06,school district (elementary),20160,"La Grange Elementary School District, California",0.4550
2010,06,school district (elementary),20190,"La Habra City Elementary School District, California",0.4130
2010,06,school district (elementary),20250,"La Mesa-Spring Valley School District, California",0.4160
2010,06,school district (elementary),20310,"Lafayette Elementary School District, California",0.4630
2010,06,school district (elementary),20430,"Laguna Joint Elementary School District, California",0.5000
2010,06,school district (elementary),20460,"Laguna Salada Union Elementary School District, California",0.3960
2010,06,school district (elementary),20490,"Lagunita Elementary School District, California",0.4780
2010,06,school district (elementary),20520,"Lagunitas Elementary School District, California",0.3670
2010,06,school district (elementary),20610,"Lake Elementary School District, California",0.5270
2010,06,school district (elementary),20700,"Lakeside Joint Elementary School District, California",0.4320
2010,06,school district (elementary),20730,"Lakeside Union Elementary School District (Kern County), California",0.3840
2010,06,school district (elementary),20760,"Lakeside Union Elementary School District (Kings County), California",0.4530
2010,06,school district (elementary),20790,"Lakeside Union Elementary School District (San Diego County), California",0.3780
2010,06,school district (elementary),20820,"Lammersville Elementary School District, California",0.3190
2010,06,school district (elementary),20850,"Lamont Elementary School District, California",0.4080
2010,06,school district (elementary),20880,"Lancaster Elementary School District, California",0.4460
2010,06,school district (elementary),20910,"Larkspur Elementary School District, California",0.5070
2010,06,school district (elementary),21090,"Lassen View Union Elementary School District, California",0.4770
2010,06,school district (elementary),21180,"Latrobe Elementary School District, California",0.4270
2010,06,school district (elementary),21210,"Lawndale Elementary School District, California",0.4090
2010,06,school district (elementary),21240,"Le Grand Union Elementary School District, California",0.5090
2010,06,school district (elementary),21330,"Lemon Grove Elementary School District, California",0.3880
2010,06,school district (elementary),21360,"Lemoore Union Elementary School District, California",0.3810
2010,06,school district (elementary),21420,"Lennox Elementary School District, California",0.4050
2010,06,school district (elementary),21450,"Richland-Lerdo Union Elementary School District, California",0.3970
2010,06,school district (elementary),21480,"Lewiston Elementary School District, California",0.4150
2010,06,school district (elementary),21540,"Liberty Elementary School District (Sonoma County), California",0.4430
2010,06,school district (elementary),21570,"Liberty Elementary School District (Tulare County), California",0.4300
2010,06,school district (elementary),21660,"Lincoln Elementary School District, California",0.5810
2010,06,school district (elementary),21900,"Linns Valley-Poso Flat Union School District, California",0.5070
2010,06,school district (elementary),21930,"Little Lake City Elementary School District, California",0.3590
2010,06,school district (elementary),21960,"Little Shasta Elementary School District, California",0.4300
2010,06,school district (elementary),21990,"Live Oak Elementary School District, California",0.4470
2010,06,school district (elementary),22170,"Livingston Union Elementary School District, California",0.4040
2010,06,school district (elementary),22320,"Loleta Union Elementary School District, California",0.5370
2010,06,school district (elementary),22350,"Loma Prieta Joint Union Elementary School District, California",0.4420
2010,06,school district (elementary),22380,"Las Lomitas Elementary School District, California",0.5200
2010,06,school district (elementary),22560,"Loomis Union Elementary School District, California",0.4750
2010,06,school district (elementary),22620,"Los Alamos Elementary School District, California",0.4890
2010,06,school district (elementary),22650,"Los Altos Elementary School District, California",0.4930
2010,06,school district (elementary),22830,"Los Gatos Union Elementary School District, California",0.4600
2010,06,school district (elementary),22890,"Los Nietos Elementary School District, California",0.3960
2010,06,school district (elementary),22920,"Los Olivos Elementary School District, California",0.4760
2010,06,school district (elementary),22950,"Lost Hills Union Elementary School District, California",0.3290
2010,06,school district (elementary),23010,"Lowell Joint Elementary School District, California",0.4260
2010,06,school district (elementary),23040,"Lucerne Elementary School District, California",0.4550
2010,06,school district (elementary),23130,"Luther Burbank Elementary School District, California",0.4930
2010,06,school district (elementary),23430,"Magnolia Elementary School District, California",0.4100
2010,06,school district (elementary),23460,"Magnolia Union Elementary School District, California",0.3850
2010,06,school district (elementary),23550,"Manchester Union Elementary School District, California",0.3770
2010,06,school district (elementary),23670,"Manton Joint Union Elementary School District, California",0.3230
2010,06,school district (elementary),23700,"Manzanita Elementary School District, California",0.3630
2010,06,school district (elementary),23730,"Maple Creek Elementary School District, California",0.2100
2010,06,school district (elementary),23760,"Maple Elementary School District, California",0.4480
2010,06,school district (elementary),23800,"Marcum-Illinois Union Elementary School District, California",0.4970
2010,06,school district (elementary),23970,"Mark Twain Union Elementary School District, California",0.3980
2010,06,school district (elementary),24000,"Mark West Union Elementary School District, California",0.4560
2010,06,school district (elementary),24180,"McCabe Union Elementary School District, California",0.3360
2010,06,school district (elementary),24210,"McCloud Union Elementary School District, California",0.4120
2010,06,school district (elementary),24300,"McKinleyville Union Elementary School District, California",0.4310
2010,06,school district (elementary),24330,"McKittrick Elementary School District, California",0.6400
2010,06,school district (elementary),24360,"McSwain Union Elementary School District, California",0.3940
2010,06,school district (elementary),24390,"Meadows Union Elementary School District, California",0.4790
2010,06,school district (elementary),24540,"Menifee Union Elementary School District, California",0.4090
2010,06,school district (elementary),24570,"Menlo Park City Elementary School District, California",0.5140
2010,06,school district (elementary),24600,"Merced City Elementary School District, California",0.4920
2010,06,school district (elementary),24630,"Merced River Union Elementary School District, California",0.3990
2010,06,school district (elementary),24690,"Meridian Elementary School District, California",0.3780
2010,06,school district (elementary),24720,"Mesa Union Elementary School District, California",0.4360
2010,06,school district (elementary),24780,"Midway Elementary School District, California",0.3580
2010,06,school district (elementary),24870,"Mill Valley Elementary School District, California",0.4760
2010,06,school district (elementary),24900,"Millbrae Elementary School District, California",0.4310
2010,06,school district (elementary),24930,"Millville Elementary School District, California",0.4380
2010,06,school district (elementary),25020,"Mineral Elementary School District, California",0.2950
2010,06,school district (elementary),25110,"Mission Union Elementary School District, California",0.3830
2010,06,school district (elementary),25130,"Modesto City Elementary School District, California",0.4680
2010,06,school district (elementary),25290,"Monroe Elementary School District, California",0.3880
2010,06,school district (elementary),25350,"Monson-Sultana Joint Union Elementary School District, California",0.5270
2010,06,school district (elementary),25380,"Montague Elementary School District, California",0.4250
2010,06,school district (elementary),25410,"Monte Rio Union Elementary School District, California",0.4380
2010,06,school district (elementary),25500,"Montecito Union Elementary School District, California",0.6080
2010,06,school district (elementary),25650,"Montgomery Elementary School District, California",0.4360
2010,06,school district (elementary),25740,"Moraga Elementary School District, California",0.4450
2010,06,school district (elementary),25770,"Moreland Elementary School District, California",0.4160
2010,06,school district (elementary),25980,"Mother Lode Union Elementary School District, California",0.4570
2010,06,school district (elementary),26040,"Mount Shasta Union Elementary School District, California",0.3980
2010,06,school district (elementary),26070,"Mountain Elementary School District, California",0.4530
2010,06,school district (elementary),26130,"Mountain House Elementary School District, California",0.3090
2010,06,school district (elementary),26190,"Mountain View Elementary School District (Los Angeles County), California",0.4010
2010,06,school district (elementary),26220,"Mountain View Elementary School District (San Bernardino County), California",0.2900
2010,06,school district (elementary),26280,"Mountain View Whisman Elementary School District, California",0.4420
2010,06,school district (elementary),26340,"Mount Baldy Joint Elementary School District, California",0.3140
2010,06,school district (elementary),26400,"Mount Pleasant Elementary School District, California",0.3780
2010,06,school district (elementary),26430,"Mulberry Elementary School District, California",0.4670
2010,06,school district (elementary),26460,"Mupu Elementary School District, California",0.3800
2010,06,school district (elementary),26670,"National Elementary School District, California",0.4320
2010,06,school district (elementary),26820,"Nevada City Elementary School District, California",0.4630
2010,06,school district (elementary),26970,"New Hope Elementary School District, California",0.4120
2010,06,school district (elementary),27030,"New Jerusalem Elementary School District, California",0.4710
2010,06,school district (elementary),27040,"Mountain Union Elementary School District, California",0.4630
2010,06,school district (elementary),27120,"Newcastle Elementary School District, California",0.4880
2010,06,school district (elementary),27180,"Newhall Elementary School District, California",0.4170
2010,06,school district (elementary),27300,"Nicasio Elementary School District, California",0.4310
2010,06,school district (elementary),27450,"Norris Elementary School District, California",0.3230
2010,06,school district (elementary),27480,"North County Joint Union Elementary School District, California",0.4410
2010,06,school district (elementary),27510,"North Cow Creek Elementary School District, California",0.4820
2010,06,school district (elementary),27750,"Nuestro Elementary School District, California",0.4990
2010,06,school district (elementary),27780,"Nuview Union Elementary School District, California",0.3500
2010,06,school district (elementary),27810,"Oak Grove Elementary School District, California",0.3660
2010,06,school district (elementary),27840,"Oak Grove Union Elementary School District, California",0.4480
2010,06,school district (elementary),27870,"Oak Run Elementary School District, California",0.4120
2010,06,school district (elementary),27900,"Oak Valley Union Elementary School District, California",0.4870
2010,06,school district (elementary),27930,"Oak View Union Elementary School District, California",0.4860
2010,06,school district (elementary),28080,"Oakley Union Elementary School District, California",0.3940
2010,06,school district (elementary),28140,"Ocean View Elementary School District (Orange County), California",0.4090
2010,06,school district (elementary),28170,"Ocean View Elementary School District (Ventura County), California",0.4030
2010,06,school district (elementary),28320,"Old Adobe Union Elementary School District, California",0.3660
2010,06,school district (elementary),28470,"Ontario-Montclair Elementary School District, California",0.3880
2010,06,school district (elementary),28500,"Ophir Elementary School District, California",0.3800
2010,06,school district (elementary),28530,"Orange Center Elementary School District, California",0.4130
2010,06,school district (elementary),28680,"Orchard Elementary School District, California",0.3470
2010,06,school district (elementary),28710,"Orcutt Union Elementary School District, California",0.3780
2010,06,school district (elementary),28830,"Orick Elementary School District, California",0.4080
2010,06,school district (elementary),28860,"Orinda Union Elementary School District, California",0.4550
2010,06,school district (elementary),28950,"Oro Grande Elementary School District, California",0.4280
2010,06,school district (elementary),29100,"Oroville City Elementary School District, California",0.4020
2010,06,school district (elementary),29160,"Outside Creek Elementary School District, California",0.4160
2010,06,school district (elementary),29220,"Oxnard Elementary School District, California",0.4370
2010,06,school district (elementary),29280,"Pacheco Union Elementary School District, California",0.4590
2010,06,school district (elementary),29340,"Pacific Elementary School District, California",0.4030
2010,06,school district (elementary),29400,"Pacific Union Elementary School District (Fresno County), California",0.3970
2010,06,school district (elementary),29430,"Pacific Union Elementary School District (Humboldt County), California",0.4480
2010,06,school district (elementary),29540,"Palermo Union Elementary School District, California",0.4370
2010,06,school district (elementary),29580,"Palmdale Elementary School District, California",0.4050
2010,06,school district (elementary),29670,"Palo Verde Union Elementary School District, California",0.4100
2010,06,school district (elementary),29770,"Panoche Elementary School District, California",0.3950
2010,06,school district (elementary),29790,"Paradise Elementary School District, California",0.3850
2010,06,school district (elementary),30090,"Peninsula Union Elementary School District, California",0.3740
2010,06,school district (elementary),30180,"Perris Elementary School District, California",0.4190
2010,06,school district (elementary),30230,"Petaluma City Elementary School District, California",0.4200
2010,06,school district (elementary),30390,"Pine Ridge Elementary School District, California",0.3810
2010,06,school district (elementary),30450,"Piner-Olivet Union Elementary School District, California",0.3720
2010,06,school district (elementary),30480,"Pioneer Union Elementary School District (El Dorado County), California",0.3800
2010,06,school district (elementary),30510,"Pioneer Union Elementary School District (Kings County), California",0.3410
2010,06,school district (elementary),30520,"Pioneer Union Elementary School District (Butte County), California",0.4180
2010,06,school district (elementary),00006,"Ross Valley Elementary School District, California",0.4680
2010,06,school district (elementary),00012,"Twin Ridges Elementary School District, California",0.4640
2010,06,school district (elementary),01680,"Ackerman Elementary School District, California",0.4070
2010,06,school district (elementary),01710,"Adelanto Elementary School District, California",0.3890
2010,06,school district (elementary),01890,"Alexander Valley Union Elementary School District, California",0.4460
2010,06,school district (elementary),01950,"Alisal Union Elementary School District, California",0.4130
2010,06,school district (elementary),01980,"Allensworth Elementary School District, California",0.3600
2010,06,school district (elementary),02100,"Alpine Union Elementary School District, California",0.4530
2010,06,school district (elementary),02160,"Alta Loma Elementary School District, California",0.4110
2010,06,school district (elementary),02220,"Alta Vista Elementary School District, California",0.4380
2010,06,school district (elementary),02250,"Alta-Dutch Flat Union Elementary School District, California",0.4170
2010,06,school district (elementary),02310,"Alum Rock Union Elementary School District, California",0.4260
2010,06,school district (elementary),02360,"Alview-Dairyland Union Elementary School District, California",0.5640
2010,06,school district (elementary),02370,"Alvina Elementary School District, California",0.4800
2010,06,school district (elementary),02550,"American Union Elementary School District, California",0.5090
2010,06,school district (elementary),02610,"Anaheim Elementary School District, California",0.3930
2010,06,school district (elementary),02760,"Antelope Elementary School District, California",0.4820
2010,06,school district (elementary),03000,"Arcata Elementary School District, California",0.4830
2010,06,school district (elementary),03060,"Arcohe Union Elementary School District, California",0.3230
2010,06,school district (elementary),03090,"Arena Union Elementary School District, California",0.4520
2010,06,school district (elementary),03180,"Armona Union Elementary School District, California",0.3530
2010,06,school district (elementary),03270,"Arvin Union Elementary School District, California",0.3780
2010,06,school district (elementary),03420,"Atwater Elementary School District, California",0.4550
2010,06,school district (elementary),03480,"Auburn Union Elementary School District, California",0.4430
2010,06,school district (elementary),03630,"Bakersfield City Elementary School District, California",0.4590
2010,06,school district (elementary),03720,"Ballard Elementary School District, California",0.4790
2010,06,school district (elementary),03750,"Ballico-Cressey Elementary School District, California",0.4680
2010,06,school district (elementary),03780,"Bangor Union Elementary School District, California",0.4100
2010,06,school district (elementary),03870,"Banta Elementary School District, California",0.4330
2010,06,school district (elementary),04080,"Bass Lake Joint Union Elementary School District, California",0.4430
2010,06,school district (elementary),04200,"Bayshore Elementary School District, California",0.3850
2010,06,school district (elementary),04260,"Beardsley Elementary School District, California",0.4830
2010,06,school district (elementary),04350,"Bella Vista Elementary School District, California",0.4480
2010,06,school district (elementary),04380,"Bellevue Union Elementary School District, California",0.3960
2010,06,school district (elementary),04500,"Belleview Elementary School District, California",0.3840
2010,06,school district (elementary),04530,"Belmont-Redwood Shores Elementary School District, California",0.4050
2010,06,school district (elementary),04560,"Belridge Elementary School District, California",0.3520
2010,06,school district (elementary),04590,"Bend Elementary School District, California",0.3810
2010,06,school district (elementary),04650,"Bennett Valley Union Elementary School District, California",0.4510
2010,06,school district (elementary),04800,"Berryessa Union Elementary School District, California",0.3790
2010,06,school district (elementary),04860,"Big Creek Elementary School District, California",0.4370
2010,06,school district (elementary),04890,"Big Lagoon Union Elementary School District, California",0.4970
2010,06,school district (elementary),04980,"Big Springs Union Elementary School District, California",0.4830
2010,06,school district (elementary),05130,"Bishop Union Elementary School District, California",0.4430
2010,06,school district (elementary),05190,"Bitterwater-Tully Union Elementary School District, California",0.4190
2010,06,school district (elementary),05220,"Black Butte Union Elementary School District, California",0.4460
2010,06,school district (elementary),05250,"Blake Elementary School District, California",0.4150
2010,06,school district (elementary),05280,"Blochman Union Elementary School District, California",0.4120
2010,06,school district (elementary),05400,"Blue Lake Union Elementary School District, California",0.4110
2010,06,school district (elementary),05490,"Bogus Elementary School District, California",0.3730
2010,06,school district (elementary),05520,"Bolinas-Stinson Union Elementary School District, California",0.4390
2010,06,school district (elementary),05580,"Santa Maria-Bonita Elementary School District, California",0.4150
2010,06,school district (elementary),05640,"Bonny Doon Union Elementary School District, California",0.4040
2010,06,school district (elementary),05670,"Bonsall Union Elementary School District, California",0.4310
2010,06,school district (elementary),05730,"Bradley Union Elementary School District, California",0.3770
2010,06,school district (elementary),05790,"Brawley Elementary School District, California",0.4970
2010,06,school district (elementary),05910,"Brentwood Union Elementary School District, California",0.3610
2010,06,school district (elementary),06000,"Bridgeville Elementary School District, California",0.3670
2010,06,school district (elementary),06030,"Briggs Elementary School District, California",0.4510
2010,06,school district (elementary),06060,"Brisbane Elementary School District, California",0.4060
2010,06,school district (elementary),06090,"Brittan Elementary School District, California",0.3880
2010,06,school district (elementary),06100,"Browns Elementary School District, California",0.4130
2010,06,school district (elementary),06270,"Buckeye Union Elementary School District, California",0.3810
2010,06,school district (elementary),06330,"Buellton Union Elementary School District, California",0.4680
2010,06,school district (elementary),06360,"Buena Park Elementary School District, California",0.4290
2010,06,school district (elementary),06390,"Panama-Buena Vista Union Elementary School District, California",0.4360
2010,06,school district (elementary),06420,"Buena Vista Elementary School District, California",0.3170
2010,06,school district (elementary),06480,"Burlingame Elementary School District, California",0.4800
2010,06,school district (elementary),06510,"Burnt Ranch Elementary School District, California",0.5510
2010,06,school district (elementary),06540,"Burrel Union Elementary School District, California",0.3820
2010,06,school district (elementary),06570,"Burton Elementary School District, California",0.3910
2010,06,school district (elementary),06690,"Butteville Union Elementary School District, California",0.4260
2010,06,school district (elementary),06720,"Buttonwillow Union Elementary School District, California",0.3600
2010,06,school district (elementary),06750,"Byron Union Elementary School District, California",0.4230
2010,06,school district (elementary),06810,"Cajon Valley Union Elementary School District, California",0.4470
2010,06,school district (elementary),06960,"Caliente Union Elementary School District, California",0.4870
2010,06,school district (elementary),07140,"Cambrian Elementary School District, California",0.4200
2010,06,school district (elementary),07170,"Camino Union Elementary School District, California",0.4080
2010,06,school district (elementary),07200,"Campbell Union Elementary School District, California",0.4620
2010,06,school district (elementary),07260,"Camptonville Elementary School District, California",0.4550
2010,06,school district (elementary),07350,"Canyon Elementary School District, California",0.2000
2010,06,school district (elementary),07410,"Capay Joint Union Elementary School District, California",0.4950
2010,06,school district (elementary),07470,"Cardiff Elementary School District, California",0.4580
2010,06,school district (elementary),07680,"Cascade Union Elementary School District, California",0.4180
2010,06,school district (elementary),07740,"Castaic Union Elementary School District, California",0.3590
2010,06,school district (elementary),07770,"Castle Rock Union Elementary School District, California",0.4070
2010,06,school district (elementary),07840,"Cayucos Elementary School District, California",0.4760
2010,06,school district (elementary),07950,"Central Elementary School District, California",0.3610
2010,06,school district (elementary),07980,"Central Union Elementary School District, California",0.3550
2010,06,school district (elementary),08070,"Centralia Elementary School District, California",0.3990
2010,06,school district (elementary),08250,"Chatom Union Elementary School District, California",0.4850
2010,06,school district (elementary),08340,"Chicago Park Elementary School District, California",0.4520
2010,06,school district (elementary),08520,"Chowchilla Elementary School District, California",0.4270
2010,06,school district (elementary),08580,"Chualar Union Elementary School District, California",0.4690
2010,06,school district (elementary),08610,"Chula Vista Elementary School District, California",0.3990
2010,06,school district (elementary),08640,"Cienega Union Elementary School District, California",0.3390
2010,06,school district (elementary),08700,"Cinnabar Elementary School District, California",0.6160
2010,06,school district (elementary),08730,"Citrus South Tule Elementary School District, California",0.6180
2010,06,school district (elementary),08850,"Clay Joint Elementary School District, California",0.3700
2010,06,school district (elementary),08880,"Clear Creek Elementary School District, California",0.3910
2010,06,school district (elementary),09240,"Coffee Creek Elementary School District, California",0.4510
2010,06,school district (elementary),09270,"Cold Spring Elementary School District, California",0.5070
2010,06,school district (elementary),09300,"Colfax Elementary School District, California",0.3940
2010,06,school district (elementary),09330,"College Elementary School District, California",0.4550
2010,06,school district (elementary),09450,"Columbia Elementary School District, California",0.3910
2010,06,school district (elementary),09480,"Columbia Union Elementary School District, California",0.4360
2010,06,school district (elementary),09510,"Columbine Elementary School District, California",0.5250
2010,06,school district (elementary),09780,"Corning Union Elementary School District, California",0.4070
2010,06,school district (elementary),09990,"Cottonwood Union Elementary School District, California",0.4880
2010,06,school district (elementary),10080,"Cox Bar Elementary School District, California",0.3200
2010,06,school district (elementary),10230,"Cuddeback Union Elementary School District, California",0.4520
2010,06,school district (elementary),10290,"Cupertino Union Elementary School District, California",0.4170
2010,06,school district (elementary),10320,"Curtis Creek Elementary School District, California",0.3950
2010,06,school district (elementary),10380,"Cutten Elementary School District, California",0.3800
2010,06,school district (elementary),10440,"Cypress Elementary School District, California",0.3860
2010,06,school district (elementary),30630,"Pixley Union Elementary School District, California",0.5080
2010,06,school district (elementary),30720,"Placer Hills Union Elementary School District, California",0.4210
2010,06,school district (elementary),30780,"Placerville Union Elementary School District, California",0.4030
2010,06,school district (elementary),30810,"Plainsburg Union Elementary School District, California",0.4780
2010,06,school district (elementary),30840,"Planada Elementary School District, California",0.4260
2010,06,school district (elementary),30870,"Plaza Elementary School District, California",0.3800
2010,06,school district (elementary),30900,"Pleasant Grove Joint Union Elementary School District, California",0.3740
2010,06,school district (elementary),30930,"Pleasant Ridge Union Elementary School District, California",0.3860
2010,06,school district (elementary),30960,"Pleasant Valley Elementary School District (Nevada County), California",0.3750
2010,06,school district (elementary),30990,"Pleasant Valley Elementary School District (Ventura County), California",0.4190
2010,06,school district (elementary),31020,"Pleasant Valley Joint Union Elementary School District, California",0.4030
2010,06,school district (elementary),31050,"Pleasant View Elementary School District, California",0.3860
2010,06,school district (elementary),31140,"Plum Valley Elementary School District, California",0.4350
2010,06,school district (elementary),31180,"Plumas Elementary School District, California",0.2970
2010,06,school district (elementary),31290,"Pollock Pines Elementary School District, California",0.4220
2010,06,school district (elementary),31350,"Pond Union Elementary School District, California",0.3700
2010,06,school district (elementary),31380,"Pope Valley Union Elementary School District, California",0.4460
2010,06,school district (elementary),31470,"Portola Valley Elementary School District, California",0.5610
2010,06,school district (elementary),31680,"Raisin City Elementary School District, California",0.3930
2010,06,school district (elementary),31740,"Rancho Santa Fe Elementary School District, California",0.6360
2010,06,school district (elementary),31830,"Ravendale-Termo Elementary School District, California",0.3930
2010,06,school district (elementary),31860,"Ravenswood City Elementary School District, California",0.4340
2010,06,school district (elementary),31920,"Raymond-Knowles Union Elementary School District, California",0.3990
2010,06,school district (elementary),31950,"Ready Springs Union Elementary School District, California",0.4810
2010,06,school district (elementary),31980,"Red Bluff Union Elementary School District, California",0.4590
2010,06,school district (elementary),32040,"Redding Elementary School District, California",0.4700
2010,06,school district (elementary),32130,"Redwood City Elementary School District, California",0.4970
2010,06,school district (elementary),32160,"Reed Union Elementary School District, California",0.5530
2010,06,school district (elementary),32250,"Reeds Creek Elementary School District, California",0.5070
2010,06,school district (elementary),32310,"Rescue Union Elementary School District, California",0.3800
2010,06,school district (elementary),32340,"Kashia Elementary School District, California",0.2790
2010,06,school district (elementary),32400,"Richfield Elementary School District, California",0.4450
2010,06,school district (elementary),32430,"Richgrove Elementary School District, California",0.3740
2010,06,school district (elementary),32520,"Richmond Elementary School District, California",0.3190
2010,06,school district (elementary),32640,"Rincon Valley Union Elementary School District, California",0.4360
2010,06,school district (elementary),32710,"Rio Bravo-Greeley Union Elementary School District, California",0.4230
2010,06,school district (elementary),32730,"Rio Dell Elementary School District, California",0.4940
2010,06,school district (elementary),32760,"Rio Elementary School District, California",0.3490
2010,06,school district (elementary),33210,"Roberts Ferry Union Elementary School District, California",0.3290
2010,06,school district (elementary),33240,"Robla Elementary School District, California",0.3780
2010,06,school district (elementary),33270,"Rockford Elementary School District, California",0.4500
2010,06,school district (elementary),33330,"Rohnerville Elementary School District, California",0.4730
2010,06,school district (elementary),33390,"Romoland Elementary School District, California",0.3920
2010,06,school district (elementary),33480,"Rosedale Union Elementary School District, California",0.3920
2010,06,school district (elementary),33510,"Roseland Elementary School District, California",0.4110
2010,06,school district (elementary),33570,"Rosemead Elementary School District, California",0.4160
2010,06,school district (elementary),33600,"Roseville City Elementary School District, California",0.4090
2010,06,school district (elementary),33660,"Ross Elementary School District, California",0.5730
2010,06,school district (elementary),33690,"Round Valley Joint Elementary School District, California",0.3600
2010,06,school district (elementary),33900,"Salida Union Elementary School District, California",0.3830
2010,06,school district (elementary),33930,"Salinas City Elementary School District, California",0.4130
2010,06,school district (elementary),34050,"San Antonio Union Elementary School District, California",0.3990
2010,06,school district (elementary),34080,"San Ardo Union Elementary School District, California",0.2800
2010,06,school district (elementary),34230,"San Bruno Park Elementary School District, California",0.3800
2010,06,school district (elementary),34290,"San Carlos Elementary School District, California",0.4290
2010,06,school district (elementary),34770,"San Lucas Union Elementary School District, California",0.4960
2010,06,school district (elementary),34920,"San Mateo-Foster City Elementary School District, California",0.4330
2010,06,school district (elementary),35010,"San Miguel Joint Union Elementary School District, California",0.3620
2010,06,school district (elementary),35040,"San Pasqual Union Elementary School District, California",0.4140
2010,06,school district (elementary),35090,"San Rafael City Elementary School District, California",0.4840
2010,06,school district (elementary),35220,"San Ysidro Elementary School District, California",0.4200
2010,06,school district (elementary),35360,"Santa Barbara Elementary School District, California",0.4840
2010,06,school district (elementary),35490,"Santa Clara Elementary School District, California",0.4830
2010,06,school district (elementary),35590,"Santa Cruz City Elementary School District, California",0.4800
2010,06,school district (elementary),35730,"Santa Paula Elementary School District, California",0.4400
2010,06,school district (elementary),35790,"Santa Rita Union Elementary School District, California",0.3940
2010,06,school district (elementary),35810,"Santa Rosa Elementary School District, California",0.4530
2010,06,school district (elementary),35880,"Santee Elementary School District, California",0.3470
2010,06,school district (elementary),35910,"Saratoga Union Elementary School District, California",0.5030
2010,06,school district (elementary),35940,"Saucelito Elementary School District, California",0.5800
2010,06,school district (elementary),35970,"Saugus Union Elementary School District, California",0.3600
2010,06,school district (elementary),36000,"Sausalito Elementary School District, California",0.5050
2010,06,school district (elementary),36030,"Savanna Elementary School District, California",0.3780
2010,06,school district (elementary),36100,"Scotia Union Elementary School District, California",0.4900
2010,06,school district (elementary),36180,"Sebastopol Union Elementary School District, California",0.4220
2010,06,school district (elementary),36210,"Seeley Union Elementary School District, California",0.3760
2010,06,school district (elementary),36240,"Seiad Elementary School District, California",0.3900
2010,06,school district (elementary),36330,"Semitropic Elementary School District, California",0.3540
2010,06,school district (elementary),36360,"Sequoia Union Elementary School District, California",0.4380
2010,06,school district (elementary),36420,"Shaffer Union Elementary School District, California",0.3470
2010,06,school district (elementary),36570,"Shasta Union Elementary School District, California",0.4080
2010,06,school district (elementary),36660,"Shiloh Elementary School District, California",0.4530
2010,06,school district (elementary),36810,"Silver Fork Elementary School District, California",0.2710
2010,06,school district (elementary),36960,"Snelling-Merced Falls Union Elementary School District, California",0.4740
2010,06,school district (elementary),36990,"Solana Beach Elementary School District, California",0.4570
2010,06,school district (elementary),37110,"Solvang Elementary School District, California",0.4660
2010,06,school district (elementary),37140,"Somis Union Elementary School District, California",0.4940
2010,06,school district (elementary),37230,"Sonora Elementary School District, California",0.4880
2010,06,school district (elementary),37290,"Soquel Elementary School District, California",0.4600
2010,06,school district (elementary),37320,"Soulsbyville Elementary School District, California",0.3930
2010,06,school district (elementary),37350,"South Bay Union Elementary School District (Humboldt County), California",0.4760
2010,06,school district (elementary),37380,"South Bay Union Elementary School District (San Diego County), California",0.4110
2010,06,school district (elementary),37470,"South Fork Union Elementary School District, California",0.4170
2010,06,school district (elementary),37560,"South Whittier Elementary School District, California",0.3730
2010,06,school district (elementary),37650,"Southside Elementary School District, California",0.3700
2010,06,school district (elementary),37680,"Spencer Valley Elementary School District, California",0.3840
2010,06,school district (elementary),37710,"Spreckels Union Elementary School District, California",0.3770
2010,06,school district (elementary),37770,"Springville Union Elementary School District, California",0.4210
2010,06,school district (elementary),37890,"Standard Elementary School District, California",0.4200
2010,06,school district (elementary),37950,"Stanislaus Union Elementary School District, California",0.4750
2010,06,school district (elementary),38040,"Stone Corral Elementary School District, California",0.3690
2010,06,school district (elementary),38130,"Strathmore Union Elementary School District, California",0.4570
2010,06,school district (elementary),38220,"Sulphur Springs Union Elementary School District, California",0.4040
2010,06,school district (elementary),38250,"Summerville Elementary School District, California",0.4170
2010,06,school district (elementary),38340,"Sundale Union Elementary School District, California",0.4110
2010,06,school district (elementary),38430,"Sunnyside Union Elementary School District, California",0.4150
2010,06,school district (elementary),38460,"Sunnyvale Elementary School District, California",0.3960
2010,06,school district (elementary),38550,"Susanville Elementary School District, California",0.4240
2010,06,school district (elementary),38670,"Sylvan Union Elementary School District, California",0.4220
2010,06,school district (elementary),38700,"Taft City Elementary School District, California",0.4330
2010,06,school district (elementary),39060,"Terra Bella Union Elementary School District, California",0.4750
2010,06,school district (elementary),39180,"Thermalito Union Elementary School District, California",0.4360
2010,06,school district (elementary),39210,"Three Rivers Union Elementary School District, California",0.3990
2010,06,school district (elementary),39300,"Tipton Elementary School District, California",0.3630
2010,06,school district (elementary),39600,"Traver Joint Elementary School District, California",0.3760
2010,06,school district (elementary),39690,"Tres Pinos Union Elementary School District, California",0.5340
2010,06,school district (elementary),39720,"Trinidad Union Elementary School District, California",0.4210
2010,06,school district (elementary),39750,"Trinity Center Elementary School District, California",0.4620
2010,06,school district (elementary),39870,"Tulare City Elementary School District, California",0.3990
2010,06,school district (elementary),40200,"Twain Harte-Long Barn Union Elementary School District, California",0.4380
2010,06,school district (elementary),40230,"Twin Hills Union Elementary School District, California",0.3950
2010,06,school district (elementary),40260,"Two Rock Union Elementary School District, California",0.3740
2010,06,school district (elementary),40320,"Union Elementary School District, California",0.3990
2010,06,school district (elementary),40380,"Union Hill Elementary School District, California",0.3680
2010,06,school district (elementary),40410,"Union Joint Elementary School District, California",0.3810
2010,06,school district (elementary),40470,"Upper Lake Union Elementary School District, California",0.3950
2010,06,school district (elementary),40650,"Valle Lindo Elementary School District, California",0.3460
2010,06,school district (elementary),40680,"Vallecito Union Elementary School District, California",0.4490
2010,06,school district (elementary),40710,"Vallecitos Elementary School District, California",0.4300
2010,06,school district (elementary),40800,"Valley Home Joint Elementary School District, California",0.4130
2010,06,school district (elementary),41040,"Victor Elementary School District, California",0.4160
2010,06,school district (elementary),41130,"Vineland Elementary School District, California",0.3960
2010,06,school district (elementary),41220,"Vista del Mar Union Elementary School District, California",0.4550
2010,06,school district (elementary),41250,"Walnut Creek Elementary School District, California",0.4550
2010,06,school district (elementary),41400,"Wasco Union Elementary School District, California",0.4090
2010,06,school district (elementary),41460,"Washington Colony Elementary School District, California",0.4650
2010,06,school district (elementary),41610,"Washington Union Elementary School District, California",0.3890
2010,06,school district (elementary),41790,"Waugh Elementary School District, California",0.4030
2010,06,school district (elementary),41820,"Waukena Joint Union Elementary School District, California",0.4070
2010,06,school district (elementary),41880,"Weaver Union Elementary School District, California",0.4620
2010,06,school district (elementary),41980,"Weed Union Elementary School District, California",0.4570
2010,06,school district (elementary),42060,"West Park Elementary School District, California",0.4750
2010,06,school district (elementary),42120,"Westside Union Elementary School District, California",0.3890
2010,06,school district (elementary),42150,"Westminster Elementary School District, California",0.4210
2010,06,school district (elementary),42180,"Westmorland Union Elementary School District, California",0.4230
2010,06,school district (elementary),42210,"Westside Elementary School District, California",0.4230
2010,06,school district (elementary),42270,"West Side Union Elementary School District, California",0.5440
2010,06,school district (elementary),42330,"Wheatland Elementary School District, California",0.3690
2010,06,school district (elementary),42420,"Whitmore Union Elementary School District, California",0.4470
2010,06,school district (elementary),42450,"Whittier City Elementary School District, California",0.4150
2010,06,school district (elementary),42600,"Willow Creek Elementary School District, California",0.4200
2010,06,school district (elementary),42630,"Willow Grove Union Elementary School District, California",0.4390
2010,06,school district (elementary),42750,"Wilmar Union Elementary School District, California",0.4000
2010,06,school district (elementary),42810,"Wilsona Elementary School District, California",0.3660
2010,06,school district (elementary),42900,"Winship Elementary School District, California",0.3610
2010,06,school district (elementary),42960,"Winton Elementary School District, California",0.4160
2010,06,school district (elementary),42990,"Wiseburn Elementary School District, California",0.3730
2010,06,school district (elementary),43020,"Woodlake Union Elementary School District, California",0.4220
2010,06,school district (elementary),43140,"Woodside Elementary School District, California",0.5440
2010,06,school district (elementary),43170,"Woodville Elementary School District, California",0.4000
2010,06,school district (elementary),43200,"Wright Elementary School District, California",0.3680
2010,06,school district (elementary),43380,"Yreka Union Elementary School District, California",0.4860
2010,06,school district (elementary),99999,"Remainder of California, California",0.4720
2010,06,school district (secondary),01650,"Acalanes Union High School District, California",0.4830
2010,06,school district (secondary),02630,"Anaheim Union High School District, California",0.4040
2010,06,school district (secondary),02670,"West Sonoma County Union High School District, California",0.4450
2010,06,school district (secondary),02700,"Anderson Union High School District, California",0.4590
2010,06,school district (secondary),02820,"Antelope Valley Union High School District, California",0.4280
2010,06,school district (secondary),03030,"Northern Humboldt Union High School District, California",0.4550
2010,06,school district (secondary),05160,"Bishop Joint Union High School District, California",0.4380
2010,06,school district (secondary),05820,"Brawley Union High School District, California",0.4950
2010,06,school district (secondary),05940,"Bret Harte Union High School District, California",0.4270
2010,06,school district (secondary),06001,"Yosemite Unified School District in Bass Lake, California",0.4430
2010,06,school district (secondary),06002,"Yosemite Unified School District in Raymond-Knowles, California",0.3990
2010,06,school district (secondary),06003,"Twin Rivers Unified School District in Elverta, California",0.3400
2010,06,school district (secondary),06004,"Twin Rivers Unified School District in Robla, California",0.3780
2010,06,school district (secondary),06005,"Scott Valley Unified School District in Forks of Salmon, California",0.7190
2010,06,school district (secondary),06006,"Trinity Alps Unified School District in Burnt Ranch, California",0.5510
2010,06,school district (secondary),06007,"Trinity Alps Unified School District in Coffee Creek, California",0.4510
2010,06,school district (secondary),06008,"Trinity Alps Unified School District in Cox Bar, California",0.3200
2010,06,school district (secondary),06009,"Trinity Alps Unified School District in Douglas City, California",0.4250
2010,06,school district (secondary),06010,"Trinity Alps Unified School District in Junction City, California",0.4090
2010,06,school district (secondary),06011,"Trinity Alps Unified School District in Lewiston, California",0.4150
2010,06,school district (secondary),06012,"Trinity Alps Unified School District in Trinity Center, California",0.4620
2010,06,school district (secondary),06013,"Turlock Unified School District in Chatom Union, California",0.4850
2010,06,school district (secondary),06014,"Turlock Unified School District in Keyes Union, California",0.4900
2010,06,school district (secondary),06015,"Santa Cruz City High School District (9-12) in Soquel, California",0.4600
2010,06,school district (secondary),06016,"Dinuba Unified (9-12) in Kings River Union, California",0.4380
2010,06,school district (secondary),06017,"Dinuba Unified (9-12) in Monson-Sultana Joint Union, California",0.5270
2010,06,school district (secondary),06037,"Alhambra Unified (9-12) School District, California",0.4190
2010,06,school district (secondary),06053,"Gonzales Unified (9-12) School District, California",0.4690
2010,06,school district (secondary),06107,"Porterville Unified (9-12) School District, California",0.4490
2010,06,school district (secondary),07230,"Campbell Union High School District, California",0.4380
2010,06,school district (secondary),07920,"Centinela Valley Union High School District, California",0.4140
2010,06,school district (secondary),08010,"Central Union High School District, California",0.4620
2010,06,school district (secondary),08160,"Chaffey Joint Union High School District, California",0.3920
2010,06,school district (secondary),08550,"Chowchilla Union High School District, California",0.4490
2010,06,school district (secondary),09810,"Corning Union High School District, California",0.4260
2010,06,school district (secondary),10860,"Delano Joint Union High School District, California",0.4280
2010,06,school district (secondary),11700,"Dunsmuir Joint Union High School District, California",0.4370
2010,06,school district (secondary),11780,"East Nicolaus Joint Union High School District, California",0.4290
2010,06,school district (secondary),11820,"East Side Union High School District, California",0.4150
2010,06,school district (secondary),12070,"El Dorado Union High School District, California",0.4130
2010,06,school district (secondary),12120,"El Monte Union High School District, California",0.4080
2010,06,school district (secondary),12910,"Escondido Union High School District, California",0.4480
2010,06,school district (secondary),13230,"Exeter Union High School District, California",0.4130
2010,06,school district (secondary),13530,"Fallbrook Union High School District, California",0.4450
2010,06,school district (secondary),14190,"Fortuna Union High School District, California",0.4780
2010,06,school district (secondary),14430,"Fremont Union High School District, California",0.4160
2010,06,school district (secondary),14760,"Fullerton Joint Union High School District, California",0.4330
2010,06,school district (secondary),14820,"Galt Joint Union High School District, California",0.3760
2010,06,school district (secondary),16230,"Grossmont Union High School District, California",0.4200
2010,06,school district (secondary),16440,"Hamilton Union High School District, California",0.4530
2010,06,school district (secondary),16500,"Hanford Joint Union High School District, California",0.4010
2010,06,school district (secondary),18060,"Huntington Beach Union High School District, California",0.4310
2010,06,school district (secondary),18930,"Jefferson Union High School District, California",0.3880
2010,06,school district (secondary),19110,"Julian Union High School District, California",0.4410
2010,06,school district (secondary),19540,"Kern Union High School District, California",0.4550
2010,06,school district (secondary),19650,"King City Joint Union High School District, California",0.3850
2010,06,school district (secondary),19830,"Kingsburg Joint Union High School District, California",0.4460
2010,06,school district (secondary),21060,"Lassen Union High School District, California",0.4180
2010,06,school district (secondary),21270,"Le Grand Union High School District, California",0.4720
2010,06,school district (secondary),21400,"Lemoore Union High School District, California",0.3880
2010,06,school district (secondary),21600,"Liberty Union High School District, California",0.3900
2010,06,school district (secondary),22800,"Los Gatos-Saratoga Joint Union School District, California",0.4780
2010,06,school district (secondary),24660,"Merced Union High School District, California",0.4740
2010,06,school district (secondary),25150,"Modesto City High School District, California",0.4500
2010,06,school district (secondary),26310,"Mountain View-Los Altos Union School District, California",0.4870
2010,06,school district (secondary),26880,"Nevada Joint Union High School District, California",0.4300
2010,06,school district (secondary),29130,"Oroville Union High School District, California",0.4280
2010,06,school district (secondary),29270,"Oxnard Union High School District, California",0.4310
2010,06,school district (secondary),30210,"Perris Union High School District, California",0.4110
2010,06,school district (secondary),30250,"Petaluma Joint Union High School District, California",0.4160
2010,06,school district (secondary),30750,"Placer Union High School District, California",0.4540
2010,06,school district (secondary),31230,"Point Arena Joint Union High School District, California",0.4530
2010,06,school district (secondary),32010,"Red Bluff Joint Union High School District, California",0.4600
2010,06,school district (secondary),33630,"Roseville Joint Union High School District, California",0.4160
2010,06,school district (secondary),33980,"Salinas Union High School District, California",0.4390
2010,06,school district (secondary),34140,"San Benito High School District, California",0.4040
2010,06,school district (secondary),34380,"San Dieguito Union High School District, California",0.4800
2010,06,school district (secondary),34980,"San Mateo Union High School District, California",0.4630
2010,06,school district (secondary),35110,"San Rafael City High School District, California",0.4720
2010,06,school district (secondary),35370,"Santa Barbara High School District, California",0.5000
2010,06,school district (secondary),35600,"Santa Cruz City High School District, California",0.4730
2010,06,school district (secondary),35670,"Santa Maria Joint Union High School District, California",0.4100
2010,06,school district (secondary),35760,"Santa Paula Union High School District, California",0.4460
2010,06,school district (secondary),35830,"Santa Rosa High School District, California",0.4390
2010,06,school district (secondary),35850,"Santa Ynez Valley Union High School District, California",0.4740
2010,06,school district (secondary),36390,"Sequoia Union High School District, California",0.5070
2010,06,school district (secondary),36600,"Shasta Union High School District, California",0.4490
2010,06,school district (secondary),36940,"Siskiyou Union High School District, California",0.4290
2010,06,school district (secondary),36972,"Victor Valley Union High School District, California",0.4080
2010,06,school district (secondary),37260,"Sonora Union High School District, California",0.4370
2010,06,school district (secondary),38280,"Summerville Union High School District, California",0.4330
2010,06,school district (secondary),38610,"Sutter Union High School District, California",0.4120
2010,06,school district (secondary),38640,"Sweetwater Union High School District, California",0.4170
2010,06,school district (secondary),38730,"Taft Union High School District, California",0.4400
2010,06,school district (secondary),38790,"Tamalpais Union High School District, California",0.5120
2010,06,school district (secondary),39930,"Tulare Joint Union High School District, California",0.4100
2010,06,school district (secondary),40500,"Upper Lake Union High School District, California",0.4220
2010,06,school district (secondary),41430,"Wasco Union High School District, California",0.4080
2010,06,school district (secondary),41640,"Washington Union High School District, California",0.4630
2010,06,school district (secondary),42350,"Wheatland Union High School District, California",0.3640
2010,06,school district (secondary),42480,"Whittier Union High School District, California",0.3980
2010,06,school district (secondary),42510,"William S. Hart Union High School District, California",0.3900
2010,06,school district (secondary),43050,"Woodlake Union High School District, California",0.4350
2010,06,school district (secondary),43410,"Yreka Union High School District, California",0.4690
2010,06,school district (secondary),99999,"Remainder of California, California",0.4720
2019,06,county,00047,"Merced County, California",0.4719
2019,06,county,00043,"Mariposa County, California",0.4234
2019,06,county,00049,"Modoc County, California",0.4003
2019,06,county,00013,"Contra Costa County, California",0.4672
2019,06,county,00027,"Inyo County, California",0.4104
2019,06,county,00099,"Stanislaus County, California",0.4396
2019,06,county,00083,"Santa Barbara County, California",0.4815
2019,06,county,00103,"Tehama County, California",0.4656
2019,06,county,00051,"Mono County, California",0.4150
2019,06,county,00069,"San Benito County, California",0.4054
2019,06,county,00067,"Sacramento County, California",0.4538
2019,06,county,00017,"El Dorado County, California",0.4556
2019,06,county,00053,"Monterey County, California",0.4570
2019,06,county,00075,"San Francisco County, California",0.5099
2019,06,county,00073,"San Diego County, California",0.4627
2019,06,county,00107,"Tulare County, California",0.4728
2019,06,county,00023,"Humboldt County, California",0.4841
2019,06,county,00003,"Alpine County, California",0.4930
2019,06,county,00039,"Madera County, California",0.4422
2019,06,county,00087,"Santa Cruz County, California",0.4819
2019,06,county,00105,"Trinity County, California",0.4638
2019,06,county,00065,"Riverside County, California",0.4572
2019,06,county,00071,"San Bernardino County, California",0.4375
2019,06,county,00041,"Marin County, California",0.5178
2019,06,county,00061,"Placer County, California",0.4467
2019,06,county,00089,"Shasta County, California",0.4588
2019,06,county,00095,"Solano County, California",0.4207
2019,06,county,00011,"Colusa County, California",0.4554
2019,06,county,00021,"Glenn County, California",0.4442
2019,06,county,00007,"Butte County, California",0.4944
2019,06,county,00031,"Kings County, California",0.4272
2019,06,county,00063,"Plumas County, California",0.4667
2019,06,county,00079,"San Luis Obispo County, California",0.4496
2019,06,county,00019,"Fresno County, California",0.4746
2019,06,county,00029,"Kern County, California",0.4668
2019,06,county,00059,"Orange County, California",0.4685
2019,06,county,00111,"Ventura County, California",0.4455
2019,06,county,00009,"Calaveras County, California",0.4414
2019,06,county,00101,"Sutter County, California",0.4530
2019,06,county,00081,"San Mateo County, California",0.4849
2019,06,county,00109,"Tuolumne County, California",0.4832
2019,06,county,00077,"San Joaquin County, California",0.4529
2019,06,county,00005,"Amador County, California",0.4490
2019,06,county,00033,"Lake County, California",0.4817
2019,06,county,00115,"Yuba County, California",0.4260
2019,06,county,00035,"Lassen County, California",0.4171
2019,06,county,00097,"Sonoma County, California",0.4536
2019,06,county,00025,"Imperial County, California",0.4704
2019,06,county,00001,"Alameda County, California",0.4616
2019,06,county,00055,"Napa County, California",0.4712
2019,06,county,00091,"Sierra County, California",0.4594
2019,06,county,00113,"Yolo County, California",0.4928
2019,06,county,00057,"Nevada County, California",0.4697
2019,06,county,00045,"Mendocino County, California",0.4704
2019,06,county,00037,"Los Angeles County, California",0.5002
2019,06,county,00085,"Santa Clara County, California",0.4664
2019,06,county,00093,"Siskiyou County, California",0.4772
2019,06,county,00015,"Del Norte County, California",0.4743
2019,06,place,49488,"Moss Landing CDP, California",0.1634
2019,06,place,05164,"Belvedere city, California",0.5181
2019,06,place,23168,"Fairfax town, California",0.4202
2019,06,place,11782,"Cassel CDP, California",0.2693
2019,06,place,12328,"Cedarville CDP, California",0.4946
2019,06,place,12412,"Centerville CDP, California",0.4059
2019,06,place,12594,"Chalfant CDP, California",0.3529
2019,06,place,12818,"Cherokee CDP, California",0.1968
2019,06,place,13854,"Clay CDP, California",0.3671
2019,06,place,13910,"Clear Creek CDP, California",0.4652
2019,06,place,12860,"Cherokee Strip CDP, California",0.2252
2019,06,place,13784,"Clarksburg CDP, California",0.3362
2019,06,place,13985,"Clearlake Riviera CDP, California",0.5069
2019,06,place,14008,"Cleone CDP, California",0.4641
2019,06,place,14148,"Clipper Mills CDP, California",0.1760
2019,06,place,14288,"Coarsegold CDP, California",0.3754
2019,06,place,14406,"Coffee Creek CDP, California",0.2699
2019,06,place,14442,"Cohasset CDP, California",0.6110
2019,06,place,14450,"Cold Springs CDP (El Dorado County), California",0.3301
2019,06,place,14484,"Coleville CDP, California",0.5761
2019,06,place,14554,"College City CDP, California",0.2501
2019,06,place,14764,"Coloma CDP, California",0.3117
2019,06,place,15030,"Comptche CDP, California",0.1031
2019,06,place,16420,"Coronita CDP, California",0.3515
2019,06,place,16714,"Courtland CDP, California",0.2342
2019,06,place,14708,"Collierville CDP, California",0.4758
2019,06,place,16762,"Cowan CDP, California",0.1519
2019,06,place,17078,"Cressey CDP, California",0.3887
2019,06,place,17372,"Crowley Lake CDP, California",0.3280
2019,06,place,17428,"Crows Landing CDP, California",0.3984
2019,06,place,17727,"Cuyama CDP, California",0.0215
2019,06,place,17995,"Daphnedale Park CDP, California",0.3204
2019,06,place,18086,"Davenport CDP, California",0.5764
2019,06,place,18450,"Delft Colony CDP, California",0.4655
2019,06,place,18940,"Descanso CDP, California",0.4296
2019,06,place,18982,"Desert Center CDP, California",0.3287
2019,06,place,18986,"Desert Edge CDP, California",0.4180
2019,06,place,20956,"East Palo Alto city, California",0.4735
2019,06,place,60102,"Redwood City city, California",0.4738
2019,06,place,65028,"San Bruno city, California",0.4088
2019,06,place,39122,"Lafayette city, California",0.4774
2019,06,place,24218,"Fish Camp CDP, California",0.1146
2019,06,place,22454,"El Sobrante CDP (Contra Costa County), California",0.4195
2019,06,place,24568,"Flournoy CDP, California",0.3702
2019,06,place,24750,"Forbestown CDP, California",0.3572
2019,06,place,24918,"Forest Ranch CDP, California",0.5765
2019,06,place,25030,"Fort Bidwell CDP, California",0.4710
2019,06,place,25114,"Fort Irwin CDP, California",0.2827
2019,06,place,25300,"Fort Washington CDP, California",0.1964
2019,06,place,25488,"Franklin CDP (Merced County), California",0.3985
2019,06,place,25506,"Franklin CDP (Sacramento County), California",0.2591
2019,06,place,25590,"Freeport CDP, California",0.1140
2019,06,place,26067,"French Valley CDP, California",0.3272
2019,06,place,27130,"Fruitridge Pocket CDP, California",0.4899
2019,06,place,27190,"Fuller Acres CDP, California",0.3770
2019,06,place,28014,"Fulton CDP, California",0.5408
2019,06,place,28154,"Garberville CDP, California",0.6060
2019,06,place,28210,"Garden Farms CDP, California",0.4148
2019,06,place,29070,"Garey CDP, California",0.3729
2019,06,place,29112,"Garnet CDP, California",0.4546
2019,06,place,29154,"Gasquet CDP, California",0.4217
2019,06,place,78666,"Tiburon town, California",0.5394
2019,06,place,58870,"Prunedale CDP, California",0.4304
2019,06,place,31393,"Grover Beach city, California",0.4176
2019,06,place,34694,"Hornbrook CDP, California",0.4132
2019,06,place,78176,"Tennant CDP, California",0.4000
2019,06,place,86972,"Yuba City city, California",0.4431
2019,06,place,43294,"Los Altos Hills town, California",0.5086
2019,06,place,48956,"Monte Sereno city, California",0.4609
2019,06,place,70280,"Saratoga city, California",0.4731
2019,06,place,77000,"Sunnyvale city, California",0.4426
2019,06,place,16560,"Cotati city, California",0.4145
2019,06,place,24960,"Forestville CDP, California",0.5025
2019,06,place,30812,"Graton CDP, California",0.4628
2019,06,place,53266,"Occidental CDP, California",0.5262
2019,06,place,16322,"Corning city, California",0.4204
2019,06,place,31260,"Gridley city, California",0.4325
2019,06,place,78106,"Tehama city, California",0.4325
2019,06,place,11691,"Casa de Oro-Mount Helix CDP, California",0.4473
2019,06,place,66000,"San Diego city, California",0.4707
2019,06,place,07974,"Bradley CDP, California",0.2315
2019,06,place,38520,"King City city, California",0.3996
2019,06,place,64224,"Salinas city, California",0.4126
2019,06,place,23182,"Fairfield city, California",0.4266
2019,06,place,01228,"Alpine Village CDP, California",0.4109
2019,06,place,37274,"Jenner CDP, California",0.0998
2019,06,place,37484,"Johnstonville CDP, California",0.3661
2019,06,place,37596,"Junction City CDP, California",0.3605
2019,06,place,37624,"June Lake CDP, California",0.5475
2019,06,place,38024,"Kelly Ridge CDP, California",0.3817
2019,06,place,38156,"Kenwood CDP, California",0.3818
2019,06,place,06475,"Big Bend CDP, California",0.5531
2019,06,place,55296,"Palo Cedro CDP, California",0.3428
2019,06,place,14302,"Cobb CDP, California",0.3657
2019,06,place,50188,"Myrtletown CDP, California",0.4763
2019,06,place,57204,"Pine Hills CDP, California",0.4743
2019,06,place,83794,"Weaverville CDP, California",0.4120
2019,06,place,18996,"Desert Hot Springs city, California",0.4658
2019,06,place,27014,"Friant CDP, California",0.3440
2019,06,place,77042,"Sunol CDP, California",0.5135
2019,06,place,81204,"Union City city, California",0.3754
2019,06,place,11614,"Caruthers CDP, California",0.3251
2019,06,place,61096,"Riverdale CDP, California",0.3973
2019,06,place,70882,"Selma city, California",0.4301
2019,06,place,19022,"Desert Palms CDP, California",0.5237
2019,06,place,19155,"Diablo Grande CDP, California",0.3323
2019,06,place,19416,"Dobbins CDP, California",0.6005
2019,06,place,19440,"Dogtown CDP, California",0.3964
2019,06,place,19654,"Dos Palos Y CDP, California",0.3802
2019,06,place,19724,"Douglas City CDP, California",0.4811
2019,06,place,19794,"Downieville CDP, California",0.2837
2019,06,place,77784,"Talmage CDP, California",0.6231
2019,06,place,34281,"Home Garden CDP, California",0.3557
2019,06,place,31470,"Guerneville CDP, California",0.4811
2019,06,place,45512,"Manton CDP, California",0.3807
2019,06,place,59604,"Rancho Tehama Reserve CDP, California",0.5038
2019,06,place,20270,"Durham CDP, California",0.4420
2019,06,place,02700,"Armona CDP, California",0.3507
2019,06,place,08786,"Buena Park city, California",0.4164
2019,06,place,68084,"San Leandro city, California",0.4303
2019,06,place,07750,"Bowles CDP, California",0.5147
2019,06,place,36084,"Huron city, California",0.4668
2019,06,place,67056,"Sanger city, California",0.4039
2019,06,place,00884,"Alhambra city, California",0.4733
2019,06,place,07946,"Bradbury city, California",0.5366
2019,06,place,07218,"Blythe city, California",0.4983
2019,06,place,86440,"Woodside town, California",0.5140
2019,06,place,09332,"Buttonwillow CDP, California",0.4445
2019,06,place,03820,"Banning city, California",0.4584
2019,06,place,09864,"Calimesa city, California",0.4316
2019,06,place,34302,"Home Gardens CDP, California",0.4091
2019,06,place,08058,"Brawley city, California",0.4714
2019,06,place,21782,"El Centro city, California",0.4706
2019,06,place,34246,"Holtville city, California",0.4527
2019,06,place,36280,"Imperial city, California",0.3337
2019,06,place,44406,"Lucerne CDP, California",0.5410
2019,06,place,51990,"North Lakeport CDP, California",0.4481
2019,06,place,39690,"Lake of the Pines CDP, California",0.4026
2019,06,place,80588,"Truckee town, California",0.4504
2019,06,place,19262,"Dillon Beach CDP, California",0.4693
2019,06,place,62756,"Romoland CDP, California",0.4699
2019,06,place,36448,"Indio city, California",0.4649
2019,06,place,50076,"Murrieta city, California",0.4067
2019,06,place,78596,"Thousand Palms CDP, California",0.4329
2019,06,place,09710,"Calexico city, California",0.4775
2019,06,place,19024,"Desert Shores CDP, California",0.3891
2019,06,place,53378,"Ocotillo CDP, California",0.4796
2019,06,place,07316,"Bolinas CDP, California",0.5538
2019,06,place,16462,"Corte Madera town, California",0.4384
2019,06,place,07274,"Bodfish CDP, California",0.4998
2019,06,place,18394,"Delano city, California",0.4298
2019,06,place,12669,"Channel Islands Beach CDP, California",0.4204
2019,06,place,30282,"Golden Hills CDP, California",0.3790
2019,06,place,37946,"Keene CDP, California",0.3878
2019,06,place,38646,"Kirkwood CDP, California",0.2332
2019,06,place,68154,"San Luis Obispo city, California",0.5157
2019,06,place,21530,"Edgewood CDP, California",0.0935
2019,06,place,29252,"Gazelle CDP, California",0.3243
2019,06,place,44112,"Los Gatos town, California",0.4848
2019,06,place,44378,"Loyola CDP, California",0.4439
2019,06,place,73906,"Stanford CDP, California",0.6275
2019,06,place,01192,"Alpine CDP, California",0.4544
2019,06,place,10559,"Camp Pendleton North CDP, California",0.2848
2019,06,place,19584,"Dorris city, California",0.4512
2019,06,place,10074,"Cambria CDP, California",0.4108
2019,06,place,57414,"Pismo Beach city, California",0.4704
2019,06,place,80686,"Tulelake city, California",0.4153
2019,06,place,55282,"Palo Alto city, California",0.5119
2019,06,place,71106,"Shafter city, California",0.4445
2019,06,place,18100,"Davis city, California",0.5260
2019,06,place,71774,"Sierra Brooks CDP, California",0.3461
2019,06,place,71778,"Sierra City CDP, California",0.2439
2019,06,place,71834,"Sierra Village CDP, California",0.2926
2019,06,place,71848,"Sierraville CDP, California",0.4516
2019,06,place,71927,"Silverado Resort CDP, California",0.3558
2019,06,place,71964,"Silver Lakes CDP, California",0.3270
2019,06,place,72086,"Sisquoc CDP, California",0.2987
2019,06,place,72156,"Sky Valley CDP, California",0.5023
2019,06,place,72184,"Sleepy Hollow CDP, California",0.5132
2019,06,place,72282,"Smartsville CDP, California",0.3169
2019,06,place,72338,"Smith Corner CDP, California",0.2590
2019,06,place,72380,"Smith River CDP, California",0.3306
2019,06,place,72408,"Snelling CDP, California",0.3001
2019,06,place,72478,"Soda Bay CDP, California",0.3634
2019,06,place,73167,"South Monrovia Island CDP, California",0.4114
2019,06,place,73554,"Spaulding CDP, California",0.3304
2019,06,place,73690,"Spring Valley CDP (Lake County), California",0.5757
2019,06,place,73696,"Spring Valley CDP (San Diego County), California",0.3827
2019,06,place,73700,"Spring Valley Lake CDP, California",0.3488
2019,06,place,74130,"Stevenson Ranch CDP, California",0.4188
2019,06,place,74144,"Stevinson CDP, California",0.6257
2019,06,place,74186,"Stirling City CDP, California",0.5093
2019,06,place,75154,"Stonyford CDP, California",0.5733
2019,06,place,75315,"Strawberry CDP (Marin County), California",0.5411
2019,06,place,75596,"Sugarloaf Village CDP, California",0.0048
2019,06,place,75672,"Sultana CDP, California",0.3790
2019,06,place,75994,"Sunnyside CDP, California",0.4747
2019,06,place,76040,"Sunny Slopes CDP, California",0.2341
2019,06,place,77308,"Sun Village CDP, California",0.4280
2019,06,place,77430,"Swall Meadows CDP, California",0.5150
2019,06,place,77728,"Tahoma CDP, California",0.4846
2019,06,place,77960,"Tarpey Village CDP, California",0.3797
2019,06,place,78232,"Terminous CDP, California",0.3030
2019,06,place,63050,"Rossmoor CDP, California",0.4149
2019,06,place,80854,"Tustin city, California",0.4471
2019,06,place,04576,"Beale AFB CDP, California",0.3760
2019,06,place,02980,"Ashland CDP, California",0.4171
2019,06,place,19150,"Diablo CDP, California",0.5224
2019,06,place,00618,"Alamo CDP, California",0.4466
2019,06,place,09346,"Byron CDP, California",0.5537
2019,06,place,60620,"Richmond city, California",0.4415
2019,06,place,82842,"Vine Hill CDP, California",0.3860
2019,06,place,33861,"Hilmar-Irwin CDP, California",0.4408
2019,06,place,44280,"Lost Hills CDP, California",0.3921
2019,06,place,14190,"Cloverdale city, California",0.3901
2019,06,place,11964,"Castro Valley CDP, California",0.4139
2019,06,place,10032,"Calwa CDP, California",0.3142
2019,06,place,14218,"Clovis city, California",0.4238
2019,06,place,30028,"Glen Ellen CDP, California",0.3283
2019,06,place,62546,"Rohnert Park city, California",0.4162
2019,06,place,13014,"Chico city, California",0.4998
2019,06,place,54388,"Oroville East CDP, California",0.3953
2019,06,place,19878,"Doyle CDP, California",0.4017
2019,06,place,19976,"Drytown CDP, California",0.8337
2019,06,place,20228,"Dunnigan CDP, California",0.5677
2019,06,place,20298,"Dutch Flat CDP, California",0.4735
2019,06,place,20424,"Eagleville CDP, California",0.3095
2019,06,place,20900,"East Nicolaus CDP, California",0.4125
2019,06,place,21034,"East Rancho Dominguez CDP, California",0.3959
2019,06,place,21210,"East Tulare Villa CDP, California",0.3416
2019,06,place,21558,"Edmundson Acres CDP, California",0.3730
2019,06,place,21565,"Edna CDP, California",0.3220
2019,06,place,21964,"Elizabeth Lake CDP, California",0.3454
2019,06,place,22006,"Elk Creek CDP, California",0.3157
2019,06,place,22286,"El Nido CDP, California",0.6353
2019,06,place,22328,"El Portal CDP, California",0.2071
2019,06,place,22457,"El Sobrante CDP (Riverside County), California",0.4075
2019,06,place,22524,"Elverta CDP, California",0.4127
2019,06,place,23000,"Eucalyptus Hills CDP, California",0.3444
2019,06,place,23210,"Fairmead CDP, California",0.4452
2019,06,place,23980,"Fiddletown CDP, California",0.1592
2019,06,place,24008,"Fieldbrook CDP, California",0.3982
2019,06,place,24022,"Fields Landing CDP, California",0.0156
2019,06,place,57512,"Pixley CDP, California",0.4379
2019,06,place,78288,"Terra Bella CDP, California",0.5243
2019,06,place,80644,"Tulare city, California",0.4181
2019,06,place,02420,"Arbuckle CDP, California",0.3908
2019,06,place,41194,"Lenwood CDP, California",0.4031
2019,06,place,48788,"Montclair city, California",0.3830
2019,06,place,49684,"Mountain View Acres CDP, California",0.4645
2019,06,place,64462,"San Antonio Heights CDP, California",0.5104
2019,06,place,80994,"Twentynine Palms city, California",0.4326
2019,06,place,42524,"Lompoc city, California",0.4641
2019,06,place,72576,"Solvang city, California",0.4751
2019,06,place,82086,"Vandenberg Village CDP, California",0.3998
2019,06,place,24722,"Foothill Farms CDP, California",0.4152
2019,06,place,51924,"North Highlands CDP, California",0.4324
2019,06,place,39045,"La Crescenta-Montrose CDP, California",0.4368
2019,06,place,39304,"La Habra Heights city, California",0.4722
2019,06,place,39892,"Lakewood city, California",0.3760
2019,06,place,45246,"Malibu city, California",0.5723
2019,06,place,59514,"Rancho Palos Verdes city, California",0.4602
2019,06,place,72688,"Soquel CDP, California",0.4429
2019,06,place,20907,"East Oakdale CDP, California",0.4058
2019,06,place,49628,"Mountain Ranch CDP, California",0.3525
2019,06,place,17162,"Crestline CDP, California",0.4226
2019,06,place,30658,"Grand Terrace city, California",0.3725
2019,06,place,33434,"Hesperia city, California",0.4126
2019,06,place,39444,"Lake Arrowhead CDP, California",0.4941
2019,06,place,87042,"Yucaipa city, California",0.4358
2019,06,place,36868,"Isla Vista CDP, California",0.5292
2019,06,place,05108,"Belmont city, California",0.4575
2019,06,place,08310,"Brisbane city, California",0.4553
2019,06,place,46870,"Menlo Park city, California",0.5316
2019,06,place,47486,"Millbrae city, California",0.4412
2019,06,place,51140,"Newman city, California",0.4223
2019,06,place,61106,"Riverdale Park CDP, California",0.3576
2019,06,place,58240,"Porterville city, California",0.4772
2019,06,place,28112,"Galt city, California",0.3980
2019,06,place,40410,"La Riviera CDP, California",0.4006
2019,06,place,02770,"Arnold CDP, California",0.4320
2019,06,place,19570,"Dorrington CDP, California",0.7219
2019,06,place,67112,"San Jacinto city, California",0.4210
2019,06,place,02924,"Arvin city, California",0.3853
2019,06,place,09780,"California City city, California",0.4631
2019,06,place,18926,"Derby Acres CDP, California",0.3894
2019,06,place,86944,"Yreka city, California",0.4376
2019,06,place,22300,"El Paso de Robles (Paso Robles) city, California",0.4310
2019,06,place,39670,"Lake Nacimiento CDP, California",0.4103
2019,06,place,22972,"Etna city, California",0.3484
2019,06,place,41936,"Live Oak city, California",0.4967
2019,06,place,77378,"Sutter CDP, California",0.3451
2019,06,place,20598,"East Foothills CDP, California",0.3864
2019,06,place,41282,"Lexington Hills CDP, California",0.4253
2019,06,place,11250,"Carmel-by-the-Sea city, California",0.4472
2019,06,place,18590,"Del Monte Forest CDP, California",0.4692
2019,06,place,68140,"San Lucas CDP, California",0.3087
2019,06,place,73612,"Spreckels CDP, California",0.2314
2019,06,place,23462,"Fallbrook CDP, California",0.4307
2019,06,place,30703,"Granite Hills CDP, California",0.4451
2019,06,place,29350,"Georgetown CDP, California",0.4543
2019,06,place,44784,"McCloud CDP, California",0.3938
2019,06,place,42510,"Lompico CDP, California",0.4214
2019,06,place,42622,"Long Barn CDP, California",0.2221
2019,06,place,43126,"Lookout CDP, California",0.2923
2019,06,place,44042,"Los Berros CDP, California",0.3320
2019,06,place,44168,"Los Olivos CDP, California",0.4414
2019,06,place,44182,"Los Osos CDP, California",0.4353
2019,06,place,44242,"Los Ranchos CDP, California",0.4304
2019,06,place,44420,"Lucerne Valley CDP, California",0.4671
2019,06,place,44644,"Lytle Creek CDP, California",0.3907
2019,06,place,44760,"McClellan Park CDP, California",0.4957
2019,06,place,44770,"McClenney Tract CDP, California",0.4243
2019,06,place,45006,"McSwain CDP, California",0.4502
2019,06,place,21292,"East Whittier CDP, California",0.3865
2019,06,place,37692,"Jurupa Valley city, California",0.4035
2019,06,place,28182,"Garden Acres CDP, California",0.4274
2019,06,place,41558,"Lincoln Village CDP, California",0.3581
2019,06,place,11194,"Carlsbad city, California",0.4504
2019,06,place,46114,"Martinez city, California",0.3983
2019,06,place,49651,"Mountain View CDP, California",0.3342
2019,06,place,57456,"Pittsburg city, California",0.4402
2019,06,place,83346,"Walnut Creek city, California",0.4545
2019,06,place,13157,"China Lake Acres CDP, California",0.6387
2019,06,place,31708,"Half Moon Bay city, California",0.4998
2019,06,place,44028,"Los Banos city, California",0.4530
2019,06,place,03092,"Atherton town, California",0.5116
2019,06,place,17918,"Daly City city, California",0.4060
2019,06,place,16644,"Coulterville CDP, California",0.1976
2019,06,place,03330,"Avila Beach CDP, California",0.5532
2019,06,place,81302,"University of California-Davis CDP, California",0.5563
2019,06,place,84606,"Westmorland city, California",0.4423
2019,06,place,13560,"Citrus CDP, California",0.3648
2019,06,place,31246,"Grenada CDP, California",0.4102
2019,06,place,52526,"Norwalk city, California",0.3793
2019,06,place,77588,"Taft Heights CDP, California",0.4228
2019,06,place,06728,"Biola CDP, California",0.4655
2019,06,place,69112,"Santa Cruz city, California",0.5133
2019,06,place,12524,"Ceres city, California",0.3970
2019,06,place,32506,"Hawaiian Gardens city, California",0.4104
2019,06,place,40340,"La Puente city, California",0.3859
2019,06,place,48914,"Monterey Park city, California",0.4636
2019,06,place,55618,"Paramount city, California",0.3774
2019,06,place,66140,"San Fernando city, California",0.4261
2019,06,place,70000,"Santa Monica city, California",0.5505
2019,06,place,72996,"South El Monte city, California",0.4015
2019,06,place,73080,"South Gate city, California",0.4030
2019,06,place,73220,"South Pasadena city, California",0.4935
2019,06,place,84200,"West Covina city, California",0.4063
2019,06,place,84410,"West Hollywood city, California",0.5031
2019,06,place,29000,"Garden Grove city, California",0.4259
2019,06,place,39248,"Laguna Niguel city, California",0.4834
2019,06,place,86832,"Yorba Linda city, California",0.4287
2019,06,place,12612,"Challenge-Brownsville CDP, California",0.2729
2019,06,place,41572,"Linda CDP, California",0.4232
2019,06,place,85012,"Wheatland city, California",0.3772
2019,06,place,69196,"Santa Maria city, California",0.3888
2019,06,place,08758,"Buellton city, California",0.3684
2019,06,place,31414,"Guadalupe city, California",0.3878
2019,06,place,69070,"Santa Barbara city, California",0.4782
2019,06,place,23532,"Fall River Mills CDP, California",0.3145
2019,06,place,26056,"French Gulch CDP, California",0.3601
2019,06,place,48998,"Montgomery Creek CDP, California",0.5476
2019,06,place,71225,"Shasta Lake city, California",0.4174
2019,06,place,82815,"Vincent CDP, California",0.3141
2019,06,place,78138,"Temescal Valley CDP, California",0.3945
2019,06,place,85208,"Whitewater CDP, California",0.5096
2019,06,place,57825,"Pleasure Point CDP, California",0.4916
2019,06,place,16090,"Contra Costa Centre CDP, California",0.3958
2019,06,place,22846,"Esparto CDP, California",0.5022
2019,06,place,02382,"Aptos Hills-Larkin Valley CDP, California",0.4203
2019,06,place,05332,"Ben Lomond CDP, California",0.4291
2019,06,place,11040,"Capitola city, California",0.4595
2019,06,place,40116,"Lanare CDP, California",0.3861
2019,06,place,40746,"Laton CDP, California",0.4874
2019,06,place,46828,"Mendota city, California",0.4014
2019,06,place,80266,"Tranquillity CDP, California",0.3457
2019,06,place,13882,"Clayton city, California",0.4021
2019,06,place,16000,"Concord city, California",0.4153
2019,06,place,17988,"Danville town, California",0.4454
2019,06,place,19339,"Discovery Bay CDP, California",0.3887
2019,06,place,54764,"Pacheco CDP, California",0.3969
2019,06,place,68378,"San Ramon city, California",0.3883
2019,06,place,01514,"Amador City city, California",0.5966
2019,06,place,77392,"Sutter Creek city, California",0.4358
2019,06,place,14106,"Clio CDP, California",0.3360
2019,06,place,17267,"C-Road CDP, California",0.3612
2019,06,place,21138,"East Shore CDP, California",0.2609
2019,06,place,31029,"Greenhorn CDP, California",0.4427
2019,06,place,02042,"Anderson city, California",0.4308
2019,06,place,59920,"Redding city, California",0.4600
2019,06,place,19220,"Diamond Springs CDP, California",0.4356
2019,06,place,57540,"Placerville city, California",0.4408
2019,06,place,58030,"Pollock Pines CDP, California",0.4332
2019,06,place,36980,"Jackson city, California",0.4619
2019,06,place,57834,"Plymouth city, California",0.3560
2019,06,place,06798,"Bishop city, California",0.3717
2019,06,place,18030,"Darwin CDP, California",0.3478
2019,06,place,42580,"Lone Pine CDP, California",0.3849
2019,06,place,47013,"Mesa CDP, California",0.4114
2019,06,place,12930,"Chester CDP, California",0.4076
2019,06,place,31883,"Hamilton Branch CDP, California",0.3978
2019,06,place,39483,"Lake Davis CDP, California",0.2802
2019,06,place,85086,"Whitehawk CDP, California",0.3058
2019,06,place,45484,"Manteca city, California",0.4054
2019,06,place,61026,"Ripon city, California",0.4025
2019,06,place,77595,"Taft Mosswood CDP, California",0.3871
2019,06,place,59290,"Raisin City CDP, California",0.2592
2019,06,place,68000,"San Jose city, California",0.4505
2019,06,place,68238,"San Martin CDP, California",0.4051
2019,06,place,67000,"San Francisco city, California",0.5099
2019,06,place,69084,"Santa Clara city, California",0.4159
2019,06,place,07414,"Bonita CDP, California",0.4323
2019,06,place,32044,"Harbison Canyon CDP, California",0.3821
2019,06,place,37582,"Julian CDP, California",0.3262
2019,06,place,57260,"Pine Valley CDP, California",0.3696
2019,06,place,59346,"Ramona CDP, California",0.3934
2019,06,place,70224,"Santee city, California",0.3744
2019,06,place,82996,"Vista city, California",0.3995
2019,06,place,85992,"Winter Gardens CDP, California",0.4287
2019,06,place,22510,"El Verano CDP, California",0.3834
2019,06,place,38114,"Kentfield CDP, California",0.5234
2019,06,place,78336,"Teviston CDP, California",0.5984
2019,06,place,78456,"Thermal CDP, California",0.5049
2019,06,place,78568,"Thornton CDP, California",0.4295
2019,06,place,78652,"Three Rocks CDP, California",0.3338
2019,06,place,78715,"Timber Cove CDP, California",0.3448
2019,06,place,78932,"Tonyville CDP, California",0.1652
2019,06,place,78949,"Tooleville CDP, California",0.5538
2019,06,place,78960,"Topanga CDP, California",0.4593
2019,06,place,79030,"Topaz CDP, California",0.2385
2019,06,place,80364,"Tres Pinos CDP, California",0.4571
2019,06,place,80476,"Trinity Center CDP, California",0.2716
2019,06,place,80483,"Trinity Village CDP, California",0.6702
2019,06,place,80515,"Trona CDP, California",0.1304
2019,06,place,80560,"Trowbridge CDP, California",0.4089
2019,06,place,80882,"Tuttle CDP, California",0.2236
2019,06,place,80896,"Tuttletown CDP, California",0.4409
2019,06,place,81792,"Valley Home CDP, California",0.5418
2019,06,place,82334,"Verdi CDP, California",0.2460
2019,06,place,82562,"Victor CDP, California",0.3425
2019,06,place,82786,"Vina CDP, California",0.3813
2019,06,place,83085,"Vista Santa Rosa CDP, California",0.3935
2019,06,place,83094,"Volcano CDP, California",0.1744
2019,06,place,83108,"Volta CDP, California",0.1176
2019,06,place,83262,"Walker CDP, California",0.4031
2019,06,place,83460,"Warm Springs CDP, California",0.4497
2019,06,place,04996,"Bell Gardens city, California",0.3871
2019,06,place,06308,"Beverly Hills city, California",0.5861
2019,06,place,16742,"Covina city, California",0.4099
2019,06,place,18352,"Del Aire CDP, California",0.3793
2019,06,place,19766,"Downey city, California",0.4040
2019,06,place,30000,"Glendale city, California",0.5004
2019,06,place,45400,"Manhattan Beach city, California",0.5183
2019,06,place,46492,"Maywood city, California",0.4187
2019,06,place,48648,"Monrovia city, California",0.4437
2019,06,place,55156,"Palmdale city, California",0.4256
2019,06,place,59052,"Quartz Hill CDP, California",0.4087
2019,06,place,60018,"Redondo Beach city, California",0.4290
2019,06,place,68224,"San Marino city, California",0.4590
2019,06,place,69154,"Santa Fe Springs city, California",0.4248
2019,06,place,71806,"Sierra Madre city, California",0.4692
2019,06,place,50734,"Needles city, California",0.4859
2019,06,place,59962,"Redlands city, California",0.4781
2019,06,place,70728,"Searles Valley CDP, California",0.4730
2019,06,place,50874,"Nevada City city, California",0.4956
2019,06,place,38044,"Kelseyville CDP, California",0.4300
2019,06,place,01360,"Alta Sierra CDP, California",0.3778
2019,06,place,39885,"Lake Wildwood CDP, California",0.3901
2019,06,place,44910,"McKinleyville CDP, California",0.4501
2019,06,place,39696,"Lake of the Woods CDP, California",0.3425
2019,06,place,40956,"Lebec CDP, California",0.3982
2019,06,place,47164,"Mettler CDP, California",0.3951
2019,06,place,49600,"Mountain Mesa CDP, California",0.3612
2019,06,place,53910,"Onyx CDP, California",0.4618
2019,06,place,59668,"Randsburg CDP, California",0.3843
2019,06,place,62826,"Rosamond CDP, California",0.4193
2019,06,place,73868,"Stallion Springs CDP, California",0.4437
2019,06,place,83542,"Wasco city, California",0.3988
2019,06,place,10046,"Camarillo city, California",0.4396
2019,06,place,11656,"Casa Conejo CDP, California",0.3415
2019,06,place,49138,"Moorpark city, California",0.4119
2019,06,place,72016,"Simi Valley city, California",0.4178
2019,06,place,78582,"Thousand Oaks city, California",0.4460
2019,06,place,39486,"Lake Elsinore city, California",0.3933
2019,06,place,40354,"La Quinta city, California",0.5193
2019,06,place,55254,"Palm Springs city, California",0.5381
2019,06,place,60242,"Reedley city, California",0.4048
2019,06,place,45232,"Malaga CDP, California",0.3549
2019,06,place,02112,"Angels city, California",0.4637
2019,06,place,24834,"Foresthill CDP, California",0.4806
2019,06,place,30693,"Granite Bay CDP, California",0.4841
2019,06,place,43140,"Loomis town, California",0.5038
2019,06,place,18153,"Day Valley CDP, California",0.4275
2019,06,place,18695,"Del Rio CDP, California",0.4326
2019,06,place,22622,"Empire CDP, California",0.4253
2019,06,place,78638,"Three Rivers CDP, California",0.3743
2019,06,place,83570,"Washington CDP, California",0.1919
2019,06,place,83626,"Waterloo CDP, California",0.4504
2019,06,place,83724,"Waukena CDP, California",0.3496
2019,06,place,83766,"Wawona CDP, California",0.3487
2019,06,place,84004,"Weott CDP, California",0.2486
2019,06,place,84345,"West Goshen CDP, California",0.7464
2019,06,place,84680,"West Park CDP, California",0.4405
2019,06,place,84780,"West Rancho Dominguez CDP, California",0.4453
2019,06,place,85222,"Whitley Gardens CDP, California",0.1820
2019,06,place,86230,"Woodbridge CDP, California",0.4577
2019,06,place,12734,"Charter Oak CDP, California",0.3947
2019,06,place,17498,"Cudahy city, California",0.3856
2019,06,place,24477,"Florence-Graham CDP, California",0.4155
2019,06,place,28168,"Gardena city, California",0.4390
2019,06,place,32548,"Hawthorne city, California",0.4494
2019,06,place,33364,"Hermosa Beach city, California",0.4794
2019,06,place,56112,"Patterson city, California",0.3897
2019,06,place,61068,"Riverbank city, California",0.4087
2019,06,place,54092,"Orangevale CDP, California",0.3899
2019,06,place,44826,"McFarland city, California",0.3995
2019,06,place,78092,"Tehachapi city, California",0.5157
2019,06,place,86380,"Woodlands CDP, California",0.3687
2019,06,place,86678,"Yankee Hill CDP, California",0.4789
2019,06,place,86734,"Yettem CDP, California",0.1321
2019,06,place,86804,"Yolo CDP, California",0.3537
2019,06,place,87090,"Zayante CDP, California",0.4701
2019,06,place,04772,"Beckwourth CDP, California",0.3534
2019,06,place,48760,"Montara CDP, California",0.4247
2019,06,place,64434,"San Anselmo town, California",0.4704
2019,06,place,86878,"Yosemite Lakes CDP, California",0.4201
2019,06,place,59500,"Rancho Mirage city, California",0.5464
2019,06,place,13392,"Chula Vista city, California",0.4215
2019,06,place,33532,"Hidden Meadows CDP, California",0.3741
2019,06,place,37120,"Jamul CDP, California",0.3876
2019,06,place,40004,"La Mesa city, California",0.4337
2019,06,place,02812,"Aromas CDP, California",0.3928
2019,06,place,07578,"Boronda CDP, California",0.3200
2019,06,place,30392,"Gonzales city, California",0.3446
2019,06,place,45778,"Marina city, California",0.4330
2019,06,place,55044,"Pajaro CDP, California",0.3229
2019,06,place,81554,"Vacaville city, California",0.4091
2019,06,place,47086,"Mesa Vista CDP, California",0.4109
2019,06,place,12132,"Cayucos CDP, California",0.4493
2019,06,place,78162,"Templeton CDP, California",0.4178
2019,06,place,20242,"Dunsmuir city, California",0.3891
2019,06,place,31134,"Greenview CDP, California",0.2642
2019,06,place,83850,"Weed city, California",0.7296
2019,06,place,84578,"West Modesto CDP, California",0.4060
2019,06,place,19318,"Dinuba city, California",0.4328
2019,06,place,41110,"Lemon Cove CDP, California",0.4863
2019,06,place,80280,"Traver CDP, California",0.3990
2019,06,place,86300,"Woodlake city, California",0.4410
2019,06,place,01640,"American Canyon city, California",0.4291
2019,06,place,24638,"Folsom city, California",0.3965
2019,06,place,64000,"Sacramento city, California",0.4634
2019,06,place,83374,"Walnut Grove CDP, California",0.5193
2019,06,place,03316,"Avery CDP, California",0.3580
2019,06,place,81890,"Valley Springs CDP, California",0.3825
2019,06,place,83668,"Watsonville city, California",0.4374
2019,06,place,20438,"Earlimart CDP, California",0.4805
2019,06,place,20942,"East Orosi CDP, California",0.2202
2019,06,place,10088,"Cambrian Park CDP, California",0.4216
2019,06,place,10345,"Campbell city, California",0.4388
2019,06,place,17610,"Cupertino city, California",0.4305
2019,06,place,29504,"Gilroy city, California",0.4128
2019,06,place,40426,"Larkfield-Wikiup CDP, California",0.4435
2019,06,place,13214,"Chino Hills city, California",0.3863
2019,06,place,24680,"Fontana city, California",0.3948
2019,06,place,59451,"Rancho Cucamonga city, California",0.4088
2019,06,place,81344,"Upland city, California",0.4445
2019,06,place,48641,"Mono Vista CDP, California",0.3336
2019,06,place,21026,"East Quincy CDP, California",0.3864
2019,06,place,37904,"Keddie CDP, California",0.1422
2019,06,place,45050,"Madera Acres CDP, California",0.3674
2019,06,place,55842,"Parkwood CDP, California",0.3579
2019,06,place,48480,"Mokelumne Hill CDP, California",0.4147
2019,06,place,59220,"Rail Road Flat CDP, California",0.2705
2019,06,place,21188,"East Sonora CDP, California",0.4998
2019,06,place,51812,"North Edwards CDP, California",0.5140
2019,06,place,23812,"Fellows CDP, California",0.3474
2019,06,place,45736,"Maricopa city, California",0.4042
2019,06,place,60704,"Ridgecrest city, California",0.4191
2019,06,place,80784,"Tupman CDP, California",0.4167
2019,06,place,83948,"Weldon CDP, California",0.4345
2019,06,place,46702,"Meiners Oaks CDP, California",0.3322
2019,06,place,53182,"Oak View CDP, California",0.3514
2019,06,place,57372,"Piru CDP, California",0.4152
2019,06,place,07162,"Blue Lake city, California",0.3807
2019,06,place,17722,"Cutten CDP, California",0.4071
2019,06,place,23910,"Ferndale city, California",0.4995
2019,06,place,36126,"Hydesville CDP, California",0.4206
2019,06,place,02252,"Antioch city, California",0.4108
2019,06,place,14232,"Clyde CDP, California",0.3569
2019,06,place,38086,"Kensington CDP, California",0.4820
2019,06,place,38772,"Knightsen CDP, California",0.4025
2019,06,place,54232,"Orinda city, California",0.4466
2019,06,place,39570,"Lake Isabella CDP, California",0.4098
2019,06,place,04730,"Bear Valley CDP (Mariposa County), California",0.2053
2019,06,place,04926,"Bella Vista CDP, California",0.4673
2019,06,place,06518,"Big Creek CDP, California",0.1864
2019,06,place,06567,"Big Lagoon CDP, California",0.4427
2019,06,place,06928,"Blackhawk CDP, California",0.4792
2019,06,place,06935,"Blacklake CDP, California",0.4309
2019,06,place,07512,"Boonville CDP, California",0.5120
2019,06,place,80000,"Torrance city, California",0.4382
2019,06,place,64420,"San Andreas CDP, California",0.5067
2019,06,place,68364,"San Rafael city, California",0.4990
2019,06,place,70154,"Santa Venetia CDP, California",0.4048
2019,06,place,70364,"Sausalito city, California",0.5445
2019,06,place,74172,"Stinson Beach CDP, California",0.4143
2019,06,place,07525,"Bootjack CDP, California",0.3885
2019,06,place,32562,"Hayfork CDP, California",0.4435
2019,06,place,41278,"Lewiston CDP, California",0.4547
2019,06,place,04758,"Beaumont city, California",0.3820
2019,06,place,06028,"Bermuda Dunes CDP, California",0.4353
2019,06,place,62364,"Rocklin city, California",0.4001
2019,06,place,30882,"Grayson CDP, California",0.3057
2019,06,place,38422,"Keyes CDP, California",0.3951
2019,06,place,16224,"Corcoran city, California",0.4295
2019,06,place,75252,"Stratford CDP, California",0.3854
2019,06,place,39220,"Laguna Hills city, California",0.4864
2019,06,place,01164,"Alpaugh CDP, California",0.4267
2019,06,place,23616,"Farmersville city, California",0.3888
2019,06,place,75280,"Strathmore CDP, California",0.5849
2019,06,place,82954,"Visalia city, California",0.4456
2019,06,place,39259,"Laguna Woods city, California",0.4850
2019,06,place,39290,"La Habra city, California",0.4068
2019,06,place,42566,"London CDP, California",0.3623
2019,06,place,23826,"Felton CDP, California",0.3989
2019,06,place,81050,"Twin Lakes CDP, California",0.5488
2019,06,place,08172,"Bret Harte CDP, California",0.3386
2019,06,place,48354,"Modesto city, California",0.4354
2019,06,place,64210,"Salida CDP, California",0.3696
2019,06,place,80812,"Turlock city, California",0.4574
2019,06,place,84480,"Westley CDP, California",0.3384
2019,06,place,60942,"Rio Linda CDP, California",0.3811
2019,06,place,33504,"Hickman CDP, California",0.3647
2019,06,place,34904,"Hughson city, California",0.3876
2019,06,place,17708,"Cutler CDP, California",0.3069
2019,06,place,30476,"Goshen CDP, California",0.4485
2019,06,place,73710,"Springville CDP, California",0.6682
2019,06,place,38548,"Kings Beach CDP, California",0.4222
2019,06,place,41474,"Lincoln city, California",0.4212
2019,06,place,51637,"North Auburn CDP, California",0.4733
2019,06,place,07172,"Bluewater CDP, California",0.5101
2019,06,place,60466,"Rialto city, California",0.3991
2019,06,place,86594,"Wrightwood CDP, California",0.4815
2019,06,place,54120,"Orcutt CDP, California",0.3965
2019,06,place,70182,"Santa Ynez CDP, California",0.4406
2019,06,place,11390,"Carmichael CDP, California",0.4785
2019,06,place,24498,"Florin CDP, California",0.4708
2019,06,place,82852,"Vineyard CDP, California",0.3781
2019,06,place,58506,"Potter Valley CDP, California",0.3506
2019,06,place,58758,"Princeton CDP, California",0.3908
2019,06,place,58814,"Proberta CDP, California",0.1593
2019,06,place,59115,"Rackerby CDP, California",0.6726
2019,06,place,59896,"Red Corral CDP, California",0.4298
2019,06,place,59906,"Redcrest CDP, California",0.0505
2019,06,place,60214,"Redwood Valley CDP, California",0.3717
2019,06,place,60279,"Reliez Valley CDP, California",0.4498
2019,06,place,60592,"Richfield CDP, California",0.3690
2019,06,place,60662,"Richvale CDP, California",0.4255
2019,06,place,60970,"Rio Oso CDP, California",0.3313
2019,06,place,61012,"Ripley CDP, California",0.4436
2019,06,place,61124,"River Pines CDP, California",0.2454
2019,06,place,62168,"Robbins CDP, California",0.3942
2019,06,place,62200,"Robinson Mill CDP, California",0.5553
2019,06,place,62496,"Rodriguez Camp CDP, California",0.2988
2019,06,place,62625,"Rolling Hills CDP, California",0.3629
2019,06,place,62860,"Rose Hills CDP, California",0.4162
2019,06,place,63106,"Rough and Ready CDP, California",0.4729
2019,06,place,63168,"Rouse CDP, California",0.3483
2019,06,place,63386,"Ruth CDP, California",0.4301
2019,06,place,63400,"Rutherford CDP, California",0.2610
2019,06,place,64392,"Samoa CDP, California",0.4133
2019,06,place,68263,"San Miguel CDP (Contra Costa County), California",0.4604
2019,06,place,70686,"Seal Beach city, California",0.5117
2019,06,place,82744,"Villa Park city, California",0.4772
2019,06,place,46632,"Meadow Vista CDP, California",0.4344
2019,06,place,33000,"Hayward city, California",0.4043
2019,06,place,41992,"Livermore city, California",0.4016
2019,06,place,41124,"Lemon Grove city, California",0.3917
2019,06,place,23973,"Fetters Hot Springs-Agua Caliente CDP, California",0.4633
2019,06,place,33056,"Healdsburg city, California",0.4872
2019,06,place,56784,"Petaluma city, California",0.4385
2019,06,place,47794,"Mineral CDP, California",0.3240
2019,06,place,59892,"Red Bluff city, California",0.4365
2019,06,place,40928,"Laytonville CDP, California",0.3458
2019,06,place,34120,"Hollister city, California",0.3748
2019,06,place,02896,"Artesia city, California",0.3943
2019,06,place,03386,"Azusa city, California",0.4092
2019,06,place,03666,"Baldwin Park city, California",0.3960
2019,06,place,12552,"Cerritos city, California",0.4040
2019,06,place,14974,"Commerce city, California",0.4281
2019,06,place,33518,"Hidden Hills city, California",0.5239
2019,06,place,36490,"Industry city, California",0.2945
2019,06,place,36546,"Inglewood city, California",0.4466
2019,06,place,41180,"Lennox CDP, California",0.4001
2019,06,place,17050,"Crescent Mills CDP, California",0.2728
2019,06,place,48448,"Mohawk Vista CDP, California",0.2266
2019,06,place,13182,"Chinese Camp CDP, California",0.4594
2019,06,place,84774,"West Puente Valley CDP, California",0.3761
2019,06,place,14946,"Colusa city, California",0.4494
2019,06,place,24897,"Forest Meadows CDP, California",0.3981
2019,06,place,21810,"El Cerrito CDP, California",0.3761
2019,06,place,36203,"Idyllwild-Pine Cove CDP, California",0.4225
2019,06,place,86020,"Winterhaven CDP, California",0.3671
2019,06,place,13294,"Chowchilla city, California",0.4537
2019,06,place,55751,"Parksdale CDP, California",0.3500
2019,06,place,12048,"Cathedral City city, California",0.5152
2019,06,place,33574,"Highgrove CDP, California",0.4556
2019,06,place,41712,"Lindsay city, California",0.4427
2019,06,place,40704,"Lathrop city, California",0.3676
2019,06,place,21936,"El Granada CDP, California",0.4631
2019,06,place,68252,"San Mateo city, California",0.4598
2019,06,place,73388,"South Taft CDP, California",0.5440
2019,06,place,07568,"Boron CDP, California",0.4659
2019,06,place,23042,"Eureka city, California",0.4893
2019,06,place,36882,"Isleton city, California",0.4055
2019,06,place,39108,"Ladera Heights CDP, California",0.4712
2019,06,place,84592,"Westmont CDP, California",0.4677
2019,06,place,23294,"Fair Oaks CDP, California",0.4616
2019,06,place,03526,"Bakersfield city, California",0.4536
2019,06,place,16350,"Corona city, California",0.4240
2019,06,place,86244,"Woodcrest CDP, California",0.4051
2019,06,place,45358,"Mammoth Lakes town, California",0.3997
2019,06,place,09360,"Cabazon CDP, California",0.4472
2019,06,place,26028,"French Camp CDP, California",0.4450
2019,06,place,13966,"Clearlake Oaks CDP, California",0.4047
2019,06,place,10928,"Canyon Lake city, California",0.4566
2019,06,place,86034,"Winters city, California",0.4012
2019,06,place,18324,"Deer Park CDP, California",0.5965
2019,06,place,77924,"Tara Hills CDP, California",0.3556
2019,06,place,47710,"Mill Valley city, California",0.5235
2019,06,place,41040,"Le Grand CDP, California",0.4010
2019,06,place,08142,"Brentwood city, California",0.3940
2019,06,place,57764,"Pleasant Hill city, California",0.4117
2019,06,place,62938,"Roseville city, California",0.4209
2019,06,place,85586,"Williams city, California",0.3744
2019,06,place,44364,"Loyalton city, California",0.4357
2019,06,place,76015,"Sunnyside-Tahoe City CDP, California",0.4572
2019,06,place,21061,"East Richmond Heights CDP, California",0.4666
2019,06,place,13210,"Chino city, California",0.3932
2019,06,place,64308,"Salton Sea Beach CDP, California",0.2639
2019,06,place,24092,"Fillmore city, California",0.3890
2019,06,place,68266,"San Miguel CDP (San Luis Obispo County), California",0.4123
2019,06,place,68308,"San Pasqual CDP, California",0.4845
2019,06,place,68434,"San Simeon CDP, California",0.3480
2019,06,place,69182,"Santa Margarita CDP, California",0.4111
2019,06,place,70028,"Santa Nella CDP, California",0.3704
2019,06,place,70130,"Santa Rosa Valley CDP, California",0.4451
2019,06,place,70140,"Santa Susana CDP, California",0.5049
2019,06,place,70266,"Saranap CDP, California",0.4429
2019,06,place,70322,"Saticoy CDP, California",0.3686
2019,06,place,01444,"Alturas city, California",0.4001
2019,06,place,84928,"Westwood CDP, California",0.3712
2019,06,place,33588,"Highland city, California",0.4611
2019,06,place,37554,"Joshua Tree CDP, California",0.4845
2019,06,place,49348,"Morongo Valley CDP, California",0.4524
2019,06,place,53896,"Ontario city, California",0.3892
2019,06,place,87056,"Yucca Valley town, California",0.4698
2019,06,place,43252,"Los Alamos CDP, California",0.4045
2019,06,place,48147,"Mission Canyon CDP, California",0.4816
2019,06,place,33182,"Hemet city, California",0.4468
2019,06,place,36434,"Indian Wells city, California",0.5991
2019,06,place,56700,"Perris city, California",0.3951
2019,06,place,09353,"Bystrom CDP, California",0.4288
2019,06,place,83612,"Waterford city, California",0.3737
2019,06,place,21012,"East Porterville CDP, California",0.5288
2019,06,place,81652,"Vallecito CDP, California",0.2811
2019,06,place,65000,"San Bernardino city, California",0.4468
2019,06,place,54274,"Orland city, California",0.4253
2019,06,place,63316,"Running Springs CDP, California",0.4396
2019,06,place,18485,"Delleker CDP, California",0.2863
2019,06,place,31596,"Hacienda Heights CDP, California",0.4367
2019,06,place,39766,"Lakeside CDP, California",0.4157
2019,06,place,50398,"National City city, California",0.4506
2019,06,place,59584,"Rancho Santa Fe CDP, California",0.5122
2019,06,place,68196,"San Marcos city, California",0.4534
2019,06,place,07260,"Bodega Bay CDP, California",0.5833
2019,06,place,07848,"Boyes Hot Springs CDP, California",0.3988
2019,06,place,70098,"Santa Rosa city, California",0.4305
2019,06,place,78126,"Temelec CDP, California",0.4739
2019,06,place,25380,"Fountain Valley city, California",0.4384
2019,06,place,03302,"Avenal city, California",0.3908
2019,06,place,38394,"Kettleman City CDP, California",0.2863
2019,06,place,36770,"Irvine city, California",0.4717
2019,06,place,43224,"Los Alamitos city, California",0.4546
2019,06,place,50916,"Newark city, California",0.3681
2019,06,place,20928,"Easton CDP, California",0.4501
2019,06,place,38226,"Kerman city, California",0.4317
2019,06,place,72674,"Sonora city, California",0.5265
2019,06,place,80966,"Twain Harte CDP, California",0.5418
2019,06,place,60088,"Redway CDP, California",0.2129
2019,06,place,60900,"Rio Dell city, California",0.4590
2019,06,place,07036,"Bloomfield CDP, California",0.3147
2019,06,place,07246,"Bodega CDP, California",0.5360
2019,06,place,07470,"Bonny Doon CDP, California",0.4446
2019,06,place,08240,"Bridgeport CDP, California",0.2128
2019,06,place,08478,"Brookdale CDP, California",0.4590
2019,06,place,08530,"Brooktrails CDP, California",0.3835
2019,06,place,08680,"Buckhorn CDP, California",0.4529
2019,06,place,07694,"Boulevard CDP, California",0.5456
2019,06,place,08828,"Buena Vista CDP, California",0.3883
2019,06,place,09150,"Burnt Ranch CDP, California",0.3460
2019,06,place,09310,"Butte Creek Canyon CDP, California",0.4846
2019,06,place,09324,"Butte Valley CDP, California",0.4758
2019,06,place,22370,"El Rio CDP, California",0.3770
2019,06,place,09822,"California Hot Springs CDP, California",0.3771
2019,06,place,09834,"California Pines CDP, California",0.2954
2019,06,place,09948,"Callender CDP, California",0.2580
2019,06,place,09990,"Calpella CDP, California",0.3962
2019,06,place,10004,"Calpine CDP, California",0.3488
2019,06,place,10042,"Camanche North Shore CDP, California",0.4061
2019,06,place,10044,"Camanche Village CDP, California",0.3828
2019,06,place,10270,"Camino CDP, California",0.4046
2019,06,place,68028,"San Juan Capistrano city, California",0.5108
2019,06,place,78750,"Tipton CDP, California",0.4325
2019,06,place,86482,"Woodville CDP, California",0.4325
2019,06,place,59587,"Rancho Santa Margarita city, California",0.4062
2019,06,place,53714,"Olivehurst CDP, California",0.4300
2019,06,place,06434,"Big Bear Lake city, California",0.5186
2019,06,place,29392,"Gerber CDP, California",0.3457
2019,06,place,29420,"Geyserville CDP, California",0.3897
2019,06,place,30410,"Good Hope CDP, California",0.3739
2019,06,place,30686,"Grangeville CDP, California",0.3066
2019,06,place,30900,"Greeley Hill CDP, California",0.4926
2019,06,place,30938,"Greenacres CDP, California",0.4218
2019,06,place,30944,"Green Acres CDP, California",0.4286
2019,06,place,30987,"Greenfield CDP, California",0.4229
2019,06,place,31092,"Green Valley CDP (Los Angeles County), California",0.3502
2019,06,place,31099,"Green Valley CDP (Solano County), California",0.4694
2019,06,place,31288,"Grimes CDP, California",0.3004
2019,06,place,31302,"Grizzly Flats CDP, California",0.3853
2019,06,place,31372,"Groveland CDP, California",0.6255
2019,06,place,31540,"Guinda CDP, California",0.4879
2019,06,place,32030,"Happy Camp CDP, California",0.5002
2019,06,place,32156,"Hardwick CDP, California",0.1924
2019,06,place,32340,"Hartley CDP, California",0.3615
2019,06,place,32385,"Hasley Canyon CDP, California",0.4339
2019,06,place,33294,"Herald CDP, California",0.3766
2019,06,place,33336,"Herlong CDP, California",0.3266
2019,06,place,33935,"Hiouchi CDP, California",0.5039
2019,06,place,34392,"Homestead Valley CDP, California",0.4787
2019,06,place,34405,"Homewood Canyon CDP, California",0.4100
2019,06,place,34428,"Honcut CDP, California",0.4061
2019,06,place,34484,"Hood CDP, California",0.2680
2019,06,place,34652,"Hopland CDP, California",0.4011
2019,06,place,34708,"Hornitos CDP, California",0.1520
2019,06,place,32408,"Hat Creek CDP, California",0.1788
2019,06,place,36098,"Hyampom CDP, California",0.1479
2019,06,place,36910,"Ivanhoe CDP, California",0.4171
2019,06,place,36420,"Indianola CDP, California",0.4555
2019,06,place,36452,"Indio Hills CDP, California",0.2792
2019,06,place,37022,"Jacumba CDP, California",0.2956
2019,06,place,37134,"Janesville CDP, California",0.3711
2019,06,place,34928,"Humboldt Hill CDP, California",0.3643
2019,06,place,78148,"Temple City city, California",0.4281
2019,06,place,82422,"Vernon city, California",0.4563
2019,06,place,82667,"View Park-Windsor Hills CDP, California",0.4470
2019,06,place,10301,"Camino Tassajara CDP, California",0.3464
2019,06,place,10508,"Campo CDP, California",0.3567
2019,06,place,10676,"Camptonville CDP, California",0.2504
2019,06,place,11418,"Carnelian Bay CDP, California",0.2942
2019,06,place,11754,"Casmalia CDP, California",0.2356
2019,06,place,11768,"Caspar CDP, California",0.3914
2019,06,place,11796,"Castaic CDP, California",0.3515
2019,06,place,11915,"Castle Hill CDP, California",0.3516
2019,06,place,12062,"Catheys Valley CDP, California",0.3596
2019,06,place,12146,"Cazadero CDP, California",0.4705
2019,06,place,12300,"Cedar Ridge CDP, California",0.4432
2019,06,place,01416,"Alto CDP, California",0.4740
2019,06,place,02028,"Anchor Bay CDP, California",0.1932
2019,06,place,02294,"Anza CDP, California",0.4120
2019,06,place,03205,"Auburn Lake Trails CDP, California",0.2985
2019,06,place,03694,"Ballard CDP, California",0.3823
2019,06,place,02910,"Artois CDP, California",0.3996
2019,06,place,03512,"Baker CDP, California",0.4459
2019,06,place,03708,"Ballico CDP, California",0.4675
2019,06,place,03792,"Bangor CDP, California",0.4140
2019,06,place,04198,"Bass Lake CDP, California",0.5044
2019,06,place,04470,"Bayview CDP (Contra Costa County), California",0.3721
2019,06,place,04478,"Bayview CDP (Humboldt County), California",0.4651
2019,06,place,04632,"Bear Creek CDP, California",0.2002
2019,06,place,04938,"Bell Canyon CDP, California",0.4311
2019,06,place,05262,"Benbow CDP, California",0.2726
2019,06,place,05276,"Bend CDP, California",0.5047
2019,06,place,05346,"Benton CDP, California",0.3406
2019,06,place,06070,"Berry Creek CDP, California",0.4725
2019,06,place,06336,"Bieber CDP, California",0.4632
2019,06,place,04716,"Bear Valley CDP (Alpine County), California",0.4328
2019,06,place,14736,"Colma town, California",0.4356
2019,06,place,22587,"Emerald Lake Hills CDP, California",0.4553
2019,06,place,84116,"West Athens CDP, California",0.4410
2019,06,place,02168,"Angwin CDP, California",0.4109
2019,06,place,09892,"Calistoga city, California",0.5379
2019,06,place,14904,"Columbia CDP, California",0.4952
2019,06,place,37106,"Jamestown CDP, California",0.5833
2019,06,place,80763,"Tuolumne City CDP, California",0.4002
2019,06,place,47724,"Millville CDP, California",0.5073
2019,06,place,63134,"Round Mountain CDP, California",0.3418
2019,06,place,00156,"Acampo CDP, California",0.1376
2019,06,place,00135,"Acalanes Ridge CDP, California",0.4325
2019,06,place,00310,"Adin CDP, California",0.3884
2019,06,place,00450,"Agua Dulce CDP, California",0.4396
2019,06,place,00464,"Aguanga CDP, California",0.4488
2019,06,place,00478,"Ahwahnee CDP, California",0.3453
2019,06,place,00535,"Airport CDP, California",0.4714
2019,06,place,00898,"Alhambra Valley CDP, California",0.4066
2019,06,place,02210,"Antelope CDP, California",0.3572
2019,06,place,00716,"Albion CDP, California",0.3062
2019,06,place,00786,"Alderpoint CDP, California",0.2719
2019,06,place,00982,"Alleghany CDP, California",0.2700
2019,06,place,00996,"Allendale CDP, California",0.3309
2019,06,place,01010,"Allensworth CDP, California",0.4212
2019,06,place,01276,"Alta CDP, California",0.3623
2019,06,place,06560,"Biggs city, California",0.3985
2019,06,place,54386,"Oroville city, California",0.4440
2019,06,place,55086,"Palermo CDP, California",0.4312
2019,06,place,73178,"South Oroville CDP, California",0.3731
2019,06,place,78470,"Thermalito CDP, California",0.4483
2019,06,place,07596,"Borrego Springs CDP, California",0.4795
2019,06,place,07624,"Bostonia CDP, California",0.4285
2019,06,place,18506,"Del Mar city, California",0.5281
2019,06,place,21712,"El Cajon city, California",0.4471
2019,06,place,11978,"Castroville CDP, California",0.3058
2019,06,place,18688,"Del Rey Oaks city, California",0.4291
2019,06,place,22034,"Elkhorn CDP, California",0.3317
2019,06,place,65112,"Sand City city, California",0.4162
2019,06,place,05290,"Benicia city, California",0.4039
2019,06,place,19402,"Dixon city, California",0.3496
2019,06,place,02868,"Arroyo Grande city, California",0.4064
2019,06,place,03064,"Atascadero city, California",0.3870
2019,06,place,53294,"Oceano CDP, California",0.4378
2019,06,place,71134,"Shandon CDP, California",0.4119
2019,06,place,11481,"Carrick CDP, California",0.3030
2019,06,place,59248,"Rainbow CDP, California",0.4257
2019,06,place,82590,"Victorville city, California",0.4323
2019,06,place,37918,"Keeler CDP, California",0.0856
2019,06,place,57876,"Point Arena city, California",0.4770
2019,06,place,17106,"Crest CDP, California",0.3787
2019,06,place,59550,"Rancho San Diego CDP, California",0.4254
2019,06,place,70336,"Sattley CDP, California",0.3772
2019,06,place,70518,"Scotia CDP, California",0.4498
2019,06,place,70644,"Seacliff CDP, California",0.4723
2019,06,place,70712,"Sea Ranch CDP, California",0.4004
2019,06,place,71000,"Sereno del Mar CDP, California",0.4057
2019,06,place,71078,"Seville CDP, California",0.2901
2019,06,place,66004,"San Diego Country Estates CDP, California",0.3225
2019,06,place,02000,"Anaheim city, California",0.4309
2019,06,place,28000,"Fullerton city, California",0.4548
2019,06,place,08100,"Brea city, California",0.4045
2019,06,place,17750,"Cypress city, California",0.3932
2019,06,place,17946,"Dana Point city, California",0.4856
2019,06,place,36000,"Huntington Beach city, California",0.4466
2019,06,place,71218,"Shasta CDP, California",0.4415
2019,06,place,71362,"Shell Ridge CDP, California",0.4157
2019,06,place,71372,"Shelter Cove CDP, California",0.6644
2019,06,place,71414,"Sheridan CDP, California",0.3324
2019,06,place,33308,"Hercules city, California",0.3727
2019,06,place,53070,"Oakley city, California",0.3648
2019,06,place,62490,"Rodeo CDP, California",0.4895
2019,06,place,14274,"Coalinga city, California",0.4766
2019,06,place,27000,"Fresno city, California",0.4820
2019,06,place,84816,"West Sacramento city, California",0.4577
2019,06,place,36613,"Interlaken CDP, California",0.4598
2019,06,place,41922,"Live Oak CDP, California",0.4451
2019,06,place,60928,"Rio del Mar CDP, California",0.4632
2019,06,place,51476,"Nipomo CDP, California",0.3975
2019,06,place,53322,"Oceanside city, California",0.4249
2019,06,place,45988,"Markleeville CDP, California",0.3558
2019,06,place,49362,"Morro Bay city, California",0.4331
2019,06,place,25128,"Fort Jones city, California",0.4266
2019,06,place,81638,"Valinda CDP, California",0.3780
2019,06,place,40032,"La Mirada city, California",0.3918
2019,06,place,40830,"La Verne city, California",0.4459
2019,06,place,40886,"Lawndale city, California",0.3959
2019,06,place,41880,"Littlerock CDP, California",0.5148
2019,06,place,45806,"Marina del Rey CDP, California",0.4618
2019,06,place,66070,"San Dimas city, California",0.4284
2019,06,place,67042,"San Gabriel city, California",0.4726
2019,06,place,00562,"Alameda city, California",0.4425
2019,06,place,00674,"Albany city, California",0.4476
2019,06,place,44574,"Lynwood city, California",0.4063
2019,06,place,23350,"Fairview CDP, California",0.4145
2019,06,place,68112,"San Lorenzo CDP, California",0.3758
2019,06,place,86174,"Wofford Heights CDP, California",0.4378
2019,06,place,20697,"East Hemet CDP, California",0.4516
2019,06,place,34316,"Homeland CDP, California",0.4174
2019,06,place,81708,"Valle Vista CDP, California",0.4456
2019,06,place,04415,"Bay Point CDP, California",0.4208
2019,06,place,17274,"Crockett CDP, California",0.3936
2019,06,place,21796,"El Cerrito city, California",0.4670
2019,06,place,57288,"Pinole city, California",0.3827
2019,06,place,62700,"Rollingwood CDP, California",0.3441
2019,06,place,53476,"Ojai city, California",0.4672
2019,06,place,58296,"Port Hueneme city, California",0.3774
2019,06,place,70042,"Santa Paula city, California",0.4348
2019,06,place,36616,"Inverness CDP, California",0.5200
2019,06,place,57960,"Point Reyes Station CDP, California",0.5257
2019,06,place,39425,"Lake Almanor West CDP, California",0.5786
2019,06,place,58352,"Portola city, California",0.4525
2019,06,place,80952,"Twain CDP, California",0.2101
2019,06,place,42006,"Livingston city, California",0.3801
2019,06,place,55506,"Panorama Heights CDP, California",0.5793
2019,06,place,55528,"Paradise CDP, California",0.3804
2019,06,place,55604,"Paradise Park CDP, California",0.3324
2019,06,place,55728,"Parklawn CDP, California",0.3386
2019,06,place,55800,"Parkway CDP, California",0.4353
2019,06,place,56028,"Pasatiempo CDP, California",0.3995
2019,06,place,56042,"Paskenta CDP, California",0.3246
2019,06,place,56120,"Patterson Tract CDP, California",0.4250
2019,06,place,56140,"Patton Village CDP, California",0.1834
2019,06,place,56196,"Paynes Creek CDP, California",0.2560
2019,06,place,56476,"Penngrove CDP, California",0.3020
2019,06,place,59506,"Rancho Murieta CDP, California",0.3710
2019,06,place,22412,"El Segundo city, California",0.4335
2019,06,place,36826,"Irwindale city, California",0.4829
2019,06,place,42468,"Lomita city, California",0.4582
2019,06,place,43000,"Long Beach city, California",0.4685
2019,06,place,56000,"Pasadena city, California",0.5072
2019,06,place,58072,"Pomona city, California",0.4188
2019,06,place,73290,"South San Jose Hills CDP, California",0.3443
2019,06,place,81967,"Val Verde CDP, California",0.3050
2019,06,place,83332,"Walnut city, California",0.4270
2019,06,place,84144,"West Carson CDP, California",0.4416
2019,06,place,84921,"West Whittier-Los Nietos CDP, California",0.3916
2019,06,place,16210,"Copperopolis CDP, California",0.4031
2019,06,place,56546,"Penryn CDP, California",0.4097
2019,06,place,56756,"Pescadero CDP, California",0.5555
2019,06,place,56798,"Peters CDP, California",0.2996
2019,06,place,56826,"Phelan CDP, California",0.3823
2019,06,place,56868,"Philo CDP, California",0.3824
2019,06,place,56870,"Phoenix Lake CDP, California",0.5402
2019,06,place,57036,"Pike CDP, California",0.4222
2019,06,place,57070,"Pine Canyon CDP, California",0.3049
2019,06,place,57134,"Pine Flat CDP, California",0.5803
2019,06,place,57148,"Pine Grove CDP, California",0.3627
2019,06,place,57244,"Pine Mountain Lake CDP, California",0.4849
2019,06,place,57330,"Pioneer CDP, California",0.3024
2019,06,place,57568,"Plainview CDP, California",0.4584
2019,06,place,57829,"Plumas Lake CDP, California",0.3195
2019,06,place,58478,"Potrero CDP, California",0.3873
2019,06,place,00947,"Aliso Viejo city, California",0.3925
2019,06,place,86930,"Yountville city, California",0.5597
2019,06,place,30378,"Goleta city, California",0.3991
2019,06,place,21230,"Eastvale city, California",0.3750
2019,06,place,23150,"Fairbanks Ranch CDP, California",0.5105
2019,06,place,36294,"Imperial Beach city, California",0.4235
2019,06,place,58520,"Poway city, California",0.4356
2019,06,place,81736,"Valley Center CDP, California",0.4105
2019,06,place,16035,"Concow CDP, California",0.4330
2019,06,place,30994,"Greenfield city, California",0.3421
2019,06,place,54848,"Pacific Grove city, California",0.4470
2019,06,place,64476,"San Ardo CDP, California",0.3859
2019,06,place,70742,"Seaside city, California",0.4192
2019,06,place,75630,"Suisun City city, California",0.3660
2019,06,place,59426,"Rancho Calaveras CDP, California",0.3270
2019,06,place,02364,"Apple Valley town, California",0.4402
2019,06,place,04030,"Barstow city, California",0.4853
2019,06,place,06635,"Big River CDP, California",0.3919
2019,06,place,85894,"Winchester CDP, California",0.3811
2019,06,place,33084,"Heber CDP, California",0.4128
2019,06,place,64294,"Salton City CDP, California",0.3948
2019,06,place,28021,"Furnace Creek CDP, California",0.3339
2019,06,place,53116,"Oak Park CDP, California",0.4380
2019,06,place,65042,"San Buenaventura (Ventura) city, California",0.4316
2019,06,place,86912,"Yosemite Valley CDP, California",0.3026
2019,06,place,58226,"Port Costa CDP, California",0.0713
2019,06,place,68294,"San Pablo city, California",0.4048
2019,06,place,77574,"Taft city, California",0.4701
2019,06,place,50034,"Murphys CDP, California",0.5456
2019,06,place,50258,"Napa city, California",0.4289
2019,06,place,64140,"St. Helena city, California",0.5384
2019,06,place,14890,"Colton city, California",0.3977
2019,06,place,42370,"Loma Linda city, California",0.4480
2019,06,place,46884,"Mentone CDP, California",0.3793
2019,06,place,50132,"Muscoy CDP, California",0.4203
2019,06,place,75714,"Summerland CDP, California",0.5136
2019,06,place,82072,"Vandenberg AFB CDP, California",0.3109
2019,06,place,19406,"Dixon Lane-Meadow Creek CDP, California",0.3887
2019,06,place,71680,"Shoshone CDP, California",0.2388
2019,06,place,39724,"Lake San Marcos CDP, California",0.4154
2019,06,place,11324,"Carmel Valley Village CDP, California",0.5206
2019,06,place,49768,"Mount Hebron CDP, California",0.1801
2019,06,place,49852,"Mount Shasta city, California",0.5463
2019,06,place,13364,"Chualar CDP, California",0.4141
2019,06,place,48872,"Monterey city, California",0.4511
2019,06,place,72520,"Soledad city, California",0.3694
2019,06,place,10561,"Camp Pendleton South CDP, California",0.3182
2019,06,place,16378,"Coronado city, California",0.4874
2019,06,place,22678,"Encinitas city, California",0.4961
2019,06,place,22804,"Escondido city, California",0.4425
2019,06,place,85446,"Wildomar city, California",0.4020
2019,06,place,46842,"Menifee city, California",0.4178
2019,06,place,20018,"Dublin city, California",0.3836
2019,06,place,22594,"Emeryville city, California",0.4410
2019,06,place,16532,"Costa Mesa city, California",0.4400
2019,06,place,53980,"Orange city, California",0.4404
2019,06,place,01150,"Alondra Park CDP, California",0.4123
2019,06,place,01290,"Altadena CDP, California",0.4824
2019,06,place,13756,"Claremont city, California",0.4332
2019,06,place,22230,"El Monte city, California",0.4272
2019,06,place,30014,"Glendora city, California",0.4534
2019,06,place,36056,"Huntington Park city, California",0.4183
2019,06,place,39612,"Lake Los Angeles CDP, California",0.4659
2019,06,place,18464,"Delhi CDP, California",0.3599
2019,06,place,19612,"Dos Palos city, California",0.4011
2019,06,place,31960,"Hanford city, California",0.4321
2019,06,place,68014,"San Juan Bautista city, California",0.3714
2019,06,place,48928,"Monte Rio CDP, California",0.5697
2019,06,place,72646,"Sonoma city, California",0.4909
2019,06,place,85922,"Windsor town, California",0.3714
2019,06,place,72772,"Soulsbyville CDP, California",0.3372
2019,06,place,09122,"Burney CDP, California",0.4293
2019,06,place,44700,"McArthur CDP, California",0.2755
2019,06,place,69088,"Santa Clarita city, California",0.3991
2019,06,place,40592,"Las Lomas CDP, California",0.4263
2019,06,place,17568,"Culver City city, California",0.4692
2019,06,place,46436,"Mayflower Village CDP, California",0.3984
2019,06,place,48816,"Montebello city, California",0.4358
2019,06,place,56924,"Pico Rivera city, California",0.4012
2019,06,place,71876,"Signal Hill city, California",0.4301
2019,06,place,73430,"South Whittier CDP, California",0.3885
2019,06,place,83402,"Walnut Park CDP, California",0.4019
2019,06,place,84438,"Westlake Village city, California",0.4840
2019,06,place,85642,"Willow Creek CDP, California",0.4027
2019,06,place,51294,"Nice CDP, California",0.3853
2019,06,place,81358,"Upper Lake CDP, California",0.4312
2019,06,place,25296,"Fortuna city, California",0.4638
2019,06,place,80448,"Trinidad city, California",0.5503
2019,06,place,84385,"Westhaven-Moonstone CDP, California",0.3923
2019,06,place,07372,"Bombay Beach CDP, California",0.4872
2019,06,place,51392,"Niland CDP, California",0.3878
2019,06,place,52379,"North Tustin CDP, California",0.4418
2019,06,place,54372,"Orosi CDP, California",0.4217
2019,06,place,59444,"Rancho Cordova city, California",0.4259
2019,06,place,57302,"Piñon Hills CDP, California",0.4844
2019,06,place,39003,"La Cañada Flintridge city, California",0.4861
2019,06,place,40088,"Lamont CDP, California",0.3822
2019,06,place,57240,"Pine Mountain Club CDP, California",0.4748
2019,06,place,51560,"Norco city, California",0.4006
2019,06,place,62000,"Riverside city, California",0.4263
2019,06,place,78120,"Temecula city, California",0.3863
2019,06,place,31568,"Gustine city, California",0.5104
2019,06,place,54806,"Pacifica city, California",0.3907
2019,06,place,20284,"Dustin Acres CDP, California",0.3732
2019,06,place,24764,"Ford City CDP, California",0.4186
2019,06,place,38310,"Kernville CDP, California",0.4459
2019,06,place,44350,"Lower Lake CDP, California",0.4293
2019,06,place,39283,"Lagunitas-Forest Knolls CDP, California",0.4199
2019,06,place,40438,"Larkspur city, California",0.5406
2019,06,place,78890,"Tomales CDP, California",0.5966
2019,06,place,23630,"Farmington CDP, California",0.3344
2019,06,place,48256,"Mission Viejo city, California",0.4055
2019,06,place,01651,"Amesti CDP, California",0.4208
2019,06,place,16434,"Corralitos CDP, California",0.4162
2019,06,place,42202,"Lodi city, California",0.4537
2019,06,place,25576,"Freedom CDP, California",0.4082
2019,06,place,70588,"Scotts Valley city, California",0.4384
2019,06,place,16580,"Coto de Caza CDP, California",0.4367
2019,06,place,40256,"La Palma city, California",0.4007
2019,06,place,51182,"Newport Beach city, California",0.5446
2019,06,place,65084,"San Clemente city, California",0.4723
2019,06,place,42412,"Loma Rica CDP, California",0.4076
2019,06,place,06000,"Berkeley city, California",0.5257
2019,06,place,26000,"Fremont city, California",0.4004
2019,06,place,03190,"Auberry CDP, California",0.3848
2019,06,place,24134,"Firebaugh city, California",0.4321
2019,06,place,73794,"Squaw Valley CDP, California",0.3995
2019,06,place,03344,"Avocado Heights CDP, California",0.3603
2019,06,place,04982,"Bellflower city, California",0.4361
2019,06,place,09598,"Calabasas city, California",0.5348
2019,06,place,02553,"Arden-Arcade CDP, California",0.5269
2019,06,place,13588,"Citrus Heights city, California",0.4038
2019,06,place,30345,"Gold River CDP, California",0.3943
2019,06,place,18856,"Denair CDP, California",0.3890
2019,06,place,52694,"Oakdale city, California",0.4338
2019,06,place,44000,"Los Angeles city, California",0.5276
2019,06,place,55380,"Palos Verdes Estates city, California",0.5053
2019,06,place,62644,"Rolling Hills Estates city, California",0.4550
2019,06,place,73962,"Stanton city, California",0.4412
2019,06,place,60606,"Richgrove CDP, California",0.4601
2019,06,place,39178,"Laguna Beach city, California",0.5297
2019,06,place,57526,"Placentia city, California",0.3999
2019,06,place,23196,"Fairhaven CDP, California",0.4038
2019,06,place,25086,"Fort Dick CDP, California",0.4704
2019,06,place,34540,"Hoopa CDP, California",0.4862
2019,06,place,41908,"Little Valley CDP, California",0.0812
2019,06,place,55058,"Pala CDP, California",0.4587
2019,06,place,84863,"Westside CDP, California",0.4446
2019,06,place,45064,"Madison CDP, California",0.4111
2019,06,place,45092,"Mad River CDP, California",0.5655
2019,06,place,45386,"Manchester CDP, California",0.3945
2019,06,place,45414,"Manila CDP, California",0.3650
2019,06,place,45820,"Marin City CDP, California",0.5388
2019,06,place,46100,"Martell CDP, California",0.2609
2019,06,place,46223,"Matheny CDP, California",0.3721
2019,06,place,46226,"Mather CDP, California",0.3650
2019,06,place,45680,"March ARB CDP, California",0.3525
2019,06,place,46338,"Maxwell CDP, California",0.4178
2019,06,place,46400,"Mayfair CDP, California",0.4576
2019,06,place,46520,"Meadowbrook CDP, California",0.3945
2019,06,place,85880,"Wilton CDP, California",0.3967
2019,06,place,85684,"Willows city, California",0.4198
2019,06,place,62896,"Rosemead city, California",0.4273
2019,06,place,73276,"South San Gabriel CDP, California",0.3773
2019,06,place,02378,"Aptos CDP, California",0.4628
2019,06,place,07652,"Boulder Creek CDP, California",0.3769
2019,06,place,03204,"Auburn city, California",0.4727
2019,06,place,19455,"Dollar Point CDP, California",0.4141
2019,06,place,20032,"Ducor CDP, California",0.3600
2019,06,place,23126,"Exeter city, California",0.4557
2019,06,place,55184,"Palm Desert city, California",0.5324
2019,06,place,09878,"Calipatria city, California",0.4367
2019,06,place,55422,"Palo Verde CDP, California",0.3688
2019,06,place,70798,"Seeley CDP, California",0.4041
2019,06,place,07379,"Bonadelle Ranchos-Madera Ranchos CDP, California",0.3521
2019,06,place,36672,"Ione city, California",0.4211
2019,06,place,36350,"Independence CDP, California",0.3873
2019,06,place,53490,"Olancha CDP, California",0.3332
2019,06,place,78050,"Tecopa CDP, California",0.3948
2019,06,place,17288,"Cromberg CDP, California",0.2847
2019,06,place,30560,"Graeagle CDP, California",0.4821
2019,06,place,36364,"Indian Falls CDP, California",0.2281
2019,06,place,57828,"Plumas Eureka CDP, California",0.3677
2019,06,place,58618,"Prattville CDP, California",0.3640
2019,06,place,59080,"Quincy CDP, California",0.4488
2019,06,place,72954,"South Dos Palos CDP, California",0.5073
2019,06,place,06210,"Bethel Island CDP, California",0.5206
2019,06,place,57792,"Pleasanton city, California",0.4300
2019,06,place,16728,"Covelo CDP, California",0.3971
2019,06,place,81134,"Ukiah city, California",0.4735
2019,06,place,03162,"Atwater city, California",0.4212
2019,06,place,53000,"Oakland city, California",0.5113
2019,06,place,56938,"Piedmont city, California",0.4297
2019,06,place,18674,"Del Rey CDP, California",0.4486
2019,06,place,25436,"Fowler city, California",0.4538
2019,06,place,38562,"Kingsburg city, California",0.4749
2019,06,place,54008,"Orange Cove city, California",0.4398
2019,06,place,08954,"Burbank city, California",0.4789
2019,06,place,19052,"Desert View Highlands CDP, California",0.3393
2019,06,place,20802,"East Los Angeles CDP, California",0.4170
2019,06,place,20984,"East Pasadena CDP, California",0.4989
2019,06,place,38604,"Kingvale CDP, California",0.1070
2019,06,place,38800,"Knights Landing CDP, California",0.4098
2019,06,place,38352,"Keswick CDP, California",0.4563
2019,06,place,39094,"Ladera CDP, California",0.4793
2019,06,place,39114,"Ladera Ranch CDP, California",0.4396
2019,06,place,39318,"La Honda CDP, California",0.4493
2019,06,place,39460,"Lake California CDP, California",0.3447
2019,06,place,39472,"Lake City CDP, California",0.3001
2019,06,place,39484,"Lake Don Pedro CDP, California",0.3874
2019,06,place,39514,"Lakehead CDP, California",0.4726
2019,06,place,39556,"Lake Hughes CDP, California",0.3438
2019,06,place,39645,"Lake Mathews CDP, California",0.4114
2019,06,place,39715,"Lake Riverside CDP, California",0.3295
2019,06,place,39735,"Lake Sherwood CDP, California",0.4697
2019,06,place,40508,"La Selva Beach CDP, California",0.4187
2019,06,place,40526,"Las Flores CDP (Orange County), California",0.3417
2019,06,place,40536,"Las Flores CDP (Tehama County), California",0.2110
2019,06,place,40872,"La Vina CDP, California",0.2052
2019,06,place,46646,"Mead Valley CDP, California",0.3991
2019,06,place,46926,"Meridian CDP, California",0.4522
2019,06,place,47066,"Mesa Verde CDP, California",0.3917
2019,06,place,47192,"Mexican Colony CDP, California",0.3130
2019,06,place,47374,"Midpines CDP, California",0.4543
2019,06,place,47430,"Midway City CDP, California",0.5656
2019,06,place,47472,"Milford CDP, California",0.2589
2019,06,place,47822,"Minkler CDP, California",0.4079
2019,06,place,48060,"Miranda CDP, California",0.4695
2019,06,place,48592,"Monmouth CDP, California",0.2554
2019,06,place,48602,"Mono City CDP, California",0.0624
2019,06,place,48676,"Monson CDP, California",0.0727
2019,06,place,48718,"Montalvin Manor CDP, California",0.3519
2019,06,place,48916,"Monterey Park Tract CDP, California",0.3919
2019,06,place,49045,"Monument Hills CDP, California",0.5584
2019,06,place,49432,"Moskowite Corner CDP, California",0.4939
2019,06,place,49558,"Mountain Gate CDP, California",0.5288
2019,06,place,49582,"Mountain House CDP, California",0.2927
2019,06,place,49796,"Mount Hermon CDP, California",0.3431
2019,06,place,51000,"Newcastle CDP, California",0.4981
2019,06,place,51028,"New Cuyama CDP, California",0.3620
2019,06,place,51042,"Newell CDP, California",0.3127
2019,06,place,51168,"New Pine Creek CDP, California",0.3490
2019,06,place,51280,"Nicasio CDP, California",0.6038
2019,06,place,51336,"Nicolaus CDP, California",0.3849
2019,06,place,51470,"Nipinnawasee CDP, California",0.2996
2019,06,place,51574,"Nord CDP, California",0.1367
2019,06,place,48186,"Mission Hills CDP, California",0.4068
2019,06,place,62910,"Rosemont CDP, California",0.3876
2019,06,place,31890,"Hamilton City CDP, California",0.3638
2019,06,place,06406,"Big Bear City CDP, California",0.4110
2019,06,place,48690,"Montague city, California",0.3907
2019,06,place,16630,"Cottonwood CDP, California",0.4276
2019,06,place,71568,"Shingletown CDP, California",0.4060
2019,06,place,03209,"August CDP, California",0.4765
2019,06,place,22790,"Escalon city, California",0.3919
2019,06,place,60706,"Ridgemark CDP, California",0.3867
2019,06,place,10816,"Cantua Creek CDP, California",0.2384
2019,06,place,70770,"Sebastopol city, California",0.4431
2019,06,place,41166,"Lemoore Station CDP, California",0.3242
2019,06,place,55856,"Parlier city, California",0.4146
2019,06,place,85614,"Willowbrook CDP, California",0.4216
2019,06,place,33549,"Hidden Valley Lake CDP, California",0.3811
2019,06,place,40130,"Lancaster city, California",0.4669
2019,06,place,63218,"Rowland Heights CDP, California",0.4381
2019,06,place,48298,"Mi-Wuk Village CDP, California",0.2447
2019,06,place,11446,"Carpinteria city, California",0.4769
2019,06,place,52246,"North San Juan CDP, California",0.3871
2019,06,place,52302,"North Shore CDP, California",0.4321
2019,06,place,52610,"Nubieber CDP, California",0.3095
2019,06,place,52715,"Oak Glen CDP, California",0.5454
2019,06,place,52760,"Oak Hills CDP, California",0.4420
2019,06,place,53160,"Oak Shores CDP, California",0.4690
2019,06,place,53224,"Oasis CDP, California",0.4819
2019,06,place,53505,"Old Fig Garden CDP, California",0.4445
2019,06,place,53602,"Old Station CDP, California",0.1685
2019,06,place,54218,"Orick CDP, California",0.4639
2019,06,place,55048,"Pajaro Dunes CDP, California",0.5844
2019,06,place,81722,"Valley Acres CDP, California",0.4872
2019,06,place,03274,"Avalon city, California",0.4246
2019,06,place,86328,"Woodland city, California",0.4333
2019,06,place,00212,"Acton CDP, California",0.4432
2019,06,place,02462,"Arcadia city, California",0.4787
2019,06,place,04870,"Bell city, California",0.4026
2019,06,place,11530,"Carson city, California",0.3960
2019,06,place,15044,"Compton city, California",0.4098
2019,06,place,19192,"Diamond Bar city, California",0.4240
2019,06,place,21096,"East San Gabriel CDP, California",0.4521
2019,06,place,84550,"Westminster city, California",0.4875
2019,06,place,46170,"Marysville city, California",0.4089
2019,06,place,77700,"Tahoe Vista CDP, California",0.4118
2019,06,place,49446,"Moss Beach CDP, California",0.4638
2019,06,place,36658,"Inyokern CDP, California",0.4611
2019,06,place,09066,"Burlingame city, California",0.4691
2019,06,place,65070,"San Carlos city, California",0.4607
2019,06,place,73262,"South San Francisco city, California",0.3993
2019,06,place,21600,"Edwards AFB CDP, California",0.3592
2019,06,place,25534,"Frazier Park CDP, California",0.4339
2019,06,place,44924,"McKittrick CDP, California",0.3945
2019,06,place,73815,"Squirrel Mountain Valley CDP, California",0.4664
2019,06,place,83863,"Weedpatch CDP, California",0.4896
2019,06,place,48046,"Mira Monte CDP, California",0.4679
2019,06,place,51890,"North Gate CDP, California",0.5259
2019,06,place,52162,"North Richmond CDP, California",0.4089
2019,06,place,22020,"Elk Grove city, California",0.3996
2019,06,place,21880,"El Dorado Hills CDP, California",0.4173
2019,06,place,84732,"West Point CDP, California",0.3992
2019,06,place,49670,"Mountain View city, California",0.4764
2019,06,place,07498,"Bonsall CDP, California",0.4538
2019,06,place,39496,"Lake Forest city, California",0.4203
2019,06,place,69000,"Santa Ana city, California",0.4046
2019,06,place,41152,"Lemoore city, California",0.4011
2019,06,place,58191,"Poplar-Cotton Center CDP, California",0.4993
2019,06,place,40326,"La Presa CDP, California",0.4135
2019,06,place,44140,"Los Molinos CDP, California",0.4883
2019,06,place,00394,"Agoura Hills city, California",0.4581
2019,06,place,46814,"Mendocino CDP, California",0.3220
2019,06,place,21894,"Eldridge CDP, California",0.5514
2019,06,place,19990,"Duarte city, California",0.4614
2019,06,place,25058,"Fort Bragg city, California",0.4454
2019,06,place,72506,"Solana Beach city, California",0.4759
2019,06,place,62602,"Rolling Hills city, California",0.5413
2019,06,place,85292,"Whittier city, California",0.4262
2019,06,place,51820,"North El Monte CDP, California",0.4610
2019,06,place,12902,"Cherryland CDP, California",0.3951
2019,06,place,71554,"Shingle Springs CDP, California",0.4375
2019,06,place,73108,"South Lake Tahoe city, California",0.4670
2019,06,place,42104,"Lockeford CDP, California",0.4576
2019,06,place,49180,"Morada CDP, California",0.4407
2019,06,place,75000,"Stockton city, California",0.4711
2019,06,place,39710,"Lakeport city, California",0.5031
2019,06,place,40998,"Lee Vining CDP, California",0.3059
2019,06,place,41026,"Leggett CDP, California",0.5443
2019,06,place,41142,"Lemon Hill CDP, California",0.4928
2019,06,place,41208,"Leona Valley CDP, California",0.4948
2019,06,place,41656,"Lindcove CDP, California",0.4789
2019,06,place,41740,"Linnell Camp CDP, California",0.2382
2019,06,place,41782,"Litchfield CDP, California",0.3367
2019,06,place,41866,"Little River CDP, California",0.7190
2019,06,place,42146,"Lockwood CDP, California",0.4669
2019,06,place,42230,"Lodoga CDP, California",0.7130
2019,06,place,42328,"Loleta CDP, California",0.6262
2019,06,place,42384,"Loma Mar CDP, California",0.1818
2019,06,place,22146,"Elmira CDP, California",0.2458
2019,06,place,60984,"Rio Vista city, California",0.3740
2019,06,place,81666,"Vallejo city, California",0.4267
2019,06,place,51622,"Norris Canyon CDP, California",0.3021
2019,06,place,08968,"Burbank CDP, California",0.4218
2019,06,place,14498,"Colfax city, California",0.4632
2019,06,place,67126,"San Joaquin city, California",0.4563
2019,06,place,71246,"Shaver Lake CDP, California",0.4193
2019,06,place,01458,"Alum Rock CDP, California",0.3738
2019,06,place,27080,"Fruitdale CDP, California",0.5217
2019,06,place,43280,"Los Altos city, California",0.4724
2019,06,place,47766,"Milpitas city, California",0.4011
2019,06,place,49278,"Morgan Hill city, California",0.4338
2019,06,place,45120,"Magalia CDP, California",0.3924
2019,06,place,54652,"Oxnard city, California",0.4009
2019,06,place,06982,"Black Point-Green Point CDP, California",0.4257
2019,06,place,44399,"Lucas Valley-Marinwood CDP, California",0.4482
2019,06,place,62980,"Ross town, California",0.4978
2019,06,place,67070,"San Geronimo CDP, California",0.4150
2019,06,place,77805,"Tamalpais-Homestead Valley CDP, California",0.4659
2019,06,place,86216,"Woodacre CDP, California",0.4960
2019,06,place,30798,"Grass Valley city, California",0.5042
2019,06,place,56518,"Penn Valley CDP, California",0.4247
2019,06,place,31162,"Greenville CDP, California",0.4872
2019,06,place,39420,"Lake Almanor Peninsula CDP, California",0.3888
2019,06,place,78008,"Taylorsville CDP, California",0.3798
2019,06,place,57582,"Planada CDP, California",0.3747
2019,06,place,86076,"Winton CDP, California",0.3736
2019,06,place,08338,"Broadmoor CDP, California",0.4260
2019,06,place,49187,"Moraga town, California",0.4725
2019,06,place,25338,"Foster City city, California",0.3999
2019,06,place,33633,"Highlands-Baywood Park CDP, California",0.4540
2019,06,place,33798,"Hillsborough town, California",0.5095
2019,06,place,51840,"North Fair Oaks CDP, California",0.4925
2019,06,place,48452,"Mojave CDP, California",0.5306
2019,06,place,53448,"Oildale CDP, California",0.4508
2019,06,place,62854,"Rosedale CDP, California",0.4447
2019,06,place,14260,"Coachella city, California",0.4564
2019,06,place,41670,"Linden CDP, California",0.3135
2019,06,place,12916,"Cherry Valley CDP, California",0.5052
2019,06,place,39598,"Lakeland Village CDP, California",0.4182
2019,06,place,39836,"Lakeview CDP, California",0.6561
2019,06,place,46660,"Mecca CDP, California",0.4629
2019,06,place,49270,"Moreno Valley city, California",0.3838
2019,06,place,52624,"Nuevo CDP, California",0.3612
2019,06,place,83304,"Wallace CDP, California",0.1940
2019,06,place,00296,"Adelanto city, California",0.4220
2019,06,place,07064,"Bloomington CDP, California",0.4019
2019,06,place,55520,"Paradise town, California",0.4602
2019,06,place,85600,"Willits city, California",0.4855
2019,06,place,84536,"West Menlo Park CDP, California",0.4640
2019,06,place,04734,"Bear Valley Springs CDP, California",0.3699
2019,06,place,48844,"Montecito CDP, California",0.5569
2019,06,place,79529,"Toro Canyon CDP, California",0.5358
2019,06,place,06616,"Big Pine CDP, California",0.3675
2019,06,place,63148,"Round Valley CDP, California",0.3673
2019,06,place,84120,"West Bishop CDP, California",0.3828
2019,06,place,85551,"Wilkerson CDP, California",0.3170
2019,06,place,39411,"Lake Almanor Country Club CDP, California",0.4746
2019,06,place,45022,"Madera city, California",0.4336
2019,06,place,49950,"Muir Beach CDP, California",0.3110
2019,06,place,52582,"Novato city, California",0.4549
2019,06,place,45932,"Mariposa CDP, California",0.4292
2019,06,place,10256,"Cameron Park CDP, California",0.4119
2019,06,place,77364,"Susanville city, California",0.4411
2019,06,place,16651,"Country Club CDP, California",0.4493
2019,06,place,38065,"Kennedy CDP, California",0.4063
2019,06,place,46898,"Merced city, California",0.4742
2019,06,place,58380,"Portola Valley town, California",0.4902
2019,06,place,80238,"Tracy city, California",0.3679
2019,06,place,46618,"Meadow Valley CDP, California",0.3903
2019,06,place,13077,"Chilcoot-Vinton CDP, California",0.5710
2019,06,place,36735,"Iron Horse CDP, California",0.1120
2019,06,place,52764,"Oakhurst CDP, California",0.3959
2019,06,place,06150,"Bertsch-Oceanview CDP, California",0.4229
2019,06,place,17022,"Crescent City city, California",0.3650
2019,06,place,38702,"Klamath CDP, California",0.4842
2019,06,place,13945,"Clearlake city, California",0.4449
2019,06,place,47332,"Middletown CDP, California",0.4224
2019,06,place,02476,"Arcata city, California",0.5264
2019,06,school district (unified),00031,"Big Sur Unified School District, California",0.4109
2019,06,school district (unified),20130,"La Cañada Unified School District, California",0.4812
2019,06,school district (unified),01410,"Lammersville Joint Unified School District, California",0.3131
2019,06,school district (unified),01414,"Santa Barbara Unified School District, California",0.4852
2019,06,school district (unified),01415,"Washington Unified School District (Fresno County), California",0.4737
2019,06,school district (unified),41580,"Washington Unified School District (Yolo County), California",0.4577
2019,06,school district (unified),00037,"Ferndale Unified School District, California",0.4809
2019,06,school district (unified),00038,"Mattole Unified School District, California",0.5532
2019,06,school district (unified),00039,"Delhi Unified School District, California",0.3867
2019,06,school district (unified),00040,"Riverdale Joint Unified School District, California",0.4315
2019,06,school district (unified),00042,"Warner Unified School District, California",0.4797
2019,06,school district (unified),00043,"Scotts Valley Unified School District, California",0.4430
2019,06,school district (unified),00044,"Healdsburg Unified School District, California",0.4886
2019,06,school district (unified),00045,"Orland Joint Unified School District, California",0.4252
2019,06,school district (unified),00046,"Gonzales Unified School District, California",0.3563
2019,06,school district (unified),32370,"Rialto Unified School District, California",0.4043
2019,06,school district (unified),02430,"Alvord Unified School District, California",0.4000
2019,06,school district (unified),02450,"Amador County Unified School District, California",0.4490
2019,06,school district (unified),02730,"Anderson Valley Unified School District, California",0.5089
2019,06,school district (unified),02850,"Antioch Unified School District, California",0.4129
2019,06,school district (unified),02970,"Arcadia Unified School District, California",0.4696
2019,06,school district (unified),03300,"Atascadero Unified School District, California",0.4073
2019,06,school district (unified),03600,"Azusa Unified School District, California",0.3944
2019,06,school district (unified),03610,"Baker Valley Unified School District, California",0.4963
2019,06,school district (unified),34680,"San Leandro Unified School District, California",0.4298
2019,06,school district (unified),34440,"San Jacinto Unified School District, California",0.4266
2019,06,school district (unified),34590,"San Jose Unified School District, California",0.4781
2019,06,school district (unified),34620,"San Juan Unified School District, California",0.4733
2019,06,school district (unified),34710,"San Lorenzo Unified School District, California",0.4122
2019,06,school district (unified),34740,"San Lorenzo Valley Unified School District, California",0.4245
2019,06,school district (unified),34800,"San Luis Coastal Unified School District, California",0.4993
2019,06,school district (unified),34860,"San Marino Unified School District, California",0.4686
2019,06,school district (unified),34880,"San Marcos Unified School District, California",0.4525
2019,06,school district (unified),35070,"San Pasqual Valley Unified School District, California",0.5577
2019,06,school district (unified),35130,"San Ramon Valley Unified School District, California",0.4315
2019,06,school district (unified),35250,"Sanger Unified School District, California",0.4310
2019,06,school district (unified),35310,"Santa Ana Unified School District, California",0.4206
2019,06,school district (unified),35430,"Santa Clara Unified School District, California",0.4089
2019,06,school district (unified),35700,"Santa Monica-Malibu Unified School District, California",0.5613
2019,06,school district (unified),36270,"Selma Unified School District, California",0.4602
2019,06,school district (unified),36450,"Shandon Joint Unified School District, California",0.4124
2019,06,school district (unified),27060,"Newark Unified School District, California",0.3681
2019,06,school district (unified),27200,"Newman-Crows Landing Unified School District, California",0.4224
2019,06,school district (unified),27240,"Newport-Mesa Unified School District, California",0.5267
2019,06,school district (unified),27590,"North Monterey County Unified School District, California",0.4326
2019,06,school district (unified),27690,"Norwalk-La Mirada Unified School District, California",0.3897
2019,06,school district (unified),27720,"Novato Unified School District, California",0.4579
2019,06,school district (unified),27850,"Oak Park Unified School District, California",0.4372
2019,06,school district (unified),28050,"Oakland Unified School District, California",0.5118
2019,06,school district (unified),28250,"Oceanside Unified School District, California",0.4297
2019,06,school district (unified),01332,"Twin Rivers Unified School District, California",0.4390
2019,06,school district (unified),00116,"Chawanakee Unified School District, California",0.4709
2019,06,school district (unified),00158,"Turlock Unified School District, California",0.4522
2019,06,school district (unified),00160,"Yosemite Unified School District, California",0.4305
2019,06,school district (unified),01331,"Trinity Alps Unified School District, California",0.4017
2019,06,school district (unified),24030,"Martinez Unified School District, California",0.4163
2019,06,school district (unified),24090,"Marysville Joint Unified School District, California",0.4324
2019,06,school district (unified),24150,"Maxwell Unified School District, California",0.4820
2019,06,school district (unified),24230,"McFarland Unified School District, California",0.3899
2019,06,school district (unified),24480,"Mendocino Unified School District, California",0.4952
2019,06,school district (unified),91136,"Aromas-San Juan Unified School District, California",0.4199
2019,06,school district (unified),91137,"Big Oak Flat-Groveland Unified School District, California",0.4828
2019,06,school district (unified),01442,"Upper Lake Unified School District, California",0.4115
2019,06,school district (unified),01426,"Bonsall Unified School District (San Diego County), California",0.4139
2019,06,school district (unified),31710,"Ramona City Unified School District, California",0.3977
2019,06,school district (unified),32070,"Redlands Unified School District, California",0.4577
2019,06,school district (unified),32270,"Reef-Sunset Unified School District, California",0.3839
2019,06,school district (unified),32550,"West Contra Costa Unified School District, California",0.4491
2019,06,school district (unified),32610,"Rim of the World Unified School District, California",0.4612
2019,06,school district (unified),15180,"Gilroy Unified School District, California",0.4164
2019,06,school district (unified),15240,"Glendale Unified School District, California",0.4957
2019,06,school district (unified),15270,"Glendora Unified School District, California",0.4679
2019,06,school district (unified),16323,"Gustine Unified School District, California",0.4655
2019,06,school district (unified),16325,"Hacienda La Puente Unified School District, California",0.4154
2019,06,school district (unified),16740,"Hayward Unified School District, California",0.4086
2019,06,school district (unified),16920,"Hemet Unified School District, California",0.4495
2019,06,school district (unified),17220,"Hilmar Unified School District, California",0.5133
2019,06,school district (unified),17430,"Holtville Unified School District, California",0.4609
2019,06,school district (unified),18210,"Imperial Unified School District, California",0.3911
2019,06,school district (unified),18390,"Inglewood Unified School District, California",0.4634
2019,06,school district (unified),18990,"John Swett Unified School District, California",0.4461
2019,06,school district (unified),19260,"Jurupa Unified School District, California",0.4005
2019,06,school district (unified),19320,"Kelseyville Unified School District, California",0.4876
2019,06,school district (unified),19490,"Kerman Unified School District, California",0.4545
2019,06,school district (unified),19700,"Kings Canyon Joint Unified School District, California",0.4398
2019,06,school district (unified),19950,"Klamath-Trinity Joint Unified School District, California",0.4704
2019,06,school district (unified),20070,"Konocti Unified School District, California",0.4692
2019,06,school district (unified),20220,"La Honda-Pescadero Unified School District, California",0.4969
2019,06,school district (unified),20370,"Laguna Beach Unified School District, California",0.5306
2019,06,school district (unified),20640,"Lake Tahoe Unified School District, California",0.4768
2019,06,school district (unified),20670,"Lakeport Unified School District, California",0.4992
2019,06,school district (unified),21810,"Linden Unified School District, California",0.4486
2019,06,school district (unified),21000,"Las Virgenes Unified School District, California",0.5118
2019,06,school district (unified),21150,"Laton Joint Unified School District, California",0.4351
2019,06,school district (unified),21690,"Lincoln Unified School District, California",0.4984
2019,06,school district (unified),29370,"Pacific Grove Unified School District, California",0.4702
2019,06,school district (unified),29490,"Pajaro Valley Joint Unified School District, California",0.4677
2019,06,school district (unified),29550,"Palm Springs Unified School District, California",0.5386
2019,06,school district (unified),21870,"Lindsay Unified School District, California",0.4436
2019,06,school district (unified),22050,"Live Oak Unified School District, California",0.4814
2019,06,school district (unified),22110,"Livermore Valley Joint Unified School District, California",0.4054
2019,06,school district (unified),22230,"Lodi Unified School District, California",0.4479
2019,06,school district (unified),22410,"Lompoc Unified School District, California",0.4512
2019,06,school district (unified),22440,"Lone Pine Unified School District, California",0.4069
2019,06,school district (unified),22500,"Long Beach Unified School District, California",0.4614
2019,06,school district (unified),22590,"Los Alamitos Unified School District, California",0.4845
2019,06,school district (unified),22710,"Los Angeles Unified School District, California",0.5205
2019,06,school district (unified),22740,"Los Banos Unified School District, California",0.4501
2019,06,school district (unified),01421,"Santa Paula Unified School District, California",0.4349
2019,06,school district (unified),01423,"Exeter Unified School District, California",0.4958
2019,06,school district (unified),00001,"Acton-Agua Dulce Unified School District, California",0.4348
2019,06,school district (unified),00009,"Cuyama Joint Unified School District, California",0.4241
2019,06,school district (unified),00011,"Fort Sage Unified School District, California",0.3507
2019,06,school district (unified),00014,"Hesperia Unified School District, California",0.4256
2019,06,school district (unified),00015,"Lucerne Valley Unified School District, California",0.4770
2019,06,school district (unified),00016,"Upland Unified School District, California",0.4506
2019,06,school district (unified),36670,"Shoreline Unified School District, California",0.5265
2019,06,school district (unified),36780,"Sierra-Plumas Joint Unified School District, California",0.4920
2019,06,school district (unified),36800,"Sierra Sands Unified School District, California",0.4424
2019,06,school district (unified),04230,"Bear Valley Unified School District, California",0.4507
2019,06,school district (unified),03690,"Baldwin Park Unified School District, California",0.3959
2019,06,school district (unified),32880,"Ripon Unified School District, California",0.4244
2019,06,school district (unified),33110,"River Delta Joint Unified School District, California",0.4096
2019,06,school district (unified),33150,"Riverside Unified School District, California",0.4393
2019,06,school district (unified),33720,"Round Valley Unified School District, California",0.4688
2019,06,school district (unified),33750,"Rowland Unified School District, California",0.4216
2019,06,school district (unified),33840,"Sacramento City Unified School District, California",0.4659
2019,06,school district (unified),33860,"Saddleback Valley Unified School District, California",0.4420
2019,06,school district (unified),34170,"San Bernardino City Unified School District, California",0.4465
2019,06,school district (unified),34320,"San Diego City Unified School District, California",0.4679
2019,06,school district (unified),34410,"San Francisco Unified School District, California",0.5099
2019,06,school district (unified),34425,"San Gabriel Unified School District, California",0.4655
2019,06,school district (unified),00052,"Eureka City Unified School District, California",0.4886
2019,06,school district (unified),00048,"Paso Robles Joint Unified School District, California",0.4352
2019,06,school district (unified),00049,"Coast Unified School District, California",0.4117
2019,06,school district (unified),00051,"Gridley Unified School District, California",0.4430
2019,06,school district (unified),00060,"Hughson Unified School District, California",0.3926
2019,06,school district (unified),00061,"Riverbank Unified School District, California",0.4613
2019,06,school district (unified),00062,"Oakdale Joint Unified School District, California",0.4434
2019,06,school district (unified),00063,"Waterford Unified School District, California",0.3868
2019,06,school district (unified),00064,"Porterville Unified School District, California",0.5017
2019,06,school district (unified),00065,"Dinuba Unified School District, California",0.4383
2019,06,school district (unified),05610,"Bonita Unified School District, California",0.4327
2019,06,school district (unified),05700,"Borrego Springs Unified School District, California",0.4748
2019,06,school district (unified),05880,"Brea-Olinda Unified School District, California",0.3975
2019,06,school district (unified),06450,"Burbank Unified School District, California",0.4789
2019,06,school district (unified),06580,"Butte Valley Unified School District, California",0.4193
2019,06,school district (unified),06780,"Cabrillo Unified School District, California",0.4957
2019,06,school district (unified),06870,"Calaveras Unified School District, California",0.4170
2019,06,school district (unified),06900,"Calexico Unified School District, California",0.4796
2019,06,school district (unified),06990,"Calipatria Unified School District, California",0.4631
2019,06,school district (unified),07020,"Calistoga Joint Unified School District, California",0.5605
2019,06,school district (unified),07440,"Capistrano Unified School District, California",0.4622
2019,06,school district (unified),07500,"Carlsbad Unified School District, California",0.4607
2019,06,school district (unified),07530,"Carmel Unified School District, California",0.5090
2019,06,school district (unified),07560,"Carpinteria Unified School District, California",0.5165
2019,06,school district (unified),07800,"Castro Valley Unified School District, California",0.4158
2019,06,school district (unified),07900,"Center Joint Unified School District, California",0.3585
2019,06,school district (unified),01418,"Woodlake Unified School District, California",0.4882
2019,06,school district (unified),01339,"Hamilton Unified School District, California",0.4059
2019,06,school district (unified),01409,"Bishop Unified School District, California",0.4092
2019,06,school district (unified),00047,"Tracy Unified School District, California",0.3764
2019,06,school district (unified),28270,"Ojai Unified School District, California",0.4681
2019,06,school district (unified),28650,"Orange Unified School District, California",0.4390
2019,06,school district (unified),29190,"Owens Valley Unified School District, California",0.3990
2019,06,school district (unified),03840,"Banning Unified School District, California",0.4733
2019,06,school district (unified),04020,"Barstow Unified School District, California",0.4696
2019,06,school district (unified),04110,"Bassett Unified School District, California",0.3742
2019,06,school district (unified),04290,"Beaumont Unified School District, California",0.4147
2019,06,school district (unified),04440,"Bellflower Unified School District, California",0.4347
2019,06,school district (unified),04620,"Benicia Unified School District, California",0.4044
2019,06,school district (unified),36970,"Snowline Joint Unified School District, California",0.4218
2019,06,school district (unified),36805,"Sierra Unified School District, California",0.4204
2019,06,school district (unified),13840,"Firebaugh-Las Deltas Unified School District, California",0.4350
2019,06,school district (unified),13470,"Fall River Joint Unified School District, California",0.4379
2019,06,school district (unified),12630,"Emery Unified School District, California",0.4410
2019,06,school district (unified),12840,"Escalon Unified School District, California",0.4247
2019,06,school district (unified),12930,"Esparto Unified School District, California",0.5402
2019,06,school district (unified),13360,"Fairfield-Suisun Unified School District, California",0.4234
2019,06,school district (unified),13800,"Fillmore Unified School District, California",0.3970
2019,06,school district (unified),13890,"Folsom-Cordova Unified School District, California",0.4282
2019,06,school district (unified),13920,"Fontana Unified School District, California",0.3954
2019,06,school district (unified),14070,"Fort Bragg Unified School District, California",0.4350
2019,06,school district (unified),14250,"Fowler Unified School District, California",0.4499
2019,06,school district (unified),14400,"Fremont Unified School District, California",0.4004
2019,06,school district (unified),07970,"Central Unified School District, California",0.4225
2019,06,school district (unified),08130,"Ceres Unified School District, California",0.4054
2019,06,school district (unified),08190,"Charter Oak Unified School District, California",0.4111
2019,06,school district (unified),08370,"Chico Unified School District, California",0.5161
2019,06,school district (unified),08460,"Chino Valley Unified School District, California",0.3913
2019,06,school district (unified),08760,"Claremont Unified School District, California",0.4533
2019,06,school district (unified),08970,"Cloverdale Unified School District, California",0.4367
2019,06,school district (unified),09030,"Clovis Unified School District, California",0.4371
2019,06,school district (unified),09070,"Coachella Valley Unified School District, California",0.5544
2019,06,school district (unified),09390,"Colton Joint Unified School District, California",0.3981
2019,06,school district (unified),09570,"Colusa Unified School District, California",0.4448
2019,06,school district (unified),36820,"Silver Valley Unified School District, California",0.3595
2019,06,school district (unified),36840,"Simi Valley Unified School District, California",0.4188
2019,06,school district (unified),37050,"Soledad Unified School District, California",0.3725
2019,06,school district (unified),37200,"Sonoma Valley Unified School District, California",0.5075
2019,06,school district (unified),37500,"South Pasadena Unified School District, California",0.4933
2019,06,school district (unified),37530,"South San Francisco Unified School District, California",0.3963
2019,06,school district (unified),37590,"Southern Humboldt Joint Unified School District, California",0.4875
2019,06,school district (unified),37620,"Southern Kern Unified School District, California",0.4233
2019,06,school district (unified),37630,"Southern Trinity Joint Unified School District, California",0.6742
2019,06,school district (unified),37830,"St. Helena Unified School District, California",0.5662
2019,06,school district (unified),38010,"Stockton Unified School District, California",0.4681
2019,06,school district (unified),38070,"Stony Creek Joint Unified School District, California",0.4652
2019,06,school district (unified),38520,"Surprise Valley Joint Unified School District, California",0.4504
2019,06,school district (unified),38880,"Tehachapi Unified School District, California",0.4502
2019,06,school district (unified),38980,"Temple City Unified School District, California",0.4504
2019,06,school district (unified),39000,"Templeton Unified School District, California",0.3975
2019,06,school district (unified),39420,"Torrance Unified School District, California",0.4384
2019,06,school district (unified),39630,"Travis Unified School District, California",0.3546
2019,06,school district (unified),10350,"Cutler-Orosi Joint Unified School District, California",0.4362
2019,06,school district (unified),10620,"Davis Joint Unified School District, California",0.5391
2019,06,school district (unified),10680,"Death Valley Unified School District, California",0.4198
2019,06,school district (unified),10770,"Del Norte County Unified School District, California",0.4743
2019,06,school district (unified),11040,"Denair Unified School District, California",0.4719
2019,06,school district (unified),11100,"Desert Center Unified School District, California",0.3293
2019,06,school district (unified),11110,"Desert Sands Unified School District, California",0.5174
2019,06,school district (unified),11280,"Dixon Unified School District, California",0.3933
2019,06,school district (unified),11460,"Downey Unified School District, California",0.4083
2019,06,school district (unified),11520,"Duarte Unified School District, California",0.4689
2019,06,school district (unified),11730,"Durham Unified School District, California",0.4127
2019,06,school district (unified),11870,"Eastern Sierra Unified School District, California",0.4258
2019,06,school district (unified),12180,"El Rancho Unified School District, California",0.3989
2019,06,school district (unified),12210,"El Segundo Unified School District, California",0.4335
2019,06,school district (unified),12330,"Elk Grove Unified School District, California",0.4267
2019,06,school district (unified),00017,"Apple Valley Unified School District, California",0.4395
2019,06,school district (unified),00018,"Mountain Valley Unified School District, California",0.4446
2019,06,school district (unified),00019,"Dublin Unified School District, California",0.3836
2019,06,school district (unified),00020,"Pleasanton Unified School District, California",0.4309
2019,06,school district (unified),00021,"Sunol Glen Unified School District, California",0.5179
2019,06,school district (unified),00022,"Mendota Unified School District, California",0.4014
2019,06,school district (unified),00025,"Manhattan Beach Unified School District, California",0.5183
2019,06,school district (unified),00026,"El Tejon Unified School District, California",0.4324
2019,06,school district (unified),00027,"Lake Elsinore Unified School District, California",0.4165
2019,06,school district (unified),00028,"Temecula Valley Unified School District, California",0.3912
2019,06,school district (unified),00029,"Murrieta Valley Unified School District, California",0.4177
2019,06,school district (unified),00032,"Redondo Beach Unified School District, California",0.4288
2019,06,school district (unified),00033,"Dos Palos-Oro Loma Joint Unified School District, California",0.4743
2019,06,school district (unified),39840,"Trona Joint Unified School District, California",0.4600
2019,06,school district (unified),39940,"Tulelake Basin Joint Unified School District, California",0.4483
2019,06,school district (unified),40150,"Tustin Unified School District, California",0.4655
2019,06,school district (unified),40300,"Ukiah Unified School District, California",0.4891
2019,06,school district (unified),40590,"Vacaville Unified School District, California",0.4161
2019,06,school district (unified),40740,"Vallejo City Unified School District, California",0.4291
2019,06,school district (unified),40980,"Ventura Unified School District, California",0.4299
2019,06,school district (unified),41160,"Visalia Unified School District, California",0.4585
2019,06,school district (unified),41190,"Vista Unified School District, California",0.3987
2019,06,school district (unified),41280,"Walnut Valley Unified School District, California",0.4290
2019,06,school district (unified),42000,"West Covina Unified School District, California",0.3907
2019,06,school district (unified),42140,"Western Placer Unified School District, California",0.4284
2019,06,school district (unified),42300,"Westwood Unified School District, California",0.3831
2019,06,school district (unified),42540,"Williams Unified School District, California",0.4301
2019,06,school district (unified),42560,"Willits Unified School District, California",0.4284
2019,06,school district (unified),42580,"Laytonville Unified School District, California",0.3503
2019,06,school district (unified),42710,"Willows Unified School District, California",0.4302
2019,06,school district (unified),42930,"Winters Joint Unified School District, California",0.4505
2019,06,school district (unified),43080,"Woodland Joint Unified School District, California",0.4466
2019,06,school district (unified),43470,"Yuba City Unified School District, California",0.4518
2019,06,school district (unified),43560,"Yucaipa-Calimesa Joint Unified School District, California",0.4378
2019,06,school district (unified),84500,"Irvine Unified School District, California",0.4681
2019,06,school district (unified),91134,"Golden Plains Unified School District, California",0.5043
2019,06,school district (unified),00034,"Windsor Unified School District, California",0.3882
2019,06,school district (unified),00035,"Farmersville Unified School District, California",0.3890
2019,06,school district (unified),00036,"Natomas Unified School District, California",0.4350
2019,06,school district (unified),22860,"Los Molinos Unified School District, California",0.4592
2019,06,school district (unified),23080,"Lucia Mar Unified School District, California",0.4295
2019,06,school district (unified),23160,"Lynwood Unified School District, California",0.4085
2019,06,school district (unified),23340,"Madera Unified School District, California",0.4324
2019,06,school district (unified),23530,"Mammoth Unified School District, California",0.3944
2019,06,school district (unified),23610,"Manteca Unified School District, California",0.3977
2019,06,school district (unified),23820,"Maricopa Unified School District, California",0.4243
2019,06,school district (unified),23940,"Mariposa County Unified School District, California",0.4245
2019,06,school district (unified),00067,"Caruthers Unified School District, California",0.3761
2019,06,school district (unified),00068,"Golden Valley Unified School District, California",0.3895
2019,06,school district (unified),00069,"Valley Center-Pauma Unified School District, California",0.4208
2019,06,school district (unified),00153,"Alhambra Unified School District, California",0.4734
2019,06,school district (unified),00159,"Scott Valley Unified School District, California",0.4032
2019,06,school district (unified),01620,"ABC Unified School District, California",0.4230
2019,06,school district (unified),01770,"Alameda City Unified School District, California",0.4425
2019,06,school district (unified),01860,"Albany City Unified School District, California",0.4468
2019,06,school district (unified),02010,"Alpaugh Unified School District, California",0.3997
2019,06,school district (unified),02070,"Alpine County Unified School District, California",0.4930
2019,06,school district (unified),91135,"Val Verde Unified School District, California",0.3567
2019,06,school district (unified),05010,"Big Valley Joint Unified School District, California",0.4282
2019,06,school district (unified),04740,"Berkeley Unified School District, California",0.5259
2019,06,school district (unified),04830,"Beverly Hills Unified School District, California",0.5864
2019,06,school district (unified),04950,"Big Pine Unified School District, California",0.3620
2019,06,school district (unified),05040,"Biggs Unified School District, California",0.4912
2019,06,school district (unified),05240,"Black Oak Mine Unified School District, California",0.3870
2019,06,school district (unified),14550,"Fresno Unified School District, California",0.4782
2019,06,school district (unified),14880,"Garden Grove Unified School District, California",0.4333
2019,06,school district (unified),14950,"Gateway Unified School District, California",0.4660
2019,06,school district (unified),15150,"Geyserville Unified School District, California",0.4799
2019,06,school district (unified),38770,"Tahoe-Truckee Unified School District, California",0.4853
2019,06,school district (unified),09120,"Coalinga-Huron Unified School District, California",0.5067
2019,06,school district (unified),01428,"Wiseburn Unified School District, California",0.4049
2019,06,school district (unified),29610,"Palo Alto Unified School District, California",0.5310
2019,06,school district (unified),29640,"Palo Verde Unified School District, California",0.4968
2019,06,school district (unified),29700,"Palos Verdes Peninsula Unified School District, California",0.4926
2019,06,school district (unified),29820,"Paradise Unified School District, California",0.4563
2019,06,school district (unified),29850,"Paramount Unified School District, California",0.3936
2019,06,school district (unified),29910,"Parlier Unified School District, California",0.4222
2019,06,school district (unified),29940,"Pasadena Unified School District, California",0.5009
2019,06,school district (unified),30030,"Patterson Joint Unified School District, California",0.3898
2019,06,school district (unified),30330,"Piedmont City Unified School District, California",0.4293
2019,06,school district (unified),30360,"Pierce Joint Unified School District, California",0.4981
2019,06,school district (unified),30600,"Pittsburg Unified School District, California",0.4322
2019,06,school district (unified),30660,"Placentia-Yorba Linda Unified School District, California",0.4369
2019,06,school district (unified),31170,"Plumas Unified School District, California",0.4595
2019,06,school district (unified),31320,"Pomona Unified School District, California",0.4215
2019,06,school district (unified),31400,"Potter Valley Community Unified School District, California",0.4028
2019,06,school district (unified),31530,"Poway Unified School District, California",0.4249
2019,06,school district (unified),31620,"Princeton Joint Unified School District, California",0.5460
2019,06,school district (unified),00013,"Rocklin Unified School District, California",0.3980
2019,06,school district (unified),99999,"Remainder of California, California",0.4877
2019,06,school district (unified),25230,"Mojave Unified School District, California",0.4781
2019,06,school district (unified),24500,"Milpitas Unified School District, California",0.4026
2019,06,school district (unified),24750,"Middletown Unified School District, California",0.4015
2019,06,school district (unified),25190,"Modoc Joint Unified School District, California",0.3749
2019,06,school district (unified),25320,"Monrovia Unified School District, California",0.4402
2019,06,school district (unified),25470,"Montebello Unified School District, California",0.4317
2019,06,school district (unified),25530,"Monterey Peninsula Unified School District, California",0.4572
2019,06,school district (unified),25690,"Moorpark Unified School District, California",0.4114
2019,06,school district (unified),25800,"Moreno Valley Unified School District, California",0.3934
2019,06,school district (unified),25830,"Morgan Hill Unified School District, California",0.4332
2019,06,school district (unified),25860,"Morongo Unified School District, California",0.4669
2019,06,school district (unified),26100,"Mountain Empire Unified School District, California",0.4417
2019,06,school district (unified),26370,"Mount Diablo Unified School District, California",0.4351
2019,06,school district (unified),26490,"Muroc Joint Unified School District, California",0.4472
2019,06,school district (unified),26640,"Napa Valley Unified School District, California",0.4482
2019,06,school district (unified),26760,"Needles Unified School District, California",0.4777
2019,06,school district (unified),26910,"New Haven Unified School District, California",0.3757
2019,06,school district (unified),09620,"Compton Unified School District, California",0.4186
2019,06,school district (unified),09640,"Conejo Valley Unified School District, California",0.4495
2019,06,school district (unified),09665,"Leggett Valley Unified School District, California",0.5388
2019,06,school district (unified),09690,"Corcoran Joint Unified School District, California",0.4355
2019,06,school district (unified),09850,"Corona-Norco Unified School District, California",0.4164
2019,06,school district (unified),09870,"Coronado Unified School District, California",0.4874
2019,06,school district (unified),09940,"Cotati-Rohnert Park Unified School District, California",0.4132
2019,06,school district (unified),10050,"Covina-Valley Unified School District, California",0.4152
2019,06,school district (unified),10260,"Culver City Unified School District, California",0.4692
2019,06,school district (elementary),27180,"Newhall Elementary School District, California",0.4383
2019,06,school district (elementary),27300,"Nicasio Elementary School District, California",0.5619
2019,06,school district (elementary),27450,"Norris Elementary School District, California",0.3306
2019,06,school district (elementary),27480,"North County Joint Union Elementary School District, California",0.4724
2019,06,school district (elementary),27510,"North Cow Creek Elementary School District, California",0.5163
2019,06,school district (elementary),27750,"Nuestro Elementary School District, California",0.4961
2019,06,school district (elementary),27780,"Nuview Union Elementary School District, California",0.4492
2019,06,school district (elementary),27810,"Oak Grove Elementary School District, California",0.4034
2019,06,school district (elementary),27840,"Oak Grove Union Elementary School District, California",0.4905
2019,06,school district (elementary),42150,"Westminster School District, California",0.4900
2019,06,school district (elementary),39870,"Tulare City Elementary School District, California",0.4342
2019,06,school district (elementary),40230,"Twin Hills Union Elementary School District, California",0.4258
2019,06,school district (elementary),08250,"Chatom Union Elementary School District, California",0.4493
2019,06,school district (elementary),40260,"Two Rock Union Elementary School District, California",0.4329
2019,06,school district (elementary),40320,"Union Elementary School District, California",0.4200
2019,06,school district (elementary),40380,"Union Hill Elementary School District, California",0.4151
2019,06,school district (elementary),06360,"Buena Park Elementary School District, California",0.4093
2019,06,school district (elementary),06420,"Buena Vista Elementary School District, California",0.5035
2019,06,school district (elementary),06480,"Burlingame Elementary School District, California",0.4677
2019,06,school district (elementary),20460,"Pacifica School District, California",0.3877
2019,06,school district (elementary),31180,"Plumas Lake Elementary School District, California",0.3206
2019,06,school district (elementary),42900,"Winship Robbins Elementary School District, California",0.3730
2019,06,school district (elementary),27870,"Oak Run Elementary School District, California",0.4700
2019,06,school district (elementary),27900,"Oak Valley Union Elementary School District, California",0.4579
2019,06,school district (elementary),27930,"Oak View Union Elementary School District, California",0.4833
2019,06,school district (elementary),28080,"Oakley Union Elementary School District, California",0.3657
2019,06,school district (elementary),28140,"Ocean View Elementary School District (Orange County), California",0.4374
2019,06,school district (elementary),28170,"Ocean View Elementary School District (Ventura County), California",0.3988
2019,06,school district (elementary),28320,"Old Adobe Union Elementary School District, California",0.3926
2019,06,school district (elementary),28530,"Orange Center Elementary School District, California",0.5181
2019,06,school district (elementary),28680,"Orchard Elementary School District, California",0.3992
2019,06,school district (elementary),28710,"Orcutt Union Elementary School District, California",0.4050
2019,06,school district (elementary),28830,"Orick Elementary School District, California",0.4546
2019,06,school district (elementary),28860,"Orinda Union Elementary School District, California",0.4466
2019,06,school district (elementary),28950,"Oro Grande Elementary School District, California",0.5909
2019,06,school district (elementary),20610,"Lake Elementary School District, California",0.4480
2019,06,school district (elementary),26190,"Mountain View Elementary School District (Los Angeles County), California",0.4000
2019,06,school district (elementary),26220,"Mountain View Elementary School District (San Bernardino County), California",0.3447
2019,06,school district (elementary),26280,"Mountain View Whisman Elementary School District, California",0.4756
2019,06,school district (elementary),26340,"Mount Baldy Joint Elementary School District, California",0.3987
2019,06,school district (elementary),26400,"Mount Pleasant Elementary School District, California",0.3822
2019,06,school district (elementary),26430,"Mulberry Elementary School District, California",0.4580
2019,06,school district (elementary),26460,"Mupu Elementary School District, California",0.3983
2019,06,school district (elementary),26670,"National Elementary School District, California",0.4548
2019,06,school district (elementary),26820,"Nevada City Elementary School District, California",0.4871
2019,06,school district (elementary),26970,"New Hope Elementary School District, California",0.5023
2019,06,school district (elementary),27030,"New Jerusalem Elementary School District, California",0.4688
2019,06,school district (elementary),27040,"Mountain Union Elementary School District, California",0.5107
2019,06,school district (elementary),27120,"Newcastle Elementary School District, California",0.4716
2019,06,school district (elementary),01890,"Alexander Valley Union School District, California",0.4594
2019,06,school district (elementary),42960,"Winton School District, California",0.3843
2019,06,school district (elementary),03270,"Arvin Union School District, California",0.3835
2019,06,school district (elementary),03630,"Bakersfield City School District, California",0.4756
2019,06,school district (elementary),04380,"Bellevue Union School District, California",0.3814
2019,06,school district (elementary),06390,"Panama-Buena Vista School District, California",0.4528
2019,06,school district (elementary),33510,"Roseland School District, California",0.4301
2019,06,school district (elementary),35880,"Santee School District, California",0.3742
2019,06,school district (elementary),07740,"Castaic Union School District, California",0.3606
2019,06,school district (elementary),12090,"El Monte City School District, California",0.4453
2019,06,school district (elementary),37350,"South Bay Union Elementary School District, California",0.3964
2019,06,school district (elementary),37380,"South Bay Union School District, California",0.4115
2019,06,school district (elementary),37470,"South Fork Union School District, California",0.4743
2019,06,school district (elementary),30990,"Pleasant Valley Elementary School District, California",0.4450
2019,06,school district (elementary),38700,"Taft City School District, California",0.4761
2019,06,school district (elementary),39180,"Thermalito Union School District, California",0.4358
2019,06,school district (elementary),40200,"Twain Harte School District, California",0.4655
2019,06,school district (elementary),16050,"Greenfield Union School District, California",0.4060
2019,06,school district (elementary),16080,"Greenfield Union Elementary School District, California",0.3509
2019,06,school district (elementary),28470,"Ontario-Montclair School District, California",0.3989
2019,06,school district (elementary),16620,"Harmony Union School District, California",0.5522
2019,06,school district (elementary),17160,"Hickman Community Charter School District, California",0.4247
2019,06,school district (elementary),20730,"Lakeside Union School District, California",0.3291
2019,06,school district (elementary),21450,"Richland Union School District, California",0.4387
2019,06,school district (elementary),15840,"Gravenstein Union Elementary School District, California",0.3641
2019,06,school district (elementary),15870,"Graves Elementary School District, California",0.3743
2019,06,school district (elementary),15990,"Green Point Elementary School District, California",0.4457
2019,06,school district (elementary),16110,"Grenada Elementary School District, California",0.4576
2019,06,school district (elementary),16260,"Guadalupe Union Elementary School District, California",0.3878
2019,06,school district (elementary),16300,"Cucamonga Elementary School District, California",0.3775
2019,06,school district (elementary),16320,"Guerneville Elementary School District, California",0.4821
2019,06,school district (elementary),20790,"Lakeside Union Elementary School District (San Diego County), California",0.4107
2019,06,school district (elementary),20850,"Lamont Elementary School District, California",0.3674
2019,06,school district (elementary),20880,"Lancaster Elementary School District, California",0.4718
2019,06,school district (elementary),20910,"Larkspur Elementary School District, California",0.4940
2019,06,school district (elementary),21090,"Lassen View Union Elementary School District, California",0.4534
2019,06,school district (elementary),21180,"Latrobe Elementary School District, California",0.3816
2019,06,school district (elementary),21210,"Lawndale Elementary School District, California",0.3894
2019,06,school district (elementary),22350,"Loma Prieta Joint Union Elementary School District, California",0.4705
2019,06,school district (elementary),22380,"Las Lomitas Elementary School District, California",0.5530
2019,06,school district (elementary),17520,"Hope Elementary School District (Tulare County), California",0.3915
2019,06,school district (elementary),17580,"Horicon Elementary School District, California",0.4112
2019,06,school district (elementary),17620,"Hornbrook Elementary School District, California",0.3758
2019,06,school district (elementary),17640,"Hot Springs Elementary School District, California",0.6436
2019,06,school district (elementary),39600,"Traver Joint Elementary School District, California",0.4080
2019,06,school district (elementary),39690,"Tres Pinos Union Elementary School District, California",0.4399
2019,06,school district (elementary),39720,"Trinidad Union Elementary School District, California",0.4795
2019,06,school district (elementary),39750,"Trinity Center Elementary School District, California",0.3661
2019,06,school district (elementary),10980,"Delphic Elementary School District, California",0.3881
2019,06,school district (elementary),11130,"Di Giorgio Elementary School District, California",0.4148
2019,06,school district (elementary),11220,"Dixie Elementary School District, California",0.4637
2019,06,school district (elementary),11430,"Douglas City Elementary School District, California",0.4738
2019,06,school district (elementary),20430,"Laguna Joint Elementary School District, California",0.4840
2019,06,school district (elementary),20490,"Lagunita Elementary School District, California",0.5543
2019,06,school district (elementary),20520,"Lagunitas Elementary School District, California",0.4538
2019,06,school district (elementary),30840,"Planada Elementary School District, California",0.3790
2019,06,school district (elementary),30870,"Plaza Elementary School District, California",0.5348
2019,06,school district (elementary),30900,"Pleasant Grove Joint Union Elementary School District, California",0.4286
2019,06,school district (elementary),30930,"Pleasant Ridge Union Elementary School District, California",0.4344
2019,06,school district (elementary),31020,"Pleasant Valley Joint Union Elementary School District, California",0.4192
2019,06,school district (elementary),07980,"Central Union Elementary School District, California",0.3467
2019,06,school district (elementary),08070,"Centralia Elementary School District, California",0.4362
2019,06,school district (elementary),08340,"Chicago Park Elementary School District, California",0.3937
2019,06,school district (elementary),08520,"Chowchilla Elementary School District, California",0.4537
2019,06,school district (elementary),08580,"Chualar Union Elementary School District, California",0.3941
2019,06,school district (elementary),08610,"Chula Vista Elementary School District, California",0.4181
2019,06,school district (elementary),08640,"Cienega Union Elementary School District, California",0.4065
2019,06,school district (elementary),08700,"Cinnabar Elementary School District, California",0.5599
2019,06,school district (elementary),08850,"Clay Joint Elementary School District, California",0.5058
2019,06,school district (elementary),08880,"Clear Creek Elementary School District, California",0.4687
2019,06,school district (elementary),09240,"Coffee Creek Elementary School District, California",0.3196
2019,06,school district (elementary),09270,"Cold Spring Elementary School District, California",0.5065
2019,06,school district (elementary),09300,"Colfax Elementary School District, California",0.4959
2019,06,school district (elementary),09330,"College Elementary School District, California",0.4811
2019,06,school district (elementary),09450,"Columbia Elementary School District, California",0.4303
2019,06,school district (elementary),09480,"Columbia Union Elementary School District, California",0.4925
2019,06,school district (elementary),09510,"Columbine Elementary School District, California",0.4791
2019,06,school district (elementary),09780,"Corning Union Elementary School District, California",0.4417
2019,06,school district (elementary),09990,"Cottonwood Union Elementary School District, California",0.4628
2019,06,school district (elementary),40650,"Valle Lindo Elementary School District, California",0.4046
2019,06,school district (elementary),40680,"Vallecito Union Elementary School District, California",0.5023
2019,06,school district (elementary),40710,"Vallecitos Elementary School District, California",0.4229
2019,06,school district (elementary),40800,"Valley Home Joint Elementary School District, California",0.4587
2019,06,school district (elementary),41040,"Victor Elementary School District, California",0.4470
2019,06,school district (elementary),41130,"Vineland Elementary School District, California",0.5340
2019,06,school district (elementary),41220,"Vista del Mar Union Elementary School District, California",0.5185
2019,06,school district (elementary),41250,"Walnut Creek Elementary School District, California",0.4668
2019,06,school district (elementary),41400,"Wasco Union Elementary School District, California",0.4068
2019,06,school district (elementary),41460,"Washington Colony Elementary School District, California",0.4455
2019,06,school district (elementary),41610,"Washington Union Elementary School District, California",0.4653
2019,06,school district (elementary),41790,"Waugh Elementary School District, California",0.4101
2019,06,school district (elementary),41820,"Waukena Joint Union Elementary School District, California",0.3946
2019,06,school district (elementary),41880,"Weaver Union Elementary School District, California",0.5028
2019,06,school district (elementary),41980,"Weed Union Elementary School District, California",0.6797
2019,06,school district (elementary),42060,"West Park Elementary School District, California",0.3998
2019,06,school district (elementary),42120,"Westside Union Elementary School District, California",0.4004
2019,06,school district (elementary),42180,"Westmorland Union Elementary School District, California",0.4759
2019,06,school district (elementary),22560,"Loomis Union Elementary School District, California",0.4861
2019,06,school district (elementary),22650,"Los Altos Elementary School District, California",0.4960
2019,06,school district (elementary),22830,"Los Gatos Union Elementary School District, California",0.4833
2019,06,school district (elementary),22890,"Los Nietos Elementary School District, California",0.3912
2019,06,school district (elementary),22920,"Los Olivos Elementary School District, California",0.4625
2019,06,school district (elementary),22950,"Lost Hills Union Elementary School District, California",0.4013
2019,06,school district (elementary),23010,"Lowell Joint Elementary School District, California",0.4411
2019,06,school district (elementary),17760,"Howell Mountain Elementary School District, California",0.4603
2019,06,school district (elementary),17850,"Hueneme Elementary School District, California",0.3975
2019,06,school district (elementary),17880,"Hughes-Elizabeth Lakes Union Elementary School District, California",0.3772
2019,06,school district (elementary),18030,"Huntington Beach City Elementary School District, California",0.4651
2019,06,school district (elementary),18120,"Hydesville Elementary School District, California",0.4467
2019,06,school district (elementary),18160,"Igo, Ono, Platina Union Elementary School District; California",0.4611
2019,06,school district (elementary),18240,"Indian Diggings Elementary School District, California",0.5746
2019,06,school district (elementary),18270,"Indian Springs Elementary School District, California",0.5497
2019,06,school district (elementary),18510,"Island Union Elementary School District, California",0.4656
2019,06,school district (elementary),18660,"Jacoby Creek Elementary School District, California",0.4556
2019,06,school district (elementary),18690,"Jamestown Elementary School District, California",0.5277
2019,06,school district (elementary),18730,"Jamul-Dulzura Union Elementary School District, California",0.4141
2019,06,school district (elementary),18780,"Janesville Union Elementary School District, California",0.3591
2019,06,school district (elementary),18810,"Jefferson Elementary School District (San Benito County), California",0.3535
2019,06,school district (elementary),18840,"Jefferson Elementary School District (San Joaquin County), California",0.4172
2019,06,school district (elementary),18870,"Jefferson Elementary School District (San Mateo County), California",0.4177
2019,06,school district (elementary),19050,"Johnstonville Elementary School District, California",0.3571
2019,06,school district (elementary),19140,"Julian Union Elementary School District, California",0.4694
2019,06,school district (elementary),19170,"Junction City Elementary School District, California",0.3806
2019,06,school district (elementary),19200,"Junction Elementary School District (Shasta County), California",0.3859
2019,06,school district (elementary),19230,"Junction Elementary School District (Siskiyou County), California",0.3786
2019,06,school district (elementary),10230,"Cuddeback Union Elementary School District, California",0.4626
2019,06,school district (elementary),35970,"Saugus Union Elementary School District, California",0.3858
2019,06,school district (elementary),36000,"Sausalito Elementary School District, California",0.5559
2019,06,school district (elementary),36030,"Savanna Elementary School District, California",0.4221
2019,06,school district (elementary),36100,"Scotia Union Elementary School District, California",0.5368
2019,06,school district (elementary),36180,"Sebastopol Union Elementary School District, California",0.4459
2019,06,school district (elementary),36210,"Seeley Union Elementary School District, California",0.4644
2019,06,school district (elementary),36240,"Seiad Elementary School District, California",0.4011
2019,06,school district (elementary),36330,"Semitropic Elementary School District, California",0.4115
2019,06,school district (elementary),03780,"Bangor Union Elementary School District, California",0.5294
2019,06,school district (elementary),38670,"Sylvan Union Elementary School District, California",0.4124
2019,06,school district (elementary),39060,"Terra Bella Union Elementary School District, California",0.5626
2019,06,school district (elementary),39210,"Three Rivers Union Elementary School District, California",0.3759
2019,06,school district (elementary),39300,"Tipton Elementary School District, California",0.4236
2019,06,school district (elementary),42210,"Westside Elementary School District, California",0.2667
2019,06,school district (elementary),42270,"West Side Union Elementary School District, California",0.5592
2019,06,school district (elementary),42330,"Wheatland Elementary School District, California",0.3968
2019,06,school district (elementary),42420,"Whitmore Union Elementary School District, California",0.4495
2019,06,school district (elementary),42450,"Whittier City Elementary School District, California",0.4186
2019,06,school district (elementary),42600,"Willow Creek Elementary School District, California",0.4028
2019,06,school district (elementary),42630,"Willow Grove Union Elementary School District, California",0.5522
2019,06,school district (elementary),42750,"Wilmar Union Elementary School District, California",0.5205
2019,06,school district (elementary),42810,"Wilsona Elementary School District, California",0.4752
2019,06,school district (elementary),43200,"Wright Elementary School District, California",0.3727
2019,06,school district (elementary),43140,"Woodside Elementary School District, California",0.5084
2019,06,school district (elementary),43170,"Woodville Elementary School District, California",0.4060
2019,06,school district (elementary),43380,"Yreka Union Elementary School District, California",0.4352
2019,06,school district (elementary),99999,"Remainder of California, California",0.4888
2019,06,school district (elementary),25410,"Monte Rio Union Elementary School District, California",0.5110
2019,06,school district (elementary),00006,"Ross Valley Elementary School District, California",0.4761
2019,06,school district (elementary),00012,"Twin Ridges Elementary School District, California",0.4727
2019,06,school district (elementary),01680,"Ackerman Elementary School District, California",0.4288
2019,06,school district (elementary),01710,"Adelanto Elementary School District, California",0.4043
2019,06,school district (elementary),01950,"Alisal Union Elementary School District, California",0.3907
2019,06,school district (elementary),01980,"Allensworth Elementary School District, California",0.4212
2019,06,school district (elementary),02100,"Alpine Union Elementary School District, California",0.4487
2019,06,school district (elementary),02160,"Alta Loma Elementary School District, California",0.4034
2019,06,school district (elementary),02220,"Alta Vista Elementary School District, California",0.4505
2019,06,school district (elementary),02250,"Alta-Dutch Flat Union Elementary School District, California",0.4240
2019,06,school district (elementary),05790,"Brawley Elementary School District, California",0.4720
2019,06,school district (elementary),05910,"Brentwood Union Elementary School District, California",0.3953
2019,06,school district (elementary),06000,"Bridgeville Elementary School District, California",0.5295
2019,06,school district (elementary),06030,"Briggs Elementary School District, California",0.4089
2019,06,school district (elementary),06060,"Brisbane Elementary School District, California",0.4141
2019,06,school district (elementary),06090,"Brittan Elementary School District, California",0.3659
2019,06,school district (elementary),06100,"Browns Elementary School District, California",0.4162
2019,06,school district (elementary),32400,"Richfield Elementary School District, California",0.4274
2019,06,school district (elementary),32250,"Reeds Creek Elementary School District, California",0.4505
2019,06,school district (elementary),32310,"Rescue Union Elementary School District, California",0.4319
2019,06,school district (elementary),32340,"Kashia Elementary School District, California",0.1922
2019,06,school district (elementary),32430,"Richgrove Elementary School District, California",0.4797
2019,06,school district (elementary),32520,"Richmond Elementary School District, California",0.4277
2019,06,school district (elementary),32640,"Rincon Valley Union Elementary School District, California",0.4622
2019,06,school district (elementary),32710,"Rio Bravo-Greeley Union Elementary School District, California",0.4414
2019,06,school district (elementary),32730,"Rio Dell Elementary School District, California",0.4564
2019,06,school district (elementary),32760,"Rio Elementary School District, California",0.3672
2019,06,school district (elementary),33210,"Roberts Ferry Union Elementary School District, California",0.5210
2019,06,school district (elementary),33240,"Robla Elementary School District, California",0.3918
2019,06,school district (elementary),33270,"Rockford Elementary School District, California",0.4366
2019,06,school district (elementary),33390,"Romoland Elementary School District, California",0.4158
2019,06,school district (elementary),33480,"Rosedale Union Elementary School District, California",0.4000
2019,06,school district (elementary),33570,"Rosemead Elementary School District, California",0.4120
2019,06,school district (elementary),33600,"Roseville City Elementary School District, California",0.4222
2019,06,school district (elementary),14040,"Forks of Salmon Elementary School District, California",0.4249
2019,06,school district (elementary),14130,"Fort Ross Elementary School District, California",0.4295
2019,06,school district (elementary),19380,"Kentfield Elementary School District, California",0.5466
2019,06,school district (elementary),19410,"Kenwood Elementary School District, California",0.4088
2019,06,school district (elementary),19440,"Keppel Union Elementary School District, California",0.4455
2019,06,school district (elementary),19590,"Kernville Union Elementary School District, California",0.4583
2019,06,school district (elementary),19620,"Keyes Union Elementary School District, California",0.4296
2019,06,school district (elementary),19680,"King City Union Elementary School District, California",0.3919
2019,06,school district (elementary),19740,"Kings River Union Elementary School District, California",0.5884
2019,06,school district (elementary),19770,"Kings River-Hardwick Union Elementary School District, California",0.3679
2019,06,school district (elementary),19860,"Kirkwood Elementary School District, California",0.7124
2019,06,school district (elementary),19890,"Kit Carson Union Elementary School District, California",0.3985
2019,06,school district (elementary),19920,"Klamath River Union Elementary School District, California",0.5164
2019,06,school district (elementary),19980,"Kneeland Elementary School District, California",0.3500
2019,06,school district (elementary),20010,"Knights Ferry Elementary School District, California",0.5546
2019,06,school district (elementary),24780,"Midway Elementary School District, California",0.4016
2019,06,school district (elementary),24870,"Mill Valley Elementary School District, California",0.5132
2019,06,school district (elementary),24900,"Millbrae Elementary School District, California",0.4438
2019,06,school district (elementary),24930,"Millville Elementary School District, California",0.4679
2019,06,school district (elementary),25110,"Mission Union Elementary School District, California",0.4682
2019,06,school district (elementary),16650,"Hart-Ransom Union Elementary School District, California",0.4260
2019,06,school district (elementary),16470,"Hanford Elementary School District, California",0.4105
2019,06,school district (elementary),16530,"Happy Camp Union Elementary School District, California",0.5506
2019,06,school district (elementary),16560,"Happy Valley Elementary School District, California",0.4493
2019,06,school district (elementary),16570,"Happy Valley Union Elementary School District, California",0.3806
2019,06,school district (elementary),16680,"Hawthorne Elementary School District, California",0.4279
2019,06,school district (elementary),16830,"Heber Elementary School District, California",0.4330
2019,06,school district (elementary),16860,"Helendale Elementary School District, California",0.3252
2019,06,school district (elementary),17040,"Hermosa Beach City Elementary School District, California",0.4794
2019,06,school district (elementary),17190,"Hillsborough City Elementary School District, California",0.5127
2019,06,school district (elementary),17340,"Hollister School District, California",0.3856
2019,06,school district (elementary),17490,"Hope Elementary School District (Santa Barbara County), California",0.5189
2019,06,school district (elementary),07950,"Central Elementary School District, California",0.4001
2019,06,school district (elementary),23550,"Manchester Union Elementary School District, California",0.4700
2019,06,school district (elementary),23700,"Manzanita Elementary School District, California",0.3705
2019,06,school district (elementary),23730,"Maple Creek Elementary School District, California",0.4525
2019,06,school district (elementary),23760,"Maple Elementary School District, California",0.4021
2019,06,school district (elementary),23800,"Marcum-Illinois Union Elementary School District, California",0.4730
2019,06,school district (elementary),23970,"Mark Twain Union Elementary School District, California",0.4328
2019,06,school district (elementary),24000,"Mark West Union Elementary School District, California",0.4560
2019,06,school district (elementary),24180,"McCabe Union Elementary School District, California",0.3448
2019,06,school district (elementary),24210,"McCloud Union Elementary School District, California",0.4791
2019,06,school district (elementary),24300,"McKinleyville Union Elementary School District, California",0.4514
2019,06,school district (elementary),24330,"McKittrick Elementary School District, California",0.4514
2019,06,school district (elementary),24360,"McSwain Union Elementary School District, California",0.4858
2019,06,school district (elementary),24390,"Meadows Union Elementary School District, California",0.4390
2019,06,school district (elementary),24570,"Menlo Park City Elementary School District, California",0.5215
2019,06,school district (elementary),24600,"Merced City Elementary School District, California",0.4850
2019,06,school district (elementary),24630,"Merced River Union Elementary School District, California",0.4947
2019,06,school district (elementary),24690,"Meridian Elementary School District, California",0.4394
2019,06,school district (elementary),24720,"Mesa Union Elementary School District, California",0.4771
2019,06,school district (elementary),31680,"Raisin City Elementary School District, California",0.4179
2019,06,school district (elementary),31740,"Rancho Santa Fe Elementary School District, California",0.5332
2019,06,school district (elementary),31830,"Ravendale-Termo Elementary School District, California",0.2873
2019,06,school district (elementary),31860,"Ravenswood City Elementary School District, California",0.4871
2019,06,school district (elementary),31920,"Raymond-Knowles Union Elementary School District, California",0.4289
2019,06,school district (elementary),31980,"Red Bluff Union Elementary School District, California",0.4779
2019,06,school district (elementary),32040,"Redding Elementary School District, California",0.4676
2019,06,school district (elementary),32130,"Redwood City Elementary School District, California",0.5046
2019,06,school district (elementary),32160,"Reed Union Elementary School District, California",0.5578
2019,06,school district (elementary),25130,"Modesto City Elementary School District, California",0.4476
2019,06,school district (elementary),25290,"Monroe Elementary School District, California",0.5329
2019,06,school district (elementary),25350,"Monson-Sultana Joint Union Elementary School District, California",0.3947
2019,06,school district (elementary),25380,"Montague Elementary School District, California",0.3853
2019,06,school district (elementary),04860,"Big Creek Elementary School District, California",0.4396
2019,06,school district (elementary),04650,"Bennett Valley Union Elementary School District, California",0.4419
2019,06,school district (elementary),04800,"Berryessa Union Elementary School District, California",0.4064
2019,06,school district (elementary),04890,"Big Lagoon Union Elementary School District, California",0.5656
2019,06,school district (elementary),04980,"Big Springs Union Elementary School District, California",0.4020
2019,06,school district (elementary),05190,"Bitterwater-Tully Union Elementary School District, California",0.4352
2019,06,school district (elementary),05220,"Black Butte Union Elementary School District, California",0.4311
2019,06,school district (elementary),05250,"Blake Elementary School District, California",0.4341
2019,06,school district (elementary),05280,"Blochman Union Elementary School District, California",0.4053
2019,06,school district (elementary),05400,"Blue Lake Union Elementary School District, California",0.4531
2019,06,school district (elementary),05490,"Bogus Elementary School District, California",0.4585
2019,06,school district (elementary),05520,"Bolinas-Stinson Union Elementary School District, California",0.5018
2019,06,school district (elementary),05580,"Santa Maria-Bonita Elementary School District, California",0.3840
2019,06,school district (elementary),05640,"Bonny Doon Union Elementary School District, California",0.4366
2019,06,school district (elementary),05730,"Bradley Union Elementary School District, California",0.3635
2019,06,school district (elementary),20700,"Lakeside Joint Elementary School District, California",0.4214
2019,06,school district (elementary),11760,"Earlimart Elementary School District, California",0.4959
2019,06,school district (elementary),11490,"Dry Creek Joint Elementary School District, California",0.4123
2019,06,school district (elementary),11550,"Ducor Union Elementary School District, California",0.4926
2019,06,school district (elementary),11610,"Dunham Elementary School District, California",0.4096
2019,06,school district (elementary),11670,"Dunsmuir Elementary School District, California",0.3897
2019,06,school district (elementary),11850,"East Whittier City Elementary School District, California",0.3962
2019,06,school district (elementary),11910,"Eastside Union Elementary School District, California",0.4727
2019,06,school district (elementary),11940,"Edison Elementary School District, California",0.4815
2019,06,school district (elementary),12030,"El Centro Elementary School District, California",0.4819
2019,06,school district (elementary),21960,"Little Shasta Elementary School District, California",0.4655
2019,06,school district (elementary),21990,"Live Oak Elementary School District, California",0.4905
2019,06,school district (elementary),22320,"Loleta Union Elementary School District, California",0.5449
2019,06,school district (elementary),21240,"Le Grand Union Elementary School District, California",0.4827
2019,06,school district (elementary),21330,"Lemon Grove Elementary School District, California",0.3915
2019,06,school district (elementary),21360,"Lemoore Union Elementary School District, California",0.4002
2019,06,school district (elementary),21420,"Lennox Elementary School District, California",0.4012
2019,06,school district (elementary),21480,"Lewiston Elementary School District, California",0.4523
2019,06,school district (elementary),21540,"Liberty Elementary School District (Sonoma County), California",0.4945
2019,06,school district (elementary),21570,"Liberty Elementary School District (Tulare County), California",0.4628
2019,06,school district (elementary),21660,"Lincoln Elementary School District, California",0.4935
2019,06,school district (elementary),21900,"Linns Valley-Poso Flat Union School District, California",0.5176
2019,06,school district (elementary),21930,"Little Lake City Elementary School District, California",0.3996
2019,06,school district (elementary),30450,"Piner-Olivet Union Elementary School District, California",0.4088
2019,06,school district (elementary),30630,"Pixley Union Elementary School District, California",0.4487
2019,06,school district (elementary),30480,"Pioneer Union Elementary School District (El Dorado County), California",0.4236
2019,06,school district (elementary),30510,"Pioneer Union Elementary School District (Kings County), California",0.4414
2019,06,school district (elementary),30520,"Pioneer Union Elementary School District (Butte County), California",0.4702
2019,06,school district (elementary),30720,"Placer Hills Union Elementary School District, California",0.4228
2019,06,school district (elementary),30780,"Placerville Union Elementary School District, California",0.4245
2019,06,school district (elementary),30810,"Plainsburg Union Elementary School District, California",0.6269
2019,06,school district (elementary),19800,"Kingsburg Elementary Charter School District, California",0.4806
2019,06,school district (elementary),20040,"Knightsen Elementary School District, California",0.3817
2019,06,school district (elementary),20190,"La Habra City Elementary School District, California",0.4073
2019,06,school district (elementary),20250,"La Mesa-Spring Valley School District, California",0.4285
2019,06,school district (elementary),20310,"Lafayette Elementary School District, California",0.4723
2019,06,school district (elementary),35590,"Santa Cruz City Elementary School District, California",0.5127
2019,06,school district (elementary),35220,"San Ysidro Elementary School District, California",0.4293
2019,06,school district (elementary),35490,"Santa Clara Elementary School District, California",0.4901
2019,06,school district (elementary),35790,"Santa Rita Union Elementary School District, California",0.4247
2019,06,school district (elementary),35810,"Santa Rosa Elementary School District, California",0.4294
2019,06,school district (elementary),35910,"Saratoga Union Elementary School District, California",0.5031
2019,06,school district (elementary),35940,"Saucelito Elementary School District, California",0.4135
2019,06,school district (elementary),03870,"Banta Elementary School District, California",0.4302
2019,06,school district (elementary),04200,"Bayshore Elementary School District, California",0.4055
2019,06,school district (elementary),04260,"Beardsley Elementary School District, California",0.5021
2019,06,school district (elementary),04350,"Bella Vista Elementary School District, California",0.4162
2019,06,school district (elementary),04500,"Belleview Elementary School District, California",0.4665
2019,06,school district (elementary),04530,"Belmont-Redwood Shores Elementary School District, California",0.4426
2019,06,school district (elementary),04560,"Belridge Elementary School District, California",0.3201
2019,06,school district (elementary),12880,"Escondido Union Elementary School District, California",0.4491
2019,06,school district (elementary),12690,"Empire Union Elementary School District, California",0.3880
2019,06,school district (elementary),12750,"Encinitas Union Elementary School District, California",0.4750
2019,06,school district (elementary),12810,"Enterprise Elementary School District, California",0.4418
2019,06,school district (elementary),12960,"Etiwanda Elementary School District, California",0.3650
2019,06,school district (elementary),13080,"Eureka Union Elementary School District, California",0.4769
2019,06,school district (elementary),13140,"Evergreen Elementary School District, California",0.4315
2019,06,school district (elementary),13170,"Evergreen Union Elementary School District, California",0.4728
2019,06,school district (elementary),13290,"Fairfax Elementary School District, California",0.3954
2019,06,school district (elementary),13500,"Fallbrook Union Elementary School District, California",0.4365
2019,06,school district (elementary),13710,"Feather Falls Union Elementary School District, California",0.4905
2019,06,school district (elementary),13740,"Fieldbrook Elementary School District, California",0.3973
2019,06,school district (elementary),13860,"Flournoy Union Elementary School District, California",0.4001
2019,06,school district (elementary),13980,"Foresthill Union Elementary School District, California",0.3886
2019,06,school district (elementary),14010,"Forestville Union Elementary School District, California",0.4825
2019,06,school district (elementary),36360,"Sequoia Union Elementary School District, California",0.4648
2019,06,school district (elementary),36420,"Shaffer Union Elementary School District, California",0.3997
2019,06,school district (elementary),36570,"Shasta Union Elementary School District, California",0.4484
2019,06,school district (elementary),36660,"Shiloh Elementary School District, California",0.4085
2019,06,school district (elementary),36810,"Silver Fork Elementary School District, California",0.4891
2019,06,school district (elementary),36960,"Snelling-Merced Falls Union Elementary School District, California",0.3609
2019,06,school district (elementary),36990,"Solana Beach Elementary School District, California",0.4709
2019,06,school district (elementary),37110,"Solvang Elementary School District, California",0.4643
2019,06,school district (elementary),37140,"Somis Union Elementary School District, California",0.5710
2019,06,school district (elementary),37230,"Sonora Elementary School District, California",0.5231
2019,06,school district (elementary),37290,"Soquel Elementary School District, California",0.4618
2019,06,school district (elementary),37320,"Soulsbyville Elementary School District, California",0.3483
2019,06,school district (elementary),37560,"South Whittier Elementary School District, California",0.4149
2019,06,school district (elementary),37650,"Southside Elementary School District, California",0.3894
2019,06,school district (elementary),37680,"Spencer Valley Elementary School District, California",0.4857
2019,06,school district (elementary),37710,"Spreckels Union Elementary School District, California",0.3592
2019,06,school district (elementary),23040,"Lucerne Elementary School District, California",0.5398
2019,06,school district (elementary),23130,"Luther Burbank Elementary School District, California",0.4391
2019,06,school district (elementary),23430,"Magnolia Elementary School District, California",0.4507
2019,06,school district (elementary),23460,"Magnolia Union Elementary School District, California",0.4169
2019,06,school district (elementary),25740,"Moraga Elementary School District, California",0.4715
2019,06,school district (elementary),25500,"Montecito Union Elementary School District, California",0.5678
2019,06,school district (elementary),25650,"Montgomery Elementary School District, California",0.5077
2019,06,school district (elementary),25980,"Mother Lode Union Elementary School District, California",0.4442
2019,06,school district (elementary),26040,"Mount Shasta Union Elementary School District, California",0.5126
2019,06,school district (elementary),26070,"Mountain Elementary School District, California",0.4600
2019,06,school district (elementary),26130,"Mountain House Elementary School District, California",0.5200
2019,06,school district (elementary),14220,"Fountain Valley Elementary School District, California",0.4249
2019,06,school district (elementary),14340,"Franklin Elementary School District, California",0.4468
2019,06,school district (elementary),14370,"Franklin-McKinley Elementary School District, California",0.4365
2019,06,school district (elementary),14490,"French Gulch-Whiskeytown Elementary School District, California",0.3742
2019,06,school district (elementary),14520,"Freshwater Elementary School District, California",0.4652
2019,06,school district (elementary),14700,"Fruitvale Elementary School District, California",0.4191
2019,06,school district (elementary),14730,"Fullerton Elementary School District, California",0.4513
2019,06,school district (elementary),14790,"Galt Joint Union Elementary School District, California",0.4078
2019,06,school district (elementary),14910,"Garfield Elementary School District, California",0.4039
2019,06,school district (elementary),14940,"Garvey Elementary School District, California",0.4505
2019,06,school district (elementary),14970,"Gazelle Union Elementary School District, California",0.4419
2019,06,school district (elementary),15000,"General Shafter Elementary School District, California",0.3979
2019,06,school district (elementary),15090,"Gerber Union Elementary School District, California",0.4171
2019,06,school district (elementary),15390,"Gold Oak Union Elementary School District, California",0.3911
2019,06,school district (elementary),15450,"Gold Trail Union Elementary School District, California",0.4159
2019,06,school district (elementary),15480,"Golden Feather Union Elementary School District, California",0.5195
2019,06,school district (elementary),15510,"Goleta Union Elementary School District, California",0.4811
2019,06,school district (elementary),15600,"Gorman Elementary School District, California",0.2972
2019,06,school district (elementary),15690,"Grant Elementary School District, California",0.4718
2019,06,school district (elementary),15780,"Grass Valley Elementary School District, California",0.4855
2019,06,school district (elementary),15810,"Gratton Elementary School District, California",0.4710
2019,06,school district (elementary),01420,"Fortuna Elementary School District, California",0.4632
2019,06,school district (elementary),01427,"Penn Valley Union Elementary School District, California",0.4250
2019,06,school district (elementary),22170,"Livingston Union School District, California",0.3952
2019,06,school district (elementary),24540,"Menifee Union School District, California",0.4091
2019,06,school district (elementary),25770,"Moreland School District, California",0.4632
2019,06,school district (elementary),29100,"Oroville City Elementary School District, California",0.4338
2019,06,school district (elementary),29160,"Outside Creek Elementary School District, California",0.3134
2019,06,school district (elementary),29220,"Oxnard Elementary School District, California",0.4133
2019,06,school district (elementary),29280,"Pacheco Union Elementary School District, California",0.4119
2019,06,school district (elementary),29340,"Pacific Elementary School District, California",0.5230
2019,06,school district (elementary),29400,"Pacific Union Elementary School District (Fresno County), California",0.4941
2019,06,school district (elementary),29430,"Pacific Union Elementary School District (Humboldt County), California",0.4838
2019,06,school district (elementary),29540,"Palermo Union Elementary School District, California",0.4252
2019,06,school district (elementary),29580,"Palmdale Elementary School District, California",0.4208
2019,06,school district (elementary),31050,"Pleasant View Elementary School District, California",0.4945
2019,06,school district (elementary),31290,"Pollock Pines Elementary School District, California",0.3950
2019,06,school district (elementary),31350,"Pond Union Elementary School District, California",0.5172
2019,06,school district (elementary),31380,"Pope Valley Union Elementary School District, California",0.6189
2019,06,school district (elementary),31470,"Portola Valley Elementary School District, California",0.4990
2019,06,school district (elementary),04080,"Bass Lake Joint Union Elementary School District, California",0.4547
2019,06,school district (elementary),20760,"Lakeside Union Elementary School District (Kings County), California",0.3921
2019,06,school district (elementary),35010,"San Miguel Joint Union Elementary School District, California",0.4162
2019,06,school district (elementary),37770,"Springville Union Elementary School District, California",0.5301
2019,06,school district (elementary),37890,"Standard Elementary School District, California",0.4291
2019,06,school district (elementary),37950,"Stanislaus Union Elementary School District, California",0.4938
2019,06,school district (elementary),38040,"Stone Corral Elementary School District, California",0.3876
2019,06,school district (elementary),38130,"Strathmore Union Elementary School District, California",0.5568
2019,06,school district (elementary),38220,"Sulphur Springs Union Elementary School District, California",0.3926
2019,06,school district (elementary),38250,"Summerville Elementary School District, California",0.3854
2019,06,school district (elementary),38340,"Sundale Union Elementary School District, California",0.4210
2019,06,school district (elementary),38430,"Sunnyside Union Elementary School District, California",0.5088
2019,06,school district (elementary),38460,"Sunnyvale Elementary School District, California",0.4414
2019,06,school district (elementary),38550,"Susanville Elementary School District, California",0.4293
2019,06,school district (elementary),02310,"Alum Rock Union Elementary School District, California",0.4366
2019,06,school district (elementary),02360,"Alview-Dairyland Union Elementary School District, California",0.5628
2019,06,school district (elementary),02370,"Alvina Elementary School District, California",0.4859
2019,06,school district (elementary),02610,"Anaheim Elementary School District, California",0.4093
2019,06,school district (elementary),02760,"Antelope Elementary School District, California",0.4093
2019,06,school district (elementary),03000,"Arcata Elementary School District, California",0.5596
2019,06,school district (elementary),03060,"Arcohe Union Elementary School District, California",0.4144
2019,06,school district (elementary),03090,"Arena Union Elementary School District, California",0.3726
2019,06,school district (elementary),03180,"Armona Union Elementary School District, California",0.3743
2019,06,school district (elementary),03420,"Atwater Elementary School District, California",0.4291
2019,06,school district (elementary),03480,"Auburn Union Elementary School District, California",0.4609
2019,06,school district (elementary),03720,"Ballard Elementary School District, California",0.4572
2019,06,school district (elementary),03750,"Ballico-Cressey Elementary School District, California",0.6261
2019,06,school district (elementary),33660,"Ross Elementary School District, California",0.5204
2019,06,school district (elementary),33690,"Round Valley Joint Elementary School District, California",0.4417
2019,06,school district (elementary),33900,"Salida Union Elementary School District, California",0.3798
2019,06,school district (elementary),33930,"Salinas City Elementary School District, California",0.4183
2019,06,school district (elementary),34050,"San Antonio Union Elementary School District, California",0.4483
2019,06,school district (elementary),34080,"San Ardo Union Elementary School District, California",0.4293
2019,06,school district (elementary),34230,"San Bruno Park Elementary School District, California",0.4099
2019,06,school district (elementary),34290,"San Carlos Elementary School District, California",0.4609
2019,06,school district (elementary),34770,"San Lucas Union Elementary School District, California",0.3178
2019,06,school district (elementary),34920,"San Mateo-Foster City Elementary School District, California",0.4498
2019,06,school district (elementary),35040,"San Pasqual Union Elementary School District, California",0.3389
2019,06,school district (elementary),35090,"San Rafael City Elementary School District, California",0.4999
2019,06,school district (elementary),06270,"Buckeye Union Elementary School District, California",0.4430
2019,06,school district (elementary),06330,"Buellton Union Elementary School District, California",0.3964
2019,06,school district (elementary),29670,"Palo Verde Union Elementary School District, California",0.3849
2019,06,school district (elementary),29770,"Panoche Elementary School District, California",0.4527
2019,06,school district (elementary),30390,"Pine Ridge Elementary School District, California",0.3628
2019,06,school district (elementary),29790,"Paradise Elementary School District, California",0.4674
2019,06,school district (elementary),30090,"Peninsula Union Elementary School District, California",0.4219
2019,06,school district (elementary),30180,"Perris Elementary School District, California",0.4291
2019,06,school district (elementary),30230,"Petaluma City Elementary School District, California",0.4560
2019,06,school district (elementary),06510,"Burnt Ranch Elementary School District, California",0.5652
2019,06,school district (elementary),06540,"Burrel Union Elementary School District, California",0.3643
2019,06,school district (elementary),06570,"Burton Elementary School District, California",0.4250
2019,06,school district (elementary),06690,"Butteville Union Elementary School District, California",0.3673
2019,06,school district (elementary),06720,"Buttonwillow Union Elementary School District, California",0.4799
2019,06,school district (elementary),06750,"Byron Union Elementary School District, California",0.4135
2019,06,school district (elementary),06810,"Cajon Valley Union Elementary School District, California",0.4555
2019,06,school district (elementary),06960,"Caliente Union Elementary School District, California",0.5296
2019,06,school district (elementary),07140,"Cambrian Elementary School District, California",0.4347
2019,06,school district (elementary),07170,"Camino Union Elementary School District, California",0.4323
2019,06,school district (elementary),07200,"Campbell Union Elementary School District, California",0.4702
2019,06,school district (elementary),07260,"Camptonville Elementary School District, California",0.3316
2019,06,school district (elementary),07350,"Canyon Elementary School District, California",0.3907
2019,06,school district (elementary),07410,"Capay Joint Union Elementary School District, California",0.4537
2019,06,school district (elementary),07470,"Cardiff Elementary School District, California",0.4878
2019,06,school district (elementary),07680,"Cascade Union Elementary School District, California",0.4654
2019,06,school district (elementary),07770,"Castle Rock Union Elementary School District, California",0.4769
2019,06,school district (elementary),07840,"Cayucos Elementary School District, California",0.4454
2019,06,school district (elementary),12150,"El Nido Elementary School District, California",0.4791
2019,06,school district (elementary),12360,"Elk Hills Elementary School District, California",0.4612
2019,06,school district (elementary),12420,"Elkins Elementary School District, California",0.4138
2019,06,school district (elementary),12600,"Elverta Joint Elementary School District, California",0.4105
2019,06,school district (elementary),10290,"Cupertino Union Elementary School District, California",0.4400
2019,06,school district (elementary),10320,"Curtis Creek Elementary School District, California",0.4869
2019,06,school district (elementary),10380,"Cutten Elementary School District, California",0.4435
2019,06,school district (elementary),10440,"Cypress Elementary School District, California",0.3949
2019,06,school district (elementary),10710,"Dehesa Elementary School District, California",0.3710
2019,06,school district (elementary),10740,"Del Mar Union Elementary School District, California",0.4451
2019,06,school district (elementary),10890,"Delano Union Elementary School District, California",0.4386
2019,06,school district (secondary),21400,"Lemoore Union High School District, California",0.3969
2019,06,school district (secondary),21600,"Liberty Union High School District, California",0.3932
2019,06,school district (secondary),22800,"Los Gatos-Saratoga Joint Union School District, California",0.4903
2019,06,school district (secondary),24660,"Merced Union High School District, California",0.4772
2019,06,school district (secondary),25150,"Modesto City High School District, California",0.4398
2019,06,school district (secondary),26310,"Mountain View-Los Altos Union School District, California",0.5003
2019,06,school district (secondary),26880,"Nevada Joint Union High School District, California",0.4650
2019,06,school district (secondary),29130,"Oroville Union High School District, California",0.4469
2019,06,school district (secondary),29270,"Oxnard Union High School District, California",0.4347
2019,06,school district (secondary),30210,"Perris Union High School District, California",0.4291
2019,06,school district (secondary),06001,"Yosemite Unified School District (9-12), California",0.4531
2019,06,school district (secondary),06003,"Twin Rivers Unified School District (9-12), California",0.4105
2019,06,school district (secondary),06004,"Twin Rivers Unified School District (7-12), California",0.3918
2019,06,school district (secondary),06005,"Scott Valley Unified School District (9-12), California",0.4249
2019,06,school district (secondary),06006,"Trinity Alps Unified School District (9-12), California",0.4616
2019,06,school district (secondary),06013,"Turlock Unified School District (9-12), California",0.4405
2019,06,school district (secondary),06015,"Santa Cruz City High School District (9-12), California",0.4749
2019,06,school district (secondary),06016,"Dinuba Unified School District (9-12), California",0.4061
2019,06,school district (secondary),06021,"Bishop Unified School District (9-12), California",0.4417
2019,06,school district (secondary),06022,"Santa Paula Unified School District (9-12), California",0.4213
2019,06,school district (secondary),06025,"Hamilton Unified School District (9-12), California",0.4248
2019,06,school district (secondary),06026,"Woodlake Unified School District (9-12), California",0.3847
2019,06,school district (secondary),21270,"Le Grand Union High School District, California",0.4528
2019,06,school district (secondary),19540,"Kern High School District, California",0.4701
2019,06,school district (secondary),43410,"Yreka Union High School District, California",0.4310
2019,06,school district (secondary),99999,"Remainder of California, California",0.4890
2019,06,school district (secondary),06028,"Exeter Unified School District (9-12), California",0.4358
2019,06,school district (secondary),06031,"Tracy Unified School District (9-12), California",0.4318
2019,06,school district (secondary),06034,"Perris Union High School District (9-12), California",0.4137
2019,06,school district (secondary),06037,"Alhambra Unified School District (9-12), California",0.4505
2019,06,school district (secondary),06038,"Healdsburg Unified School District (7-12), California",0.5217
2019,06,school district (secondary),06053,"Gonzales Unified School District (9-12), California",0.4098
2019,06,school district (secondary),06107,"Porterville Unified School District (9-12), California",0.4980
2019,06,school district (secondary),19650,"South Monterey County Joint Union High School District, California",0.3803
2019,06,school district (secondary),99001,"Gridley Unified School District (9-12), California",0.3705
2019,06,school district (secondary),99002,"Caruthers Unified School District (9-12), California",0.4955
2019,06,school district (secondary),99003,"Riverdale Joint Unified School District (9-12), California",0.3079
2019,06,school district (secondary),99004,"Sierra Unified School District (9-12), California",0.3850
2019,06,school district (secondary),99005,"Orland Joint Unified School District (9-12), California",0.4883
2019,06,school district (secondary),99006,"Eureka City Unified School District (7-12), California",0.4273
2019,06,school district (secondary),99007,"Eureka City Unified School District (9-12), California",0.3500
2019,06,school district (secondary),99008,"Upper Lake Unified School District (9-12), California",0.5398
2019,06,school district (secondary),02820,"Antelope Valley Union Joint High School District, California",0.4499
2019,06,school district (secondary),06018,"Washington Unified School District (9-12), California",0.4734
2019,06,school district (secondary),06019,"Santa Barbara Unified School District (7-12), California",0.5235
2019,06,school district (secondary),06020,"Lammersville Joint Unified School District (9-12), California",0.5200
2019,06,school district (secondary),01650,"Acalanes Union High School District, California",0.4919
2019,06,school district (secondary),02630,"Anaheim Union High School District, California",0.4246
2019,06,school district (secondary),02670,"West Sonoma County Union High School District, California",0.4766
2019,06,school district (secondary),02700,"Anderson Union High School District, California",0.4482
2019,06,school district (secondary),03030,"Northern Humboldt Union High School District, California",0.4963
2019,06,school district (secondary),05820,"Brawley Union High School District, California",0.4727
2019,06,school district (secondary),05940,"Bret Harte Union High School District, California",0.4681
2019,06,school district (secondary),07230,"Campbell Union High School District, California",0.4568
2019,06,school district (secondary),07920,"Centinela Valley Union High School District, California",0.4153
2019,06,school district (secondary),08010,"Central Union High School District, California",0.4723
2019,06,school district (secondary),08160,"Chaffey Joint Union High School District, California",0.4099
2019,06,school district (secondary),08550,"Chowchilla Union High School District, California",0.4682
2019,06,school district (secondary),09810,"Corning Union High School District, California",0.4648
2019,06,school district (secondary),99009,"Coast Unified School District (9-12), California",0.4454
2019,06,school district (secondary),99010,"Paso Robles Joint Unified School District (9-12), California",0.4197
2019,06,school district (secondary),99011,"Santa Cruz City High School District (6-12), California",0.5127
2019,06,school district (secondary),99012,"Hughson Unified School District (9-12), California",0.4714
2019,06,school district (secondary),99013,"Oakdale Joint Unified School District (9-12), California",0.4869
2019,06,school district (secondary),99014,"Nevada Joint Union High School District (9-12), California",0.3316
2019,06,school district (secondary),30250,"Petaluma Joint Union High School District, California",0.4442
2019,06,school district (secondary),30750,"Placer Union High School District, California",0.4700
2019,06,school district (secondary),31230,"Point Arena Joint Union High School District, California",0.4205
2019,06,school district (secondary),32010,"Red Bluff Joint Union High School District, California",0.4653
2019,06,school district (secondary),33630,"Roseville Joint Union High School District, California",0.4409
2019,06,school district (secondary),33980,"Salinas Union High School District, California",0.4399
2019,06,school district (secondary),34140,"San Benito High School District, California",0.4007
2019,06,school district (secondary),34380,"San Dieguito Union High School District, California",0.4715
2019,06,school district (secondary),34980,"San Mateo Union High School District, California",0.4680
2019,06,school district (secondary),35110,"San Rafael City High School District, California",0.4894
2019,06,school district (secondary),35600,"Santa Cruz City High School District, California",0.4625
2019,06,school district (secondary),35670,"Santa Maria Joint Union High School District, California",0.4029
2019,06,school district (secondary),35830,"Santa Rosa High School District, California",0.4391
2019,06,school district (secondary),35850,"Santa Ynez Valley Union High School District, California",0.4627
2019,06,school district (secondary),36390,"Sequoia Union High School District, California",0.5173
2019,06,school district (secondary),36600,"Shasta Union High School District, California",0.4607
2019,06,school district (secondary),36940,"Siskiyou Union High School District, California",0.5440
2019,06,school district (secondary),36972,"Victor Valley Union High School District, California",0.4297
2019,06,school district (secondary),37260,"Sonora Union High School District, California",0.4910
2019,06,school district (secondary),38280,"Summerville Union High School District, California",0.4461
2019,06,school district (secondary),38610,"Sutter Union High School District, California",0.4175
2019,06,school district (secondary),38640,"Sweetwater Union High School District, California",0.4330
2019,06,school district (secondary),38730,"Taft Union High School District, California",0.4742
2019,06,school district (secondary),38790,"Tamalpais Union High School District, California",0.5327
2019,06,school district (secondary),39930,"Tulare Joint Union High School District, California",0.4406
2019,06,school district (secondary),41430,"Wasco Union High School District, California",0.4097
2019,06,school district (secondary),42350,"Wheatland Union High School District, California",0.3644
2019,06,school district (secondary),42480,"Whittier Union High School District, California",0.4095
2019,06,school district (secondary),42510,"William S. Hart Union High School District, California",0.4024
2019,06,school district (secondary),10860,"Delano Joint Union High School District, California",0.4543
2019,06,school district (secondary),11700,"Dunsmuir Joint Union High School District, California",0.4073
2019,06,school district (secondary),11780,"East Nicolaus Joint Union High School District, California",0.4580
2019,06,school district (secondary),11820,"East Side Union High School District, California",0.4318
2019,06,school district (secondary),12070,"El Dorado Union High School District, California",0.4484
2019,06,school district (secondary),12120,"El Monte Union High School District, California",0.4281
2019,06,school district (secondary),12910,"Escondido Union High School District, California",0.4485
2019,06,school district (secondary),13530,"Fallbrook Union High School District, California",0.4359
2019,06,school district (secondary),14190,"Fortuna Union High School District, California",0.4764
2019,06,school district (secondary),14430,"Fremont Union High School District, California",0.4433
2019,06,school district (secondary),14760,"Fullerton Joint Union High School District, California",0.4378
2019,06,school district (secondary),14820,"Galt Joint Union High School District, California",0.4216
2019,06,school district (secondary),16230,"Grossmont Union High School District, California",0.4304
2019,06,school district (secondary),16500,"Hanford Joint Union High School District, California",0.4306
2019,06,school district (secondary),18060,"Huntington Beach Union High School District, California",0.4595
2019,06,school district (secondary),18930,"Jefferson Union High School District, California",0.4131
2019,06,school district (secondary),19110,"Julian Union High School District, California",0.4797
2019,06,school district (secondary),19830,"Kingsburg Joint Union High School District, California",0.4939
2019,06,school district (secondary),21060,"Lassen Union High School District, California",0.4168
