unit9,year,ltd_iss_k,ltd_out_k
051001001,2023,78807.0,2215349.0
051004004,2023,429.0,53954.0
051005005,2023,-3870.0,38604.0
051007007,2023,8330.0,488587.0
051009009,2023,-21.0,57088.0
051010010,2023,-242036.0,327790.0
051011011,2023,1882.0,12759.0
051012012,2023,13978.0,14288.0
051013013,2023,,23021.0
051014014,2023,-930.0,3131.0
051015015,2023,32841.0,273379.0
051016016,2023,1606.0,20382.0
051017017,2023,,11562.0
051019019,2023,51855.0,6621237.0
051020020,2023,9457.0,251432.0
051021021,2023,6371.0,194887.0
051022022,2023,,9864.0
051023023,2023,41710.0,93463.0
051024024,2023,28975.0,86315.0
051027027,2023,578.0,378364.0
051028028,2023,-1153.0,73956.0
051029029,2023,-126.0,69686.0
051030030,2023,426445.0,1448106.0
051031031,2023,70328.0,408478.0
051032032,2023,,10894.0
051033033,2023,-16752.0,2891590.0
051034034,2023,178011.0,3215401.0
051035035,2023,,24999.0
051036036,2023,-4080.0,680623.0
051037037,2023,7850.0,1228255.0
051039038,2023,42775.0,486924.0
051040039,2023,143230.0,885290.0
051041040,2023,-3743.0,1243822.0
051042041,2023,-14838.0,420671.0
051043042,2023,1999.0,3909645.0
051044043,2023,34600.0,360472.0
051045044,2023,1761.0,39827.0
051046045,2023,57.0,22844.0
051047046,2023,924.0,38585.0
051048047,2023,-11865.0,183347.0
051049048,2023,-36858.0,454688.0
051050049,2023,,143930.0
051051050,2023,690.0,11756.0
051052051,2023,7490.0,15138.0
051055054,2023,,28733.0
051056055,2023,3000.0,666555.0
051057056,2023,-1149.0,84233.0
051058057,2023,-2664.0,144133.0
052001009,2023,,1517029.0
052001012,2023,,109986.0
052001006,2023,4668.0,112343.0
052001004,2023,50000.0,53373.0
052001005,2023,-1367.0,266930.0
052004001,2023,,4999.0
052007004,2023,,16049.0
052007008,2023,5297.0,168249.0
052007401,2023,,44013.0
052007009,2023,182325.0,700960.0
052010005,2023,90921.0,1053595.0
052010001,2023,,149217.0
052013006,2023,,31705.0
052015001,2023,,137685.0
052019019,2023,-141.0,134608.0
052019015,2023,,144953.0
052019047,2023,349.0,406426.0
052019401,2023,,355149.0
052019004,2023,-75.0,198838.0
052019007,2023,,178808.0
052019017,2023,,221241.0
052019026,2023,78026.0,3191180.0
052019027,2023,3695599.0,39176394.0
052019028,2023,,212593.0
052019036,2023,,468883.0
052019514,2023,94.0,42738.0
052019801,2023,,174410.0
052019008,2023,120000.0,241700.0
052019041,2023,,579741.0
052019035,2023,1691.0,718092.0
052019046,2023,,401910.0
052021002,2023,,32194.0
052021005,2023,-560.0,16690.0
052021501,2023,10459.0,55726.0
052028002,2023,,45909.0
052028001,2023,,20294.0
052030009,2023,,434344.0
052030002,2023,,55384.0
052030015,2023,,68638.0
052030007,2023,,90541.0
052030011,2023,1098.0,172624.0
052030013,2023,,338613.0
052030401,2023,-532.0,84196.0
052030501,2023,-1577.0,55086.0
052030901,2023,-20282.0,919669.0
052030001,2023,45015.0,3254889.0
052031005,2023,85845.0,908548.0
052033009,2023,118782.0,232383.0
052033010,2023,326.0,268104.0
052033203,2023,,1347.0
052033401,2023,-270.0,101598.0
052033601,2023,,188535.0
052033006,2023,-85192.0,654488.0
052033012,2023,58025.0,2022649.0
052034005,2023,,1901362.0
052034001,2023,67961.0,529704.0
052034302,2023,-1450.0,298480.0
052036004,2023,14647.0,293144.0
052036007,2023,300000.0,1148892.0
052036011,2023,,51031.0
052036601,2023,,53697.0
052036701,2023,3054.0,614676.0
052036404,2023,,29696.0
052036010,2023,,100424.0
052037601,2023,15016.0,89765.0
052037001,2023,16240.0,45012.0
052037009,2023,191.0,246816.0
052037010,2023,871287.0,5803365.0
052037002,2023,154332.0,1023603.0
052039001,2023,,246477.0
052039004,2023,19690.0,961018.0
052040002,2023,,62261.0
052041003,2023,8208.0,207605.0
052041007,2023,-116.0,30132.0
052041004,2023,,4295.0
052041013,2023,,302027.0
052041002,2023,,149112.0
052042003,2023,-10124.0,196496.0
052043012,2023,268356.0,3941797.0
052043011,2023,,433370.0
052043004,2023,14244.0,109995.0
052043010,2023,36671.0,192645.0
052043013,2023,,421697.0
052043014,2023,,473222.0
052043008,2023,,148179.0
052048003,2023,32120.0,228996.0
052048006,2023,22.0,92884.0
052049004,2023,2909.0,295674.0
052049201,2023,5.0,14035.0
052049003,2023,19906.0,124854.0
052050001,2023,,27976.0
052050002,2023,,343009.0
052052002,2023,,19298.0
052054006,2023,,101037.0
052054002,2023,,8601.0
052056003,2023,,630832.0
052056801,2023,,94402.0
052057001,2023,,117636.0
054001034,2023,28.0,554597.0
054001503,2023,85000.0,201086.0
054007312,2023,,2350.0
054007356,2023,,320580.0
054010715,2023,,21248.0
054015708,2023,838.0,12799.0
054017105,2023,,144.0
054019002,2023,-14242.0,114974.0
054021016,2023,,220656.0
054021017,2023,,387352.0
054021102,2023,,184620.0
054026801,2023,1138.0,23673.0
054031201,2023,,104279.0
054032021,2023,,34.0
054032305,2023,,922.0
054033034,2023,9175.0,108405.0
054033028,2023,,966.0
054034024,2023,-36.0,67930.0
054034201,2023,,48498.0
054034323,2023,40767.0,344293.0
054037534,2023,,73279.0
054037022,2023,1166.0,273112.0
054043206,2023,,894271.0
054043023,2023,465140.0,1203474.0
055001007,2023,,144125.0
055001012,2023,69825.0,813889.0
055001027,2023,,11172093.0
055001704,2023,,403275.0
055001705,2023,13638.0,258008.0
055001002,2023,,107838.0
055001001,2023,,191245.0
055001006,2023,,342418.0
055001025,2023,,86395.0
055001029,2023,,147293.0
055001401,2023,,630083.0
055001702,2023,,669090.0
055001703,2023,,283354.0
055001030,2023,130000.0,325875.0
055001035,2023,3000.0,3944.0
055001034,2023,43000.0,222715.0
055004016,2023,,19318.0
055004029,2023,,7894.0
055004035,2023,,5235.0
055004701,2023,,192380.0
055004031,2023,10000.0,29500.0
055004301,2023,6000.0,8350.0
055005005,2023,415.0,12678.0
055005001,2023,,17112.0
055005004,2023,,4379.0
055006003,2023,,4945.0
055006014,2023,,15485.0
055007001,2023,8792.0,213981.0
055007015,2023,,135890.0
055007004,2023,,108074.0
055007018,2023,,28200.0
055007021,2023,40000.0,86285.0
055007030,2023,,390035.0
055007005,2023,50000.0,105125.0
055007012,2023,,75216.0
055007019,2023,36450.0,370762.0
055007020,2023,,37610.0
055007023,2023,,330827.0
055007025,2023,5970.0,1197025.0
055007034,2023,42881.0,115920.0
055007014,2023,,67865.0
055007007,2023,,18611.0
055007017,2023,46269.0,157296.0
055009001,2023,,31438.0
055009003,2023,,525.0
055009009,2023,,4835.0
055009601,2023,,43180.0
055009023,2023,,8415.0
055009004,2023,,5669.0
055009024,2023,,26440.0
055010007,2023,,1385.0
055010021,2023,108843.0,653715.0
055010100,2023,,180.0
055010032,2023,,16744.0
055010063,2023,7520.0,36668.0
055010086,2023,,60156.0
055010097,2023,,11045.0
055010703,2023,11500.0,64393.0
055010051,2023,1423.0,54964.0
055010057,2023,11.0,6769.0
055010065,2023,,878.0
055010075,2023,,3130.0
055010103,2023,,3477.0
055010301,2023,9000.0,9490.0
055010303,2023,,23300.0
055010082,2023,,373633.0
055010039,2023,125000.0,883202.0
055010101,2023,15000.0,56248.0
055010036,2023,11900.0,51089.0
055010072,2023,,24185.0
055011020,2023,,9244.0
055011010,2023,,2263.0
055011301,2023,,21989.0
055012019,2023,,125.0
055012040,2023,,1960.0
055012502,2023,,199.0
055012060,2023,,2167.0
055012201,2023,,197.0
055012007,2023,,1277.0
055012022,2023,,2337.0
055012030,2023,,1119.0
055012035,2023,,20742.0
055012041,2023,,23573.0
055012051,2023,,1664.0
055012057,2023,,7058.0
055012301,2023,,81645.0
055012501,2023,,5929.0
055012038,2023,,240.0
055012001,2023,,11233.0
055012012,2023,,4162.0
055012021,2023,,10174.0
055012032,2023,,3294.0
055013019,2023,15.0,8364.0
055013008,2023,17881.0,33677.0
055013010,2023,,8093.0
055013006,2023,,23093.0
055013013,2023,166.0,49926.0
055013025,2023,,338.0
055013011,2023,2347.0,21548.0
055013018,2023,,6091.0
055013026,2023,39.0,5015.0
055013004,2023,,117870.0
055013003,2023,,14977.0
055014011,2023,,2661.0
055014101,2023,,3865.0
055015013,2023,,34463.0
055015020,2023,232.0,35486.0
055015048,2023,,44985.0
055015056,2023,184.0,5423.0
055015058,2023,331.0,27850.0
055015002,2023,6.0,29289.0
055015016,2023,,3294.0
055015019,2023,538.0,11160.0
055015050,2023,,50800.0
055015702,2023,10832.0,53690.0
055015005,2023,,19821.0
055015017,2023,,4290.0
055015022,2023,,31711.0
055015026,2023,,6266.0
055015033,2023,15287.0,49740.0
055015036,2023,,30746.0
055015040,2023,,114036.0
055015044,2023,,11997.0
055015030,2023,,7865.0
055015025,2023,,322876.0
055015035,2023,,4023.0
055015039,2023,196.0,32331.0
055015004,2023,1685.0,109343.0
055016009,2023,,34989.0
055016001,2023,,8416.0
055016018,2023,,26374.0
055016016,2023,,23761.0
055016017,2023,,17779.0
055017010,2023,,2853.0
055017011,2023,273.0,23723.0
055017701,2023,,31789.0
055017007,2023,,20228.0
055017005,2023,8082.0,25554.0
055018016,2023,362.0,8880.0
055019021,2023,,250215.0
055019032,2023,10156.0,575840.0
055019065,2023,,188696.0
055019094,2023,,16179.0
055019007,2023,,184392.0
055019018,2023,,58490.0
055019024,2023,,195858.0
055019026,2023,,113879.0
055019030,2023,63.0,5744.0
055019034,2023,3717.0,258233.0
055019041,2023,,436918.0
055019052,2023,,159202.0
055019057,2023,25000.0,59086.0
055019066,2023,,77670.0
055019071,2023,,57805.0
055019089,2023,,102394.0
055019091,2023,768.0,884602.0
055019107,2023,,127929.0
055019069,2023,11733.0,77718.0
055019008,2023,2090.0,170928.0
055019011,2023,,515771.0
055019016,2023,,21818.0
055019017,2023,2445.0,434939.0
055019027,2023,125000.0,386025.0
055019029,2023,,95728.0
055019031,2023,,83210.0
055019039,2023,,72273.0
055019044,2023,,103713.0
055019048,2023,,118276.0
055019055,2023,,36090.0
055019062,2023,,38994.0
055019072,2023,40000.0,308329.0
055019082,2023,,159374.0
055019092,2023,1178.0,131324.0
055019103,2023,3308.0,263055.0
055019109,2023,,6380.0
055019501,2023,2977.0,501733.0
055019503,2023,618.0,143537.0
055019702,2023,,69740.0
055019803,2023,67054.0,889088.0
055019901,2023,5308.0,807144.0
055019080,2023,,382331.0
055019014,2023,4260.0,179218.0
055019099,2023,104.0,101108.0
055019070,2023,26255.0,1136570.0
055019002,2023,27165.0,233505.0
055019051,2023,,81342.0
055019074,2023,,173620.0
055019098,2023,,86284.0
055019801,2023,125472.0,560610.0
055019010,2023,,77894.0
055019063,2023,,45040.0
055019077,2023,9502.0,360382.0
055019084,2023,,191133.0
055019096,2023,,109981.0
055019104,2023,,119482.0
055019111,2023,,457785.0
055019013,2023,,125513.0
055019502,2023,,359631.0
055019005,2023,,227739.0
055019050,2023,30204.0,99134.0
055019056,2023,,45843.0
055019068,2023,102017.0,275320.0
055019076,2023,,219627.0
055019086,2023,,54944.0
055019097,2023,,33800.0
055019105,2023,,39918.0
055019110,2023,47390.0,128534.0
055019045,2023,,65963.0
055019075,2023,2891.0,75746.0
055019004,2023,,45045.0
055019009,2023,,65374.0
055019042,2023,,55409.0
055019703,2023,,120084.0
055020010,2023,17000.0,22513.0
055020022,2023,,9154.0
055020302,2023,,100660.0
055020019,2023,7175.0,275862.0
055020101,2023,,3553.0
055021012,2023,,65698.0
055021017,2023,133.0,17669.0
055021023,2023,33100.0,56100.0
055021016,2023,,17451.0
055021010,2023,23333.0,535854.0
055021022,2023,95000.0,375571.0
055021005,2023,,33548.0
055021007,2023,,5130.0
055021008,2023,,50273.0
055021025,2023,,76573.0
055021013,2023,,795.0
055021014,2023,,216985.0
055021018,2023,,55665.0
055022001,2023,,21460.0
055023002,2023,7071.0,13086.0
055023008,2023,,51678.0
055023030,2023,,13127.0
055023028,2023,25000.0,80971.0
055023025,2023,,8163.0
055023016,2023,,26234.0
055024011,2023,,5330.0
055024001,2023,,24466.0
055024018,2023,,7451.0
055024002,2023,,4443.0
055024010,2023,,3150.0
055024013,2023,14250.0,28620.0
055024017,2023,,8713.0
055024021,2023,,2842.0
055024023,2023,5290.0,159041.0
055024025,2023,3096.0,8258.0
055024031,2023,1312.0,25772.0
055024901,2023,,1720.0
055024019,2023,,84704.0
055024006,2023,,18226.0
055026005,2023,,61411.0
055027011,2023,,100.0
055027024,2023,,43016.0
055027038,2023,6793.0,65717.0
055027004,2023,51.0,1693.0
055027014,2023,,11475.0
055027019,2023,,160.0
055027022,2023,,31749.0
055027034,2023,86.0,2195.0
055027037,2023,,21661.0
055027301,2023,8000.0,18623.0
055027001,2023,33510.0,122747.0
055027006,2023,,15683.0
055027008,2023,,2680.0
055027012,2023,426.0,35573.0
055027020,2023,467.0,224938.0
055027032,2023,76209.0,216156.0
055027035,2023,,3050.0
055027042,2023,,9421.0
055027015,2023,,46670.0
055027039,2023,,8710.0
055028011,2023,,509748.0
055028013,2023,,3726.0
055028014,2023,1869.0,62860.0
055029007,2023,,17400.0
055029011,2023,,47695.0
055030007,2023,,29082.0
055030023,2023,525.0,54335.0
055030043,2023,20000.0,168450.0
055030006,2023,,47550.0
055030011,2023,3037.0,61752.0
055030017,2023,,524835.0
055030040,2023,,38250.0
055030902,2023,,83890.0
055030031,2023,131250.0,1305188.0
055030015,2023,,197975.0
055030020,2023,886.0,179376.0
055030021,2023,5694.0,269272.0
055030025,2023,,15070.0
055030028,2023,,86530.0
055030033,2023,28652.0,361978.0
055030039,2023,8721.0,429449.0
055030045,2023,,158332.0
055030005,2023,,15702.0
055030009,2023,310.0,39419.0
055030013,2023,,57420.0
055030024,2023,,263129.0
055030003,2023,,264257.0
055030022,2023,,12050.0
055030701,2023,4517.0,331670.0
055030030,2023,,290811.0
055031016,2023,,690.0
055031021,2023,,96734.0
055031024,2023,2308.0,249102.0
055031014,2023,,306230.0
055031022,2023,5296.0,112803.0
055031005,2023,,224.0
055032001,2023,,47870.0
055033703,2023,,244553.0
055033013,2023,,50926.0
055033021,2023,46905.0,413662.0
055033027,2023,,9410.0
055033037,2023,,8495.0
055033003,2023,78000.0,340665.0
055033026,2023,19000.0,209453.0
055033030,2023,8687.0,25970.0
055033034,2023,80000.0,384975.0
055033038,2023,,92760.0
055033701,2023,1112.0,252161.0
055033033,2023,,336333.0
055033004,2023,,51592.0
055033702,2023,,193873.0
055033023,2023,,163313.0
055033042,2023,68096.0,370647.0
055033010,2023,82558.0,661811.0
055033019,2023,30000.0,288525.0
055033029,2023,,410176.0
055033401,2023,,172269.0
055034007,2023,12435.0,119248.0
055034035,2023,220105.0,731033.0
055034017,2023,6603.0,579435.0
055034023,2023,107032.0,428827.0
055034028,2023,,366680.0
055034036,2023,,681169.0
055034701,2023,,483299.0
055034022,2023,,52665.0
055034034,2023,1898.0,114886.0
055034014,2023,132400.0,550608.0
055035008,2023,,62737.0
055036047,2023,,127925.0
055036055,2023,4563.0,138537.0
055036057,2023,1565.0,150265.0
055036007,2023,4379.0,17542.0
055036030,2023,,4330.0
055036048,2023,,22087.0
055036005,2023,,54044.0
055036010,2023,108829.0,647645.0
055036024,2023,,6044.0
055036034,2023,,28338.0
055036045,2023,129.0,50609.0
055036041,2023,30976.0,140809.0
055036022,2023,,283685.0
055036038,2023,,13642.0
055036051,2023,59061.0,1008784.0
055036002,2023,,53943.0
055036012,2023,,692425.0
055036019,2023,20288.0,130256.0
055036025,2023,,92490.0
055036056,2023,,45715.0
055036004,2023,,30189.0
055037001,2023,417.0,6561.0
055037010,2023,,21187.0
055037025,2023,,52956.0
055037035,2023,64847.0,1045468.0
055037011,2023,,5567.0
055037012,2023,,155201.0
055037017,2023,7866.0,202734.0
055037023,2023,,2506.0
055037036,2023,,16460.0
055037038,2023,8775.0,428689.0
055037042,2023,14.0,305.0
055037045,2023,,127807.0
055037048,2023,252339.0,661171.0
055037901,2023,33884.0,2856429.0
055037006,2023,,165044.0
055037007,2023,,30609.0
055037015,2023,1946.0,84463.0
055037019,2023,,18611.0
055037024,2023,1844.0,78180.0
055037029,2023,,35574.0
055037030,2023,58008.0,963062.0
055037037,2023,157.0,32477.0
055037040,2023,,442281.0
055037046,2023,,67154.0
055037043,2023,,91668.0
055037051,2023,,242218.0
055037020,2023,39439.0,859563.0
055037028,2023,,5108.0
055037032,2023,21450.0,290311.0
055037501,2023,6179.0,450462.0
055037004,2023,,22480.0
055037009,2023,983.0,387358.0
055037044,2023,,242948.0
055037026,2023,24262.0,58844.0
055037008,2023,,388296.0
055038001,2023,,1028650.0
055039033,2023,40180.0,261896.0
055039051,2023,,4515.0
055039003,2023,,3580.0
055039017,2023,,22809.0
055039035,2023,,74319.0
055039037,2023,,9075.0
055039059,2023,,513455.0
055039054,2023,,30369.0
055039031,2023,17415.0,128670.0
055039301,2023,,136028.0
055039044,2023,,260345.0
055039040,2023,,355124.0
055040009,2023,45266.0,167811.0
055040043,2023,,33176.0
055040012,2023,,7900.0
055040040,2023,,5144.0
055040301,2023,,5335.0
055040035,2023,92386.0,247661.0
055040302,2023,,91002.0
055040004,2023,234.0,98663.0
055040037,2023,3224.0,9874.0
055040701,2023,,171831.0
055041002,2023,,120070.0
055041012,2023,4882.0,15043.0
055041021,2023,90000.0,283848.0
055041028,2023,150482.0,311944.0
055041001,2023,2882.0,9443.0
055041004,2023,465.0,171102.0
055041006,2023,,22969.0
055041008,2023,36909.0,117565.0
055041010,2023,83966.0,383293.0
055041019,2023,,55000.0
055041020,2023,,95216.0
055041022,2023,,62674.0
055041025,2023,,641197.0
055041027,2023,,419653.0
055041003,2023,7497.0,40704.0
055041005,2023,29385.0,136455.0
055041013,2023,,127965.0
055041015,2023,,46220.0
055041024,2023,157583.0,605365.0
055041023,2023,,114102.0
055041011,2023,,48829.0
055042023,2023,,1295.0
055042024,2023,,47833.0
055042031,2023,,11898.0
055042026,2023,,307456.0
055042014,2023,30000.0,43845.0
055042015,2023,,2685.0
055042021,2023,1112.0,3484.0
055042012,2023,,3862.0
055042010,2023,,3759.0
055042006,2023,,8633.0
055042017,2023,,43907.0
055042501,2023,,85980.0
055042032,2023,,8394.0
055042502,2023,,7587.0
055043008,2023,542.0,241858.0
055043015,2023,210584.0,775903.0
055043035,2023,,30097.0
055043046,2023,30000.0,228791.0
055043006,2023,58000.0,175726.0
055043010,2023,,250548.0
055043013,2023,,148525.0
055043014,2023,,159034.0
055043016,2023,757.0,380902.0
055043033,2023,100000.0,367202.0
055043040,2023,,548541.0
055043045,2023,,52062.0
055043007,2023,43862.0,102927.0
055043011,2023,71770.0,951487.0
055043020,2023,,47.0
055043029,2023,,280872.0
055043037,2023,,47378.0
055043038,2023,8760.0,551018.0
055043004,2023,,86760.0
055043024,2023,,55400.0
055043704,2023,100820.0,179450.0
055043501,2023,14183.0,840138.0
055043027,2023,,22751.0
055043025,2023,,62020.0
055043031,2023,,97621.0
055043042,2023,170000.0,1088048.0
055043703,2023,254644.0,1149099.0
055043036,2023,67650.0,310458.0
055044017,2023,,43379.0
055044013,2023,,208803.0
055044008,2023,,20430.0
055044010,2023,37.0,1140.0
055044015,2023,,39776.0
055044012,2023,,63600.0
055044009,2023,,2335.0
055045013,2023,,38335.0
055045016,2023,,1329.0
055045020,2023,,3170.0
055045028,2023,,4583.0
055045032,2023,,28948.0
055045036,2023,1622.0,42672.0
055045011,2023,83.0,1151.0
055045001,2023,,10595.0
055045006,2023,3155.0,21236.0
055045010,2023,,8688.0
055045030,2023,,8095.0
055045035,2023,,51040.0
055045502,2023,,3575.0
055047037,2023,,15516.0
055048002,2023,1449.0,68886.0
055048023,2023,,257088.0
055048007,2023,,61452.0
055048025,2023,52000.0,163724.0
055048701,2023,,25995.0
055049052,2023,,50054.0
055049070,2023,4421.0,4347.0
055049001,2023,,5204.0
055049012,2023,,69227.0
055049022,2023,,10103.0
055049039,2023,,3487.0
055049044,2023,,48488.0
055049057,2023,,20008.0
055049062,2023,,4469.0
055049068,2023,,2294.0
055049071,2023,,98975.0
055049072,2023,,16947.0
055049046,2023,,50527.0
055049054,2023,143031.0,373463.0
055049004,2023,24683.0,85692.0
055049014,2023,,158975.0
055049020,2023,,7641.0
055049027,2023,,10180.0
055049042,2023,3000.0,15246.0
055049053,2023,,13284.0
055049067,2023,,7075.0
055049007,2023,,12550.0
055049028,2023,,9722.0
055049024,2023,,5961.0
055049038,2023,,16701.0
055049048,2023,,16079.0
055049059,2023,,121779.0
055049301,2023,,123993.0
055049501,2023,5970.0,5970.0
055049011,2023,,2468.0
055050005,2023,,19260.0
055050028,2023,,215.0
055050038,2023,,17425.0
055050042,2023,,100982.0
055050305,2023,,10999.0
055050019,2023,139518.0,301046.0
055050302,2023,,17989.0
055050303,2023,8500.0,30673.0
055050013,2023,271.0,4716.0
055050036,2023,2575.0,17718.0
055050039,2023,,43220.0
055050502,2023,,3288.0
055050601,2023,,34030.0
055050003,2023,,100479.0
055050501,2023,,6185.0
055051002,2023,,3811.0
055051021,2023,,17643.0
055051023,2023,657.0,49762.0
055051011,2023,,8001.0
055051007,2023,,2184.0
055052003,2023,8690.0,9128.0
055052006,2023,,64.0
055052020,2023,,28888.0
055053006,2023,,5280.0
055053601,2023,,2000.0
055054025,2023,,76.0
055054039,2023,,9030.0
055054057,2023,6455.0,8981.0
055054067,2023,860.0,107661.0
055054073,2023,,2946.0
055054005,2023,,9369.0
055054012,2023,,10372.0
055054018,2023,,9489.0
055054026,2023,,314.0
055054040,2023,,3475.0
055054050,2023,,1760.0
055054051,2023,,1196.0
055054059,2023,,3516.0
055054062,2023,2232.0,39597.0
055054302,2023,754.0,50403.0
055054027,2023,,25287.0
055054016,2023,,31051.0
055055004,2023,,8311.0
055055017,2023,,21695.0
055055020,2023,659.0,15296.0
055055007,2023,52.0,5057.0
055055018,2023,56.0,808.0
055056022,2023,,107250.0
055056035,2023,113000.0,146836.0
055056007,2023,,33696.0
055056015,2023,1316.0,1316.0
055056023,2023,,100349.0
055056017,2023,,48800.0
055056018,2023,248.0,17518.0
055056027,2023,,83298.0
055056901,2023,,143845.0
055056012,2023,4257.0,76602.0
055056010,2023,,14422.0
055056019,2023,87133.0,348149.0
055056003,2023,,5663.0
055056009,2023,2000.0,58996.0
055056032,2023,,9597.0
055056601,2023,1294.0,75246.0
055056031,2023,3591.0,284002.0
055057501,2023,23.0,1080.0
055057028,2023,,39812.0
055057023,2023,,191618.0
055058018,2023,,7912.0
141001001,2023,,27709.0
141004004,2023,,1965.0
141010010,2023,40529.0,52912.0
141011011,2023,,789.0
141015015,2023,,402.0
141016016,2023,488850.0,3067085.0
141017017,2023,,1.0
141019019,2023,4076.0,63942.0
141022022,2023,90601.0,178286.0
141027027,2023,147.0,395.0
141029029,2023,,790.0
141034034,2023,140.0,140.0
141037037,2023,239.0,1564.0
141045045,2023,9048.0,290665.0
141047047,2023,,17380.0
141048048,2023,523.0,3987.0
141049049,2023,30581.0,380192.0
141050050,2023,108.0,65.0
141053053,2023,,682.0
141055055,2023,582.0,2892.0
141056056,2023,20927.0,11201.0
141057057,2023,2896.0,1964.0
141058058,2023,,357.0
141059059,2023,,425.0
141060060,2023,,1244.0
141071071,2023,2388.0,22214.0
141072072,2023,22090.0,39063.0
141077077,2023,,2044.0
141081081,2023,12188.0,71913.0
141082082,2023,,103345.0
141084084,2023,41900.0,81646.0
141089089,2023,155.0,-9094.0
141090090,2023,1260.0,3064.0
141092092,2023,107.0,381.0
141099099,2023,64438.0,550441.0
141100100,2023,10648.0,26608.0
141101101,2023,,102620.0
142016004,2023,31923.0,99992.0
142016041,2023,5742.0,96905.0
142016027,2023,70684.0,465449.0
142016038,2023,5417.0,38464.0
142016069,2023,45115.0,101106.0
142016002,2023,67155.0,195199.0
142016007,2023,1005.0,8374.0
142016012,2023,24760.0,58193.0
142016016,2023,,19596390.0
142016019,2023,,345288.0
142016020,2023,7809.0,69516.0
142016021,2023,68604.0,234592.0
142016037,2023,,36160.0
142016061,2023,60182.0,243330.0
142016066,2023,7298.0,29717.0
142016088,2023,10165.0,234174.0
142016093,2023,7370.0,58937.0
142016100,2023,80135.0,189367.0
142016101,2023,38075.0,59618.0
142016514,2023,68258.0,227504.0
142016017,2023,20539.0,235687.0
142016087,2023,3666.0,59874.0
142016064,2023,,105285.0
142016513,2023,5192.0,36393.0
142016086,2023,41140.0,498611.0
142016063,2023,4191.0,22381.0
142016034,2023,,10514.0
142016090,2023,,11822.0
142016047,2023,636.0,13414.0
142016046,2023,11203.0,26775.0
142020001,2023,81.0,472.0
142022006,2023,,79240.0
142022009,2023,5603.0,82189.0
142022012,2023,6830.0,97100.0
142022505,2023,15016.0,31584.0
142022702,2023,,17110.0
142022011,2023,,2040.0
142045300,2023,,1067.0
142047007,2023,3863.0,40737.0
142047006,2023,157.0,3100.0
142049513,2023,521.0,2047.0
142049018,2023,207.0,6730.0
142049019,2023,3665.0,34532.0
142049014,2023,22446.0,85177.0
142049514,2023,,27576.0
142056008,2023,5077.0,9016.0
142056003,2023,37733.0,124220.0
142060012,2023,1901.0,32055.0
142069004,2023,,26314.0
142071009,2023,16940.0,53519.0
142073002,2023,3895.0,10865.0
142079014,2023,,163.0
142082002,2023,,49260.0
142090005,2023,9895.0,54552.0
142096008,2023,,5384.0
142099016,2023,19742.0,173248.0
142099002,2023,2083.0,5239.0
142099004,2023,19630.0,33785.0
142099701,2023,3677.0,226905.0
143016026,2023,9.0,91.0
143090019,2023,199.0,174.0
144010085,2023,3042.0,17481.0
144016059,2023,5970.0,36693.0
144016081,2023,1533.0,5277.0
144016126,2023,2225.0,2225.0
144016140,2023,7.0,10521.0
144016517,2023,775.0,21864.0
144016619,2023,,4170.0
144016822,2023,3168.0,3537.0
144016186,2023,,14240.0
144016221,2023,4259.0,25847.0
144016050,2023,4824.0,4761.0
144016901,2023,1734.0,757.0
144016912,2023,57.0,2448.0
144019301,2023,,1820.0
144022907,2023,747.0,24107.0
144022002,2023,6382.0,53007.0
144022815,2023,,7458.0
144022908,2023,1676.0,8060.0
144022511,2023,2381.0,14255.0
144022705,2023,,56291.0
144022165,2023,165.0,28082.0
144028006,2023,,499.0
144045503,2023,1759.0,3999.0
144045309,2023,5518.0,19123.0
144045507,2023,,16377.0
144049904,2023,1831.0,5467.0
144049808,2023,963.0,13213.0
144056202,2023,1846.0,1382.0
144058305,2023,,6035.0
144058028,2023,,126.0
144072010,2023,,3590.0
144099402,2023,727.0,14399.0
144099517,2023,860.0,6323.0
144099806,2023,,20304.0
144099807,2023,,20990.0
144101014,2023,14056.0,53392.0
145001013,2023,,1442.0
145001010,2023,178.0,5759.0
145001007,2023,,46.0
145001014,2023,12543.0,90546.0
145002002,2023,,3897.0
145003001,2023,,2886.0
145003002,2023,3634.0,22757.0
145004001,2023,,57776.0
145004801,2023,,9969.0
145005001,2023,,7024.0
145006017,2023,,46814.0
145006024,2023,52.0,621.0
145006044,2023,44.0,6948.0
145006013,2023,,122.0
145006022,2023,1000.0,1040.0
145006035,2023,,966.0
145006036,2023,,937.0
145006301,2023,,10596.0
145007003,2023,,2092.0
145008401,2023,3526.0,7814.0
145008101,2023,915.0,5462.0
145009002,2023,155.0,9974.0
145009201,2023,,2650.0
145009004,2023,,4688.0
145010021,2023,,30772.0
145010004,2023,,10648.0
145010007,2023,,390.0
145010018,2023,,12455.0
145010009,2023,160.0,169.0
145010014,2023,,15150.0
145010016,2023,,1456.0
145010017,2023,,6516.0
145010002,2023,3891.0,9996.0
145010015,2023,,1942.0
145010003,2023,26.0,22968.0
145010008,2023,,3842.0
145010020,2023,,1474.0
145010005,2023,,228427.0
145011007,2023,15915.0,17386.0
145011005,2023,,883.0
145011008,2023,975.0,1745.0
145011010,2023,,22650.0
145012001,2023,,3294.0
145012002,2023,203.0,11458.0
145012003,2023,,2138.0
145013015,2023,,12461.0
145013005,2023,546.0,6577.0
145014006,2023,,1595.0
145014003,2023,6371.0,6619.0
145014007,2023,,670.0
145014501,2023,100.0,6034.0
145014008,2023,869.0,3789.0
145014001,2023,27.0,143.0
145015003,2023,,1585.0
145015002,2023,,18642.0
145016006,2023,112.0,7873.0
145016009,2023,,15657.0
145016025,2023,11225.0,31665.0
145016039,2023,,21370.0
145016047,2023,,15122.0
145016117,2023,,14455.0
145016128,2023,2325.0,21150.0
145016145,2023,2800.0,24422.0
145016012,2023,,19925.0
145016013,2023,,30000.0
145016017,2023,,50000.0
145016019,2023,,38070.0
145016028,2023,,4445.0
145016037,2023,3330.0,48606.0
145016044,2023,,7070.0
145016053,2023,,45020.0
145016054,2023,,16243.0
145016060,2023,,1200.0
145016073,2023,,23152.0
145016076,2023,,24110.0
145016078,2023,,26084.0
145016083,2023,,5762.0
145016085,2023,,158100.0
145016088,2023,,48160.0
145016094,2023,,4945.0
145016097,2023,,6845.0
145016102,2023,,29145.0
145016111,2023,4749.0,9208.0
145016116,2023,2700.0,2700.0
145016130,2023,,1340.0
145016137,2023,,11067.0
145016144,2023,,852.0
145016152,2023,,90446.0
145016156,2023,38491.0,38779.0
145016096,2023,66796.0,134874.0
145016003,2023,56045.0,91112.0
145016008,2023,,33505.0
145016010,2023,3625.0,90766.0
145016015,2023,140.0,13479.0
145016022,2023,,30625.0
145016024,2023,,2197.0
145016029,2023,828.0,51018.0
145016032,2023,,14682.0
145016034,2023,655.0,15210.0
145016038,2023,,41585.0
145016042,2023,,106210.0
145016048,2023,,1165.0
145016050,2023,,3360.0
145016052,2023,,11765.0
145016064,2023,,16261.0
145016071,2023,79.0,399.0
145016072,2023,150.0,24167.0
145016077,2023,,9931.0
145016079,2023,,84380.0
145016080,2023,,17920.0
145016093,2023,,1495.0
145016098,2023,,590.0
145016100,2023,,14850.0
145016101,2023,,9575.0
145016108,2023,45700.0,80949.0
145016113,2023,6.0,25818.0
145016115,2023,14820.0,15420.0
145016118,2023,2485.0,11327.0
145016121,2023,,4850.0
145016125,2023,,5950.0
145016136,2023,,40715.0
145016141,2023,,1550.0
145016146,2023,52.0,18338.0
145016148,2023,,12364.0
145016151,2023,140.0,10764.0
145016154,2023,10770.0,27305.0
145016501,2023,,32165.0
145016502,2023,,16605.0
145016701,2023,6452.0,264717.0
145016157,2023,58.0,1130.0
145016036,2023,1962.0,14719.0
145016081,2023,5329.0,5319.0
145016126,2023,,32301.0
145016067,2023,,73689.0
145016120,2023,,62300.0
145016138,2023,,57055.0
145016020,2023,,10701.0
145016031,2023,,10470.0
145016040,2023,,78708.0
145016046,2023,,12711.0
145016065,2023,2575.0,16935.0
145016070,2023,,5650.0
145016114,2023,,4075.0
145016122,2023,,110011.0
145016123,2023,8660.0,5700.0
145016133,2023,,47851.0
145016143,2023,172.0,15006.0
145016147,2023,,1932.0
145016001,2023,1044.0,18340.0
145016005,2023,,1075.0
145016014,2023,,34450.0
145016055,2023,9500.0,115686.0
145016068,2023,27.0,1194.0
145016074,2023,289.0,16464.0
145016086,2023,,28820.0
145016089,2023,10408.0,43328.0
145016124,2023,,2923.0
145016134,2023,,21520.0
145016142,2023,,18525.0
145016149,2023,,18685.0
145016153,2023,,820.0
145016057,2023,109.0,68.0
145016107,2023,8553.0,14275.0
145016140,2023,417.0,19788.0
145016056,2023,,5506.0
145016069,2023,,9000.0
145016087,2023,,39760.0
145016104,2023,,43322.0
145017011,2023,,132.0
145017002,2023,,4524.0
145018001,2023,2986.0,3993.0
145018002,2023,3500.0,3857.0
145019008,2023,,2234.0
145019005,2023,1228.0,8466.0
145019015,2023,1675.0,1675.0
145019001,2023,,81736.0
145019007,2023,,3680.0
145019013,2023,,2553.0
145019016,2023,,5618.0
145019018,2023,,79799.0
145020001,2023,289.0,10048.0
145020601,2023,358.0,8736.0
145021001,2023,,2690.0
145021004,2023,,19025.0
145021005,2023,,3775.0
145022002,2023,,3440.0
145022004,2023,,34216.0
145022008,2023,,15210.0
145022013,2023,3030.0,114749.0
145022016,2023,1384.0,85040.0
145022022,2023,2003.0,66116.0
145022044,2023,76.0,10870.0
145022056,2023,,5187.0
145022018,2023,,22656.0
145022026,2023,,23510.0
145022031,2023,,9535.0
145022032,2023,,15507.0
145022036,2023,,4715.0
145022043,2023,7695.0,17090.0
145022051,2023,,25369.0
145022057,2023,,2083.0
145022001,2023,140.0,107.0
145022003,2023,,8055.0
145022006,2023,,2045.0
145022010,2023,,12145.0
145022012,2023,,9438.0
145022014,2023,124995.0,135958.0
145022017,2023,,44701.0
145022023,2023,,141932.0
145022028,2023,389.0,5603.0
145022034,2023,,33028.0
145022038,2023,,6610.0
145022047,2023,18180.0,18524.0
145022046,2023,,54485.0
145022009,2023,4490.0,9175.0
145022052,2023,5770.0,12482.0
145022058,2023,,53365.0
145022701,2023,49833.0,113400.0
145022035,2023,,32790.0
145022039,2023,1299.0,10060.0
145022045,2023,,296.0
145022053,2023,,59563.0
145022011,2023,28331.0,211395.0
145022020,2023,,14950.0
145022050,2023,,28440.0
145023005,2023,,6709.0
145023004,2023,5797.0,5646.0
145025002,2023,59.0,676.0
145025005,2023,,6650.0
145025003,2023,,8515.0
145025004,2023,733.0,20110.0
145026004,2023,,142.0
145026006,2023,,10085.0
145026001,2023,1262.0,3914.0
145027002,2023,,11099.0
145027006,2023,,28515.0
145028032,2023,180.0,3021.0
145028302,2023,56.0,4580.0
145029004,2023,5400.0,9400.0
145029021,2023,,403.0
145029011,2023,,1905.0
145029001,2023,,1855.0
145029008,2023,,3400.0
145029023,2023,,2289.0
145030401,2023,,58.0
145031002,2023,2825.0,5380.0
145031004,2023,,2422.0
145032018,2023,,15130.0
145032006,2023,,135.0
145032014,2023,89.0,3663.0
145032002,2023,100.0,23233.0
145032001,2023,,350.0
145032015,2023,6165.0,50089.0
145032016,2023,,36515.0
145032023,2023,,30.0
145032022,2023,,16365.0
145032007,2023,,820.0
145032017,2023,1520.0,5175.0
145033011,2023,,2567.0
145034010,2023,371.0,371.0
145034023,2023,,6295.0
145034040,2023,820.0,1153.0
145034505,2023,,1590.0
145034032,2023,,1000.0
145035001,2023,,1434.0
145037002,2023,,1415.0
145037011,2023,,4633.0
145037010,2023,,8291.0
145037008,2023,,31351.0
145037005,2023,,1595.0
145037006,2023,,788.0
145037001,2023,,465.0
145038003,2023,,5926.0
145038007,2023,,165.0
145038004,2023,,170.0
145038018,2023,2000.0,2000.0
145038101,2023,,15310.0
145039001,2023,,356.0
145039002,2023,1700.0,4945.0
145039023,2023,,4723.0
145039503,2023,,10578.0
145039008,2023,,420.0
145039004,2023,,751.0
145039011,2023,,1847.0
145040006,2023,3100.0,7353.0
145041002,2023,22.0,218.0
145041010,2023,,2725.0
145041018,2023,72.0,475.0
145041001,2023,,285.0
145041019,2023,,6144.0
145041025,2023,250.0,250.0
145041020,2023,,13428.0
145041028,2023,,343.0
145042001,2023,3834.0,32075.0
145044018,2023,,97.0
145044025,2023,600.0,2475.0
145045001,2023,,21349.0
145045003,2023,60375.0,241975.0
145045005,2023,12205.0,170615.0
145045009,2023,,95556.0
145045801,2023,457.0,146967.0
145045002,2023,726.0,34070.0
145045004,2023,,130548.0
145045008,2023,1623.0,91130.0
145045007,2023,,22896.0
145045006,2023,1300.0,62883.0
145046002,2023,,6568.0
145046012,2023,,20332.0
145046018,2023,,8913.0
145046003,2023,,13490.0
145046004,2023,302.0,1772.0
145046013,2023,,8383.0
145046017,2023,,3138.0
145046014,2023,,515.0
145047501,2023,,276468.0
145047007,2023,,1226.0
145047011,2023,,39068.0
145047016,2023,727.0,52462.0
145048003,2023,,10615.0
145049002,2023,,7.0
145049008,2023,226.0,2792.0
145049033,2023,,872.0
145049062,2023,,26309.0
145049802,2023,115.0,12200.0
145049003,2023,,16355.0
145049013,2023,394.0,12587.0
145049017,2023,485.0,5478.0
145049021,2023,,11.0
145049023,2023,312.0,9784.0
145049030,2023,,114990.0
145049035,2023,,31267.0
145049038,2023,,70134.0
145049042,2023,,1603.0
145049043,2023,4360.0,11471.0
145049059,2023,,77835.0
145049066,2023,,92239.0
145049501,2023,518.0,18595.0
145049702,2023,,2514.0
145049069,2023,172.0,8364.0
145049007,2023,39.0,19077.0
145049015,2023,,5924.0
145049016,2023,,10300.0
145049018,2023,,5390.0
145049020,2023,,178.0
145049034,2023,,14045.0
145049037,2023,,18495.0
145049040,2023,,53814.0
145049053,2023,33725.0,37970.0
145049065,2023,,5794.0
145049901,2023,217.0,121295.0
145049026,2023,,76917.0
145049001,2023,,14325.0
145049012,2023,,17500.0
145049029,2023,54045.0,99916.0
145049068,2023,,3937.0
145049024,2023,,27490.0
145049701,2023,208.0,43719.0
145049022,2023,7141.0,31842.0
145050018,2023,1230.0,6320.0
145050201,2023,,1750.0
145050019,2023,12262.0,50681.0
145050020,2023,1175.0,2180.0
145050033,2023,3714.0,8847.0
145050026,2023,,520.0
145050039,2023,,307.0
145050040,2023,82.0,84.0
145050011,2023,,5985.0
145050025,2023,3000.0,5620.0
145050036,2023,,11480.0
145050042,2023,13060.0,13910.0
145050052,2023,,7195.0
145051012,2023,,10740.0
145052001,2023,,15728.0
145052003,2023,13.0,35717.0
145052005,2023,,2030.0
145052002,2023,860.0,8497.0
145053012,2023,,4317.0
145053016,2023,,450.0
145053021,2023,,3324.0
145053023,2023,,49.0
145053014,2023,,6935.0
145053019,2023,2950.0,4381.0
145053602,2023,,3655.0
145053007,2023,,29.0
145054020,2023,510.0,11068.0
145054403,2023,231.0,978.0
145054007,2023,,1672.0
145054015,2023,,8435.0
145054026,2023,,650.0
145055004,2023,,7432.0
145055003,2023,,4193.0
145056022,2023,1362.0,681.0
145056016,2023,1100.0,1829.0
145056018,2023,,92.0
145056019,2023,,2255.0
145056001,2023,,300.0
145056003,2023,,6258.0
145056006,2023,,19380.0
145056011,2023,,16930.0
145056014,2023,,35673.0
145056021,2023,,10133.0
145056031,2023,,70735.0
145056304,2023,,79.0
145056013,2023,11954.0,97424.0
145056017,2023,,38857.0
145056008,2023,211.0,166.0
145057012,2023,6485.0,8845.0
145057403,2023,56.0,3363.0
145057008,2023,,17924.0
145057010,2023,,11138.0
145057011,2023,,12790.0
145057014,2023,259.0,89370.0
145057801,2023,,22529.0
145058003,2023,,122290.0
145058005,2023,,40832.0
145058007,2023,,28190.0
145058009,2023,3610.0,9495.0
145058901,2023,,43898.0
145058001,2023,,13770.0
145059004,2023,407.0,10894.0
145059009,2023,115.0,3606.0
145059002,2023,2025.0,3931.0
145059003,2023,,3858.0
145059006,2023,47.0,425.0
145059007,2023,235.0,374.0
145059101,2023,2370.0,25345.0
145060003,2023,,10755.0
145060011,2023,60.0,15324.0
145060005,2023,,2777.0
145060008,2023,39710.0,48013.0
145060012,2023,509.0,36139.0
145060006,2023,133380.0,170894.0
145060007,2023,,3503.0
145060002,2023,3899.0,32751.0
145060004,2023,70.0,3548.0
145060001,2023,,51955.0
145061005,2023,289.0,388.0
145061020,2023,,1724.0
145061006,2023,,4296.0
145061007,2023,,4234.0
145061017,2023,,3294.0
145061021,2023,84.0,3409.0
145061024,2023,3.0,10497.0
145061028,2023,27.0,204.0
145061014,2023,,30.0
145061025,2023,234.0,6816.0
145061026,2023,,650.0
145062301,2023,,7555.0
145063502,2023,,4995.0
145063401,2023,221.0,760.0
145064002,2023,,2395.0
145065001,2023,,13561.0
145065003,2023,,10764.0
145066011,2023,,12970.0
145066001,2023,,18181.0
145067003,2023,,34225.0
145067002,2023,1615.0,4874.0
145067001,2023,,5485.0
145068001,2023,7205.0,9955.0
145068003,2023,333.0,3910.0
145068004,2023,,1805.0
145068002,2023,5430.0,26168.0
145069003,2023,133.0,49901.0
145069004,2023,300.0,1564.0
145069002,2023,325.0,3571.0
145070300,2023,2014.0,3286.0
145070003,2023,3095.0,12072.0
145071028,2023,,17733.0
145071034,2023,,14158.0
145071006,2023,,339.0
145071035,2023,,6642.0
145071038,2023,919.0,9413.0
145071801,2023,12678.0,60815.0
145071003,2023,3128.0,10079.0
145072018,2023,,709.0
145072008,2023,,37885.0
145072012,2023,,10363.0
145072027,2023,40.0,637.0
145072038,2023,,5217.0
145072043,2023,,12475.0
145072037,2023,,1617.0
145072020,2023,,8345.0
145072003,2023,831.0,8720.0
145073008,2023,,189.0
145073003,2023,,6331.0
145073014,2023,1235.0,4560.0
145074003,2023,,11358.0
145074002,2023,,3183.0
145074701,2023,167.0,5201.0
145074006,2023,496.0,31531.0
145075006,2023,4942.0,5655.0
145077018,2023,,2340.0
145079003,2023,,800.0
145079010,2023,,10795.0
145079013,2023,,2300.0
145080001,2023,,40080.0
145081016,2023,19683.0,47955.0
145081013,2023,364.0,3478.0
145081015,2023,,950.0
145081003,2023,,730.0
145081007,2023,,34621.0
145081017,2023,,4135.0
145082002,2023,,25344.0
145082006,2023,,1699.0
145082009,2023,8850.0,15475.0
145082036,2023,24.0,790.0
145082010,2023,,7735.0
145082017,2023,10190.0,14120.0
145082023,2023,145.0,9728.0
145082034,2023,269.0,24723.0
145082043,2023,4500.0,4500.0
145082001,2023,,31074.0
145082007,2023,,51350.0
145082031,2023,673.0,4175.0
145082033,2023,,891.0
145082039,2023,,2125.0
145082044,2023,4968.0,9453.0
145082041,2023,,4720.0
145082019,2023,,1766.0
145082029,2023,255.0,59400.0
145082003,2023,2965.0,42901.0
145082012,2023,9610.0,9621.0
145082035,2023,7105.0,21505.0
145082021,2023,,2402.0
145083017,2023,,30015.0
145083001,2023,,2778.0
145084001,2023,,6677.0
145084006,2023,32440.0,34714.0
145084015,2023,,152385.0
145084012,2023,21310.0,51905.0
145084013,2023,,6905.0
145084002,2023,,29045.0
145084009,2023,7905.0,20355.0
145084010,2023,552.0,14892.0
145084014,2023,,52674.0
145086501,2023,2135.0,3600.0
145086001,2023,54.0,3841.0
145087011,2023,68.0,199.0
145087007,2023,194.0,2604.0
145087008,2023,,1100.0
145088012,2023,,13410.0
145089002,2023,,11116.0
145089006,2023,56.0,5573.0
145089005,2023,243.0,2495.0
145089007,2023,,1328.0
145089801,2023,9402.0,15931.0
145090006,2023,416.0,8099.0
145090029,2023,,5347.0
145090028,2023,,15919.0
145090039,2023,,16895.0
145090003,2023,,20430.0
145090025,2023,279.0,1958.0
145090027,2023,60.0,1613.0
145090034,2023,,500.0
145090035,2023,85.0,61.0
145090040,2023,229.0,2254.0
145090007,2023,,5849.0
145090032,2023,,2786.0
145090038,2023,,4052.0
145091003,2023,,372.0
145091013,2023,,147.0
145091012,2023,,512.0
145091010,2023,,633.0
145091009,2023,,7271.0
145092002,2023,,384.0
145092006,2023,2449.0,5777.0
145092026,2023,1800.0,1800.0
145092056,2023,,5225.0
145092003,2023,,1416.0
145092011,2023,335.0,23571.0
145092048,2023,,3348.0
145092042,2023,,899.0
145093002,2023,6061.0,6061.0
145094014,2023,,8079.0
145094010,2023,,19273.0
145095012,2023,,20.0
145095015,2023,,907.0
145095901,2023,,9396.0
145096005,2023,,895.0
145096021,2023,,11767.0
145097018,2023,,453.0
145098042,2023,3011.0,10367.0
145098051,2023,,2500.0
145098058,2023,,30800.0
145099012,2023,,7985.0
145099007,2023,18825.0,135344.0
145099010,2023,,800.0
145099017,2023,1615.0,77098.0
145099021,2023,,5880.0
145099032,2023,,1500.0
145099035,2023,,3120.0
145099004,2023,,3324.0
145099018,2023,104.0,26186.0
145099020,2023,754.0,1952.0
145099023,2023,83234.0,96360.0
145099027,2023,,4620.0
145099036,2023,,38765.0
145099037,2023,,824.0
145099041,2023,10345.0,26140.0
145099034,2023,,24830.0
145099028,2023,1122.0,136873.0
145099022,2023,,14040.0
145099501,2023,,6177.0
145099019,2023,132781.0,201373.0
145099025,2023,,5565.0
145099038,2023,5019.0,203793.0
145099026,2023,1930.0,124816.0
145099042,2023,,12580.0
145099016,2023,,26131.0
145100007,2023,,2208.0
145100003,2023,,33775.0
145100017,2023,,17470.0
145100012,2023,1260.0,25047.0
145101014,2023,7660.0,12325.0
145101008,2023,,21.0
145101032,2023,5500.0,10372.0
145101038,2023,,12605.0
145101016,2023,,17530.0
145101039,2023,59330.0,163534.0
145101029,2023,2555.0,2627.0
145101025,2023,,1915.0
145101017,2023,4644.0,6086.0
145101027,2023,,4804.0
145102007,2023,405.0,34301.0
145102005,2023,,10183.0
145102001,2023,,21647.0
145102003,2023,6985.0,8850.0
145102006,2023,1500.0,3540.0
145102010,2023,,303.0
145102002,2023,,11240.0
145102009,2023,312.0,5336.0
151030030,2023,,56895.0
151041041,2023,2075.0,37902.0
152041004,2023,17143.0,169332.0
154041001,2023,,6330.0
155001701,2023,2500.0,32810.0
155002702,2023,5500.0,85325.0
155002801,2023,,159810.0
155002701,2023,11515.0,102402.0
155002004,2023,4609.0,209519.0
155003701,2023,20330.0,95113.0
155004701,2023,,8149.0
155006007,2023,73500.0,75817.0
155006003,2023,23145.0,161129.0
155006701,2023,16511.0,37569.0
155007001,2023,,10139.0
155008005,2023,483.0,16054.0
155010006,2023,44900.0,186345.0
155012501,2023,,2433.0
155012003,2023,,30940.0
155012503,2023,,18185.0
155014010,2023,,8645.0
155014001,2023,,18422.0
155016701,2023,,44320.0
155017701,2023,,13835.0
155018009,2023,5815.0,26125.0
155019004,2023,56.0,7734.0
155019007,2023,610.0,14256.0
155019801,2023,,9505.0
155020006,2023,2511.0,80367.0
155020008,2023,5810.0,92090.0
155020014,2023,,59695.0
155020005,2023,3250.0,53045.0
155022002,2023,,112495.0
155028401,2023,,7872.0
155029703,2023,28445.0,220915.0
155029006,2023,16390.0,167991.0
155029001,2023,,31565.0
155029007,2023,25710.0,164415.0
155029701,2023,98828.0,219182.0
155030703,2023,4000.0,63585.0
155030702,2023,84250.0,196834.0
155031003,2023,,3664.0
155032003,2023,5731.0,16285.0
155032701,2023,,236520.0
155032001,2023,66210.0,266671.0
155033001,2023,900.0,3775.0
155034004,2023,7060.0,87575.0
155035003,2023,25200.0,67518.0
155036401,2023,,919.0
155036010,2023,3260.0,6805.0
155037011,2023,,15376.0
155039004,2023,3365.0,23495.0
155041010,2023,69055.0,135785.0
155041004,2023,16365.0,62410.0
155041003,2023,2880.0,3594.0
155041701,2023,32630.0,174604.0
155043015,2023,5675.0,114213.0
155043702,2023,,19995.0
155043701,2023,5635.0,67156.0
155044703,2023,,3693.0
155045004,2023,37910.0,304806.0
155045007,2023,1560.0,13125.0
155045010,2023,2347.0,180161.0
155045018,2023,1838.0,161292.0
155045011,2023,5857.0,118982.0
155045014,2023,313.0,7513.0
155045020,2023,,3625.0
155045006,2023,,17943.0
155045008,2023,,62589.0
155045009,2023,12705.0,19823.0
155045013,2023,6550.0,92265.0
155045016,2023,4000.0,65050.0
155045701,2023,20850.0,42721.0
155045019,2023,9449.0,82942.0
155046701,2023,,6923.0
155046016,2023,17565.0,62348.0
155048006,2023,1680.0,16186.0
155048003,2023,,99045.0
155048002,2023,,18727.0
155049005,2023,41865.0,367210.0
155049011,2023,48435.0,117321.0
155049003,2023,5585.0,67885.0
155049006,2023,190993.0,407522.0
155049009,2023,11500.0,38110.0
155049012,2023,47885.0,311406.0
155049001,2023,2276.0,62338.0
155049004,2023,27325.0,224855.0
155049007,2023,21773.0,266856.0
155049010,2023,,810.0
155049008,2023,17300.0,76285.0
155050006,2023,5365.0,57710.0
155050001,2023,7530.0,10758.0
155050701,2023,,9065.0
155050002,2023,3435.0,7435.0
155052503,2023,3964.0,19383.0
155053003,2023,12910.0,106705.0
155054004,2023,677.0,35983.0
155055001,2023,,559.0
155057501,2023,,31850.0
155057701,2023,2102.0,13337.0
155058004,2023,,6648.0
155061004,2023,,1337.0
155062006,2023,,6060.0
155062002,2023,,1453.0
155063009,2023,,9090.0
155064012,2023,,138356.0
155064014,2023,5450.0,165672.0
155064002,2023,106.0,15275.0
155068701,2023,3185.0,13624.0
155069002,2023,5815.0,28680.0
155071008,2023,8676.0,32807.0
155071012,2023,10285.0,50665.0
155072701,2023,1044.0,22050.0
155073008,2023,,18169.0
155075002,2023,,5892.0
155075003,2023,,18546.0
155075005,2023,,4188.0
155076003,2023,3600.0,7395.0
155076007,2023,,1415.0
155079011,2023,,76501.0
155084501,2023,5725.0,26459.0
155085008,2023,,20405.0
155085004,2023,2660.0,17219.0
155089703,2023,153.0,2778.0
155090001,2023,,19247.0
155090702,2023,,7150.0
155090701,2023,3855.0,62070.0
155091703,2023,,805.0
155091704,2023,2000.0,10125.0
155091701,2023,,5230.0
155092201,2023,4640.0,90068.0
155092007,2023,103.0,7642.0
191001001,2023,,5235.0
191002002,2023,434.0,7976.0
191003003,2023,,97708.0
191006006,2023,4665.0,19630.0
191008008,2023,,102208.0
191009009,2023,,65503.0
191010010,2023,,5073.0
191011011,2023,,7128.0
191015015,2023,331.0,65593.0
191018017,2023,,1131.0
191020019,2023,,25896.0
191023022,2023,,47432.0
191024023,2023,,11137.0
191026025,2023,,592055.0
191029028,2023,14725.0,75382.0
191030029,2023,9920.0,23781.0
191031030,2023,1.0,2051.0
191032031,2023,5150.0,56968.0
191035034,2023,149.0,10144.0
191037035,2023,5959.0,17073.0
191038036,2023,5103.0,98673.0
191039037,2023,,9264.0
191040038,2023,10845.0,20809.0
191043041,2023,934.0,14562.0
191044042,2023,3632.0,63345.0
191045043,2023,36338.0,141944.0
191046044,2023,,8064.0
191047045,2023,,22453.0
191048046,2023,,63601.0
191049047,2023,,17138.0
191050048,2023,,28549.0
191051049,2023,1119.0,6971.0
191052050,2023,7734.0,219621.0
191053051,2023,,72419.0
191056054,2023,58.0,2852.0
191057055,2023,,23680.0
191058056,2023,,12467.0
191059057,2023,315.0,7357.0
191060058,2023,,1494.0
191061059,2023,,3919.0
191063061,2023,229.0,27712.0
192003002,2023,,10205.0
192003001,2023,,2174.0
192005006,2023,,717.0
192008002,2023,1425.0,440589.0
192010003,2023,85.0,45698.0
192010005,2023,,126.0
192010004,2023,,11087.0
192013002,2023,,7136.0
192014003,2023,,1020.0
192015003,2023,2068.0,1896.0
192017001,2023,,6160.0
192017002,2023,21406.0,1870419.0
192018001,2023,,2590.0
192020002,2023,644.0,1643.0
192021002,2023,,2663.0
192023003,2023,,26665.0
192024004,2023,,17797.0
192025001,2023,,232.0
192026004,2023,28.0,2568.0
192026003,2023,1367.0,74523.0
192028004,2023,11634.0,425274.0
192028005,2023,,20000.0
192028006,2023,,36855.0
192029003,2023,,11615.0
192031004,2023,,84168.0
192032002,2023,,43836.0
192032005,2023,2874.0,13417.0
192034001,2023,,8192.0
192035004,2023,,14125.0
192036001,2023,114633.0,1003728.0
192037002,2023,,27241.0
192037001,2023,,117039.0
192040007,2023,,13380.0
192040001,2023,,176830.0
192042001,2023,,11861.0
192043002,2023,,705.0
192049007,2023,,9010.0
192051005,2023,,3602.0
192051004,2023,,4677.0
192052002,2023,,1999.0
192053002,2023,,5097.0
192057001,2023,,4097.0
192064004,2023,,5846.0
194008301,2023,,1599.0
194010504,2023,,560.0
195001001,2023,,4087.0
195002001,2023,,20855.0
195003001,2023,,316727.0
195004001,2023,,5832.0
195005001,2023,,312.0
195006001,2023,,45880.0
195007001,2023,,23160.0
195008001,2023,,149690.0
195009001,2023,9568.0,101927.0
195010001,2023,,291551.0
195011001,2023,,5070.0
195012001,2023,,16580.0
195013001,2023,,860.0
195015001,2023,,120.0
195017001,2023,,7572.0
195018001,2023,,1200.0
195019001,2023,2062.0,7106.0
195020001,2023,,9584.0
195021001,2023,,6710.0
195022001,2023,,6442.0
195023001,2023,,80390.0
195024001,2023,,17953.0
195025001,2023,,8500.0
195026001,2023,80140.0,333527.0
195027001,2023,1478.0,37878.0
195028001,2023,171625.0,236866.0
195029001,2023,,198667.0
195030001,2023,,1060.0
195031001,2023,,38232.0
195032001,2023,,106173.0
195033001,2023,,11703.0
195034001,2023,,7693.0
195035001,2023,,24340.0
195036001,2023,1080.0,1340.0
195037002,2023,22521.0,155163.0
195039001,2023,,366.0
195040001,2023,79194.0,126778.0
195041001,2023,,25035.0
195042001,2023,,39650.0
195043001,2023,,19324.0
195045001,2023,14937.0,74362.0
195046001,2023,,11030.0
195047001,2023,,91546.0
195049001,2023,,20258.0
195050001,2023,,97855.0
195051001,2023,,25026.0
195052001,2023,80151.0,331205.0
195053001,2023,,32557.0
195054001,2023,,133.0
195055001,2023,,152321.0
195057001,2023,,20866.0
195058001,2023,,16208.0
195060001,2023,,59783.0
195061001,2023,9500.0,84830.0
195062001,2023,16.0,16.0
195063001,2023,,48998.0
195064001,2023,,780.0
222001201,2023,14662.0,112047.0
222003004,2023,27895.0,159909.0
222003002,2023,50843.0,335677.0
222005002,2023,9585.0,147490.0
222005008,2023,14345.0,114849.0
222005003,2023,7541.0,126302.0
222005101,2023,,50631.0
222006101,2023,,52433.0
222007002,2023,10129.0,63389.0
222007201,2023,,14482.0
222007301,2023,7035.0,93060.0
222007101,2023,,10949.0
222008001,2023,4610.0,32433.0
222009011,2023,,81782.0
222009007,2023,1050.0,41804.0
222009008,2023,21514.0,332773.0
222009009,2023,34275.0,317791.0
222009006,2023,7800.0,73372.0
222011201,2023,3535.0,78513.0
222011101,2023,6955.0,179545.0
222011102,2023,340.0,152156.0
223001007,2023,,110076.0
223001005,2023,13290.0,30270.0
223001002,2023,8342.0,50316.0
223001004,2023,16734.0,90147.0
223001010,2023,14852.0,57367.0
223001015,2023,7140.0,24910.0
223001012,2023,19770.0,47485.0
223003004,2023,,3585.0
223003005,2023,22150.0,104238.0
223003015,2023,,4134.0
223003003,2023,1175.0,41614.0
223003014,2023,46530.0,50421.0
223003008,2023,5820.0,52956.0
223004002,2023,1985.0,9818.0
223005003,2023,302.0,10590.0
223005002,2023,50533.0,320334.0
223005012,2023,12300.0,112033.0
223005019,2023,2905.0,9225.0
223006009,2023,161.0,214.0
223006013,2023,3183.0,3304.0
223007010,2023,,34627.0
223008004,2023,100.0,2067.0
223008014,2023,,4405.0
223008013,2023,75.0,337.0
223009036,2023,11022.0,24914.0
223009008,2023,29459.0,166957.0
223009017,2023,,42850.0
223009021,2023,37165.0,209399.0
223009028,2023,6859.0,41274.0
223009037,2023,15115.0,66565.0
223009002,2023,8705.0,294399.0
223009007,2023,1000.0,245017.0
223009022,2023,,84680.0
223009025,2023,25789.0,148201.0
223009041,2023,5973.0,95444.0
223009013,2023,58550.0,104543.0
223009014,2023,,56588.0
223009040,2023,,36634.0
223009033,2023,500.0,25430.0
223010001,2023,54835.0,227084.0
223011022,2023,4572.0,111808.0
223011020,2023,10900.0,50015.0
223011023,2023,19739.0,108038.0
223011004,2023,13842.0,461055.0
223011005,2023,10920.0,61368.0
223011008,2023,,18450.0
223011013,2023,22630.0,64321.0
223011021,2023,3770.0,145965.0
223011024,2023,1572.0,175439.0
223011025,2023,56575.0,86818.0
223011018,2023,105240.0,196203.0
223011009,2023,,59153.0
223011016,2023,,120580.0
223012019,2023,300.0,191381.0
223012016,2023,6595.0,105680.0
223012023,2023,14826.0,116176.0
223012004,2023,,58242.0
223012005,2023,,31876.0
223012021,2023,2150.0,5590.0
223012009,2023,,140363.0
223012018,2023,,36389.0
223012022,2023,,69315.0
223014003,2023,-2149.0,24433.0
223014034,2023,232.0,4142.0
223014046,2023,-265.0,20848.0
223014049,2023,,60079.0
223014040,2023,4530.0,120269.0
223014015,2023,,76131.0
223014010,2023,,3421.0
242002001,2023,9850.0,33068.0
242003003,2023,11103.0,31248.0
242004001,2023,,52096.0
242013005,2023,1545.0,16160.0
242014003,2023,9646.0,24840.0
242014001,2023,2922.0,8553.0
242014009,2023,19613.0,225475.0
242017006,2023,186.0,25508.0
242019801,2023,9995.0,33276.0
242019002,2023,3742.0,10345.0
242019006,2023,47875.0,148110.0
242020004,2023,,10554.0
242027008,2023,32840.0,122580.0
242027002,2023,4432.0,45480.0
242027010,2023,3895.0,58885.0
242027016,2023,15390.0,84550.0
242027029,2023,10000.0,66470.0
242027020,2023,125034.0,826517.0
242027012,2023,7265.0,82020.0
242027009,2023,5380.0,24230.0
242027001,2023,29401.0,109135.0
242027022,2023,,60145.0
242042006,2023,2875.0,63414.0
242047007,2023,3936.0,34156.0
242048007,2023,,18066.0
242052005,2023,7276.0,94559.0
242054001,2023,,3198.0
242055004,2023,1448.0,295667.0
242056009,2023,1753.0,15890.0
242060004,2023,6.0,3350.0
242062502,2023,,10831.0
242062008,2023,,16420.0
242062009,2023,201539.0,776873.0
242069008,2023,11697.0,122620.0
242069015,2023,1566.0,4140.0
242070008,2023,10000.0,45920.0
242073021,2023,15967.0,184767.0
242082804,2023,76.0,46635.0
242082801,2023,,37190.0
242082803,2023,5915.0,22165.0
242082016,2023,4021.0,30485.0
245002006,2023,25373.0,100895.0
245002002,2023,,276986.0
245002007,2023,,96275.0
245002005,2023,,47769.0
245003301,2023,,29631.0
245004001,2023,,34941.0
245004014,2023,,57113.0
245006301,2023,,2267.0
245007045,2023,,14840.0
245007201,2023,,23705.0
245007202,2023,,62498.0
245007036,2023,,159155.0
245008072,2023,,39225.0
245009008,2023,,22820.0
245010033,2023,37998.0,187427.0
245010037,2023,10917.0,55169.0
245010039,2023,,99276.0
245011012,2023,43733.0,69252.0
245011201,2023,,7440.0
245012026,2023,,1906.0
245013201,2023,,59684.0
245014003,2023,2543.0,28040.0
245014009,2023,55909.0,71598.0
245014014,2023,,2681.0
245014007,2023,1406.0,42994.0
245014011,2023,2799.0,211941.0
245015301,2023,,1263.0
245017010,2023,,22893.0
245018041,2023,,30604.0
245018006,2023,,23814.0
245019001,2023,,138664.0
245019004,2023,,65053.0
245019010,2023,,127264.0
245019503,2023,11846.0,98932.0
245019007,2023,3334.0,214947.0
245019012,2023,9995.0,54447.0
245019014,2023,,145298.0
245020003,2023,,14362.0
245021041,2023,,3925.0
245021001,2023,,85315.0
245023301,2023,,5100.0
245023064,2023,,6268.0
245023202,2023,,16439.0
245024001,2023,1024.0,37392.0
245024002,2023,,9610.0
245025003,2023,,25798.0
245025010,2023,,15450.0
245025012,2023,,18782.0
245025002,2023,,20944.0
245027012,2023,16834.0,121240.0
245027002,2023,26088.0,160331.0
245027036,2023,6040.0,58008.0
245027039,2023,19015.0,233464.0
245027028,2023,11405.0,186521.0
245027032,2023,15665.0,245387.0
245027033,2023,,45161.0
245027037,2023,12445.0,175355.0
245027038,2023,2308.0,139439.0
245027042,2023,,26040.0
245027046,2023,,226402.0
245027011,2023,4884.0,48921.0
245028008,2023,,8468.0
245028055,2023,,622.0
245029021,2023,,3215.0
245029022,2023,27980.0,65175.0
245030004,2023,,73407.0
245031004,2023,3101.0,55235.0
245031002,2023,7743.0,20709.0
245031003,2023,3506.0,110979.0
245032301,2023,1391.0,36051.0
245033021,2023,10689.0,18917.0
245034031,2023,,18239.0
245034074,2023,,37720.0
245035202,2023,,3215.0
245037066,2023,,22377.0
245039001,2023,,20185.0
245040001,2023,760.0,17946.0
245041010,2023,,5782.0
245041009,2023,,2007.0
245042003,2023,1868.0,19508.0
245042014,2023,1125.0,54816.0
245043017,2023,,21041.0
245043019,2023,,66870.0
245045201,2023,26467.0,30943.0
245045801,2023,,1945.0
245046202,2023,,4694.0
245046023,2023,,7557.0
245046001,2023,,33747.0
245047042,2023,,41094.0
245047022,2023,,15509.0
245048901,2023,,106.0
245048035,2023,7266.0,39046.0
245049016,2023,,3738.0
245050006,2023,,62740.0
245050016,2023,,7222.0
245051039,2023,,3728.0
245052029,2023,,101880.0
245052013,2023,,6033.0
245053023,2023,,5547.0
245055002,2023,2237.0,88183.0
245055005,2023,26342.0,34249.0
245055074,2023,,349272.0
245055076,2023,2497.0,56245.0
245056037,2023,,17447.0
245056052,2023,,28.0
245056135,2023,,3560.0
245057023,2023,,38648.0
245058050,2023,,4904.0
245058033,2023,,20284.0
245060009,2023,,3574.0
245060008,2023,,5440.0
245060201,2023,,8971.0
245060002,2023,,2227.0
245061003,2023,,8737.0
245062001,2023,,202414.0
245062002,2023,21552.0,483151.0
245062003,2023,,194761.0
245062004,2023,36845.0,461037.0
245064021,2023,,159.0
245064038,2023,,7761.0
245065202,2023,,1166.0
245066001,2023,,4413.0
245066003,2023,,57117.0
245067004,2023,,7445.0
245068001,2023,,4.0
245068008,2023,790.0,50207.0
245068015,2023,,16665.0
245069005,2023,34981.0,42889.0
245069007,2023,,15333.0
245069014,2023,,20416.0
245069009,2023,,25.0
245069006,2023,,155490.0
245070001,2023,,13469.0
245070003,2023,,67504.0
245070033,2023,,204983.0
245070004,2023,18157.0,198658.0
245071002,2023,,79701.0
245071001,2023,,58962.0
245072202,2023,,90.0
245073073,2023,,17710.0
245074003,2023,,7655.0
245074004,2023,,162139.0
245075004,2023,,11130.0
245076084,2023,,10483.0
245076002,2023,1063.0,28572.0
245077007,2023,14322.0,24694.0
245077002,2023,,9900.0
245078011,2023,,5455.0
245079045,2023,,5034.0
245080001,2023,,13928.0
245081001,2023,,12493.0
245081011,2023,5304.0,14609.0
245082009,2023,,294699.0
245082011,2023,,99975.0
245082005,2023,3643.0,45866.0
245083008,2023,,23757.0
245083005,2023,,3915.0
245083001,2023,,92.0
245084008,2023,6208.0,21698.0
245084001,2023,,6090.0
245085036,2023,,5841.0
245086079,2023,,136524.0
245086002,2023,,15530.0
245086042,2023,,34660.0
245086020,2023,,57177.0
245086076,2023,1490.0,31166.0
245086011,2023,,56073.0
245086001,2023,,43463.0
245087001,2023,23462.0,29846.0
341001001,2023,9029.0,185538.0
341010010,2023,45815.0,422621.0
341011011,2023,175413.0,740946.0
341013013,2023,16522.0,336658.0
341015015,2023,,5005.0
341016016,2023,20000.0,33360.0
341017017,2023,13050.0,15881.0
341018018,2023,38480.0,269684.0
341026026,2023,,56914.0
341032032,2023,192465.0,643473.0
341033033,2023,,26370.0
341034034,2023,,632664.0
341039039,2023,2382.0,75658.0
341041041,2023,904.0,608043.0
341043043,2023,1344.0,255795.0
341049049,2023,,173493.0
341051051,2023,6839.0,499213.0
341060060,2023,437860.0,1764034.0
341063063,2023,4657.0,249700.0
341064064,2023,292.0,58529.0
341065065,2023,21850.0,382321.0
341068068,2023,14298.0,307605.0
341071071,2023,,132005.0
341073073,2023,,6286.0
341074074,2023,17287.0,120792.0
341080080,2023,46038.0,78182.0
341090090,2023,157615.0,894034.0
341092092,2023,606503.0,2699580.0
341095095,2023,31800.0,62005.0
341096096,2023,94648.0,154305.0
342001001,2023,,29944.0
342010401,2023,,10157.0
342010701,2023,1900.0,460.0
342011001,2023,32470.0,167168.0
342013001,2023,,52410.0
342018005,2023,19318.0,77928.0
342023006,2023,,59721.0
342026001,2023,32443.0,853781.0
342032001,2023,,236865.0
342034002,2023,63895.0,836212.0
342036001,2023,11700.0,15283.0
342036006,2023,48590.0,137673.0
342041002,2023,78460.0,711380.0
342041004,2023,,287215.0
342045001,2023,33707.0,79114.0
342049002,2023,,101064.0
342051002,2023,95800.0,139981.0
342053002,2023,9210.0,65182.0
342060003,2023,,18768.0
342060002,2023,2021.0,20989.0
342060004,2023,,34821.0
342060001,2023,162665.0,4291260.0
342065003,2023,23980.0,267115.0
342092005,2023,,90526.0
342092010,2023,,33664.0
342092002,2023,,433730.0
342092001,2023,,122171.0
342092003,2023,36105.0,97225.0
342092004,2023,21620.0,55299.0
342092008,2023,657671.0,1677298.0
342092011,2023,,11769.0
342092007,2023,,38735.0
342095002,2023,,30060.0
342095001,2023,2895.0,13964.0
342096003,2023,,43756.0
441001001,2023,,9259.0
441014014,2023,,147845.0
441015015,2023,899320.0,3527855.0
441018018,2023,,7765.0
441020020,2023,107265.0,170720.0
441021021,2023,,67255.0
441029029,2023,,1115.0
441031031,2023,33480.0,195764.0
441043043,2023,82870.0,544249.0
441046046,2023,,110715.0
441061061,2023,44370.0,559930.0
441068068,2023,,41955.0
441071071,2023,46704.0,502738.0
441079079,2023,219484.0,1038600.0
441084084,2023,,190347.0
441101101,2023,842789.0,5020006.0
441105105,2023,,522684.0
441129129,2023,42991.0,217746.0
441133133,2023,,27155.0
441141141,2023,,17805.0
441152152,2023,1956.0,81082.0
441155155,2023,14120.0,142685.0
441170170,2023,8430.0,551880.0
441171171,2023,,180.0
441212212,2023,,33505.0
441220220,2023,290615.0,429197.0
441225225,2023,,110198.0
441227227,2023,37564.0,1080483.0
441233233,2023,311.0,20528.0
441235235,2023,20298.0,62484.0
441240240,2023,,106455.0
441243243,2023,,65728.0
441246246,2023,117583.0,1236832.0
442014003,2023,21630.0,212270.0
442014005,2023,,152856.0
442015010,2023,2067464.0,12994963.0
442019006,2023,,44080.0
442020004,2023,,7255.0
442021001,2023,68590.0,573795.0
442021002,2023,72000.0,437005.0
442031001,2023,72425.0,488126.0
442031901,2023,,16605.0
442043009,2023,76450.0,606150.0
442043008,2023,146852.0,655911.0
442043006,2023,185690.0,1016420.0
442043001,2023,,141459.0
442043011,2023,33975.0,194585.0
442043014,2023,13111.0,78101.0
442046001,2023,120883.0,631069.0
442049001,2023,7693.0,40889.0
442057018,2023,,134135.0
442057004,2023,24313.0,218238.0
442057008,2023,26580.0,105775.0
442057020,2023,82654.0,405540.0
442057001,2023,31305.0,141600.0
442057009,2023,,20460.0
442057010,2023,23810.0,75181.0
442057016,2023,408030.0,1008865.0
442057022,2023,11775.0,145865.0
442057007,2023,3565733.0,12447869.0
442057013,2023,208015.0,587076.0
442057012,2023,241000.0,1362555.0
442061702,2023,,12618.0
442061005,2023,190430.0,381040.0
442061002,2023,206575.0,1377085.0
442061504,2023,8550.0,149350.0
442070006,2023,18135.0,106030.0
442070003,2023,,12740.0
442071002,2023,789245.0,3035265.0
442079005,2023,,13635.0
442079001,2023,,12073.0
442079006,2023,67315.0,512765.0
442084802,2023,41170.0,265119.0
442084001,2023,34014.0,215088.0
442084003,2023,,23598.0
442092004,2023,,116090.0
442094801,2023,,55637.0
442094002,2023,21221.0,276002.0
442095004,2023,,25755.0
442098002,2023,,6631.0
442101022,2023,,22441.0
442101004,2023,,89828.0
442101008,2023,7655.0,12125735.0
442101501,2023,31105.0,40360.0
442101001,2023,29478.0,251038.0
442105003,2023,,300060.0
442108007,2023,,20746.0
442112003,2023,,1416.0
442116006,2023,,141313.0
442123001,2023,60375.0,339305.0
442133001,2023,,63717.0
442152002,2023,83170.0,1342362.0
442155010,2023,122353.0,1731550.0
442165001,2023,247790.0,494790.0
442174003,2023,,30567.0
442177003,2023,299.0,14031.0
442178003,2023,193094.0,1568027.0
442184002,2023,,86768.0
442199002,2023,,53998.0
442220012,2023,,152969.0
442220002,2023,,131740.0
442220011,2023,370035.0,2572292.0
442220015,2023,,45665.0
442220018,2023,,199525.0
442220019,2023,15475.0,132415.0
442220001,2023,986105.0,2350728.0
442220014,2023,1975.0,55050.0
442221001,2023,43170.0,407160.0
442226001,2023,56545.0,232601.0
442227701,2023,184196.0,525921.0
442235001,2023,,69405.0
442236001,2023,19575.0,103035.0
442239001,2023,,4936.0
442240001,2023,126540.0,899423.0
442241001,2023,3421.0,34010.0
442243004,2023,9270.0,161777.0
442246901,2023,,201267.0
442246003,2023,,249245.0
444002001,2023,27534.0,29626.0
444020303,2023,,5571.0
444020017,2023,,248035.0
444079205,2023,,74695.0
444079625,2023,,51305.0
444079134,2023,,50270.0
444079170,2023,7700.0,107635.0
444084709,2023,,30730.0
444101141,2023,,17960.0
444101323,2023,,31215.0
444101144,2023,,36565.0
444101023,2023,,88775.0
444101120,2023,,2773.0
444101321,2023,5870.0,8445.0
444101465,2023,,15615.0
444101613,2023,,67710.0
444101678,2023,73795.0,219650.0
444101854,2023,15750.0,87075.0
444101294,2023,,22690.0
444101882,2023,,22900.0
444101972,2023,,7765.0
444101981,2023,5155.0,18530.0
444116802,2023,,41807.0
444123015,2023,,89723.0
444161602,2023,,11140.0
444165538,2023,,209341.0
444168801,2023,470.0,13914.0
444177301,2023,1015.0,22686.0
444181006,2023,187.0,33467.0
444227109,2023,,15875.0
444246202,2023,,31040.0
444246316,2023,,19965.0
445001007,2023,,11885.0
445001002,2023,,11500.0
445001010,2023,,2690.0
445001012,2023,,3090.0
445001014,2023,,34945.0
445001011,2023,,51265.0
445002001,2023,37815.0,55900.0
445003006,2023,,21030.0
445003008,2023,,8500.0
445003010,2023,,97570.0
445003009,2023,,10799.0
445003012,2023,,5030.0
445005005,2023,,1165.0
445005001,2023,,13620.0
445005003,2023,,14075.0
445006001,2023,,865.0
445007007,2023,,47185.0
445007006,2023,,21145.0
445007008,2023,,20992.0
445007002,2023,,6715.0
445007004,2023,,36062.0
445008008,2023,,10445.0
445008007,2023,,45355.0
445008001,2023,,10285.0
445009003,2023,,24940.0
445010002,2023,,4660.0
445010001,2023,,10530.0
445011004,2023,,194920.0
445011015,2023,,34500.0
445011001,2023,2043.0,278133.0
445012001,2023,,1365.0
445013001,2023,,15033.0
445013003,2023,,25295.0
445013004,2023,,20296.0
445014001,2023,27255.0,85350.0
445014015,2023,,26820.0
445014003,2023,19995.0,20735.0
445014013,2023,,55390.0
445014004,2023,,378390.0
445014012,2023,,11981.0
445014702,2023,,133800.0
445014005,2023,,7020.0
445014007,2023,,383760.0
445015013,2023,287900.0,1462315.0
445015016,2023,,130732.0
445015009,2023,72055.0,1282185.0
445015001,2023,19515.0,168615.0
445015006,2023,,218239.0
445015018,2023,191210.0,434773.0
445015002,2023,87470.0,612604.0
445015015,2023,,45510.0
445015003,2023,77730.0,172408.0
445015017,2023,,79685.0
445016002,2023,52545.0,60740.0
445016001,2023,37980.0,43150.0
445018005,2023,,4810.0
445018001,2023,,20285.0
445018008,2023,,14947.0
445018003,2023,,4155.0
445019002,2023,,21120.0
445019012,2023,9965.0,23200.0
445019015,2023,,5030.0
445019010,2023,6230.0,6643.0
445019009,2023,,520.0
445019013,2023,,77660.0
445019014,2023,,3220.0
445019016,2023,,840.0
445019004,2023,,16430.0
445019701,2023,,11888.0
445020007,2023,,17275.0
445020012,2023,38615.0,69030.0
445020010,2023,11700.0,358840.0
445020001,2023,29220.0,936195.0
445020002,2023,72555.0,223230.0
445020011,2023,,41855.0
445020801,2023,,3657.0
445021001,2023,,324710.0
445021901,2023,,244870.0
445022001,2023,,18135.0
445023003,2023,,5265.0
445024001,2023,,25155.0
445025701,2023,56125.0,67515.0
445025001,2023,,5428.0
445025005,2023,,14644.0
445025007,2023,,995.0
445026002,2023,,35667.0
445026008,2023,,11576.0
445026007,2023,,14299.0
445027004,2023,,74825.0
445027003,2023,,57825.0
445028001,2023,69805.0,123360.0
445028002,2023,,30895.0
445029001,2023,,7795.0
445030001,2023,15970.0,20508.0
445030005,2023,,3557.0
445030003,2023,,2048.0
445030002,2023,,16870.0
445031004,2023,,17952.0
445031014,2023,,83025.0
445031007,2023,,71130.0
445031016,2023,7050.0,12935.0
445031001,2023,,83480.0
445031015,2023,,12660.0
445031003,2023,,100805.0
445031013,2023,,28115.0
445032001,2023,,14215.0
445033003,2023,,9060.0
445033001,2023,,10285.0
445034012,2023,,1138.0
445034005,2023,,176.0
445034016,2023,,379.0
445034020,2023,,1290.0
445034002,2023,,10016.0
445035003,2023,,165.0
445035001,2023,,28535.0
445035002,2023,,1525.0
445036002,2023,,434325.0
445036001,2023,,55675.0
445036003,2023,9570.0,22038.0
445037015,2023,,7278.0
445037002,2023,,6150.0
445037009,2023,,67990.0
445037024,2023,,2325.0
445039005,2023,,2233.0
445039003,2023,,3735.0
445039001,2023,750.0,4585.0
445040003,2023,,5055.0
445041002,2023,2000.0,10910.0
445042401,2023,,490.0
445042007,2023,,685.0
445043008,2023,60470.0,298885.0
445043007,2023,,32955.0
445043002,2023,,636706.0
445043013,2023,,133285.0
445043019,2023,93270.0,440285.0
445043011,2023,,60075.0
445043023,2023,33795.0,403109.0
445043004,2023,49345.0,270998.0
445043016,2023,,315230.0
445043015,2023,48345.0,492835.0
445043018,2023,631450.0,992285.0
445045008,2023,,13010.0
445045003,2023,,24020.0
445045002,2023,,4175.0
445046007,2023,193555.0,529379.0
445046501,2023,124190.0,1092450.0
445047002,2023,,5950.0
445047001,2023,,7417.0
445047005,2023,,915.0
445047003,2023,,1509.0
445048004,2023,1500.0,1500.0
445048001,2023,,18420.0
445049005,2023,,20842.0
445049002,2023,,14060.0
445049007,2023,,12145.0
445050001,2023,,3550.0
445050006,2023,,414.0
445050011,2023,,949.0
445050004,2023,,18920.0
445052001,2023,43735.0,43735.0
445054002,2023,,7055.0
445055001,2023,,17115.0
445056003,2023,,1520.0
445056001,2023,,9703.0
445057004,2023,71885.0,390765.0
445057007,2023,,180145.0
445057012,2023,312040.0,594030.0
445057003,2023,,86887.0
445057009,2023,145315.0,482435.0
445057010,2023,,375870.0
445057014,2023,,684841.0
445057025,2023,,82543.0
445057801,2023,348295.0,375515.0
445057002,2023,404545.0,677115.0
445057015,2023,193930.0,952430.0
445057013,2023,,172992.0
445058003,2023,,6705.0
445058001,2023,81485.0,81485.0
445058004,2023,,21480.0
445059001,2023,,16515.0
445059002,2023,,913.0
445060002,2023,,7900.0
445061003,2023,,1237000.0
445061001,2023,89395.0,408721.0
445061008,2023,180250.0,487091.0
445061012,2023,,142065.0
445061007,2023,73220.0,1045075.0
445061011,2023,,70305.0
445061005,2023,19465.0,46403.0
445061009,2023,523020.0,1807155.0
445061002,2023,27810.0,311004.0
445061006,2023,34875.0,169697.0
445061010,2023,,45445.0
445062005,2023,4100.0,31840.0
445062001,2023,,46280.0
445062003,2023,,6385.0
445063005,2023,,1610.0
445064002,2023,,33590.0
445065002,2023,,401.0
445066001,2023,,3870.0
445066601,2023,,19900.0
445066011,2023,,21870.0
445067008,2023,3147.0,23255.0
445067005,2023,,3215.0
445067004,2023,,9144.0
445070008,2023,,11355.0
445070014,2023,190640.0,410753.0
445070005,2023,,78910.0
445070009,2023,32660.0,41083.0
445070006,2023,,25108.0
445070010,2023,12880.0,394755.0
445070013,2023,,78035.0
445070012,2023,,15875.0
445070001,2023,,575.0
445071001,2023,,139871.0
445071701,2023,,901769.0
445071008,2023,,882277.0
445071003,2023,,24360.0
445071004,2023,,748340.0
445071702,2023,,2995.0
445071002,2023,,21138.0
445071005,2023,,14562.0
445071006,2023,,79630.0
445072004,2023,,7590.0
445072002,2023,,5476.0
445072001,2023,,4963.0
445072005,2023,,6661.0
445072008,2023,39875.0,107950.0
445073003,2023,,656.0
445073005,2023,30360.0,30360.0
445074017,2023,,240.0
445074004,2023,,24835.0
445074005,2023,,3495.0
445074020,2023,39145.0,44415.0
445074014,2023,,3094.0
445074901,2023,,6835.0
445074006,2023,,995.0
445075003,2023,,16161.0
445075009,2023,,5165.0
445075002,2023,,6320.0
445075005,2023,,28185.0
445076003,2023,,8775.0
445076004,2023,,12928.0
445077002,2023,,29355.0
445077003,2023,,3665.0
445078001,2023,,2735.0
445079002,2023,1158090.0,2834465.0
445079006,2023,97525.0,1548150.0
445079004,2023,29275.0,68702.0
445080002,2023,,16205.0
445081006,2023,,3965.0
445081004,2023,8000.0,8577.0
445081008,2023,,5645.0
445082002,2023,,13895.0
445082001,2023,,24600.0
445083003,2023,23315.0,30185.0
445083002,2023,,5785.0
445084005,2023,275.0,7735.0
445084011,2023,131390.0,290895.0
445084003,2023,,189905.0
445084001,2023,56980.0,993980.0
445084002,2023,116645.0,466390.0
445084010,2023,5045.0,75265.0
445084004,2023,60880.0,338075.0
445084006,2023,,63015.0
445085006,2023,,29355.0
445086003,2023,77820.0,97050.0
445088002,2023,,3200.0
445089002,2023,22025.0,30954.0
445089001,2023,,18905.0
445089004,2023,,5550.0
445090004,2023,,1495.0
445090006,2023,,29355.0
445091002,2023,25445.0,40989.0
445091021,2023,1030.0,9334.0
445091004,2023,128790.0,206600.0
445091024,2023,,2245.0
445091003,2023,,7614.0
445091017,2023,,177025.0
445091018,2023,,25060.0
445091022,2023,29690.0,171175.0
445091009,2023,37345.0,89005.0
445091025,2023,,18500.0
445092007,2023,,141136.0
445092003,2023,,26315.0
445092006,2023,,134490.0
445092009,2023,,16095.0
445092011,2023,,17658.0
445092010,2023,665.0,33522.0
445092008,2023,,38710.0
445093006,2023,,65174.0
445093003,2023,,7860.0
445093001,2023,,23020.0
445094014,2023,47290.0,199220.0
445095003,2023,,3892.0
445095001,2023,,13925.0
445095005,2023,,61565.0
445095004,2023,,19395.0
445096004,2023,,1985.0
445097005,2023,1000.0,2835.0
445098002,2023,800.0,800.0
445098001,2023,9145.0,14800.0
445099001,2023,,8075.0
445100007,2023,,23425.0
445100008,2023,,50495.0
445100004,2023,,7340.0
445101019,2023,98445.0,452980.0
445101003,2023,72160.0,389056.0
445101009,2023,,313056.0
445101013,2023,,65965.0
445101014,2023,,1103745.0
445101020,2023,472780.0,1186205.0
445101004,2023,,275990.0
445101005,2023,83100.0,204725.0
445101015,2023,242960.0,2267301.0
445101016,2023,326535.0,1395105.0
445101018,2023,218130.0,760255.0
445101022,2023,233980.0,889775.0
445101017,2023,76015.0,346855.0
445101006,2023,601765.0,3549625.0
445101002,2023,,934570.0
445101007,2023,83865.0,328785.0
445101011,2023,185040.0,2116310.0
445101021,2023,293460.0,855450.0
445102005,2023,,439.0
445102702,2023,41695.0,115960.0
445102012,2023,,13515.0
445102004,2023,,76810.0
445103002,2023,,3850.0
445104002,2023,,16240.0
445104004,2023,1960.0,6992.0
445105003,2023,170990.0,630105.0
445105004,2023,,193215.0
445106002,2023,,10195.0
445107003,2023,22355.0,38567.0
445107006,2023,,39745.0
445107001,2023,,51615.0
445107005,2023,,3375.0
445107009,2023,6835.0,73250.0
445107008,2023,,5420.0
445107014,2023,,460.0
445108004,2023,,116520.0
445108018,2023,,182698.0
445108005,2023,,24384.0
445108007,2023,,78231.0
445108017,2023,,80225.0
445108003,2023,,21740.0
445108008,2023,,36890.0
445108013,2023,,245235.0
445108002,2023,58080.0,107030.0
445108010,2023,,9985.0
445108020,2023,,51070.0
445108009,2023,,96538.0
445108014,2023,,25395.0
445109003,2023,,5440.0
445109013,2023,8335.0,10359.0
445109001,2023,11775.0,14545.0
445109011,2023,,632.0
445109007,2023,,26679.0
445109016,2023,,29560.0
445109004,2023,,1018.0
445109002,2023,,807.0
445109010,2023,,8645.0
445110007,2023,2240.0,5680.0
445110008,2023,,1285.0
445110002,2023,,38970.0
445110005,2023,,8945.0
445111003,2023,,15493.0
445111005,2023,,8558.0
445111002,2023,,76845.0
445112004,2023,,3600.0
445112008,2023,,42625.0
445113008,2023,,6355.0
445113007,2023,,4635.0
445113003,2023,,8585.0
445113005,2023,,9005.0
445114005,2023,,12835.0
445114003,2023,,8910.0
445114001,2023,,39440.0
445116004,2023,,110504.0
445116012,2023,,8465.0
445116001,2023,,12790.0
445116003,2023,,5345.0
445116005,2023,25165.0,83275.0
445116007,2023,7875.0,75010.0
445116011,2023,,2790.0
445116016,2023,,5662.0
445116008,2023,9130.0,48107.0
445117001,2023,,60667.0
445117007,2023,9850.0,9850.0
445118002,2023,,11295.0
445119003,2023,44560.0,61571.0
445119002,2023,,10440.0
445119004,2023,,2510.0
445120003,2023,,15125.0
445120001,2023,,11510.0
445120002,2023,,20955.0
445121005,2023,,772.0
445121004,2023,,17880.0
445121007,2023,,18160.0
445121006,2023,,23795.0
445123007,2023,,327025.0
445123001,2023,,238015.0
445123009,2023,31230.0,74509.0
445123005,2023,,141780.0
445123501,2023,,49910.0
445124001,2023,7315.0,14525.0
445125001,2023,,31500.0
445125006,2023,,14627.0
445125002,2023,,2165.0
445125005,2023,,9350.0
445126004,2023,,165607.0
445126014,2023,11962.0,20104.0
445126010,2023,,10479.0
445126003,2023,,277644.0
445126009,2023,,85870.0
445126008,2023,,14965.0
445126001,2023,33985.0,185773.0
445126007,2023,18485.0,227180.0
445126015,2023,,28955.0
445127004,2023,,4150.0
445127003,2023,,2470.0
445127005,2023,,697.0
445127001,2023,,3630.0
445127007,2023,,7120.0
445128002,2023,,19953.0
445128001,2023,,17235.0
445128003,2023,,21175.0
445128004,2023,,6607.0
445129004,2023,291631.0,954845.0
445129006,2023,,14625.0
445129010,2023,,31796.0
445129005,2023,,65815.0
445129013,2023,,8260.0
445129014,2023,,50742.0
445129001,2023,27935.0,240550.0
445130001,2023,110000.0,377925.0
445130002,2023,,41480.0
445133003,2023,,2755.0
445133001,2023,,226.0
445133004,2023,24365.0,34830.0
445133005,2023,,84510.0
445135002,2023,,800.0
445136001,2023,,995.0
445137001,2023,,52040.0
445137003,2023,,576.0
445138005,2023,,5980.0
445139010,2023,,47595.0
445139012,2023,,47832.0
445139005,2023,28605.0,52985.0
445140006,2023,,7295.0
445140002,2023,38365.0,37755.0
445141003,2023,,23350.0
445141004,2023,2715.0,5159.0
445142002,2023,4975.0,77960.0
445143005,2023,,17624.0
445143009,2023,,11315.0
445143003,2023,,3165.0
445143014,2023,,3182.0
445144006,2023,,8955.0
445144005,2023,,24540.0
445144001,2023,,2730.0
445145010,2023,1000.0,5685.0
445145001,2023,,7680.0
445145009,2023,18370.0,33214.0
445145005,2023,10000.0,9999.0
445146001,2023,,304260.0
445146006,2023,,456.0
445146007,2023,,34630.0
445146009,2023,,6970.0
445146002,2023,,67865.0
445146005,2023,,17550.0
445147009,2023,,11930.0
445147002,2023,6975.0,8890.0
445147006,2023,,4818.0
445148003,2023,,810.0
445148002,2023,,1190.0
445149001,2023,,24675.0
445149002,2023,1775.0,17635.0
445150001,2023,35440.0,61030.0
445152004,2023,,286440.0
445152007,2023,24730.0,72875.0
445152005,2023,9880.0,43800.0
445152001,2023,70905.0,432188.0
445152006,2023,,6435.0
445152002,2023,,456583.0
445152008,2023,,10315.0
445152003,2023,,9775.0
445153004,2023,,11520.0
445153002,2023,,21805.0
445153003,2023,,9941.0
445154001,2023,,12705.0
445155010,2023,,22731.0
445155005,2023,,7985.0
445155011,2023,8840.0,24320.0
445155012,2023,,21311.0
445155015,2023,,22740.0
445155004,2023,,76460.0
445155006,2023,7605.0,12300.0
445155009,2023,,31385.0
445155014,2023,,8370.0
445155020,2023,151340.0,453665.0
445155003,2023,,4430.0
445155016,2023,,20935.0
445155901,2023,,6340.0
445155008,2023,,1824.0
445155021,2023,,20110.0
445156002,2023,6000.0,9181.0
445157002,2023,,17580.0
445157004,2023,,6969.0
445158003,2023,,4195.0
445160001,2023,,2360.0
445161002,2023,,3490.0
445161003,2023,,108735.0
445161001,2023,,126270.0
445161005,2023,,70235.0
445162001,2023,,58624.0
445163006,2023,,10912.0
445163004,2023,,31240.0
445163501,2023,364340.0,551806.0
445163002,2023,,9725.0
445165001,2023,,47732.0
445165601,2023,,15088.0
445166005,2023,9500.0,20935.0
445166003,2023,,175.0
445166015,2023,,352.0
445166012,2023,,21365.0
445166011,2023,,5750.0
445167003,2023,2170.0,2020.0
445167001,2023,,19250.0
445168001,2023,,25545.0
445168002,2023,,5675.0
445169001,2023,,20430.0
445169008,2023,,5935.0
445170007,2023,97975.0,140910.0
445170005,2023,223431.0,523210.0
445170002,2023,,1550285.0
445170006,2023,205200.0,733685.0
445170004,2023,213345.0,311140.0
445170008,2023,,366280.0
445171001,2023,,96225.0
445171005,2023,,15129.0
445172003,2023,16860.0,17205.0
445174005,2023,4660.0,7869.0
445174014,2023,,96015.0
445174008,2023,,13720.0
445174004,2023,,561.0
445174012,2023,,3250.0
445174020,2023,,8000.0
445175003,2023,,480.0
445175008,2023,,5871.0
445175010,2023,,16700.0
445175004,2023,,76655.0
445175009,2023,,14900.0
445175015,2023,,21467.0
445176002,2023,,220.0
445176003,2023,,9160.0
445176005,2023,26000.0,26320.0
445177001,2023,6945.0,6945.0
445177005,2023,37990.0,41695.0
445177003,2023,,5750.0
445178007,2023,172415.0,842593.0
445178001,2023,,3820.0
445178010,2023,,50102.0
445178014,2023,,45002.0
445178002,2023,,3218.0
445178003,2023,,25655.0
445178009,2023,,5828.0
445178011,2023,39810.0,67103.0
445178013,2023,36000.0,39331.0
445178005,2023,52105.0,113330.0
445178019,2023,,27180.0
445178017,2023,,44346.0
445179001,2023,24745.0,40279.0
445180003,2023,,14170.0
445180004,2023,,9610.0
445181004,2023,,60195.0
445181008,2023,,9795.0
445181002,2023,72400.0,86885.0
445181006,2023,,59600.0
445181007,2023,,5705.0
445182006,2023,,41419.0
445182003,2023,2480.0,11390.0
445182004,2023,,6815.0
445182008,2023,,1965.0
445183003,2023,17005.0,20461.0
445183007,2023,,6095.0
445183001,2023,,14780.0
445184009,2023,3470.0,43432.0
445184001,2023,115695.0,376053.0
445184007,2023,,14545.0
445184005,2023,,450.0
445184014,2023,,91012.0
445184003,2023,,59773.0
445184010,2023,,1320.0
445184012,2023,,43605.0
445185002,2023,,7450.0
445185003,2023,,15645.0
445186001,2023,,56670.0
445186002,2023,33965.0,45295.0
445186003,2023,,9246.0
445187007,2023,,49060.0
445187006,2023,,2405.0
445187010,2023,,8991.0
445187005,2023,,2400.0
445187003,2023,17125.0,17680.0
445189003,2023,,1552.0
445189002,2023,,3670.0
445190002,2023,,8885.0
445191001,2023,,224695.0
445192001,2023,32330.0,44345.0
445193001,2023,,4190.0
445194010,2023,,4085.0
445194005,2023,,5949.0
445194008,2023,,15990.0
445195002,2023,340565.0,375342.0
445195001,2023,25665.0,65105.0
445196003,2023,32300.0,38840.0
445196001,2023,,12285.0
445197001,2023,,15630.0
445198003,2023,,8885.0
445198002,2023,,6180.0
445198004,2023,,1955.0
445198006,2023,,6210.0
445199001,2023,314125.0,870214.0
445199002,2023,301.0,354822.0
445200004,2023,,520.0
445200002,2023,,6375.0
445201010,2023,,148.0
445201001,2023,,9057.0
445201013,2023,,11595.0
445201801,2023,,12310.0
445201020,2023,,10940.0
445201008,2023,,31156.0
445201017,2023,,6797.0
445202501,2023,,6375.0
445203006,2023,24335.0,32155.0
445203001,2023,9270.0,18681.0
445204001,2023,,16085.0
445205003,2023,,57195.0
445205002,2023,163505.0,326225.0
445205006,2023,,120172.0
445205001,2023,,12805.0
445205007,2023,,27015.0
445205004,2023,,20141.0
445205005,2023,15570.0,38705.0
445206003,2023,,2421.0
445208004,2023,,9850.0
445208002,2023,,3095.0
445208003,2023,,8805.0
445209001,2023,,701.0
445210004,2023,,9405.0
445210009,2023,,7405.0
445210006,2023,,300.0
445210001,2023,2450.0,41180.0
445210008,2023,925.0,3342.0
445211001,2023,,4920.0
445212001,2023,,15690.0
445212008,2023,,60424.0
445212013,2023,,421705.0
445212014,2023,,4790.0
445212002,2023,19430.0,156417.0
445212017,2023,12510.0,36310.0
445212016,2023,,98970.0
445213001,2023,28720.0,34190.0
445214002,2023,,54660.0
445215001,2023,,5020.0
445216001,2023,,5360.0
445217001,2023,,5465.0
445218001,2023,,332.0
445219003,2023,,11250.0
445219002,2023,,1795.0
445220010,2023,,506279.0
445220008,2023,,27395.0
445220024,2023,,79507.0
445220001,2023,140590.0,1230225.0
445220002,2023,,131490.0
445220007,2023,,281070.0
445220012,2023,,106785.0
445220014,2023,,305123.0
445220015,2023,,295350.0
445220020,2023,,782195.0
445220025,2023,,1057305.0
445220030,2023,112435.0,250906.0
445220018,2023,48540.0,62915.0
445220005,2023,285540.0,655275.0
445220013,2023,413795.0,1504885.0
445220017,2023,,782925.0
445221011,2023,,200355.0
445221008,2023,,2600.0
445221006,2023,,8715.0
445221007,2023,1885.0,34855.0
445223004,2023,,16545.0
445223002,2023,,610.0
445223001,2023,,37815.0
445225501,2023,380.0,998.0
445225009,2023,,83765.0
445226012,2023,15100.0,15385.0
445226014,2023,5965.0,21265.0
445226010,2023,,75420.0
445226002,2023,,695.0
445226013,2023,,15010.0
445227005,2023,,105285.0
445227013,2023,337200.0,804920.0
445227602,2023,287355.0,560550.0
445227701,2023,25005.0,84594.0
445227002,2023,268545.0,655350.0
445227011,2023,77210.0,514160.0
445227001,2023,541910.0,1918461.0
445228005,2023,,12575.0
445229002,2023,,775.0
445229005,2023,,1330.0
445229006,2023,,18174.0
445229007,2023,47685.0,49377.0
445230012,2023,,10610.0
445230901,2023,,7628.0
445230005,2023,,40205.0
445230010,2023,,7844.0
445231001,2023,49610.0,53865.0
445231002,2023,39390.0,39890.0
445232002,2023,,2490.0
445232004,2023,,6935.0
445232007,2023,1000.0,6051.0
445234005,2023,,1585.0
445234002,2023,,15632.0
445234006,2023,,2898.0
445234007,2023,,1850.0
445234011,2023,,35349.0
445234012,2023,,2019.0
445235008,2023,,1680.0
445235011,2023,9735.0,25530.0
445235001,2023,,7708.0
445236006,2023,,26193.0
445236003,2023,36465.0,128300.0
445237002,2023,,7195.0
445237001,2023,49340.0,106006.0
445237004,2023,356600.0,710515.0
445238003,2023,,125680.0
445238002,2023,,8945.0
445239004,2023,,32056.0
445239005,2023,,43625.0
445240002,2023,15300.0,20355.0
445240501,2023,8690.0,445640.0
445241014,2023,,68165.0
445241006,2023,,23250.0
445241010,2023,,850.0
445241004,2023,,21255.0
445242002,2023,,2175.0
445242008,2023,,3860.0
445243003,2023,,9640.0
445243002,2023,,10655.0
445243005,2023,,28525.0
445243008,2023,,316385.0
445244006,2023,,37035.0
445245002,2023,,4220.0
445245003,2023,19420.0,19685.0
445245004,2023,,15000.0
445245005,2023,,4850.0
445246006,2023,,28635.0
445246005,2023,148770.0,667000.0
445246009,2023,,192085.0
445246016,2023,39520.0,52638.0
445246003,2023,,55390.0
445246011,2023,403946.0,1376629.0
445246014,2023,,741145.0
445246015,2023,79010.0,131800.0
445246012,2023,257030.0,717788.0
445246008,2023,,436464.0
445247003,2023,,17090.0
445247004,2023,,12676.0
445247007,2023,,11474.0
445247001,2023,,48310.0
445248001,2023,58375.0,76920.0
445248002,2023,39985.0,41780.0
445249004,2023,,10045.0
445249001,2023,,6885.0
445249003,2023,,17022.0
445249006,2023,,46128.0
445249009,2023,58770.0,64874.0
445249005,2023,,13725.0
445249010,2023,,479.0
445250005,2023,,23715.0
445250001,2023,,1265.0
445250013,2023,,30830.0
445250008,2023,,29521.0
445250012,2023,,10245.0
445251002,2023,,9460.0
445251003,2023,,57115.0
445252004,2023,,3295.0
445252002,2023,,14565.0
445252003,2023,15155.0,19655.0
445253001,2023,,18755.0
445254002,2023,,37835.0
445254003,2023,,2205.0
505001002,2023,,280.0
505002801,2023,,25081.0
505002003,2023,,231.0
505003005,2023,,23851.0
505003601,2023,,14951.0
505003082,2023,,800.0
505003015,2023,6100.0,22620.0
505003025,2023,,195.0
505004901,2023,,735.0
505005006,2023,31000.0,38475.0
505005058,2023,,18680.0
505005602,2023,92605.0,51760.0
505005002,2023,,8345.0
505005055,2023,,61260.0
505005701,2023,,87225.0
505005047,2023,134355.0,71485.0
505005401,2023,,3436.0
505006014,2023,,14510.0
505006003,2023,,2700.0
505006002,2023,,2015.0
505007001,2023,19585.0,19160.0
505007003,2023,,4072.0
505007006,2023,,4855.0
505008001,2023,,7280.0
505008010,2023,15880.0,16640.0
505008801,2023,19300.0,22960.0
505008011,2023,,11250.0
505008015,2023,,88.0
505009026,2023,,7744.0
505009069,2023,,420.0
505009701,2023,,16880.0
505009601,2023,,54165.0
505010501,2023,,2660.0
505010078,2023,,4692.0
505010029,2023,,845.0
505010035,2023,,155.0
505010099,2023,,3873.0
505011053,2023,,21465.0
505011037,2023,,10050.0
505011057,2023,,1706.0
505011011,2023,,28105.0
505011052,2023,,10560.0
505011506,2023,,23335.0
505011010,2023,,485.0
505011019,2023,,6959.0
505011054,2023,,9195.0
505012601,2023,,10179.0
505012026,2023,8515.0,4387.0
505013050,2023,,133498.0
505013100,2023,,76910.0
505013027,2023,,2630.0
505013154,2023,108980.0,154760.0
505013144,2023,,129685.0
505013004,2023,,13328.0
505013137,2023,,313525.0
505013506,2023,2759.0,77500.0
505013135,2023,48000.0,48000.0
505013086,2023,,179110.0
505013601,2023,105000.0,288130.0
505013075,2023,,11210.0
505013505,2023,15000.0,17240.0
505013069,2023,,54730.0
505013076,2023,,22085.0
505014057,2023,,16565.0
505014506,2023,,42660.0
505014801,2023,,14610.0
505014045,2023,,11211.0
505014038,2023,,129.0
505015039,2023,,20510.0
505015022,2023,57050.0,58005.0
505015601,2023,,14350.0
505015501,2023,14900.0,20345.0
505016004,2023,,13925.0
505016601,2023,,73555.0
505017014,2023,,16810.0
505017001,2023,,2434.0
505018019,2023,,9170.0
505018001,2023,,16976.0
505018601,2023,190195.0,127920.0
505018002,2023,29485.0,20851.0
505019001,2023,,12105.0
505020064,2023,11950.0,15195.0
505020074,2023,,19575.0
505020081,2023,26700.0,29605.0
505020063,2023,18541.0,41224.0
505020098,2023,,31300.0
505020601,2023,,79875.0
505020018,2023,,19155.0
505022032,2023,,1430.0
505022089,2023,,8510.0
505022101,2023,70430.0,41420.0
505022301,2023,,9865.0
505022025,2023,51829.0,30761.0
505022105,2023,,1475.0
505023066,2023,,28255.0
505023010,2023,,1471.0
505023061,2023,1500.0,1442.0
505023054,2023,,4380.0
505023055,2023,173065.0,87265.0
505024021,2023,,385.0
505024501,2023,,8199.0
505024024,2023,,140.0
505025055,2023,,745.0
505025012,2023,,14330.0
505025031,2023,,24425.0
505025701,2023,,10717.0
505026701,2023,,323.0
505027001,2023,,32781.0
505027005,2023,,11149.0
505027003,2023,,20000.0
505028072,2023,,13120.0
505028019,2023,38450.0,19810.0
505028901,2023,67370.0,54469.0
505028038,2023,,25005.0
505028060,2023,,8240.0
505028044,2023,,24205.0
505028801,2023,,12680.0
505029018,2023,7000.0,8705.0
505029017,2023,,49065.0
505029021,2023,,391.0
505029028,2023,,4230.0
505029003,2023,10870.0,11346.0
505030018,2023,9500.0,10462.0
505030033,2023,,6553.0
505030003,2023,21560.0,21442.0
505030034,2023,,6870.0
505030801,2023,,102890.0
505030023,2023,,2050.0
505031022,2023,,9780.0
505031701,2023,,1160.0
505031030,2023,,31445.0
505032002,2023,37140.0,18854.0
505032601,2023,,8900.0
505032041,2023,,20800.0
505032016,2023,50000.0,67720.0
505032602,2023,95860.0,
505033029,2023,1000.0,2984.0
505033001,2023,,6280.0
505033013,2023,,89.0
505033010,2023,,7913.0
505033075,2023,17795.0,9439.0
505034037,2023,,1037.0
505034009,2023,,13445.0
505036018,2023,,11120.0
505036050,2023,500.0,300.0
505036602,2023,75530.0,37355.0
505036043,2023,,4922.0
505036064,2023,18420.0,24070.0
505037094,2023,,12220.0
505037086,2023,,3280.0
505037401,2023,,16088.0
505037069,2023,,2370.0
505037601,2023,99990.0,108380.0
505037030,2023,,1693.0
505037084,2023,,71390.0
505038004,2023,,7420.0
505038014,2023,,5045.0
505038601,2023,,32815.0
505039501,2023,,2885.0
505039503,2023,,400.0
505040901,2023,34860.0,34860.0
505041602,2023,,10013.0
505041033,2023,22110.0,59730.0
505041505,2023,,4264.0
505041037,2023,,4572.0
505041605,2023,,5105.0
505041801,2023,,13560.0
505041504,2023,,31670.0
505041501,2023,,35445.0
505041603,2023,,1164.0
505041002,2023,,55510.0
505041030,2023,,75275.0
505041032,2023,,32405.0
505041503,2023,,44105.0
505041606,2023,,93990.0
505041604,2023,,119890.0
505041017,2023,,35465.0
505042044,2023,24900.0,27321.0
505042007,2023,,8120.0
505042501,2023,,18291.0
505043501,2023,70880.0,34885.0
505043801,2023,,15190.0
505043007,2023,,1993.0
505044005,2023,,510.0
505044004,2023,,8305.0
505044801,2023,,1893.0
505045029,2023,,360.0
505045601,2023,160750.0,75202.0
505045050,2023,,46700.0
505045072,2023,,5905.0
505045057,2023,,15676.0
505045602,2023,,21865.0
505045503,2023,,1110.0
505046602,2023,,38250.0
505046006,2023,,7112.0
505046601,2023,,53445.0
505046009,2023,,41410.0
505046501,2023,,62530.0
505048044,2023,14130.0,44305.0
505048043,2023,,1500.0
505048058,2023,,17745.0
505048004,2023,95.0,25363.0
505048045,2023,,48990.0
505049045,2023,,11128.0
505049047,2023,,7300.0
505049050,2023,,17335.0
505049006,2023,,41297.0
505049021,2023,,8354.0
505049042,2023,,7760.0
505049031,2023,,4395.0
505050002,2023,,24.0
505050001,2023,,28601.0
505050601,2023,,84105.0
505051003,2023,7.0,9200.0
505051004,2023,123.0,6630.0
505052501,2023,,1284.0
505052502,2023,234430.0,220625.0
505052055,2023,,6145.0
505052001,2023,,32360.0
505052060,2023,424.0,15946.0
505052059,2023,,7150.0
505052065,2023,12100.0,12682.0
505053043,2023,,2676.0
505053054,2023,,9669.0
505054017,2023,,32625.0
505054601,2023,,27235.0
505054018,2023,,27145.0
505054015,2023,,25525.0
505054064,2023,,10266.0
505054401,2023,,24713.0
505054503,2023,,47275.0
505054007,2023,,20720.0
505056034,2023,,40435.0
505056033,2023,29000.0,97815.0
505056025,2023,,7085.0
505056040,2023,,26860.0
505056031,2023,29925.0,50988.0
505056004,2023,,28842.0
505057401,2023,,19550.0
505057601,2023,,46855.0
505057064,2023,,75646.0
505057071,2023,,594.0
505058003,2023,,49690.0
505058010,2023,,3345.0
505059010,2023,,12945.0
505059032,2023,,10230.0
505059027,2023,,215.0
505059026,2023,,6820.0
505059011,2023,,2680.0
505059101,2023,,6145.0
505060601,2023,,27508.0
505060027,2023,82470.0,44095.0
505060003,2023,,20910.0
505060004,2023,,170.0
505060028,2023,,19120.0
505060066,2023,,17310.0
505060046,2023,,17240.0
505060051,2023,57755.0,29640.0
505060501,2023,,31730.0
505061701,2023,,653.0
505061039,2023,,750.0
505062002,2023,,8893.0
505062501,2023,,8690.0
505062004,2023,,15595.0
505062031,2023,,2980.0
505062020,2023,,15720.0
505062026,2023,,169.0
505062044,2023,12430.0,10142.0
505063085,2023,225.0,5743.0
505063108,2023,21300.0,22550.0
505063065,2023,,4103.0
505063124,2023,,11040.0
505063503,2023,,3148.0
505064001,2023,,195.0
505064003,2023,,2634.0
505065035,2023,,1658.0
505065052,2023,,3535.0
505065502,2023,,5115.0
505065020,2023,,9113.0
505065051,2023,,13495.0
505065503,2023,,19795.0
505065508,2023,,13990.0
505065509,2023,,37075.0
505065505,2023,,7413.0
505065042,2023,,2625.0
505065501,2023,,5903.0
505065507,2023,,17360.0
505065602,2023,,1310.0
505066011,2023,,12609.0
505066012,2023,,27945.0
505067020,2023,,6385.0
505067038,2023,,24330.0
505067015,2023,,87609.0
505067027,2023,,24224.0
505067047,2023,,8355.0
505068042,2023,,545.0
505068046,2023,,7215.0
505068503,2023,,24570.0
505068502,2023,40375.0,72105.0
505068701,2023,,15620.0
505068034,2023,,32710.0
505068045,2023,,485.0
505068047,2023,,282.0
505068074,2023,,65260.0
505068088,2023,,41705.0
505068601,2023,,22310.0
505068077,2023,,39325.0
505068801,2023,,26410.0
505068048,2023,,28225.0
505069502,2023,3875.0,3875.0
505069801,2023,,13450.0
505069007,2023,9000.0,33270.0
505069052,2023,,10315.0
505069501,2023,,340.0
505070037,2023,,3560.0
505070044,2023,17250.0,16920.0
505071601,2023,,142175.0
505071602,2023,,125275.0
505071050,2023,23000.0,33740.0
505071025,2023,,8690.0
505071401,2023,90000.0,97825.0
505072601,2023,,762.0
505072039,2023,,262.0
505072037,2023,,7585.0
505072036,2023,,16130.0
505072006,2023,,6580.0
505072602,2023,,35280.0
051001001,2024,198393.0,2148576.0
051002002,2024,,414.0
051003003,2024,,5690.0
051004004,2024,92.0,50508.0
051005005,2024,,37058.0
051007007,2024,-9851.0,425151.0
051008008,2024,,6174.0
051009009,2024,-68.0,56032.0
051010010,2024,167.0,303356.0
051011011,2024,,12394.0
051012012,2024,11103.0,25172.0
051013013,2024,,20677.0
051015015,2024,-3682.0,234605.0
051016016,2024,,15694.0
051017017,2024,,11117.0
051018018,2024,-20.0,2630.0
051019019,2024,11498.0,6621883.0
051020020,2024,-5015.0,239002.0
051021021,2024,23002.0,198179.0
051022022,2024,3565.0,12366.0
051024024,2024,,82251.0
051027027,2024,-711.0,350170.0
051028028,2024,,65261.0
051029029,2024,,62563.0
051030030,2024,64850.0,1414780.0
051031031,2024,2633.0,391225.0
051032032,2024,,10027.0
051033033,2024,-331.0,2705415.0
051034034,2024,-8349.0,3014157.0
051035035,2024,,24323.0
051036036,2024,-7828.0,553810.0
051037037,2024,330162.0,1474394.0
051039038,2024,27730.0,486864.0
051040039,2024,,846840.0
051041040,2024,55046.0,1170683.0
051042041,2024,196180.0,613169.0
051043042,2024,,3704624.0
051044043,2024,188898.0,527841.0
051045044,2024,1761.0,38930.0
051047046,2024,535.0,37912.0
051048047,2024,,162104.0
051049048,2024,17704.0,425598.0
051050049,2024,,146191.0
051051050,2024,,4998.0
051052051,2024,54.0,13781.0
051055054,2024,,27224.0
051056055,2024,,620254.0
051057056,2024,1064.0,80029.0
051058057,2024,,136609.0
052001003,2024,,325680.0
052001009,2024,153605.0,1498617.0
052001012,2024,,100785.0
052001001,2024,49166.0,171974.0
052001011,2024,35555.0,50747.0
052001005,2024,,251697.0
052004002,2024,,18771.0
052007008,2024,1442.0,163671.0
052010013,2024,933.0,48931.0
052010005,2024,-32.0,1003267.0
052011001,2024,,5839.0
052015001,2024,,123459.0
052016002,2024,,50366.0
052018001,2024,1984.0,62799.0
052019012,2024,,19576.0
052019518,2024,,11562.0
052019022,2024,42295.0,260511.0
052019047,2024,,347369.0
052019017,2024,214876.0,394567.0
052019026,2024,91840.0,3127626.0
052019027,2024,3044740.0,39356866.0
052019028,2024,22.0,162509.0
052019044,2024,,58107.0
052019049,2024,,140613.0
052019514,2024,-60.0,41717.0
052019704,2024,81860.0,205314.0
052019008,2024,,235947.0
052019601,2024,5870.0,187622.0
052019041,2024,-17.0,564201.0
052019035,2024,1806.0,692187.0
052019046,2024,,391156.0
052019505,2024,,1105.0
052021001,2024,,22364.0
052023003,2024,,146275.0
052025001,2024,,1822.0
052027006,2024,1719.0,50049.0
052027008,2024,-19493.0,142941.0
052027901,2024,-328.0,77216.0
052030009,2024,,410576.0
052030011,2024,,107140.0
052030013,2024,,326672.0
052030401,2024,,77695.0
052030901,2024,-238.0,867762.0
052030001,2024,,3109350.0
052031005,2024,-30426.0,916382.0
052033201,2024,,73908.0
052033801,2024,,28527.0
052033702,2024,,105628.0
052033402,2024,25390.0,228215.0
052033007,2024,,371933.0
052033401,2024,-2190.0,94607.0
052033006,2024,-432.0,616463.0
052033012,2024,271964.0,2065260.0
052033901,2024,59535.0,67710.0
052034005,2024,20985.0,1818603.0
052034101,2024,3885.0,180863.0
052036008,2024,3668.0,20684.0
052036003,2024,18768.0,107964.0
052036004,2024,12905.0,294121.0
052036007,2024,156337.0,1165084.0
052036601,2024,,49964.0
052036701,2024,3283.0,602286.0
052036010,2024,,97589.0
052037602,2024,,14386.0
052037001,2024,,46766.0
052037009,2024,19754.0,250826.0
052037010,2024,3.0,5891896.0
052037002,2024,188808.0,1070260.0
052039004,2024,59065.0,973197.0
052039005,2024,68395.0,252621.0
052040003,2024,,12715.0
052040004,2024,63025.0,249315.0
052041009,2024,,148226.0
052041801,2024,1333.0,225923.0
052041010,2024,-95.0,83886.0
052042002,2024,2905.0,64502.0
052042003,2024,,179927.0
052042004,2024,,59966.0
052043012,2024,,3750835.0
052043011,2024,,479630.0
052043010,2024,,186642.0
052043013,2024,34594.0,402186.0
052043014,2024,,478963.0
052044003,2024,-6000.0,12635.0
052045001,2024,,231693.0
052047501,2024,,2232.0
052048003,2024,-183.0,221108.0
052048006,2024,19681.0,96666.0
052048007,2024,18870.0,132552.0
052050007,2024,,107489.0
052050002,2024,,322663.0
052054006,2024,,95329.0
052054003,2024,-9.0,10455.0
052056003,2024,1053.0,596310.0
052056006,2024,5634.0,262803.0
052056702,2024,,26470.0
054001034,2024,168765.0,710303.0
054001503,2024,,168776.0
054007312,2024,,2078.0
054007356,2024,,394052.0
054015708,2024,,11800.0
054015719,2024,,27679.0
054015805,2024,,56908.0
054018401,2024,,6746.0
054019001,2024,,23209.0
054019002,2024,,112136.0
054021016,2024,,144499.0
054021017,2024,,385421.0
054021102,2024,,155090.0
054022003,2024,-1144.0,9412.0
054026801,2024,,21968.0
054031201,2024,-94745.0,9304.0
054032801,2024,,4157.0
054033034,2024,10145.0,122380.0
054033028,2024,10841.0,10716.0
054034024,2024,101.0,65732.0
054034201,2024,,43245.0
054034323,2024,592830.0,361124.0
054037534,2024,,103315.0
054037022,2024,133.0,266389.0
054042003,2024,-6.0,526.0
054043206,2024,643352.0,852888.0
054043023,2024,,1165197.0
055001007,2024,,153465.0
055001012,2024,,887160.0
055001027,2024,,1147971.0
055001704,2024,,392220.0
055001705,2024,,242083.0
055001002,2024,,101440.0
055001001,2024,94207.0,380015.0
055001006,2024,,306845.0
055001025,2024,,78528.0
055001029,2024,130.0,123125.0
055001401,2024,,610993.0
055001702,2024,,657155.0
055001703,2024,,297581.0
055001030,2024,,308860.0
055001035,2024,,2874.0
055001034,2024,,216210.0
055004016,2024,,18410.0
055004029,2024,,6754.0
055004035,2024,,5094.0
055004701,2024,,183710.0
055004031,2024,,29500.0
055004301,2024,,8320.0
055005005,2024,322.0,1104.0
055005001,2024,,17112.0
055005004,2024,,3097.0
055006003,2024,,4780.0
055006014,2024,,15220.0
055007001,2024,,199556.0
055007015,2024,,131485.0
055007004,2024,16250.0,102395.0
055007018,2024,,27890.0
055007021,2024,,81925.0
055007030,2024,,352975.0
055007005,2024,46355.0,105125.0
055007012,2024,,75397.0
055007019,2024,,412904.0
055007020,2024,,35745.0
055007023,2024,,421626.0
055007025,2024,,1346041.0
055007034,2024,,114105.0
055007014,2024,,66535.0
055007007,2024,,18611.0
055007017,2024,,158849.0
055009001,2024,,28150.0
055009003,2024,,425.0
055009009,2024,,4551.0
055009601,2024,,42523.0
055009023,2024,,8099.0
055009004,2024,,5482.0
055009024,2024,,18263.0
055010007,2024,,1265.0
055010021,2024,265975.0,831249.0
055010100,2024,,140.0
055010032,2024,,18931.0
055010063,2024,,36577.0
055010086,2024,,47196.0
055010097,2024,,10655.0
055010703,2024,,66883.0
055010051,2024,3320.0,55329.0
055010057,2024,,6758.0
055010065,2024,,878.0
055010075,2024,,5130.0
055010103,2024,,5700.0
055010301,2024,,8195.0
055010303,2024,10302.0,31961.0
055010082,2024,20722.0,355019.0
055010039,2024,,846797.0
055010101,2024,,59457.0
055010036,2024,,47270.0
055010072,2024,,29499.0
055011010,2024,,1845.0
055011301,2024,,22831.0
055012019,2024,,95.0
055012040,2024,,2135.0
055012502,2024,,180.0
055012201,2024,,103.0
055012007,2024,,1255.0
055012022,2024,,2287.0
055012030,2024,,1238.0
055012035,2024,,22508.0
055012041,2024,,23468.0
055012051,2024,,1988.0
055012057,2024,,6429.0
055012301,2024,,99642.0
055012501,2024,,5510.0
055012038,2024,,220.0
055012001,2024,,10609.0
055012012,2024,,3803.0
055012021,2024,,9436.0
055012032,2024,,3075.0
055013019,2024,14.0,8310.0
055013008,2024,,32448.0
055013010,2024,1657.0,9753.0
055013006,2024,,23093.0
055013013,2024,,51802.0
055013025,2024,483.0,420.0
055013011,2024,,20747.0
055013018,2024,,8043.0
055013026,2024,41.0,6265.0
055013004,2024,,115878.0
055013003,2024,,9506.0
055014011,2024,,2766.0
055014101,2024,,3185.0
055015013,2024,,30998.0
055015020,2024,214.0,33866.0
055015048,2024,,41407.0
055015056,2024,,3432.0
055015058,2024,,26795.0
055015002,2024,,29189.0
055015016,2024,,6174.0
055015019,2024,7793.0,19461.0
055015050,2024,,50800.0
055015702,2024,,22200.0
055015005,2024,,18699.0
055015017,2024,,3758.0
055015022,2024,,44973.0
055015026,2024,,5878.0
055015033,2024,,46376.0
055015036,2024,,27753.0
055015040,2024,,153612.0
055015044,2024,329.0,10044.0
055015030,2024,,7010.0
055015025,2024,134225.0,371616.0
055015035,2024,,3282.0
055015039,2024,144.0,31755.0
055015004,2024,1789.0,140557.0
055016009,2024,4165.0,86707.0
055016001,2024,,7339.0
055016018,2024,295.0,24275.0
055016016,2024,,23869.0
055016012,2024,,3900.0
055016017,2024,,16309.0
055017010,2024,739.0,3631.0
055017011,2024,244.0,41054.0
055017701,2024,,41459.0
055017007,2024,,19154.0
055017005,2024,,24318.0
055018016,2024,386.0,8949.0
055019021,2024,,277174.0
055019032,2024,7467.0,565325.0
055019065,2024,,166314.0
055019094,2024,,16925.0
055019007,2024,,194955.0
055019018,2024,,59700.0
055019024,2024,495.0,192430.0
055019026,2024,,115840.0
055019030,2024,,2103.0
055019034,2024,,276423.0
055019041,2024,,431407.0
055019052,2024,116585.0,253202.0
055019057,2024,,58053.0
055019066,2024,,100725.0
055019071,2024,,60448.0
055019089,2024,,102452.0
055019091,2024,,905550.0
055019107,2024,50237.0,178619.0
055019069,2024,,75871.0
055019008,2024,,173946.0
055019011,2024,,742517.0
055019016,2024,,27511.0
055019017,2024,2445.0,453920.0
055019027,2024,,353790.0
055019029,2024,,126385.0
055019031,2024,,92525.0
055019039,2024,4812.0,88177.0
055019044,2024,,101277.0
055019048,2024,,181223.0
055019055,2024,,34935.0
055019062,2024,,45932.0
055019072,2024,,397466.0
055019082,2024,78000.0,236500.0
055019092,2024,532.0,130180.0
055019103,2024,,269711.0
055019109,2024,,6230.0
055019501,2024,2965.0,490458.0
055019503,2024,650.0,128120.0
055019702,2024,,172075.0
055019803,2024,25318.0,868081.0
055019901,2024,4945.0,778809.0
055019080,2024,,470654.0
055019014,2024,,171297.0
055019099,2024,,102738.0
055019070,2024,22566.0,1094935.0
055019002,2024,,228105.0
055019051,2024,8996.0,87581.0
055019074,2024,1098.0,182895.0
055019098,2024,,93043.0
055019801,2024,11327.0,553621.0
055019010,2024,,75501.0
055019063,2024,,44340.0
055019077,2024,80000.0,363215.0
055019084,2024,,195067.0
055019096,2024,23010.0,126462.0
055019104,2024,35570.0,141915.0
055019111,2024,,415822.0
055019013,2024,,114817.0
055019502,2024,24897.0,371867.0
055019005,2024,,251453.0
055019050,2024,,98950.0
055019056,2024,,46187.0
055019068,2024,,276248.0
055019076,2024,,267267.0
055019086,2024,,56115.0
055019097,2024,,31530.0
055019105,2024,,41316.0
055019110,2024,,192810.0
055019045,2024,,64873.0
055019075,2024,,75427.0
055019004,2024,,44062.0
055019009,2024,,66531.0
055019042,2024,,52646.0
055019703,2024,,128827.0
055020010,2024,,22513.0
055020022,2024,,17621.0
055020302,2024,,98323.0
055020019,2024,63045.0,262110.0
055020101,2024,,2649.0
055021012,2024,,65698.0
055021017,2024,96.0,16574.0
055021023,2024,,55664.0
055021016,2024,,16870.0
055021010,2024,993.0,519220.0
055021022,2024,,370890.0
055021005,2024,,31800.0
055021007,2024,17.0,5515.0
055021008,2024,,40894.0
055021025,2024,,65757.0
055021013,2024,,545.0
055021014,2024,3364.0,220349.0
055021018,2024,319.0,41484.0
055022001,2024,,21310.0
055023002,2024,,13675.0
055023008,2024,,45593.0
055023030,2024,,17183.0
055023028,2024,,116995.0
055023025,2024,,8037.0
055023016,2024,,40194.0
055024011,2024,351.0,19288.0
055024001,2024,,29921.0
055024018,2024,,6869.0
055024002,2024,,3985.0
055024010,2024,,3050.0
055024013,2024,,14120.0
055024017,2024,,10383.0
055024021,2024,,2842.0
055024023,2024,,159056.0
055024025,2024,,6501.0
055024031,2024,,25229.0
055024901,2024,,1937.0
055024019,2024,20000.0,98084.0
055024006,2024,,17220.0
055026005,2024,,70965.0
055027011,2024,,90.0
055027024,2024,1458.0,40389.0
055027038,2024,,71576.0
055027004,2024,,1643.0
055027014,2024,500.0,15074.0
055027019,2024,,145.0
055027022,2024,,29745.0
055027034,2024,86.0,2045.0
055027037,2024,,31111.0
055027301,2024,615.0,10887.0
055027001,2024,,120514.0
055027006,2024,,20652.0
055027008,2024,117.0,2765.0
055027012,2024,395.0,35343.0
055027020,2024,95461.0,319202.0
055027032,2024,,222320.0
055027035,2024,,2301.0
055027036,2024,2029.0,2029.0
055027042,2024,341.0,9096.0
055027015,2024,,43860.0
055027039,2024,,7750.0
055028011,2024,,494197.0
055028013,2024,,3525.0
055028014,2024,1994.0,61090.0
055029007,2024,903.0,18303.0
055029011,2024,,47695.0
055030007,2024,,29793.0
055030023,2024,,39584.0
055030043,2024,,166696.0
055030006,2024,,57336.0
055030011,2024,3268.0,62383.0
055030040,2024,,36986.0
055030902,2024,,76269.0
055030031,2024,31690.0,1018486.0
055030015,2024,,204152.0
055030020,2024,,161503.0
055030021,2024,5997.0,260800.0
055030025,2024,2799.0,17868.0
055030028,2024,27000.0,163620.0
055030033,2024,5786.0,361377.0
055030039,2024,7241.0,402593.0
055030045,2024,,157307.0
055030005,2024,,50124.0
055030009,2024,,48308.0
055030013,2024,,56860.0
055030024,2024,,289261.0
055030003,2024,,209359.0
055030022,2024,,9940.0
055030701,2024,,336075.0
055030030,2024,,8440.0
055031016,2024,1829.0,1887.0
055031021,2024,,93844.0
055031024,2024,,249102.0
055031014,2024,,248064.0
055031022,2024,4592.0,92831.0
055031005,2024,,1188.0
055032001,2024,,44601.0
055033703,2024,,315619.0
055033013,2024,15000.0,62005.0
055033021,2024,,379312.0
055033027,2024,,9194.0
055033003,2024,,333681.0
055033026,2024,,199141.0
055033030,2024,,26648.0
055033034,2024,,393592.0
055033038,2024,,88590.0
055033701,2024,474.0,244913.0
055033033,2024,,342399.0
055033004,2024,,63339.0
055033702,2024,,186531.0
055033023,2024,36115.0,194635.0
055033042,2024,686.0,387176.0
055033010,2024,6022.0,636793.0
055033019,2024,,291959.0
055033029,2024,98460.0,472225.0
055033401,2024,294.0,161620.0
055034007,2024,,113120.0
055034035,2024,338325.0,1041523.0
055034017,2024,6423.0,538440.0
055034023,2024,5866.0,421649.0
055034028,2024,,372944.0
055034036,2024,247136.0,846705.0
055034701,2024,,431115.0
055034022,2024,,51035.0
055034034,2024,1902.0,113473.0
055034014,2024,,531858.0
055035008,2024,,62021.0
055036047,2024,,130410.0
055036055,2024,4845.0,138014.0
055036057,2024,,153562.0
055036007,2024,,15949.0
055036030,2024,,4145.0
055036048,2024,,21951.0
055036005,2024,,59698.0
055036010,2024,5905.0,638805.0
055036024,2024,,5410.0
055036034,2024,,32447.0
055036045,2024,21346.0,65955.0
055036041,2024,,146603.0
055036022,2024,,293748.0
055036038,2024,,13292.0
055036051,2024,254743.0,1225934.0
055036002,2024,,54376.0
055036012,2024,,667284.0
055036019,2024,,105001.0
055036025,2024,,92490.0
055036056,2024,2633.0,68786.0
055036004,2024,,37160.0
055036102,2024,1163.0,27981.0
055037001,2024,243.0,3695.0
055037010,2024,,19157.0
055037025,2024,,68834.0
055037035,2024,29745.0,1033405.0
055037011,2024,,6055.0
055037012,2024,,160911.0
055037017,2024,7991.0,198831.0
055037023,2024,57.0,2598.0
055037036,2024,,14880.0
055037038,2024,9016.0,428921.0
055037042,2024,,150.0
055037045,2024,,122559.0
055037048,2024,,597156.0
055037901,2024,276390.0,2479527.0
055037006,2024,,158412.0
055037007,2024,3932.0,36641.0
055037015,2024,,84463.0
055037019,2024,,36980.0
055037024,2024,1807.0,78735.0
055037029,2024,,34637.0
055037030,2024,23534.0,960746.0
055037037,2024,154.0,30527.0
055037040,2024,,433794.0
055037046,2024,,73473.0
055037043,2024,,95369.0
055037051,2024,,266794.0
055037020,2024,16093.0,827102.0
055037028,2024,,14067.0
055037032,2024,,364984.0
055037501,2024,7930.0,436786.0
055037004,2024,,22517.0
055037009,2024,198586.0,470456.0
055037044,2024,,236571.0
055037026,2024,1957.0,61976.0
055037008,2024,3003.0,447645.0
055038001,2024,,932935.0
055039033,2024,,71796.0
055039051,2024,,4729.0
055039003,2024,,2895.0
055039017,2024,,21889.0
055039035,2024,,68607.0
055039037,2024,,7208.0
055039059,2024,,503336.0
055039054,2024,,30369.0
055039031,2024,84868.0,207653.0
055039301,2024,,130218.0
055039044,2024,65000.0,316049.0
055039040,2024,,334443.0
055040009,2024,255.0,157058.0
055040043,2024,,32853.0
055040012,2024,,7930.0
055040040,2024,,7239.0
055040301,2024,,4235.0
055040035,2024,,243602.0
055040302,2024,,103283.0
055040004,2024,,95742.0
055040037,2024,2462.0,11597.0
055040701,2024,63552.0,226450.0
055041002,2024,4498.0,174128.0
055041012,2024,272.0,14717.0
055041021,2024,,238736.0
055041028,2024,,296186.0
055041001,2024,,9308.0
055041004,2024,,238317.0
055041006,2024,,23788.0
055041008,2024,,186380.0
055041010,2024,,380135.0
055041019,2024,,54125.0
055041020,2024,,35650.0
055041022,2024,,61600.0
055041025,2024,111047.0,858079.0
055041027,2024,,418640.0
055041003,2024,,37795.0
055041005,2024,,134615.0
055041013,2024,,125240.0
055041015,2024,,44635.0
055041024,2024,,565483.0
055041023,2024,,95874.0
055041011,2024,,62998.0
055042023,2024,,1070.0
055042024,2024,,38640.0
055042031,2024,,10486.0
055042026,2024,,358444.0
055042014,2024,,39865.0
055042015,2024,14091.0,25612.0
055042021,2024,20.0,3470.0
055042012,2024,,3885.0
055042010,2024,,3712.0
055042006,2024,,16414.0
055042017,2024,1473.0,52216.0
055042501,2024,,3290.0
055042032,2024,,7979.0
055042502,2024,,7214.0
055043008,2024,74618.0,283125.0
055043015,2024,,565314.0
055043035,2024,18200.0,47680.0
055043046,2024,,270360.0
055043006,2024,,179285.0
055043010,2024,,235883.0
055043013,2024,,158164.0
055043014,2024,,152758.0
055043016,2024,851.0,374037.0
055043033,2024,,353472.0
055043040,2024,5360.0,525840.0
055043045,2024,,51161.0
055043007,2024,,99313.0
055043011,2024,247597.0,859887.0
055043029,2024,,262645.0
055043037,2024,,44893.0
055043038,2024,8305.0,518220.0
055043004,2024,88280.0,135795.0
055043024,2024,,53000.0
055043704,2024,,179450.0
055043501,2024,105727.0,861287.0
055043027,2024,581.0,22973.0
055043025,2024,,57080.0
055043031,2024,,86493.0
055043042,2024,148330.0,1014817.0
055043036,2024,,308976.0
055044017,2024,,52134.0
055044013,2024,,192769.0
055044008,2024,,21112.0
055044010,2024,1065.0,2188.0
055044015,2024,,34755.0
055044012,2024,,81060.0
055044009,2024,,2335.0
055045013,2024,,37660.0
055045016,2024,,1020.0
055045020,2024,,3140.0
055045028,2024,,4584.0
055045032,2024,,27816.0
055045036,2024,1685.0,41948.0
055045011,2024,,1022.0
055045001,2024,,10198.0
055045006,2024,,21438.0
055045010,2024,,8055.0
055045030,2024,,11742.0
055045035,2024,,49829.0
055045502,2024,,3565.0
055047037,2024,,15516.0
055047040,2024,,3325.0
055048002,2024,1449.0,60606.0
055048023,2024,,244267.0
055048007,2024,,61337.0
055048025,2024,,141690.0
055048701,2024,,24161.0
055049052,2024,,48908.0
055049070,2024,,4313.0
055049001,2024,,5440.0
055049012,2024,,65417.0
055049022,2024,,14429.0
055049039,2024,,3425.0
055049044,2024,,46992.0
055049057,2024,,19859.0
055049062,2024,,4602.0
055049068,2024,,4815.0
055049071,2024,,104194.0
055049072,2024,,17177.0
055049046,2024,,78260.0
055049054,2024,,369973.0
055049004,2024,,92272.0
055049014,2024,,161632.0
055049020,2024,,11496.0
055049027,2024,,10342.0
055049042,2024,,15306.0
055049053,2024,,13184.0
055049067,2024,,4050.0
055049007,2024,,12313.0
055049028,2024,,9462.0
055049031,2024,,6257.0
055049024,2024,,5796.0
055049038,2024,,15991.0
055049048,2024,,14204.0
055049059,2024,,157897.0
055049301,2024,,122417.0
055049501,2024,,6493.0
055049011,2024,,2469.0
055050005,2024,,19048.0
055050028,2024,,170.0
055050038,2024,,25360.0
055050042,2024,,95117.0
055050305,2024,,10650.0
055050019,2024,3175.0,286715.0
055050302,2024,,17634.0
055050303,2024,,27583.0
055050013,2024,274.0,4632.0
055050036,2024,,16750.0
055050039,2024,1648.0,46304.0
055050601,2024,,32916.0
055050003,2024,,101069.0
055050501,2024,,5928.0
055051002,2024,,3860.0
055051021,2024,,17643.0
055051023,2024,657.0,44141.0
055051011,2024,,8001.0
055051007,2024,,2350.0
055052003,2024,,9036.0
055052006,2024,,42.0
055052020,2024,,4120.0
055053006,2024,,4851.0
055053601,2024,,2065.0
055054039,2024,,8950.0
055054057,2024,,9285.0
055054067,2024,,111203.0
055054073,2024,,4506.0
055054005,2024,,10210.0
055054018,2024,,9124.0
055054026,2024,,2209.0
055054040,2024,,3320.0
055054050,2024,,1729.0
055054051,2024,,1204.0
055054059,2024,,3510.0
055054062,2024,2478.0,36089.0
055054302,2024,,1544.0
055054027,2024,,24909.0
055054016,2024,,30466.0
055055004,2024,,7411.0
055055017,2024,,21695.0
055055020,2024,6413.0,15832.0
055055007,2024,,4917.0
055055018,2024,,619.0
055056022,2024,79000.0,120435.0
055056035,2024,118692.0,153670.0
055056007,2024,,34350.0
055056015,2024,,1359.0
055056023,2024,,102073.0
055056017,2024,20000.0,66815.0
055056018,2024,,15866.0
055056027,2024,,73253.0
055056901,2024,34496.0,175029.0
055056012,2024,,72857.0
055056010,2024,,14293.0
055056019,2024,,360721.0
055056003,2024,,5536.0
055056009,2024,17501.0,80021.0
055056032,2024,,9474.0
055056601,2024,882.0,87003.0
055056031,2024,55470.0,350604.0
055057501,2024,,910.0
055057028,2024,,39812.0
055057023,2024,,169627.0
055058018,2024,5000.0,12737.0
141001001,2024,346.0,26173.0
141008008,2024,,126.0
141010010,2024,,47569.0
141016016,2024,,2886470.0
141019019,2024,53069.0,82058.0
141022022,2024,295266.0,424445.0
141032032,2024,,6443.0
141042042,2024,,4040.0
141045045,2024,98024.0,337416.0
141046046,2024,2395.0,15388.0
141047047,2024,,14815.0
141049049,2024,,342432.0
141050050,2024,,43.0
141051051,2024,210.0,233.0
141053053,2024,,682.0
141057057,2024,3194.0,2230.0
141058058,2024,,329.0
141059059,2024,,405.0
141060060,2024,,934.0
141067067,2024,204.0,3379.0
141069069,2024,,63.0
141072072,2024,,36199.0
141079079,2024,8434.0,11179.0
141080080,2024,,123.0
141081081,2024,58462.0,93858.0
141082082,2024,,99814.0
141084084,2024,51120.0,131821.0
141090090,2024,1379.0,2965.0
141097097,2024,55.0,164.0
141099099,2024,222179.0,666580.0
141100100,2024,,7698.0
141101101,2024,11951.0,80406.0
141102102,2024,747.0,388.0
142013002,2024,,16000.0
142016011,2024,,35077.0
142016035,2024,,19327.0
142016053,2024,276.0,23890.0
142016059,2024,,49365.0
142016027,2024,15688.0,433148.0
142016051,2024,,21443.0
142016060,2024,,4440.0
142016069,2024,11100.0,97362.0
142016096,2024,53.0,51664.0
142016801,2024,15419.0,52042.0
142016002,2024,18858.0,191490.0
142016016,2024,3734957.0,27514719.0
142016019,2024,,319551.0
142016020,2024,2594.0,62452.0
142016021,2024,3083.0,218627.0
142016033,2024,7245.0,27445.0
142016037,2024,,30607.0
142016061,2024,9013.0,241833.0
142016088,2024,358.0,220131.0
142016100,2024,165.0,178303.0
142016101,2024,536.0,54551.0
142016514,2024,16490.0,234746.0
142016017,2024,8431.0,230277.0
142016064,2024,,97667.0
142016513,2024,2868.0,30224.0
142016086,2024,9904.0,455072.0
142016082,2024,,39341.0
142016034,2024,,6944.0
142016090,2024,,9335.0
142016044,2024,24.0,56829.0
142016080,2024,,71106.0
142016502,2024,17494.0,144028.0
142016006,2024,506.0,133330.0
142022506,2024,13088.0,80256.0
142022017,2024,,52420.0
142022006,2024,,72510.0
142022012,2024,,82495.0
142022505,2024,,30374.0
142022702,2024,,15290.0
142022004,2024,69.0,21908.0
142022011,2024,,1040.0
142022502,2024,7479.0,71419.0
142022019,2024,10243.0,95391.0
142022503,2024,304.0,2139.0
142026002,2024,14.0,348.0
142044007,2024,,1213.0
142045009,2024,,3713.0
142047007,2024,373.0,36773.0
142047006,2024,50.0,2708.0
142049006,2024,7628.0,51259.0
142049009,2024,,9054.0
142049502,2024,4301.0,24854.0
142049507,2024,,960.0
142049018,2024,372.0,6105.0
142049003,2024,,58245.0
142049004,2024,,33080.0
142050021,2024,2690.0,43336.0
142056003,2024,4284.0,119847.0
142056018,2024,2300.0,63498.0
142060012,2024,2428.0,32176.0
142064003,2024,,6071.0
142066001,2024,38.0,77.0
142068001,2024,45.0,120.0
142068010,2024,,11472.0
142071009,2024,12281.0,59831.0
142079002,2024,,1850.0
142081005,2024,,59951.0
142082002,2024,,41415.0
142090005,2024,,38498.0
142090006,2024,150.0,217.0
142092019,2024,,1835.0
142099016,2024,4775.0,162663.0
142099010,2024,,4876.0
142099004,2024,163.0,19032.0
142099503,2024,,25680.0
142099501,2024,167.0,26275.0
142099701,2024,,215057.0
142100012,2024,,12985.0
143016009,2024,73.0,2665.0
143061007,2024,,26.0
144001015,2024,1000.0,
144016059,2024,105.0,31937.0
144016111,2024,3298.0,34783.0
144016823,2024,2771.0,10089.0
144016184,2024,,5310.0
144016407,2024,1550.0,8264.0
144016003,2024,1424.0,7779.0
144016097,2024,196.0,12091.0
144016182,2024,921.0,8458.0
144016186,2024,,14070.0
144016221,2024,157.0,23460.0
144016226,2024,,6463.0
144016631,2024,35.0,399.0
144016713,2024,329.0,285.0
144016832,2024,9582.0,73390.0
144016136,2024,1280.0,14310.0
144016912,2024,28.0,1903.0
144022703,2024,782.0,8832.0
144022009,2024,,1300.0
144022812,2024,161.0,7400.0
144022002,2024,933.0,45353.0
144022039,2024,2046.0,7716.0
144022043,2024,66.0,39683.0
144022815,2024,7226.0,27818.0
144022027,2024,4623.0,99628.0
144022705,2024,,55164.0
144022006,2024,2961.0,28126.0
144022103,2024,,12310.0
144028006,2024,,432.0
144045503,2024,,2365.0
144045404,2024,209.0,209.0
144045602,2024,182.0,18948.0
144045507,2024,,12563.0
144046005,2024,97.0,558.0
144049607,2024,,1979.0
144049904,2024,,5018.0
144049034,2024,-2453.0,24726.0
144049037,2024,2043.0,22343.0
144050023,2024,,861.0
144052006,2024,625.0,2765.0
144056001,2024,-427.0,11841.0
144056901,2024,818.0,14223.0
144058305,2024,,5780.0
144060606,2024,,4663.0
144098015,2024,115.0,23059.0
144099009,2024,,25465.0
144099402,2024,44.0,12218.0
144099704,2024,,8.0
144099809,2024,270.0,4230.0
144099403,2024,,2720.0
144099016,2024,-3156.0,8559.0
144101014,2024,13218.0,57222.0
145001013,2024,,1196.0
145001010,2024,,5357.0
145001007,2024,,18.0
145001014,2024,7589.0,91939.0
145002002,2024,,3795.0
145003001,2024,,2398.0
145003002,2024,35.0,21186.0
145004001,2024,,55755.0
145004801,2024,,9046.0
145005001,2024,20235.0,26702.0
145006017,2024,130.0,45125.0
145006024,2024,663.0,1072.0
145006044,2024,38.0,6511.0
145006013,2024,330.0,435.0
145006022,2024,,970.0
145006035,2024,,789.0
145006036,2024,,786.0
145006301,2024,,8754.0
145007003,2024,6715.0,7828.0
145008401,2024,600.0,7010.0
145008101,2024,,3964.0
145009002,2024,,9279.0
145009201,2024,,2186.0
145009004,2024,,4307.0
145010021,2024,,26695.0
145010004,2024,915.0,10567.0
145010007,2024,,262.0
145010018,2024,,11935.0
145010009,2024,,141.0
145010014,2024,,14175.0
145010016,2024,,1182.0
145010017,2024,465.0,6379.0
145010002,2024,84.0,9383.0
145010015,2024,,1408.0
145010003,2024,,18892.0
145010008,2024,1490.0,4590.0
145010020,2024,,1345.0
145010005,2024,,212701.0
145011007,2024,3365.0,19982.0
145011005,2024,,655.0
145011008,2024,,1495.0
145011010,2024,,20850.0
145012001,2024,,2695.0
145012002,2024,172.0,10972.0
145012003,2024,,1892.0
145013015,2024,,12461.0
145013005,2024,421.0,6392.0
145014006,2024,,1074.0
145014003,2024,,6602.0
145014007,2024,,590.0
145014501,2024,,5511.0
145014008,2024,15.0,3666.0
145014001,2024,8.0,86.0
145015003,2024,,1400.0
145015002,2024,,13700.0
145016006,2024,46.0,7326.0
145016009,2024,,14511.0
145016025,2024,,28875.0
145016039,2024,,17400.0
145016047,2024,9445.0,23206.0
145016117,2024,4485.0,18785.0
145016128,2024,,16201.0
145016145,2024,11515.0,26916.0
145016012,2024,,16760.0
145016013,2024,,30000.0
145016017,2024,1491.0,50000.0
145016019,2024,,35950.0
145016028,2024,,4075.0
145016037,2024,,45850.0
145016044,2024,,5880.0
145016053,2024,,36580.0
145016054,2024,,15208.0
145016060,2024,1110.0,1163.0
145016073,2024,,20897.0
145016076,2024,,23180.0
145016078,2024,127.0,22253.0
145016083,2024,,5376.0
145016085,2024,,151240.0
145016088,2024,,45846.0
145016094,2024,415.0,4739.0
145016097,2024,,6265.0
145016102,2024,11340.0,27189.0
145016111,2024,,4825.0
145016116,2024,,2425.0
145016130,2024,,1235.0
145016137,2024,,4295.0
145016144,2024,,703.0
145016152,2024,,86576.0
145016156,2024,20892.0,54417.0
145016096,2024,10071.0,134870.0
145016003,2024,,86538.0
145016008,2024,,30966.0
145016010,2024,,87447.0
145016015,2024,,11462.0
145016022,2024,,29122.0
145016024,2024,,1744.0
145016029,2024,1492.0,46889.0
145016032,2024,8625.0,19351.0
145016034,2024,,7472.0
145016038,2024,,40230.0
145016042,2024,10840.0,105414.0
145016048,2024,12565.0,12765.0
145016050,2024,,1640.0
145016052,2024,5490.0,16145.0
145016064,2024,,14494.0
145016071,2024,481.0,632.0
145016072,2024,,23198.0
145016077,2024,,8280.0
145016079,2024,,79255.0
145016080,2024,,16715.0
145016093,2024,,1100.0
145016100,2024,,13535.0
145016101,2024,,7320.0
145016108,2024,80155.0,149939.0
145016113,2024,10350.0,33792.0
145016115,2024,323.0,15157.0
145016118,2024,,10347.0
145016121,2024,,4635.0
145016125,2024,215.0,5808.0
145016136,2024,353.0,38560.0
145016141,2024,97.0,1012.0
145016146,2024,,17172.0
145016148,2024,,11891.0
145016151,2024,,10162.0
145016154,2024,,24160.0
145016501,2024,,30075.0
145016502,2024,,14250.0
145016701,2024,1458.0,248487.0
145016157,2024,10435.0,10960.0
145016036,2024,1990.0,11007.0
145016081,2024,,5173.0
145016126,2024,,30989.0
145016067,2024,,66260.0
145016120,2024,,59190.0
145016138,2024,,54235.0
145016020,2024,1895.0,11515.0
145016031,2024,,9750.0
145016040,2024,3500.0,77413.0
145016046,2024,,11847.0
145016065,2024,1790.0,18035.0
145016070,2024,7055.0,11905.0
145016114,2024,9662.0,13579.0
145016122,2024,1046.0,106633.0
145016123,2024,,2714.0
145016133,2024,776.0,46297.0
145016143,2024,,13782.0
145016147,2024,,1832.0
145016001,2024,,16048.0
145016005,2024,3420.0,3805.0
145016014,2024,,32280.0
145016055,2024,,109732.0
145016068,2024,,1075.0
145016074,2024,,15208.0
145016086,2024,,8800.0
145016089,2024,,39487.0
145016124,2024,4500.0,5941.0
145016134,2024,,20939.0
145016142,2024,,17355.0
145016149,2024,1000.0,18786.0
145016153,2024,,280.0
145016057,2024,81.0,92.0
145016107,2024,,11939.0
145016140,2024,,17616.0
145016056,2024,,4426.0
145016069,2024,,9000.0
145016087,2024,,37952.0
145016104,2024,,40170.0
145017011,2024,478.0,478.0
145017002,2024,,14971.0
145018001,2024,3957.0,7268.0
145018002,2024,,3530.0
145019008,2024,4015.0,5487.0
145019005,2024,9222.0,16217.0
145019015,2024,,1490.0
145019001,2024,33305.0,110355.0
145019007,2024,,3170.0
145019013,2024,5223.0,6997.0
145019016,2024,2885.0,7522.0
145019018,2024,,75441.0
145020001,2024,1700.0,10260.0
145020601,2024,6067.0,14063.0
145021001,2024,1020.0,3394.0
145021004,2024,,18365.0
145021005,2024,800.0,4584.0
145022002,2024,,2465.0
145022004,2024,4565.0,38531.0
145022008,2024,,14590.0
145022013,2024,6053.0,112199.0
145022016,2024,,61351.0
145022022,2024,,58065.0
145022044,2024,69.0,9906.0
145022056,2024,,4281.0
145022018,2024,,21102.0
145022026,2024,7760.0,29725.0
145022031,2024,,8455.0
145022032,2024,,14754.0
145022036,2024,,4179.0
145022043,2024,,14920.0
145022051,2024,,23070.0
145022057,2024,,1726.0
145022003,2024,30760.0,38310.0
145022006,2024,,1715.0
145022010,2024,,11390.0
145022012,2024,,8251.0
145022014,2024,,132978.0
145022017,2024,36610.0,66286.0
145022023,2024,,135072.0
145022028,2024,,4788.0
145022034,2024,,31048.0
145022038,2024,,4100.0
145022047,2024,7815.0,25244.0
145022046,2024,,50840.0
145022009,2024,8310.0,16565.0
145022052,2024,,11385.0
145022058,2024,,44795.0
145022701,2024,,94710.0
145022035,2024,1181.0,32295.0
145022039,2024,,8579.0
145022053,2024,,41334.0
145022011,2024,175.0,197371.0
145022020,2024,,14350.0
145022050,2024,,26930.0
145023001,2024,,266.0
145023005,2024,,6249.0
145023004,2024,,6224.0
145025002,2024,,437.0
145025005,2024,,6140.0
145025003,2024,,8461.0
145025004,2024,1277.0,19895.0
145026004,2024,525.0,597.0
145026006,2024,,9145.0
145026001,2024,1062.0,4241.0
145027002,2024,,10832.0
145027006,2024,,27535.0
145028032,2024,,2839.0
145028302,2024,,4272.0
145029004,2024,,8445.0
145029021,2024,,270.0
145029011,2024,,1770.0
145029001,2024,,1651.0
145029008,2024,,2450.0
145029023,2024,1471.0,3578.0
145030401,2024,248.0,238.0
145031002,2024,,4875.0
145031004,2024,1148.0,3379.0
145032018,2024,4500.0,14640.0
145032006,2024,,80.0
145032014,2024,,3488.0
145032002,2024,18025.0,35769.0
145032001,2024,,270.0
145032015,2024,,43839.0
145032016,2024,,29420.0
145032023,2024,135.0,135.0
145032022,2024,,15395.0
145032007,2024,,555.0
145032017,2024,2025.0,4775.0
145033011,2024,,2295.0
145034010,2024,,339.0
145034023,2024,,6000.0
145034040,2024,,788.0
145034505,2024,,1404.0
145034032,2024,1665.0,2540.0
145035001,2024,,1335.0
145037002,2024,,950.0
145037011,2024,,4280.0
145037010,2024,,7446.0
145037008,2024,,29177.0
145037005,2024,1900.0,3233.0
145037006,2024,826.0,1366.0
145037001,2024,1975.0,1975.0
145038003,2024,,5509.0
145038007,2024,875.0,875.0
145038004,2024,,85.0
145038018,2024,,1596.0
145038101,2024,,14825.0
145039001,2024,3040.0,3315.0
145039002,2024,,4150.0
145039006,2024,,685.0
145039023,2024,,3904.0
145039503,2024,9835.0,19548.0
145039008,2024,,280.0
145039004,2024,,605.0
145039011,2024,1855.0,3299.0
145040006,2024,,6244.0
145041002,2024,,170.0
145041010,2024,23.0,2666.0
145041018,2024,,414.0
145041001,2024,,250.0
145041019,2024,,5876.0
145041025,2024,148.0,318.0
145041020,2024,,12555.0
145041028,2024,,316.0
145042001,2024,,28884.0
145044018,2024,315.0,315.0
145044025,2024,,2218.0
145045001,2024,,12815.0
145045003,2024,,222362.0
145045005,2024,185225.0,204735.0
145045009,2024,,85790.0
145045801,2024,1032.0,140307.0
145045004,2024,1189.0,124639.0
145045008,2024,1561.0,81463.0
145045007,2024,,21693.0
145045006,2024,803.0,54314.0
145046002,2024,4858.0,9628.0
145046012,2024,319.0,18121.0
145046018,2024,,8496.0
145046003,2024,,12785.0
145046004,2024,,1325.0
145046013,2024,288.0,7575.0
145046017,2024,,2973.0
145046014,2024,,460.0
145047501,2024,15960.0,251518.0
145047007,2024,,1105.0
145047011,2024,,36955.0
145047016,2024,,44670.0
145048003,2024,,9100.0
145048101,2024,,7259.0
145049002,2024,,3.0
145049008,2024,695.0,1033.0
145049033,2024,2430.0,2546.0
145049062,2024,,24581.0
145049802,2024,1434.0,12140.0
145049003,2024,47988.0,63310.0
145049013,2024,,11501.0
145049017,2024,152.0,3944.0
145049021,2024,,6.0
145049023,2024,,8035.0
145049030,2024,,109697.0
145049035,2024,101645.0,128351.0
145049038,2024,6300.0,69650.0
145049042,2024,1983.0,1415.0
145049043,2024,,9747.0
145049059,2024,,73590.0
145049066,2024,46.0,90470.0
145049501,2024,13287.0,20493.0
145049702,2024,,2323.0
145049069,2024,375.0,7484.0
145049007,2024,37.0,17780.0
145049015,2024,,5795.0
145049016,2024,,9732.0
145049018,2024,1332.0,6223.0
145049020,2024,,94.0
145049034,2024,,12234.0
145049037,2024,,16542.0
145049040,2024,,50513.0
145049053,2024,1096.0,32681.0
145049065,2024,,5436.0
145049901,2024,,115755.0
145049026,2024,2232.0,76939.0
145049001,2024,1393.0,14361.0
145049012,2024,,16440.0
145049029,2024,,95565.0
145049068,2024,101.0,3102.0
145049024,2024,7475.0,32325.0
145049701,2024,,39157.0
145049022,2024,,24345.0
145050018,2024,,5780.0
145050201,2024,,1170.0
145050019,2024,488.0,48497.0
145050020,2024,,1980.0
145050033,2024,,6380.0
145050026,2024,,170.0
145050039,2024,,254.0
145050011,2024,,5590.0
145050025,2024,,4660.0
145050036,2024,,9800.0
145050042,2024,,13060.0
145050052,2024,,6475.0
145051012,2024,,10355.0
145052001,2024,487.0,15856.0
145052003,2024,232.0,33438.0
145052005,2024,,1475.0
145052002,2024,723.0,8415.0
145053012,2024,,2177.0
145053016,2024,,378.0
145053021,2024,,2973.0
145053023,2024,,90.0
145053014,2024,,5960.0
145053019,2024,,3799.0
145053602,2024,,3210.0
145054020,2024,,10124.0
145054012,2024,615.0,615.0
145054403,2024,,873.0
145054007,2024,,1524.0
145054015,2024,,7940.0
145054026,2024,300.0,690.0
145055004,2024,,7011.0
145055003,2024,116.0,3889.0
145056022,2024,208.0,177.0
145056016,2024,2439.0,2689.0
145056019,2024,,2120.0
145056001,2024,,270.0
145056003,2024,,3031.0
145056006,2024,,17855.0
145056011,2024,,15145.0
145056014,2024,32800.0,43221.0
145056021,2024,13418.0,22909.0
145056031,2024,17780.0,65690.0
145056304,2024,254.0,216.0
145056013,2024,12499.0,104481.0
145056017,2024,,37070.0
145056008,2024,78.0,108.0
145057012,2024,8589.0,12709.0
145057403,2024,2584.0,3951.0
145057008,2024,,16948.0
145057010,2024,,10635.0
145057011,2024,,12229.0
145057014,2024,3178.0,57136.0
145057801,2024,,19062.0
145058003,2024,,118975.0
145058005,2024,,38837.0
145058007,2024,,26745.0
145058009,2024,,8145.0
145058901,2024,,41558.0
145058001,2024,,12830.0
145059004,2024,2071.0,12100.0
145059009,2024,,3371.0
145059002,2024,20.0,3742.0
145059003,2024,,2850.0
145059006,2024,,289.0
145059007,2024,,193.0
145059101,2024,,24195.0
145060003,2024,,7844.0
145060011,2024,143.0,14270.0
145060005,2024,1450.0,3251.0
145060008,2024,6438.0,51667.0
145060012,2024,408.0,29966.0
145060006,2024,19170.0,187132.0
145060007,2024,19698.0,21595.0
145060002,2024,778.0,30713.0
145060004,2024,33.0,3318.0
145060001,2024,,47555.0
145061005,2024,10.0,296.0
145061020,2024,,1666.0
145061006,2024,,3514.0
145061007,2024,2604.0,5071.0
145061017,2024,4253.0,6694.0
145061021,2024,50.0,3107.0
145061024,2024,,10144.0
145061028,2024,,145.0
145061014,2024,,13.0
145061025,2024,,6499.0
145061026,2024,,504.0
145062301,2024,,7085.0
145063502,2024,,4205.0
145063401,2024,4460.0,4686.0
145064002,2024,1956.0,3402.0
145065001,2024,,12623.0
145065003,2024,4130.0,12916.0
145066011,2024,,12220.0
145066001,2024,,17697.0
145067003,2024,,31400.0
145067002,2024,,4698.0
145067001,2024,9995.0,12090.0
145068001,2024,12740.0,21822.0
145068003,2024,276.0,3741.0
145068004,2024,,1470.0
145068002,2024,,24931.0
145069003,2024,59.0,48709.0
145069004,2024,,1372.0
145069002,2024,1903.0,5179.0
145070300,2024,,2906.0
145070003,2024,21905.0,32663.0
145071028,2024,,16739.0
145071034,2024,,13565.0
145071006,2024,106.0,414.0
145071035,2024,570.0,5309.0
145071038,2024,152.0,7850.0
145071801,2024,498.0,57050.0
145071003,2024,4500.0,11161.0
145072018,2024,,652.0
145072008,2024,2000.0,35490.0
145072012,2024,,9850.0
145072027,2024,25.0,430.0
145072038,2024,,4792.0
145072043,2024,,11631.0
145072037,2024,7300.0,7582.0
145072020,2024,,7480.0
145072003,2024,3715.0,12134.0
145073008,2024,,129.0
145073003,2024,,4836.0
145073014,2024,,4085.0
145074003,2024,,10856.0
145074002,2024,485.0,3373.0
145074701,2024,95.0,5015.0
145074006,2024,,30568.0
145075006,2024,1985.0,6944.0
145077018,2024,,2200.0
145079003,2024,,750.0
145079010,2024,,10133.0
145079013,2024,,1948.0
145080001,2024,,37110.0
145081016,2024,14.0,43948.0
145081013,2024,63.0,1870.0
145081015,2024,2893.0,2935.0
145081003,2024,,567.0
145081007,2024,,31650.0
145081017,2024,,3665.0
145082002,2024,194.0,24665.0
145082006,2024,,1558.0
145082009,2024,9500.0,15420.0
145082036,2024,2170.0,2193.0
145082010,2024,,7210.0
145082017,2024,,13605.0
145082023,2024,,8817.0
145082034,2024,7986.0,30743.0
145082043,2024,,4500.0
145082001,2024,67.0,30288.0
145082007,2024,122485.0,151005.0
145082031,2024,,2370.0
145082033,2024,2355.0,2639.0
145082039,2024,,1608.0
145082044,2024,,7858.0
145082041,2024,1000.0,5560.0
145082019,2024,3235.0,4278.0
145082029,2024,,57351.0
145082003,2024,14786.0,50293.0
145082012,2024,,8400.0
145082035,2024,122.0,16883.0
145082021,2024,33.0,2334.0
145083017,2024,6335.0,29921.0
145083001,2024,1025.0,3186.0
145084001,2024,,6074.0
145084006,2024,,32931.0
145084015,2024,84082.0,228449.0
145084012,2024,,49550.0
145084013,2024,,6515.0
145084002,2024,,24105.0
145084009,2024,,19475.0
145084010,2024,304.0,13560.0
145084014,2024,,51243.0
145086501,2024,327.0,3604.0
145086001,2024,640.0,4052.0
145087011,2024,,115.0
145087007,2024,,1703.0
145087008,2024,,965.0
145088012,2024,6000.0,18890.0
145089002,2024,,10474.0
145089006,2024,,5123.0
145089005,2024,130.0,2159.0
145089007,2024,287.0,1427.0
145089801,2024,677.0,14197.0
145090006,2024,90.0,7408.0
145090029,2024,,5005.0
145090028,2024,,14465.0
145090039,2024,,15790.0
145090003,2024,,19775.0
145090025,2024,6267.0,6566.0
145090027,2024,194.0,1508.0
145090034,2024,,450.0
145090035,2024,,41.0
145090040,2024,,1781.0
145090007,2024,368.0,5715.0
145090032,2024,,2608.0
145090038,2024,,2860.0
145091003,2024,1128.0,1128.0
145091013,2024,,140.0
145091012,2024,1025.0,1369.0
145091010,2024,,508.0
145091009,2024,,6977.0
145092002,2024,674.0,674.0
145092006,2024,690.0,5752.0
145092026,2024,,1549.0
145092056,2024,,4980.0
145092003,2024,930.0,2102.0
145092011,2024,5783.0,27104.0
145092048,2024,,3095.0
145092042,2024,1064.0,1677.0
145093002,2024,,5332.0
145094014,2024,,8924.0
145094010,2024,,18564.0
145095012,2024,,10.0
145095015,2024,,608.0
145095901,2024,,7191.0
145096005,2024,4125.0,4237.0
145096021,2024,5765.0,5806.0
145097018,2024,240.0,405.0
145098042,2024,,9169.0
145098051,2024,,2121.0
145098058,2024,4765.0,33980.0
145099012,2024,,7495.0
145099002,2024,2050.0,2050.0
145099007,2024,,129334.0
145099010,2024,1160.0,1835.0
145099017,2024,,70353.0
145099021,2024,,4550.0
145099032,2024,,1500.0
145099035,2024,,2820.0
145099004,2024,,3179.0
145099018,2024,,19828.0
145099020,2024,2300.0,3659.0
145099023,2024,,95649.0
145099027,2024,10900.0,13560.0
145099036,2024,,31685.0
145099037,2024,,164.0
145099041,2024,,24930.0
145099034,2024,,18220.0
145099028,2024,121.0,110029.0
145099022,2024,,13605.0
145099501,2024,,5466.0
145099019,2024,5625.0,199575.0
145099025,2024,,5230.0
145099038,2024,30176.0,265500.0
145099026,2024,,116994.0
145099042,2024,,11010.0
145099016,2024,93405.0,108885.0
145100007,2024,,1890.0
145100003,2024,,32330.0
145100017,2024,,15375.0
145100012,2024,,24050.0
145101014,2024,,10250.0
145101008,2024,415.0,211.0
145101032,2024,,9492.0
145101038,2024,,12017.0
145101016,2024,6750.0,15546.0
145101039,2024,,154642.0
145101029,2024,,2323.0
145101025,2024,,1559.0
145101017,2024,,5662.0
145101027,2024,114.0,3680.0
145102007,2024,653.0,32271.0
145102005,2024,,9246.0
145102001,2024,,20894.0
145102003,2024,,7700.0
145102006,2024,,2990.0
145102010,2024,475.0,624.0
145102002,2024,,10164.0
145102009,2024,112.0,4997.0
151030030,2024,13700.0,68660.0
151041041,2024,791.0,36927.0
152041004,2024,2848.0,154052.0
154041001,2024,,5115.0
155001701,2024,7080.0,37455.0
155002702,2024,112415.0,179405.0
155002801,2024,18925.0,171855.0
155002701,2024,8641.0,100833.0
155002004,2024,26584.0,219896.0
155003701,2024,15300.0,82020.0
155004701,2024,,10545.0
155006007,2024,17200.0,78948.0
155006003,2024,6035.0,138570.0
155006701,2024,93.0,34591.0
155007001,2024,5970.0,11736.0
155008005,2024,2400.0,14627.0
155010006,2024,83220.0,254541.0
155012501,2024,,1694.0
155012003,2024,,54775.0
155012503,2024,,17230.0
155014010,2024,,6565.0
155014001,2024,5465.0,22502.0
155016701,2024,7000.0,47325.0
155017701,2024,,7510.0
155018009,2024,6163.0,21620.0
155019004,2024,575.0,6254.0
155019007,2024,3300.0,14761.0
155019801,2024,2000.0,10530.0
155020006,2024,20117.0,85227.0
155020008,2024,,81135.0
155020014,2024,7200.0,64565.0
155020005,2024,3500.0,42140.0
155022002,2024,6035.0,99010.0
155028401,2024,4500.0,11251.0
155029703,2024,99400.0,230645.0
155029006,2024,39000.0,184955.0
155029001,2024,3340.0,32595.0
155029007,2024,28970.0,162735.0
155029701,2024,64835.0,258869.0
155030703,2024,1595.0,60365.0
155030702,2024,,193492.0
155031003,2024,,3194.0
155032003,2024,23220.0,30256.0
155032701,2024,156060.0,367770.0
155032001,2024,103590.0,341795.0
155033001,2024,9414.0,11883.0
155034004,2024,,79970.0
155035003,2024,6065.0,67755.0
155036401,2024,300.0,775.0
155036010,2024,,6270.0
155037011,2024,,13809.0
155039004,2024,1095.0,20725.0
155041010,2024,7750.0,116880.0
155041004,2024,,47400.0
155041003,2024,675.0,2935.0
155041701,2024,102990.0,227665.0
155043015,2024,8000.0,108628.0
155043702,2024,6010.0,23825.0
155043701,2024,18345.0,75480.0
155044703,2024,5100.0,7884.0
155045004,2024,1660.0,289082.0
155045007,2024,,11555.0
155045010,2024,,153237.0
155045018,2024,11714.0,155037.0
155045011,2024,4421.0,115618.0
155045014,2024,,6193.0
155045020,2024,,3077.0
155045006,2024,,15020.0
155045008,2024,,57205.0
155045009,2024,7850.0,31364.0
155045013,2024,,87250.0
155045016,2024,34155.0,89945.0
155045701,2024,,40527.0
155045019,2024,95819.0,170039.0
155046701,2024,,6923.0
155046016,2024,519.0,38448.0
155048006,2024,,14395.0
155048003,2024,,92875.0
155048002,2024,,17618.0
155049005,2024,225000.0,518440.0
155049011,2024,34075.0,128270.0
155049003,2024,,55070.0
155049006,2024,170744.0,538729.0
155049009,2024,6085.0,29870.0
155049012,2024,34980.0,320637.0
155049001,2024,1225.0,57845.0
155049004,2024,,203865.0
155049007,2024,127137.0,366702.0
155049010,2024,,410.0
155049008,2024,22610.0,72875.0
155050006,2024,,67828.0
155050001,2024,,9568.0
155050701,2024,,19565.0
155050002,2024,1305.0,6700.0
155052503,2024,,16809.0
155053003,2024,31395.0,123055.0
155054004,2024,965.0,47689.0
155055001,2024,,108.0
155057501,2024,,27745.0
155057701,2024,32.0,11410.0
155058004,2024,2517.0,7230.0
155061004,2024,,478.0
155062006,2024,5815.0,9400.0
155062002,2024,,1264.0
155063009,2024,,7279.0
155064012,2024,,127832.0
155064014,2024,5785.0,165853.0
155064002,2024,1365.0,13028.0
155068701,2024,10524.0,22763.0
155069002,2024,3785.0,30135.0
155071008,2024,7330.0,32556.0
155071012,2024,43489.0,72291.0
155072701,2024,13.0,20656.0
155073008,2024,,17299.0
155075002,2024,,5338.0
155075003,2024,,15986.0
155075005,2024,,4188.0
155076003,2024,3430.0,5960.0
155076007,2024,,1185.0
155079011,2024,,73725.0
155084501,2024,12015.0,29165.0
155085008,2024,,18694.0
155085004,2024,296.0,15605.0
155089703,2024,894.0,2419.0
155090001,2024,9650.0,26737.0
155090702,2024,,6805.0
155090701,2024,5890.0,65915.0
155091703,2024,,270.0
155091704,2024,12000.0,19145.0
155091701,2024,,4750.0
155092201,2024,,81830.0
155092007,2024,179.0,6907.0
191001001,2024,,5060.0
191002002,2024,,7514.0
191003003,2024,,91445.0
191004004,2024,,15000.0
191005005,2024,,3241.0
191006006,2024,232.0,20207.0
191007007,2024,,5155.0
191008008,2024,2835.0,105043.0
191009009,2024,6463.0,61163.0
191010010,2024,,4978.0
191011011,2024,,6992.0
191012012,2024,,10678.0
191013013,2024,,511.0
191015015,2024,108.0,70710.0
191020019,2024,9.0,13752.0
191021020,2024,,7805.0
191023022,2024,32.0,43830.0
191024023,2024,,9851.0
191025024,2024,1500.0,7170.0
191026025,2024,,569332.0
191027026,2024,,7022.0
191029028,2024,354.0,19790.0
191030029,2024,,8544.0
191031030,2024,,1651.0
191032031,2024,5516.0,51938.0
191034033,2024,,1320.0
191035034,2024,222.0,7914.0
191037035,2024,1575.0,12645.0
191038036,2024,28000.0,120692.0
191039037,2024,479.0,8700.0
191040038,2024,94.0,19370.0
191042040,2024,542.0,3176.0
191043041,2024,6573.0,20459.0
191044042,2024,,56909.0
191045043,2024,,127740.0
191047045,2024,,10905.0
191048046,2024,,55260.0
191049047,2024,,51901.0
191050048,2024,,26020.0
191051049,2024,3.0,3922.0
191052050,2024,8612.0,207426.0
191053051,2024,455.0,198613.0
191057055,2024,700.0,21627.0
191058056,2024,,11690.0
191059057,2024,,6499.0
191061059,2024,,3514.0
191062060,2024,,53.0
191063061,2024,,27469.0
191064062,2024,,520.0
192001002,2024,,5110.0
192002701,2024,,331.0
192003002,2024,6672.0,97668.0
192003001,2024,1500.0,2564.0
192005006,2024,,1437.0
192008002,2024,13.0,419127.0
192010006,2024,,6995.0
192010003,2024,88.0,38008.0
192010004,2024,,59018.0
192014003,2024,,961.0
192015003,2024,1336.0,2700.0
192016001,2024,,170.0
192017002,2024,41098.0,1877101.0
192017003,2024,,20708.0
192020002,2024,,965.0
192020003,2024,,977.0
192022003,2024,,22.0
192023003,2024,16023.0,45251.0
192025004,2024,,2199.0
192026004,2024,,2340.0
192026003,2024,290.0,68875.0
192028002,2024,,1272.0
192028004,2024,14189.0,390106.0
192028006,2024,1158.0,69870.0
192029003,2024,,10792.0
192031004,2024,,115511.0
192032002,2024,,41741.0
192032005,2024,1160.0,12527.0
192032001,2024,20.0,3650.0
192035004,2024,,12419.0
192036001,2024,,619075.0
192037002,2024,,25189.0
192037001,2024,,92399.0
192040001,2024,,178038.0
192049007,2024,,7508.0
192051005,2024,,3087.0
192051004,2024,,4236.0
192051003,2024,,2071.0
192052002,2024,,1306.0
192053002,2024,,117.0
192057005,2024,,1269.0
192057001,2024,,3522.0
192063001,2024,,5063.0
194008301,2024,,1302.0
194010504,2024,,470.0
195002001,2024,,19235.0
195003001,2024,,401594.0
195004001,2024,,7510.0
195005001,2024,,521.0
195006001,2024,,62965.0
195007001,2024,,18816.0
195008001,2024,,139885.0
195009001,2024,8500.0,84945.0
195010001,2024,,278938.0
195011001,2024,,4200.0
195012001,2024,,15975.0
195013001,2024,,360.0
195017001,2024,,5693.0
195019001,2024,,6197.0
195020001,2024,6000.0,15080.0
195021001,2024,,5454.0
195022001,2024,,5795.0
195023001,2024,15000.0,78315.0
195024001,2024,,14696.0
195025001,2024,,8500.0
195026001,2024,,134237.0
195027001,2024,,35640.0
195028001,2024,,293845.0
195029001,2024,,190900.0
195031001,2024,10000.0,44087.0
195032001,2024,9000.0,97115.0
195033001,2024,,7414.0
195034001,2024,,6911.0
195035001,2024,,23085.0
195037002,2024,,137025.0
195039001,2024,,67.0
195040001,2024,61000.0,167691.0
195041001,2024,,23840.0
195042001,2024,,36240.0
195043001,2024,,17508.0
195045001,2024,,56025.0
195046001,2024,,10595.0
195047001,2024,2411.0,90042.0
195049001,2024,20632.0,29875.0
195050001,2024,,86905.0
195051001,2024,,22025.0
195052001,2024,5000.0,303255.0
195053001,2024,,14431.0
195055001,2024,,151871.0
195058001,2024,7000.0,21346.0
195060001,2024,,27524.0
195061001,2024,,93184.0
195063001,2024,,47958.0
195064001,2024,,400.0
222001201,2024,,100267.0
222003004,2024,74321.0,221786.0
222003002,2024,13768.0,330915.0
222003001,2024,,165305.0
222005002,2024,45535.0,192934.0
222005008,2024,5435.0,119172.0
222005003,2024,36380.0,157985.0
222007301,2024,,86705.0
222008001,2024,11577.0,38012.0
222009011,2024,1460.0,75682.0
222009007,2024,10700.0,46956.0
222009008,2024,30357.0,328776.0
222009009,2024,33135.0,336731.0
222009006,2024,,69101.0
222011201,2024,2689.0,74143.0
222011101,2024,4173.0,174752.0
222011102,2024,17375.0,160781.0
222013101,2024,,45200.0
223001002,2024,,45907.0
223001003,2024,,37640.0
223001009,2024,,10595.0
223001012,2024,691.0,57788.0
223002021,2024,,1997.0
223002029,2024,,4585.0
223003005,2024,16920.0,114786.0
223003003,2024,1840.0,39200.0
223003008,2024,14310.0,64459.0
223004002,2024,1670.0,10651.0
223005003,2024,,9545.0
223005021,2024,,29115.0
223005002,2024,63743.0,364448.0
223005012,2024,777.0,108777.0
223005019,2024,17990.0,26045.0
223005010,2024,,22508.0
223005013,2024,,11732.0
223007009,2024,,63705.0
223007019,2024,,6362.0
223008006,2024,,572.0
223008016,2024,,3486.0
223008015,2024,,31612.0
223009043,2024,,113922.0
223009008,2024,10986.0,172454.0
223009021,2024,12788.0,200298.0
223009028,2024,,32549.0
223009037,2024,22667.0,96676.0
223009002,2024,15483.0,302709.0
223009007,2024,33971.0,270471.0
223009022,2024,,82405.0
223009025,2024,9448.0,142894.0
223009034,2024,,118588.0
223009039,2024,,63649.0
223009041,2024,426.0,86799.0
223009042,2024,,28364.0
223009018,2024,,10334.0
223009010,2024,,58908.0
223009023,2024,,29783.0
223009031,2024,,143878.0
223010001,2024,47594.0,257156.0
223011020,2024,,45018.0
223011004,2024,25944.0,465719.0
223011005,2024,5599.0,59749.0
223011013,2024,95.0,59202.0
223011014,2024,,40670.0
223011024,2024,18578.0,180590.0
223011025,2024,125.0,84115.0
223011007,2024,,117586.0
223011018,2024,17150.0,202974.0
223011016,2024,,108989.0
223012019,2024,33955.0,212763.0
223012024,2024,,32034.0
223012003,2024,,34181.0
223012023,2024,7455.0,114061.0
223012026,2024,,7236.0
223012015,2024,,22712.0
223012014,2024,,104403.0
223012018,2024,,32710.0
223012022,2024,,65254.0
223014045,2024,,21925.0
223014029,2024,,15574.0
223014036,2024,,449.0
223014040,2024,3595.0,116572.0
223014015,2024,,71447.0
223014053,2024,,12333.0
223014027,2024,,184.0
242002001,2024,17090.0,47714.0
242003003,2024,13601.0,36190.0
242004001,2024,,53060.0
242004002,2024,1965.0,3263.0
242010002,2024,527.0,24290.0
242014001,2024,1688.0,9539.0
242014009,2024,16644.0,203940.0
242017006,2024,7531.0,30212.0
242017003,2024,62.0,23628.0
242019801,2024,,30975.0
242019002,2024,714.0,8865.0
242019006,2024,12361.0,145685.0
242027008,2024,10314.0,123282.0
242027002,2024,,40395.0
242027010,2024,4254.0,59348.0
242027016,2024,6540.0,82980.0
242027029,2024,,61600.0
242027020,2024,116913.0,831445.0
242027012,2024,7335.0,82180.0
242027001,2024,,94175.0
242027022,2024,,57680.0
242031009,2024,6795.0,50497.0
242045011,2024,2120.0,5468.0
242046003,2024,187.0,38586.0
242047007,2024,,31722.0
242052005,2024,13384.0,54534.0
242055004,2024,12375.0,287321.0
242056009,2024,,13562.0
242060004,2024,22.0,2465.0
242062008,2024,,14070.0
242062009,2024,360470.0,908963.0
242069008,2024,10059.0,115796.0
242069015,2024,,3830.0
242070006,2024,1620.0,28202.0
242070008,2024,,43960.0
242073029,2024,168.0,14015.0
242073021,2024,15530.0,179462.0
242076001,2024,1764.0,8723.0
242076002,2024,2135.0,2832.0
242077008,2024,1696.0,20365.0
242080006,2024,14.0,7936.0
242082804,2024,34.0,43060.0
242082801,2024,8151.0,39915.0
242082803,2024,2860.0,22665.0
242082016,2024,5356.0,31165.0
245002006,2024,2767.0,75539.0
245002002,2024,,260983.0
245002007,2024,17072.0,85073.0
245002005,2024,7210.0,44021.0
245004001,2024,,35982.0
245004014,2024,,526.0
245006301,2024,27293.0,
245007045,2024,,14151.0
245007201,2024,8957.0,28658.0
245007202,2024,4529.0,57247.0
245007036,2024,114416.0,208316.0
245008072,2024,,44389.0
245009008,2024,49.0,21915.0
245010033,2024,,157839.0
245010037,2024,,7705.0
245010039,2024,6081.0,111971.0
245011012,2024,,49434.0
245011201,2024,,5484.0
245012026,2024,,2372.0
245013201,2024,,62450.0
245014009,2024,,11085.0
245014014,2024,6335.0,8841.0
245014007,2024,,41077.0
245014011,2024,5774.0,200753.0
245015301,2024,,245.0
245017010,2024,,22269.0
245018041,2024,,30725.0
245018006,2024,6855.0,28001.0
245019001,2024,,99251.0
245019004,2024,,62368.0
245019010,2024,311949.0,416508.0
245019503,2024,24590.0,51204.0
245019007,2024,23136.0,116344.0
245019012,2024,,24640.0
245019014,2024,,140128.0
245020003,2024,,12166.0
245021041,2024,,12595.0
245021001,2024,,83870.0
245023301,2024,,3511.0
245023064,2024,,52.0
245023202,2024,1.0,18095.0
245024001,2024,3890.0,34037.0
245024002,2024,,9335.0
245025003,2024,,23795.0
245025010,2024,,14674.0
245025012,2024,,18007.0
245025002,2024,,22592.0
245026010,2024,8111.0,
245027012,2024,13085.0,111760.0
245027002,2024,,155205.0
245027036,2024,,54257.0
245027039,2024,19792.0,205909.0
245027028,2024,,146774.0
245027032,2024,14461.0,186944.0
245027033,2024,47342.0,69126.0
245027037,2024,263257.0,389242.0
245027038,2024,2578.0,136840.0
245027042,2024,,4184.0
245027046,2024,3236.0,205200.0
245027011,2024,1882.0,53197.0
245028008,2024,,11135.0
245028055,2024,13393.0,12750.0
245029021,2024,6070.0,8445.0
245029022,2024,,15883.0
245030004,2024,11675.0,60160.0
245031004,2024,,2730.0
245031002,2024,,19200.0
245031003,2024,4240.0,95805.0
245032301,2024,,32890.0
245033021,2024,,15688.0
245034031,2024,14998.0,31892.0
245034074,2024,,36121.0
245035006,2024,195.0,
245035202,2024,,3215.0
245037066,2024,4896.0,24684.0
245039001,2024,,13662.0
245041010,2024,,5265.0
245041009,2024,,2040.0
245042003,2024,,18174.0
245042014,2024,,42663.0
245043017,2024,,20215.0
245043019,2024,4111.0,64535.0
245045201,2024,1141.0,3099.0
245045801,2024,,1832.0
245046202,2024,,5045.0
245046023,2024,,8852.0
245046001,2024,,31477.0
245047042,2024,1626.0,36245.0
245047022,2024,,14559.0
245048035,2024,13425.0,35567.0
245049016,2024,4781.0,4345.0
245050006,2024,,35816.0
245050016,2024,2442.0,4905.0
245051039,2024,,3534.0
245052029,2024,,102031.0
245052013,2024,,5452.0
245053023,2024,5705.0,6126.0
245055002,2024,25680.0,81748.0
245055005,2024,,31195.0
245055074,2024,,312655.0
245055076,2024,,32253.0
245056037,2024,11133.0,25130.0
245056052,2024,7240.0,
245056135,2024,,3160.0
245057023,2024,,34560.0
245057001,2024,22754.0,
245058050,2024,,4830.0
245058033,2024,,17310.0
245060009,2024,,3722.0
245060008,2024,,5030.0
245060201,2024,,4569.0
245060002,2024,,2300.0
245061003,2024,,12076.0
245062001,2024,45650.0,208419.0
245062002,2024,,418395.0
245062003,2024,19074.0,41585.0
245062004,2024,47262.0,400682.0
245064021,2024,,143.0
245064038,2024,,7478.0
245065202,2024,768.0,1985.0
245066001,2024,11588.0,8984.0
245066003,2024,,42792.0
245067004,2024,22365.0,7190.0
245068001,2024,,11.0
245068008,2024,,47520.0
245068015,2024,1302.0,5680.0
245069005,2024,,37102.0
245069007,2024,,14907.0
245069014,2024,,20036.0
245069009,2024,,784.0
245069006,2024,21708.0,38434.0
245070001,2024,1338.0,11906.0
245070003,2024,,61665.0
245070033,2024,18267.0,128891.0
245070004,2024,,149325.0
245071002,2024,,64185.0
245071001,2024,,55811.0
245072202,2024,74952.0,69317.0
245073073,2024,,16600.0
245074003,2024,,6977.0
245074004,2024,,168418.0
245075004,2024,,10285.0
245076084,2024,18889.0,26465.0
245077007,2024,,22423.0
245077002,2024,8848.0,9810.0
245078011,2024,245.0,
245079045,2024,17431.0,20437.0
245080001,2024,,2080.0
245081001,2024,,4029.0
245081011,2024,,13181.0
245082009,2024,146209.0,305302.0
245082011,2024,179780.0,197419.0
245082005,2024,,55075.0
245083008,2024,,23212.0
245083005,2024,,2720.0
245083001,2024,,267.0
245084008,2024,9599.0,14095.0
245084001,2024,,6751.0
245085036,2024,,4260.0
245086079,2024,,113937.0
245086002,2024,,13945.0
245086042,2024,18133.0,29540.0
245086020,2024,,54727.0
245086076,2024,,31440.0
245086011,2024,46020.0,74760.0
245086001,2024,,2494.0
245087001,2024,1651.0,29807.0
341001001,2024,33280.0,175683.0
341010010,2024,21839.0,380373.0
341011011,2024,76382.0,779014.0
341013013,2024,4356.0,302460.0
341016016,2024,22000.0,53474.0
341017017,2024,187.0,14880.0
341018018,2024,,237623.0
341021021,2024,34999.0,38608.0
341026026,2024,,43956.0
341030030,2024,,58827.0
341032032,2024,302275.0,847478.0
341034034,2024,,701501.0
341039039,2024,2800.0,68729.0
341041041,2024,181440.0,713128.0
341043043,2024,2580.0,240921.0
341049049,2024,,149640.0
341050050,2024,,32426.0
341051051,2024,202299.0,653660.0
341053053,2024,39565.0,101005.0
341060060,2024,3212.0,1607972.0
341063063,2024,8404.0,271400.0
341064064,2024,6547.0,57142.0
341065065,2024,53280.0,394912.0
341068068,2024,11880.0,290340.0
341071071,2024,10368.0,132237.0
341073073,2024,12165.0,17340.0
341074074,2024,15000.0,122202.0
341080080,2024,,69291.0
341088088,2024,5500.0,5830.0
341090090,2024,,846970.0
341092092,2024,1078800.0,3270245.0
341095095,2024,,55390.0
341096096,2024,,143619.0
342001001,2024,,26884.0
342010801,2024,,8508.0
342011802,2024,,5997.0
342011001,2024,26820.0,182564.0
342013001,2024,64000.0,110644.0
342013901,2024,,24899.0
342018005,2024,,72629.0
342023006,2024,,54507.0
342025003,2024,18234.0,37426.0
342026001,2024,500716.0,1144286.0
342032001,2024,444180.0,883550.0
342034002,2024,,778912.0
342036006,2024,37055.0,164112.0
342036009,2024,,18041.0
342041002,2024,404550.0,1148945.0
342041004,2024,5425.0,272546.0
342045001,2024,23514.0,97538.0
342049002,2024,,90289.0
342051002,2024,10500.0,141871.0
342053002,2024,,60865.0
342060801,2024,19300.0,19300.0
342060002,2024,,18572.0
342060004,2024,27410.0,58249.0
342060001,2024,1429320.0,5153278.0
342065003,2024,92980.0,327113.0
342068002,2024,16161.0,104387.0
342090001,2024,,14548.0
342092005,2024,13890.0,95716.0
342092010,2024,5500.0,33942.0
342092002,2024,,405265.0
342092006,2024,,16017.0
342092001,2024,27960.0,140592.0
342092003,2024,130450.0,222771.0
342092004,2024,,51849.0
342092008,2024,,1574300.0
342092007,2024,,36015.0
342092012,2024,,1000.0
342095002,2024,,29542.0
342095001,2024,,12543.0
441004004,2024,,21080.0
441010010,2024,,8670.0
441014014,2024,,136080.0
441015015,2024,379720.0,3804520.0
441018018,2024,,7390.0
441020020,2024,,162770.0
441021021,2024,,53210.0
441029029,2024,,45.0
441031031,2024,,180856.0
441043043,2024,243395.0,722203.0
441046046,2024,,101180.0
441061061,2024,129500.0,624655.0
441068068,2024,,39735.0
441070070,2024,,26380.0
441071071,2024,197211.0,654497.0
441074074,2024,,29690.0
441079079,2024,165843.0,1148591.0
441084084,2024,,170610.0
441101101,2024,579529.0,5304741.0
441105105,2024,,501319.0
441114114,2024,,6200.0
441116116,2024,2501.0,14383.0
441129129,2024,3617.0,213350.0
441133133,2024,5510.0,32140.0
441152152,2024,47373.0,128455.0
441155155,2024,19700.0,155900.0
441163163,2024,,27305.0
441170170,2024,,528845.0
441184184,2024,,125214.0
441199199,2024,11610.0,137325.0
441212212,2024,,28265.0
441220220,2024,437295.0,832955.0
441221221,2024,,54030.0
441225225,2024,,101885.0
441227227,2024,108505.0,1105292.0
441235235,2024,,59369.0
441240240,2024,,101174.0
441243243,2024,,62525.0
441246246,2024,,1110621.0
442014003,2024,37379.0,243598.0
442014005,2024,,109299.0
442015010,2024,1784441.0,13934231.0
442021001,2024,,545480.0
442021002,2024,40994.0,486072.0
442031001,2024,29460.0,482547.0
442043009,2024,,570525.0
442043802,2024,,7200.0
442043008,2024,92453.0,695609.0
442043006,2024,,895610.0
442043001,2024,,141459.0
442046001,2024,68780.0,702317.0
442056001,2024,,8284.0
442057018,2024,,125905.0
442057004,2024,32097.0,224455.0
442057008,2024,,73410.0
442057020,2024,,379215.0
442057001,2024,,133493.0
442057009,2024,,19170.0
442057016,2024,111120.0,995105.0
442057022,2024,31125.0,164370.0
442057007,2024,1936900.0,12900136.0
442057013,2024,,446582.0
442057012,2024,277070.0,1401235.0
442061701,2024,,37105.0
442061402,2024,7183.0,47305.0
442061005,2024,,339258.0
442061002,2024,221765.0,1479470.0
442061006,2024,49750.0,80590.0
442061504,2024,,136020.0
442070006,2024,68090.0,160585.0
442071002,2024,275145.0,3143802.0
442079001,2024,,5862.0
442079006,2024,43787.0,552718.0
442084502,2024,29775.0,122365.0
442084602,2024,,2680.0
442084802,2024,24760.0,270645.0
442084001,2024,117449.0,310502.0
442084003,2024,,18767.0
442092004,2024,,107105.0
442094002,2024,301623.0,533492.0
442101004,2024,,84279.0
442101008,2024,1923168.0,12434613.0
442101013,2024,,25095.0
442101024,2024,,50567.0
442101001,2024,,45739.0
442101701,2024,,25033.0
442105001,2024,,138685.0
442105003,2024,,279070.0
442108007,2024,,6.0
442116006,2024,13296.0,146854.0
442117001,2024,,49025.0
442123001,2024,,290050.0
442126002,2024,48207.0,190026.0
442129006,2024,47787.0,118630.0
442129002,2024,,22290.0
442133001,2024,,56045.0
442141001,2024,,16421.0
442146801,2024,,1115.0
442152002,2024,85424.0,1312095.0
442155010,2024,242003.0,1782769.0
442165001,2024,48113.0,579984.0
442178003,2024,193094.0,1637921.0
442183002,2024,,11000.0
442184002,2024,15585.0,97558.0
442220012,2024,13510.0,147005.0
442220024,2024,15590.0,81560.0
442220002,2024,20800.0,144975.0
442220011,2024,472365.0,2845874.0
442220018,2024,,177780.0
442220028,2024,,7317.0
442220013,2024,,80915.0
442220019,2024,25485.0,145060.0
442220001,2024,331911.0,2366306.0
442220503,2024,13397.0,97330.0
442221001,2024,,389885.0
442226001,2024,61729.0,287467.0
442227406,2024,,27794.0
442227701,2024,339192.0,827852.0
442240001,2024,67930.0,964371.0
442243004,2024,,136901.0
442246005,2024,,45210.0
442246901,2024,,169903.0
442246003,2024,,229190.0
442246601,2024,,204872.0
444002001,2024,,26913.0
444014002,2024,,88480.0
444020017,2024,55800.0,297970.0
444020115,2024,,21038.0
444079615,2024,,91065.0
444079205,2024,,69000.0
444079005,2024,,97020.0
444079402,2024,,49860.0
444079170,2024,,100575.0
444079556,2024,,78890.0
444084006,2024,6532.0,19570.0
444101331,2024,,9120.0
444101376,2024,,13120.0
444101674,2024,,9100.0
444101814,2024,6590.0,63365.0
444101144,2024,,33565.0
444101018,2024,,14170.0
444101219,2024,,12480.0
444101304,2024,,17910.0
444101318,2024,,2885.0
444101346,2024,,25555.0
444101481,2024,,502.0
444101873,2024,,12550.0
444116802,2024,8497.0,48831.0
444129748,2024,,22515.0
444165538,2024,,204281.0
444177301,2024,,21045.0
444227302,2024,,68110.0
444242701,2024,,5880.0
444246105,2024,,50185.0
444246557,2024,,36595.0
444247301,2024,,7090.0
445001007,2024,,11405.0
445001002,2024,,10936.0
445001010,2024,,2445.0
445001012,2024,,2887.0
445001014,2024,,34285.0
445001011,2024,,49315.0
445002001,2024,26770.0,66000.0
445003006,2024,,20420.0
445003008,2024,,7575.0
445003010,2024,,93635.0
445003009,2024,,10030.0
445005005,2024,,1130.0
445005001,2024,,13045.0
445005003,2024,,42615.0
445006001,2024,,750.0
445007007,2024,,44260.0
445007006,2024,,20515.0
445007008,2024,33480.0,53267.0
445007002,2024,,6180.0
445007004,2024,,34796.0
445008008,2024,,9740.0
445008007,2024,,43410.0
445008001,2024,51890.0,61275.0
445009003,2024,,23480.0
445010002,2024,,4430.0
445010001,2024,,9730.0
445011004,2024,142515.0,333285.0
445011015,2024,,33195.0
445011001,2024,,479920.0
445012001,2024,,1170.0
445013001,2024,39150.0,52558.0
445013002,2024,1000.0,990.0
445013003,2024,7020.0,24395.0
445013004,2024,,19375.0
445014001,2024,,83840.0
445014015,2024,,25775.0
445014003,2024,4300.0,24685.0
445014013,2024,110150.0,158725.0
445014004,2024,,369840.0
445014012,2024,,11402.0
445014702,2024,,130083.0
445014005,2024,,6600.0
445014007,2024,,373035.0
445015013,2024,,1376400.0
445015016,2024,,124155.0
445015009,2024,72655.0,1168270.0
445015001,2024,44760.0,202535.0
445015006,2024,29740.0,220822.0
445015018,2024,59600.0,418808.0
445015002,2024,245890.0,829669.0
445015015,2024,,43075.0
445015003,2024,96750.0,262643.0
445015017,2024,,75705.0
445016002,2024,,59285.0
445016001,2024,,41720.0
445018005,2024,783.0,5229.0
445018001,2024,,19295.0
445018008,2024,,14377.0
445018003,2024,,4050.0
445019002,2024,,20475.0
445019012,2024,,22425.0
445019015,2024,,4545.0
445019010,2024,,6585.0
445019009,2024,,465.0
445019013,2024,,75655.0
445019014,2024,,2995.0
445019016,2024,,750.0
445019004,2024,,15895.0
445019701,2024,,11064.0
445020007,2024,,16825.0
445020012,2024,37645.0,103320.0
445020010,2024,71635.0,391175.0
445020001,2024,99145.0,918045.0
445020002,2024,79050.0,287670.0
445020011,2024,40160.0,78640.0
445020801,2024,,45254.0
445021001,2024,94445.0,401685.0
445021901,2024,53890.0,272730.0
445022001,2024,,17660.0
445023003,2024,,4775.0
445024001,2024,,23660.0
445025701,2024,,64645.0
445025001,2024,,4940.0
445025005,2024,,14440.0
445025007,2024,,686.0
445026002,2024,,33288.0
445026008,2024,,10877.0
445026007,2024,,13624.0
445027004,2024,,70250.0
445027003,2024,9390.0,50620.0
445028001,2024,,120276.0
445028002,2024,,29893.0
445029001,2024,23590.0,23590.0
445030001,2024,,19627.0
445030005,2024,,25759.0
445030003,2024,,1889.0
445030002,2024,,15960.0
445031004,2024,,16831.0
445031014,2024,,78235.0
445031007,2024,,69200.0
445031016,2024,,12330.0
445031001,2024,,71850.0
445031015,2024,,12205.0
445031003,2024,,93803.0
445031013,2024,,26825.0
445032001,2024,,13065.0
445033003,2024,,8365.0
445033002,2024,6385.0,6385.0
445033001,2024,,9600.0
445034012,2024,,960.0
445034005,2024,,89.0
445034016,2024,,249.0
445034020,2024,,930.0
445034002,2024,,9721.0
445035003,2024,,110.0
445035001,2024,,27300.0
445035002,2024,,1405.0
445036002,2024,,411620.0
445036001,2024,9425.0,63325.0
445036003,2024,,20826.0
445037015,2024,,6839.0
445037002,2024,,9515.0
445037009,2024,,65370.0
445037024,2024,,2185.0
445039005,2024,,1935.0
445039003,2024,,3130.0
445039001,2024,,4356.0
445040003,2024,,3935.0
445041002,2024,,10120.0
445042401,2024,,435.0
445042007,2024,,615.0
445043008,2024,99470.0,390080.0
445043007,2024,,32140.0
445043002,2024,,589856.0
445043013,2024,9260.0,134600.0
445043019,2024,94860.0,531188.0
445043011,2024,,58665.0
445043023,2024,266785.0,645211.0
445043004,2024,49235.0,316064.0
445043016,2024,65260.0,376525.0
445043015,2024,80300.0,478860.0
445043018,2024,,898035.0
445045008,2024,,12380.0
445045003,2024,,23045.0
445045002,2024,12995.0,16185.0
445046007,2024,,513527.0
445046501,2024,,1027760.0
445047002,2024,,835.0
445047001,2024,28850.0,35607.0
445047005,2024,,855.0
445047003,2024,,1381.0
445048004,2024,,1377.0
445048001,2024,,16925.0
445049005,2024,,19198.0
445049006,2024,,16166.0
445049002,2024,,13280.0
445049007,2024,,11125.0
445050001,2024,,1805.0
445050006,2024,,379.0
445050011,2024,,896.0
445050004,2024,,17500.0
445052001,2024,,37475.0
445054002,2024,,6685.0
445055001,2024,,7610.0
445056003,2024,,1430.0
445056001,2024,,36135.0
445057004,2024,,370871.0
445057007,2024,166020.0,336010.0
445057012,2024,,561185.0
445057003,2024,243400.0,326090.0
445057009,2024,746120.0,1111765.0
445057010,2024,,348715.0
445057014,2024,11940.0,655349.0
445057025,2024,,79583.0
445057801,2024,,318675.0
445057002,2024,,643675.0
445057015,2024,121210.0,1029015.0
445057013,2024,,169138.0
445058003,2024,,5595.0
445058001,2024,,81485.0
445058004,2024,,20550.0
445059001,2024,,15230.0
445059002,2024,,839.0
445060002,2024,,7755.0
445061003,2024,39160.0,2104582.0
445061001,2024,,403087.0
445061008,2024,106435.0,586253.0
445061012,2024,,141332.0
445061007,2024,572645.0,1490300.0
445061011,2024,,68575.0
445061005,2024,86355.0,130957.0
445061009,2024,542855.0,2280248.0
445061002,2024,50910.0,347662.0
445061006,2024,,164916.0
445061010,2024,,44680.0
445062005,2024,27465.0,3955.0
445062001,2024,,41785.0
445062003,2024,,5905.0
445063005,2024,,1090.0
445064002,2024,82645.0,114360.0
445065002,2024,,319.0
445066001,2024,,3420.0
445066601,2024,,19805.0
445066011,2024,5335.0,26310.0
445067008,2024,1372.0,22597.0
445067005,2024,,3020.0
445067004,2024,,8513.0
445069003,2024,11030.0,11030.0
445070008,2024,,11080.0
445070014,2024,197410.0,592222.0
445070005,2024,,67635.0
445070009,2024,,40376.0
445070006,2024,,23063.0
445070010,2024,29795.0,364510.0
445070013,2024,,154985.0
445070012,2024,,15150.0
445070001,2024,,515.0
445071001,2024,,133383.0
445071701,2024,,882870.0
445071008,2024,,33015.0
445071003,2024,,23620.0
445071004,2024,,727905.0
445071702,2024,,2630.0
445071002,2024,,19623.0
445071005,2024,,13712.0
445071006,2024,103980.0,170260.0
445072004,2024,,7256.0
445072002,2024,,4643.0
445072001,2024,,4799.0
445072005,2024,,6456.0
445072008,2024,,105445.0
445073003,2024,13655.0,13251.0
445073005,2024,,29690.0
445074004,2024,,87245.0
445074005,2024,,3330.0
445074020,2024,9445.0,53585.0
445074014,2024,,2971.0
445074901,2024,,6470.0
445074006,2024,,865.0
445075003,2024,,15979.0
445075009,2024,19250.0,23720.0
445075002,2024,,6055.0
445075005,2024,2000.0,29205.0
445076003,2024,,8225.0
445076004,2024,,11560.0
445077002,2024,,27845.0
445077003,2024,,3310.0
445078001,2024,,2340.0
445079002,2024,345090.0,3112195.0
445079006,2024,456470.0,1670170.0
445079004,2024,68640.0,133165.0
445080002,2024,61655.0,74775.0
445081006,2024,,2020.0
445081004,2024,,6729.0
445081008,2024,,5645.0
445082002,2024,,11510.0
445082001,2024,,22390.0
445083003,2024,,24860.0
445083002,2024,,5230.0
445084005,2024,585.0,7800.0
445084011,2024,19070.0,296210.0
445084003,2024,4000.0,187375.0
445084001,2024,238045.0,1065675.0
445084002,2024,52855.0,448075.0
445084010,2024,7055.0,78275.0
445084004,2024,,329760.0
445084006,2024,,60905.0
445085006,2024,,27980.0
445086003,2024,,82670.0
445088002,2024,74435.0,74245.0
445089002,2024,,24834.0
445089001,2024,48170.0,65930.0
445089004,2024,4615.0,6925.0
445090004,2024,,1170.0
445090006,2024,,27115.0
445091002,2024,,40318.0
445091021,2024,,9114.0
445091004,2024,,203470.0
445091024,2024,,650.0
445091003,2024,15335.0,22593.0
445091017,2024,,408200.0
445091018,2024,,25060.0
445091022,2024,,168520.0
445091009,2024,,87865.0
445091025,2024,,18010.0
445092007,2024,190080.0,318593.0
445092003,2024,,26248.0
445092006,2024,,132520.0
445092009,2024,,15405.0
445092011,2024,,16420.0
445092010,2024,,31714.0
445092008,2024,51490.0,86680.0
445093006,2024,,61332.0
445093003,2024,,7465.0
445093001,2024,,21710.0
445094014,2024,65380.0,233205.0
445095003,2024,,3699.0
445095001,2024,3320.0,15995.0
445095005,2024,,60375.0
445095004,2024,,17715.0
445096004,2024,,1890.0
445097005,2024,,2565.0
445098002,2024,,600.0
445098001,2024,14265.0,27065.0
445099001,2024,,7600.0
445100007,2024,,22240.0
445100008,2024,,48315.0
445100004,2024,1225.0,8090.0
445101019,2024,,439135.0
445101003,2024,27995.0,388900.0
445101009,2024,,296095.0
445101013,2024,44930.0,107890.0
445101014,2024,146095.0,1203935.0
445101020,2024,,1118040.0
445101004,2024,,265720.0
445101005,2024,,200145.0
445101015,2024,245915.0,2389810.0
445101016,2024,,1339560.0
445101018,2024,285210.0,902800.0
445101022,2024,,865185.0
445101017,2024,64685.0,389940.0
445101006,2024,389440.0,3376585.0
445101002,2024,344550.0,1251825.0
445101007,2024,67995.0,371325.0
445101011,2024,,1915450.0
445101021,2024,,811065.0
445102005,2024,,296.0
445102007,2024,575.0,575.0
445102702,2024,,111835.0
445102012,2024,,12750.0
445102004,2024,,71410.0
445103002,2024,,3550.0
445104002,2024,15025.0,30470.0
445104004,2024,,6333.0
445105003,2024,,899515.0
445105004,2024,,311500.0
445106002,2024,10000.0,18420.0
445107003,2024,,36606.0
445107006,2024,,38675.0
445107001,2024,3475.0,54010.0
445107005,2024,,3120.0
445107009,2024,5045.0,75225.0
445107008,2024,,5105.0
445107014,2024,,370.0
445108004,2024,,109735.0
445108018,2024,,168113.0
445108005,2024,2950.0,25132.0
445108007,2024,,71901.0
445108017,2024,,77115.0
445108003,2024,,19955.0
445108008,2024,,33725.0
445108013,2024,,228100.0
445108002,2024,58605.0,161865.0
445108010,2024,,9405.0
445108020,2024,155345.0,203230.0
445108009,2024,,90808.0
445108014,2024,,24195.0
445109003,2024,,5035.0
445109013,2024,,9956.0
445109001,2024,,13400.0
445109011,2024,,568.0
445109005,2024,9940.0,9940.0
445109007,2024,,24289.0
445109016,2024,,28415.0
445109004,2024,,885.0
445109002,2024,9085.0,9690.0
445109010,2024,,8275.0
445110007,2024,,4760.0
445110008,2024,,1190.0
445110002,2024,,36375.0
445110005,2024,,8575.0
445111003,2024,,15393.0
445111005,2024,,8449.0
445111002,2024,,73485.0
445112004,2024,,3435.0
445112008,2024,54010.0,94630.0
445113008,2024,,6185.0
445113007,2024,,4422.0
445113003,2024,,7750.0
445113005,2024,,8580.0
445114005,2024,,11900.0
445114003,2024,11195.0,16625.0
445114001,2024,,37405.0
445116002,2024,1000.0,928.0
445116004,2024,,188074.0
445116012,2024,,31520.0
445116001,2024,,12245.0
445116003,2024,,5055.0
445116005,2024,,81960.0
445116007,2024,,72295.0
445116011,2024,,2300.0
445116016,2024,,5301.0
445116008,2024,,46993.0
445117001,2024,,59037.0
445117007,2024,,7780.0
445118002,2024,,10625.0
445119003,2024,,60026.0
445119002,2024,,9760.0
445119004,2024,,2085.0
445120003,2024,,13580.0
445120001,2024,,10475.0
445120002,2024,,20125.0
445121005,2024,23655.0,24010.0
445121004,2024,,16540.0
445121007,2024,,17170.0
445121006,2024,,23485.0
445123007,2024,,313870.0
445123001,2024,,225555.0
445123009,2024,,67479.0
445123005,2024,,137450.0
445123501,2024,,48495.0
445124001,2024,,13405.0
445125001,2024,35645.0,65005.0
445125006,2024,,14235.0
445125002,2024,,1815.0
445125005,2024,,8200.0
445126004,2024,,162077.0
445126014,2024,,19461.0
445126010,2024,,9774.0
445126003,2024,,260735.0
445126009,2024,,83785.0
445126008,2024,,14120.0
445126001,2024,,181965.0
445126007,2024,,225490.0
445126015,2024,,27932.0
445127004,2024,,3750.0
445127003,2024,,2235.0
445127005,2024,,624.0
445127001,2024,,3240.0
445127007,2024,,6674.0
445128002,2024,14305.0,30585.0
445128001,2024,,15625.0
445128003,2024,,19385.0
445128004,2024,,5849.0
445129004,2024,,1126843.0
445129006,2024,,13255.0
445129010,2024,,30028.0
445129005,2024,98775.0,162640.0
445129013,2024,,7695.0
445129014,2024,,48558.0
445129001,2024,,238300.0
445130001,2024,54970.0,426995.0
445130002,2024,,39705.0
445133003,2024,1650.0,4090.0
445133001,2024,1450.0,1602.0
445133004,2024,,33850.0
445133005,2024,,82285.0
445135002,2024,,540.0
445136001,2024,,915.0
445137001,2024,,49445.0
445137003,2024,,509.0
445138005,2024,,5805.0
445139010,2024,,45605.0
445139012,2024,,46743.0
445139005,2024,,49575.0
445140006,2024,,6610.0
445140002,2024,2670.0,39830.0
445141003,2024,,21125.0
445141004,2024,,4883.0
445142002,2024,,69540.0
445143005,2024,10755.0,27691.0
445143009,2024,,10975.0
445143003,2024,,3065.0
445143014,2024,4270.0,7075.0
445144006,2024,,8336.0
445144005,2024,,23150.0
445144001,2024,,2660.0
445145010,2024,,5329.0
445145001,2024,,6720.0
445145009,2024,,32472.0
445145005,2024,,9054.0
445146001,2024,,302535.0
445146006,2024,,342.0
445146007,2024,4465.0,36635.0
445146009,2024,,6315.0
445146002,2024,,65240.0
445146005,2024,,16730.0
445147009,2024,,11190.0
445147002,2024,,8205.0
445147006,2024,,3825.0
445148003,2024,,620.0
445148001,2024,4760.0,4760.0
445148002,2024,,910.0
445149001,2024,,23805.0
445149002,2024,8755.0,24610.0
445150001,2024,,55480.0
445152004,2024,,280740.0
445152007,2024,,71645.0
445152005,2024,,43130.0
445152001,2024,82105.0,504743.0
445152006,2024,,5945.0
445152002,2024,,448850.0
445152008,2024,,9760.0
445152003,2024,,9285.0
445153004,2024,,10805.0
445153002,2024,,21505.0
445153003,2024,,9433.0
445154001,2024,,11520.0
445155010,2024,,21369.0
445155005,2024,,6575.0
445155011,2024,7650.0,29270.0
445155012,2024,,20610.0
445155015,2024,1200.0,23210.0
445155004,2024,,74440.0
445155006,2024,,11850.0
445155009,2024,,30220.0
445155014,2024,11895.0,19855.0
445155020,2024,,449280.0
445155003,2024,,4185.0
445155016,2024,,18960.0
445155901,2024,,24455.0
445155008,2024,,1755.0
445155021,2024,,19480.0
445156002,2024,,7101.0
445157002,2024,,16740.0
445157004,2024,,6620.0
445158003,2024,,3870.0
445159004,2024,5895.0,4260.0
445160001,2024,,2160.0
445161002,2024,,3300.0
445161003,2024,,106640.0
445161001,2024,,122820.0
445161005,2024,,66830.0
445162001,2024,,55652.0
445163006,2024,,10488.0
445163004,2024,,29950.0
445163501,2024,,547880.0
445163002,2024,10420.0,19500.0
445165001,2024,254030.0,301374.0
445165601,2024,,10806.0
445166005,2024,6315.0,25890.0
445166003,2024,,90.0
445166015,2024,,305.0
445166012,2024,,48675.0
445166011,2024,,5475.0
445167003,2024,,1870.0
445167001,2024,,18705.0
445168001,2024,,25545.0
445168002,2024,,5110.0
445169007,2024,18800.0,18800.0
445169001,2024,,19010.0
445169008,2024,,5750.0
445170007,2024,49995.0,188425.0
445170005,2024,,509715.0
445170002,2024,601420.0,2024510.0
445170006,2024,194355.0,916215.0
445170004,2024,,292780.0
445170008,2024,,358740.0
445171001,2024,,92165.0
445171005,2024,,14335.0
445172003,2024,,16995.0
445174005,2024,,7150.0
445174014,2024,,85010.0
445174008,2024,,13265.0
445174004,2024,,492.0
445174012,2024,,3125.0
445174020,2024,,7595.0
445175003,2024,,315.0
445175008,2024,,5561.0
445175010,2024,11255.0,27265.0
445175004,2024,,75030.0
445175009,2024,,14305.0
445175015,2024,,21282.0
445176002,2024,4950.0,4950.0
445176003,2024,,8470.0
445176005,2024,,26000.0
445177001,2024,,5965.0
445177005,2024,,41025.0
445177003,2024,,5115.0
445178007,2024,104385.0,928290.0
445178001,2024,,3705.0
445178010,2024,,48815.0
445178014,2024,,43023.0
445178002,2024,45985.0,47075.0
445178003,2024,,24361.0
445178009,2024,,5488.0
445178011,2024,16770.0,82142.0
445178013,2024,,36238.0
445178005,2024,12335.0,122960.0
445178019,2024,,25465.0
445178017,2024,52955.0,80806.0
445179001,2024,,38564.0
445180003,2024,,13390.0
445180004,2024,,9205.0
445181004,2024,,57115.0
445181008,2024,,8835.0
445181002,2024,,85660.0
445181006,2024,14630.0,71830.0
445181007,2024,33445.0,38635.0
445182006,2024,,39464.0
445182011,2024,17200.0,17200.0
445182003,2024,,11135.0
445182004,2024,,5730.0
445182008,2024,,1800.0
445183003,2024,19170.0,29661.0
445183007,2024,,5655.0
445183001,2024,,14295.0
445184009,2024,,41794.0
445184001,2024,,367459.0
445184007,2024,,13795.0
445184005,2024,,305.0
445184014,2024,,87440.0
445184003,2024,,119953.0
445184010,2024,,900.0
445184012,2024,,41420.0
445185002,2024,,7085.0
445185003,2024,,14915.0
445185001,2024,14990.0,14990.0
445186001,2024,,55270.0
445186002,2024,17120.0,59140.0
445186003,2024,1532.0,9037.0
445187007,2024,,46635.0
445187006,2024,,2225.0
445187010,2024,,8604.0
445187005,2024,,2300.0
445187003,2024,,16955.0
445189003,2024,,1135.0
445189002,2024,,3375.0
445190002,2024,,8140.0
445191001,2024,,214835.0
445192001,2024,31225.0,69650.0
445193001,2024,,3880.0
445194010,2024,,3830.0
445194005,2024,,5345.0
445194008,2024,,15785.0
445195002,2024,,370822.0
445195001,2024,,63820.0
445196003,2024,,37820.0
445196001,2024,,11730.0
445197001,2024,,14640.0
445198003,2024,,8625.0
445198002,2024,,5430.0
445198004,2024,28490.0,26855.0
445198006,2024,2500.0,7830.0
445199001,2024,81980.0,942258.0
445199002,2024,73650.0,608231.0
445200004,2024,,450.0
445200002,2024,,6130.0
445201010,2024,,112.0
445201001,2024,,8806.0
445201013,2024,,11360.0
445201801,2024,,11568.0
445201020,2024,,9870.0
445201008,2024,,28722.0
445201017,2024,,6376.0
445202501,2024,1820.0,7845.0
445203006,2024,,29995.0
445203001,2024,3995.0,20579.0
445204001,2024,,15280.0
445205003,2024,,54190.0
445205002,2024,,301455.0
445205006,2024,,114606.0
445205001,2024,1130.0,13425.0
445205007,2024,,25655.0
445205004,2024,,19193.0
445205005,2024,,37760.0
445206003,2024,,1944.0
445208004,2024,,8010.0
445208002,2024,,2510.0
445208003,2024,,8350.0
445209001,2024,,643.0
445210004,2024,,8770.0
445210009,2024,,7070.0
445210006,2024,,155.0
445210001,2024,,40495.0
445210008,2024,,3157.0
445211001,2024,,4305.0
445212001,2024,,15090.0
445212008,2024,,57425.0
445212013,2024,,405020.0
445212014,2024,,4460.0
445212002,2024,,153564.0
445212017,2024,1475.0,36725.0
445212016,2024,,95990.0
445213001,2024,,31275.0
445214002,2024,,50760.0
445215001,2024,,4270.0
445216001,2024,,3915.0
445217001,2024,,5110.0
445219003,2024,,10870.0
445219002,2024,,1665.0
445220010,2024,245280.0,1164844.0
445220008,2024,9025.0,34680.0
445220024,2024,,76047.0
445220001,2024,,1178220.0
445220002,2024,158155.0,273195.0
445220007,2024,,266030.0
445220012,2024,,104140.0
445220014,2024,,272666.0
445220015,2024,565700.0,837940.0
445220020,2024,199510.0,961110.0
445220025,2024,145380.0,1172495.0
445220030,2024,,247486.0
445220018,2024,,57050.0
445220005,2024,,621060.0
445220013,2024,273645.0,1692620.0
445220017,2024,,751035.0
445221011,2024,,190815.0
445221008,2024,,2255.0
445221006,2024,,8075.0
445221007,2024,23345.0,56905.0
445223004,2024,,16050.0
445223002,2024,,545.0
445223001,2024,,36700.0
445225501,2024,,798.0
445225009,2024,,80615.0
445226012,2024,,15063.0
445226014,2024,,19790.0
445226010,2024,,69255.0
445226002,2024,19310.0,19900.0
445226013,2024,,14455.0
445227005,2024,,149430.0
445227013,2024,24925.0,753615.0
445227602,2024,33440.0,568825.0
445227701,2024,,76385.0
445227002,2024,65465.0,628120.0
445227011,2024,,488045.0
445227001,2024,692035.0,2466033.0
445228005,2024,1595.0,13800.0
445229002,2024,,685.0
445229005,2024,,1180.0
445229001,2024,5285.0,5115.0
445229006,2024,,17286.0
445229007,2024,,48266.0
445230012,2024,7075.0,9820.0
445230901,2024,,7207.0
445230005,2024,,38605.0
445230010,2024,,7337.0
445230007,2024,9000.0,9000.0
445231001,2024,,51105.0
445231002,2024,52130.0,77520.0
445232002,2024,,2370.0
445232004,2024,,6755.0
445232007,2024,,4608.0
445234005,2024,,1470.0
445234002,2024,48215.0,62696.0
445234006,2024,,1912.0
445234007,2024,,1740.0
445234011,2024,,33449.0
445235008,2024,,1520.0
445235011,2024,,23390.0
445235001,2024,,6965.0
445236006,2024,,25908.0
445236003,2024,,124655.0
445237002,2024,14790.0,21150.0
445237001,2024,47215.0,144994.0
445237004,2024,,703140.0
445238003,2024,,122055.0
445238002,2024,6950.0,7970.0
445239004,2024,,27662.0
445239005,2024,,42600.0
445240002,2024,,18945.0
445240501,2024,7780.0,431840.0
445241014,2024,,65945.0
445241006,2024,,21340.0
445241010,2024,,765.0
445241004,2024,,20625.0
445242002,2024,,1760.0
445242004,2024,,5520.0
445242008,2024,,3660.0
445243003,2024,,9325.0
445243002,2024,,10142.0
445243005,2024,,27120.0
445243008,2024,,303430.0
445244001,2024,9825.0,9825.0
445244006,2024,,36045.0
445245002,2024,,3930.0
445245003,2024,3480.0,21555.0
445245004,2024,,13845.0
445245005,2024,9705.0,14330.0
445246006,2024,9000.0,37635.0
445246005,2024,282685.0,909910.0
445246009,2024,,282455.0
445246016,2024,,51975.0
445246003,2024,,54300.0
445246011,2024,,1308693.0
445246014,2024,,684945.0
445246015,2024,,128400.0
445246012,2024,125740.0,832468.0
445246008,2024,114565.0,686700.0
445247003,2024,,47950.0
445247004,2024,,11894.0
445247007,2024,,10667.0
445247001,2024,6975.0,44855.0
445248001,2024,,74590.0
445248002,2024,19950.0,56705.0
445249004,2024,,7785.0
445249001,2024,,6000.0
445249003,2024,,15922.0
445249006,2024,,43092.0
445249009,2024,,64269.0
445249005,2024,10965.0,23865.0
445249010,2024,25900.0,25984.0
445250005,2024,,22050.0
445250001,2024,,1170.0
445250013,2024,,29900.0
445250008,2024,,28924.0
445250012,2024,,9720.0
445251002,2024,,7695.0
445251003,2024,,55300.0
445252004,2024,,2900.0
445252002,2024,,12640.0
445252003,2024,,18855.0
445253001,2024,,6680.0
445254002,2024,,35595.0
445254003,2024,,2015.0
505001002,2024,,189.0
505002801,2024,,21650.0
505002003,2024,,156.0
505003005,2024,,22700.0
505003601,2024,,13588.0
505003082,2024,,700.0
505003015,2024,6045.0,21140.0
505003025,2024,22950.0,23080.0
505004901,2024,,599.0
505005006,2024,,37740.0
505005058,2024,,16835.0
505005602,2024,,11340.0
505005002,2024,,7920.0
505005055,2024,,54135.0
505005701,2024,,75560.0
505005047,2024,,69685.0
505005401,2024,,2058.0
505006014,2024,,13635.0
505006003,2024,,2080.0
505006002,2024,,1880.0
505007001,2024,,19160.0
505007003,2024,,3798.0
505007006,2024,,4215.0
505008001,2024,,5790.0
505008010,2024,,16155.0
505008801,2024,,21150.0
505008011,2024,,9740.0
505008015,2024,,72.0
505009026,2024,,7012.0
505009069,2024,,355.0
505009701,2024,,14335.0
505009601,2024,,51920.0
505010501,2024,,1632.0
505010008,2024,,2480.0
505010078,2024,,4270.0
505010029,2024,225.0,860.0
505010062,2024,12500.0,12400.0
505010035,2024,,1.0
505010099,2024,,3061.0
505011053,2024,,20205.0
505011037,2024,,9132.0
505011057,2024,,1536.0
505011011,2024,,25800.0
505011052,2024,,10170.0
505011506,2024,,19197.0
505011019,2024,,6589.0
505011054,2024,,7400.0
505012601,2024,,9154.0
505012026,2024,,4009.0
505012062,2024,740.0,740.0
505013050,2024,,120604.0
505013100,2024,,73255.0
505013027,2024,,1510.0
505013154,2024,,146060.0
505013144,2024,,121830.0
505013004,2024,,12307.0
505013137,2024,,300455.0
505013506,2024,2358.0,75560.0
505013135,2024,,46425.0
505013086,2024,,172655.0
505013601,2024,,268250.0
505013075,2024,,10348.0
505013505,2024,14000.0,28765.0
505013069,2024,,52145.0
505013076,2024,,20385.0
505014057,2024,580.0,15580.0
505014506,2024,,37965.0
505014801,2024,,13930.0
505014045,2024,,9760.0
505014038,2024,,99.0
505015039,2024,,16190.0
505015022,2024,,26305.0
505015601,2024,,13675.0
505015501,2024,,16850.0
505016004,2024,253.0,10763.0
505016601,2024,,65546.0
505017002,2024,,4824.0
505017014,2024,,15960.0
505017001,2024,,1057.0
505017501,2024,,17792.0
505018019,2024,,7190.0
505018001,2024,,14316.0
505018601,2024,,120320.0
505018002,2024,,20293.0
505019001,2024,,11570.0
505020064,2024,,14915.0
505020074,2024,,17875.0
505020081,2024,32700.0,34910.0
505020063,2024,,39453.0
505020098,2024,,29290.0
505020601,2024,,76365.0
505020018,2024,,18020.0
505022010,2024,21500.0,21125.0
505022032,2024,,35.0
505022089,2024,,7710.0
505022101,2024,,39105.0
505022301,2024,,9305.0
505022025,2024,,30295.0
505022105,2024,,1305.0
505023066,2024,,26025.0
505023010,2024,,1119.0
505023061,2024,,1272.0
505023054,2024,,4088.0
505023055,2024,,85065.0
505024501,2024,,5914.0
505024024,2024,,95.0
505025055,2024,,415.0
505025012,2024,,12375.0
505025031,2024,,23314.0
505025701,2024,,9899.0
505026701,2024,,304.0
505027001,2024,1000.0,32194.0
505027005,2024,,6625.0
505027003,2024,,19150.0
505028072,2024,,12440.0
505028019,2024,,11615.0
505028901,2024,,51343.0
505028038,2024,,20245.0
505028060,2024,,6880.0
505028044,2024,,22040.0
505028801,2024,,8305.0
505029018,2024,6990.0,8280.0
505029017,2024,,46774.0
505029021,2024,,332.0
505029028,2024,142.0,3987.0
505029003,2024,,11003.0
505030018,2024,,8528.0
505030033,2024,,5882.0
505030003,2024,,20501.0
505030034,2024,,6520.0
505030801,2024,,94265.0
505030023,2024,,1320.0
505031022,2024,,8850.0
505031701,2024,,790.0
505031030,2024,,28140.0
505032002,2024,4750.0,22927.0
505032601,2024,,7215.0
505032041,2024,,19530.0
505032016,2024,,59145.0
505032602,2024,,57990.0
505033029,2024,,2482.0
505033001,2024,,5865.0
505033013,2024,,80.0
505033018,2024,18800.0,18585.0
505033010,2024,,7505.0
505033075,2024,850.0,9242.0
505034037,2024,,839.0
505034009,2024,,12615.0
505036018,2024,,10105.0
505036050,2024,,100.0
505036602,2024,,36664.0
505036043,2024,,3342.0
505036064,2024,,12425.0
505037094,2024,,10535.0
505037086,2024,,2907.0
505037401,2024,,14669.0
505037069,2024,,1018.0
505037601,2024,19810.0,102185.0
505037030,2024,,737.0
505037084,2024,,61390.0
505038004,2024,,5865.0
505038014,2024,,4760.0
505038601,2024,,29150.0
505039501,2024,,2445.0
505039503,2024,,300.0
505040901,2024,,34670.0
505041602,2024,,8377.0
505041033,2024,,57575.0
505041505,2024,,511.0
505041037,2024,,3511.0
505041605,2024,,1035.0
505041801,2024,,12560.0
505041504,2024,,27165.0
505041029,2024,,249510.0
505041501,2024,,33503.0
505041603,2024,,987.0
505041002,2024,,52240.0
505041030,2024,,71150.0
505041032,2024,,29105.0
505041503,2024,,37070.0
505041606,2024,,93990.0
505041604,2024,,106115.0
505041017,2024,874.0,30789.0
505042044,2024,23860.0,25948.0
505042007,2024,,7315.0
505042501,2024,,12475.0
505043501,2024,,33590.0
505043801,2024,,11955.0
505043007,2024,,1344.0
505044005,2024,,355.0
505044004,2024,,7390.0
505044801,2024,,783.0
505045029,2024,,185.0
505045601,2024,14800.0,79775.0
505045050,2024,,42760.0
505045072,2024,,2695.0
505045057,2024,,14735.0
505045602,2024,,15535.0
505045503,2024,,900.0
505046602,2024,,36150.0
505046006,2024,,6440.0
505046601,2024,,47560.0
505046009,2024,11140.0,45985.0
505046501,2024,,59615.0
505048044,2024,,40615.0
505048043,2024,,1330.0
505048058,2024,,16820.0
505048004,2024,15305.0,38392.0
505048045,2024,28000.0,73505.0
505049019,2024,48.0,37.0
505049045,2024,,10225.0
505049047,2024,,5340.0
505049050,2024,,15555.0
505049006,2024,4975.0,45209.0
505049021,2024,,7480.0
505049042,2024,,7390.0
505049031,2024,,4080.0
505050001,2024,,27652.0
505050601,2024,,74135.0
505051003,2024,1700.0,9633.0
505051004,2024,,5714.0
505052501,2024,,1142.0
505052502,2024,150000.0,357355.0
505052055,2024,,4710.0
505052058,2024,2500.0,2410.0
505052001,2024,,26205.0
505052060,2024,,12025.0
505052059,2024,,6705.0
505052065,2024,11735.0,11850.0
505053043,2024,,2358.0
505053054,2024,,5375.0
505054017,2024,,28185.0
505054601,2024,,13040.0
505054018,2024,,25790.0
505054015,2024,,22961.0
505054064,2024,,9189.0
505054401,2024,,9722.0
505054503,2024,,45005.0
505054007,2024,,19171.0
505056034,2024,83700.0,117715.0
505056033,2024,24120.0,83830.0
505056025,2024,,6565.0
505056040,2024,22900.0,47655.0
505056031,2024,,44317.0
505056004,2024,,26887.0
505057401,2024,,14965.0
505057601,2024,,40875.0
505057064,2024,,70456.0
505057071,2024,,441.0
505058003,2024,,48110.0
505058010,2024,,2275.0
505059010,2024,,12315.0
505059032,2024,,8495.0
505059026,2024,,4345.0
505059011,2024,,2425.0
505059101,2024,5247.0,5065.0
505060601,2024,,21036.0
505060027,2024,,43535.0
505060003,2024,,20335.0
505060028,2024,,18355.0
505060066,2024,,13600.0
505060046,2024,,16229.0
505060051,2024,,29155.0
505060501,2024,,29875.0
505061701,2024,,574.0
505062002,2024,2315.0,9034.0
505062501,2024,,7675.0
505062004,2024,,14617.0
505062031,2024,,1660.0
505062020,2024,,14075.0
505062026,2024,,88.0
505062044,2024,,9597.0
505063085,2024,,5149.0
505063108,2024,,21805.0
505063065,2024,,3685.0
505063124,2024,,7605.0
505063503,2024,,2596.0
505064003,2024,,114.0
505065035,2024,,398.0
505065052,2024,,3330.0
505065502,2024,,3625.0
505065020,2024,,7642.0
505065051,2024,,9570.0
505065503,2024,,18870.0
505065508,2024,,13000.0
505065509,2024,,30185.0
505065505,2024,,6818.0
505065042,2024,,2315.0
505065501,2024,,5344.0
505065507,2024,,16360.0
505065602,2024,,995.0
505066011,2024,,11944.0
505066012,2024,,24535.0
505067020,2024,,2945.0
505067038,2024,,21760.0
505067015,2024,,62629.0
505067027,2024,,21610.0
505067047,2024,,4375.0
505068042,2024,,275.0
505068046,2024,,6860.0
505068503,2024,,21670.0
505068502,2024,,68425.0
505068701,2024,,15620.0
505068034,2024,,17945.0
505068047,2024,,232.0
505068074,2024,15000.0,63705.0
505068088,2024,,33100.0
505068601,2024,,16745.0
505068077,2024,,27450.0
505068801,2024,,20145.0
505068048,2024,,15655.0
505069502,2024,,3500.0
505069028,2024,,765.0
505069801,2024,772.0,11187.0
505069007,2024,,30535.0
505069052,2024,,9825.0
505070037,2024,,3355.0
505070044,2024,,16355.0
505071601,2024,,136500.0
505071602,2024,,103445.0
505071050,2024,20845.0,29215.0
505071025,2024,,8205.0
505071401,2024,9700.0,96338.0
505072601,2024,,407.0
505072039,2024,7300.0,7478.0
505072037,2024,,7120.0
505072036,2024,,14520.0
505072006,2024,,6220.0
505072602,2024,,27845.0
