fips,NAME,state_abb,year,dem_share2p,source,tier,measured,est_mad_pp,flag
107000,Birmingham,AL,2004,0.7721,county-rescale-BG16-corr,estimated,False,3.15,
107000,Birmingham,AL,2008,0.8185,rebuilt-EDA-precinct,precinct,True,,
107000,Birmingham,AL,2012,0.8187,county-rescale-BG16-corr,estimated,False,1.74,
107000,Birmingham,AL,2016,0.8212,Fekrazad-RLCR,precinct,True,,
107000,Birmingham,AL,2020,0.8338,Fekrazad-RLCR,precinct,True,,
107000,Birmingham,AL,2024,0.7938,Metcalf+NYT,precinct,True,,
120104,Decatur,AL,2004,0.416,county-rescale-BG16-corr,estimated,False,3.15,
120104,Decatur,AL,2008,0.3722,rebuilt-EDA-precinct,precinct,True,,
120104,Decatur,AL,2012,0.383,county-rescale-BG16-corr,estimated,False,1.74,
120104,Decatur,AL,2016,0.3429,Fekrazad-RLCR,precinct,True,,
120104,Decatur,AL,2020,0.393,Fekrazad-RLCR,precinct,True,,
120104,Decatur,AL,2024,0.3841,Metcalf+NYT,precinct,True,,
121184,Dothan,AL,2004,0.3042,county-rescale-BG16-corr,estimated,False,3.15,
121184,Dothan,AL,2008,0.3402,rebuilt-EDA-precinct,precinct,True,,
121184,Dothan,AL,2012,0.3526,county-rescale-BG16-corr,estimated,False,1.74,
121184,Dothan,AL,2016,0.318,Fekrazad-RLCR,precinct,True,,
121184,Dothan,AL,2020,0.3544,Fekrazad-RLCR,precinct,True,,
121184,Dothan,AL,2024,0.3336,Metcalf+NYT,precinct,True,,
135896,Hoover,AL,2004,0.2493,county-rescale-BG16-corr,estimated,False,3.15,
135896,Hoover,AL,2008,0.2765,rebuilt-EDA-precinct,precinct,True,,
135896,Hoover,AL,2012,0.3017,county-rescale-BG16-corr,estimated,False,1.74,
135896,Hoover,AL,2016,0.3386,Fekrazad-RLCR,precinct,True,,
135896,Hoover,AL,2020,0.4073,Fekrazad-RLCR,precinct,True,,
135896,Hoover,AL,2024,0.3822,Metcalf+NYT,precinct,True,,
137000,Huntsville,AL,2004,0.4808,county-rescale-BG16-corr,estimated,False,3.15,
137000,Huntsville,AL,2008,0.4986,rebuilt-EDA-precinct,precinct,True,,
137000,Huntsville,AL,2012,0.4795,county-rescale-BG16-corr,estimated,False,1.74,
137000,Huntsville,AL,2016,0.4846,Fekrazad-RLCR,precinct,True,,
137000,Huntsville,AL,2020,0.5342,Fekrazad-RLCR,precinct,True,,
137000,Huntsville,AL,2024,0.5229,Metcalf+NYT,precinct,True,,
150000,Mobile,AL,2004,0.5498,county-rescale-BG16-corr,estimated,False,3.15,
150000,Mobile,AL,2008,0.581,rebuilt-EDA-precinct,precinct,True,,
150000,Mobile,AL,2012,0.5937,county-rescale-BG16-corr,estimated,False,1.74,
150000,Mobile,AL,2016,0.5872,Fekrazad-RLCR,precinct,True,,
150000,Mobile,AL,2020,0.6028,Fekrazad-RLCR,precinct,True,,
150000,Mobile,AL,2024,0.5751,Metcalf+NYT,precinct,True,,
151000,Montgomery,AL,2004,0.534,county-rescale-BG16-corr,estimated,False,3.15,
151000,Montgomery,AL,2008,0.6202,rebuilt-EDA-precinct,precinct,True,,
151000,Montgomery,AL,2012,0.6478,county-rescale-BG16-corr,estimated,False,1.74,
151000,Montgomery,AL,2016,0.6624,Fekrazad-RLCR,precinct,True,,
151000,Montgomery,AL,2020,0.6946,Fekrazad-RLCR,precinct,True,,
151000,Montgomery,AL,2024,0.702,Metcalf+NYT,precinct,True,,
177256,Tuscaloosa,AL,2004,0.5302,county-rescale-BG16-corr,estimated,False,3.15,
177256,Tuscaloosa,AL,2008,0.5457,rebuilt-EDA-precinct,precinct,True,,
177256,Tuscaloosa,AL,2012,0.5614,county-rescale-BG16-corr,estimated,False,1.74,
177256,Tuscaloosa,AL,2016,0.572,Fekrazad-RLCR,precinct,True,,
177256,Tuscaloosa,AL,2020,0.6154,Fekrazad-RLCR,precinct,True,,
177256,Tuscaloosa,AL,2024,0.5652,Metcalf+NYT,precinct,True,,
203000,Anchorage,AK,2004,0.3809,district-areal-2004,district,True,,
203000,Anchorage,AK,2008,0.3787,E&K-2008,exact,True,,ek-external
203000,Anchorage,AK,2012,0.4366,district-areal-2012,district,True,,
203000,Anchorage,AK,2016,0.4702,VEST-areal,precinct,True,,
203000,Anchorage,AK,2020,0.5113,VEST-areal,precinct,True,,
203000,Anchorage,AK,2024,0.5073,Metcalf+NYT,precinct,True,,
404720,Avondale,AZ,2004,0.4619,precinct-AZ-2004,precinct,True,,gate-override
404720,Avondale,AZ,2008,0.5429,rebuilt-EDA-precinct,precinct,True,,
404720,Avondale,AZ,2012,0.5787,precinct-AZ-2012,precinct,True,,
404720,Avondale,AZ,2016,0.621,Fekrazad-RLCR,precinct,True,,
404720,Avondale,AZ,2020,0.6266,Fekrazad-RLCR,precinct,True,,
404720,Avondale,AZ,2024,0.5704,Metcalf+NYT,precinct,True,,
412000,Chandler,AZ,2004,0.4228,precinct-AZ-2004,precinct,True,,
412000,Chandler,AZ,2008,0.4608,rebuilt-EDA-precinct,precinct,True,,
412000,Chandler,AZ,2012,0.459,precinct-AZ-2012,precinct,True,,
412000,Chandler,AZ,2016,0.5108,Fekrazad-RLCR,precinct,True,,
412000,Chandler,AZ,2020,0.5467,Fekrazad-RLCR,precinct,True,,
412000,Chandler,AZ,2024,0.5239,Metcalf+NYT,precinct,True,,
423620,Flagstaff,AZ,2004,0.5933,precinct-cityname-2004,exact,True,,
423620,Flagstaff,AZ,2008,0.6268,rebuilt-EDA-precinct,precinct,True,,
423620,Flagstaff,AZ,2012,0.6197,precinct-cityname-2012,exact,True,,
423620,Flagstaff,AZ,2016,0.6682,Fekrazad-RLCR,precinct,True,,
423620,Flagstaff,AZ,2020,0.691,Fekrazad-RLCR,precinct,True,,
423620,Flagstaff,AZ,2024,0.6903,Metcalf+NYT,precinct,True,,
427400,Gilbert,AZ,2004,0.3199,precinct-AZ-2004,precinct,True,,
427400,Gilbert,AZ,2008,0.3637,rebuilt-EDA-precinct,precinct,True,,
427400,Gilbert,AZ,2012,0.3484,precinct-AZ-2012,precinct,True,,
427400,Gilbert,AZ,2016,0.3959,Fekrazad-RLCR,precinct,True,,
427400,Gilbert,AZ,2020,0.4362,Fekrazad-RLCR,precinct,True,,
427400,Gilbert,AZ,2024,0.42,Metcalf+NYT,precinct,True,,
427820,Glendale,AZ,2004,0.4164,precinct-AZ-2004,precinct,True,,
427820,Glendale,AZ,2008,0.4352,rebuilt-EDA-precinct,precinct,True,,
427820,Glendale,AZ,2012,0.4568,precinct-AZ-2012,precinct,True,,
427820,Glendale,AZ,2016,0.4886,Fekrazad-RLCR,precinct,True,,
427820,Glendale,AZ,2020,0.5132,Fekrazad-RLCR,precinct,True,,
427820,Glendale,AZ,2024,0.4845,Metcalf+NYT,precinct,True,,
439370,Lake Havasu City,AZ,2004,0.3249,county-rescale-BG16-corr,estimated,False,3.15,
439370,Lake Havasu City,AZ,2008,0.2988,rebuilt-EDA-precinct,precinct,True,,
439370,Lake Havasu City,AZ,2012,0.2508,precinct-2012,precinct,True,,
439370,Lake Havasu City,AZ,2016,0.207,Fekrazad-RLCR,precinct,True,,
439370,Lake Havasu City,AZ,2020,0.2155,Fekrazad-RLCR,precinct,True,,
439370,Lake Havasu City,AZ,2024,0.1789,Metcalf+NYT,precinct,True,,
446000,Mesa,AZ,2004,0.3622,precinct-AZ-2004,precinct,True,,
446000,Mesa,AZ,2008,0.3868,rebuilt-EDA-precinct,precinct,True,,
446000,Mesa,AZ,2012,0.3816,precinct-AZ-2012,precinct,True,,
446000,Mesa,AZ,2016,0.4143,Fekrazad-RLCR,precinct,True,,
446000,Mesa,AZ,2020,0.4539,Fekrazad-RLCR,precinct,True,,
446000,Mesa,AZ,2024,0.4431,Metcalf+NYT,precinct,True,,
454050,Peoria,AZ,2004,0.3705,precinct-AZ-2004,precinct,True,,
454050,Peoria,AZ,2008,0.3792,rebuilt-EDA-precinct,precinct,True,,
454050,Peoria,AZ,2012,0.3682,precinct-AZ-2012,precinct,True,,
454050,Peoria,AZ,2016,0.382,Fekrazad-RLCR,precinct,True,,
454050,Peoria,AZ,2020,0.4102,Fekrazad-RLCR,precinct,True,,
454050,Peoria,AZ,2024,0.397,Metcalf+NYT,precinct,True,,
455000,Phoenix,AZ,2004,0.4838,precinct-AZ-2004,precinct,True,,
455000,Phoenix,AZ,2008,0.5107,rebuilt-EDA-precinct,precinct,True,,
455000,Phoenix,AZ,2012,0.5326,precinct-AZ-2012,precinct,True,,
455000,Phoenix,AZ,2016,0.5806,Fekrazad-RLCR,precinct,True,,
455000,Phoenix,AZ,2020,0.604,Fekrazad-RLCR,precinct,True,,
455000,Phoenix,AZ,2024,0.5709,Metcalf+NYT,precinct,True,,
465000,Scottsdale,AZ,2004,0.4185,precinct-AZ-2004,precinct,True,,
465000,Scottsdale,AZ,2008,0.431,rebuilt-EDA-precinct,precinct,True,,
465000,Scottsdale,AZ,2012,0.391,precinct-AZ-2012,precinct,True,,
465000,Scottsdale,AZ,2016,0.4623,Fekrazad-RLCR,precinct,True,,
465000,Scottsdale,AZ,2020,0.4856,Fekrazad-RLCR,precinct,True,,
465000,Scottsdale,AZ,2024,0.4585,Metcalf+NYT,precinct,True,,
471510,Surprise,AZ,2004,0.3915,precinct-AZ-2004,precinct,True,,
471510,Surprise,AZ,2008,0.4055,rebuilt-EDA-precinct,precinct,True,,
471510,Surprise,AZ,2012,0.3798,precinct-AZ-2012,precinct,True,,
471510,Surprise,AZ,2016,0.3761,Fekrazad-RLCR,precinct,True,,
471510,Surprise,AZ,2020,0.4042,Fekrazad-RLCR,precinct,True,,
471510,Surprise,AZ,2024,0.381,Metcalf+NYT,precinct,True,,
473000,Tempe,AZ,2004,0.5472,precinct-AZ-2004,precinct,True,,
473000,Tempe,AZ,2008,0.5739,rebuilt-EDA-precinct,precinct,True,,
473000,Tempe,AZ,2012,0.5778,precinct-AZ-2012,precinct,True,,
473000,Tempe,AZ,2016,0.6399,Fekrazad-RLCR,precinct,True,,
473000,Tempe,AZ,2020,0.6747,Fekrazad-RLCR,precinct,True,,
473000,Tempe,AZ,2024,0.6431,Metcalf+NYT,precinct,True,,
477000,Tucson,AZ,2004,0.5963,precinct-AZ-2004,precinct,True,,
477000,Tucson,AZ,2008,0.6043,rebuilt-EDA-precinct,precinct,True,,
477000,Tucson,AZ,2012,0.6265,precinct-AZ-2012,precinct,True,,
477000,Tucson,AZ,2016,0.6601,Fekrazad-RLCR,precinct,True,,
477000,Tucson,AZ,2020,0.6746,Fekrazad-RLCR,precinct,True,,
477000,Tucson,AZ,2024,0.6484,Metcalf+NYT,precinct,True,,
485540,Yuma,AZ,2004,0.3834,county-rescale-BG16-corr,estimated,False,3.15,
485540,Yuma,AZ,2008,0.4012,rebuilt-EDA-precinct,precinct,True,,
485540,Yuma,AZ,2012,0.423,precinct-2012,precinct,True,,
485540,Yuma,AZ,2016,0.4492,Fekrazad-RLCR,precinct,True,,
485540,Yuma,AZ,2020,0.4614,Fekrazad-RLCR,precinct,True,,
485540,Yuma,AZ,2024,0.4069,Metcalf+NYT,precinct,True,,
523290,Fayetteville,AR,2004,0.5931,county-rescale-BG16,estimated,False,3.15,
523290,Fayetteville,AR,2008,0.5906,county-rescale-BG16,estimated,False,2.12,bg16-fill-2008
523290,Fayetteville,AR,2012,0.5731,county-rescale-BG16,estimated,False,1.74,
523290,Fayetteville,AR,2016,0.6029,Fekrazad-RLCR,precinct,True,,
523290,Fayetteville,AR,2020,0.6502,Fekrazad-RLCR,precinct,True,,
523290,Fayetteville,AR,2024,0.6359,Metcalf+NYT,precinct,True,,
535710,Jonesboro,AR,2004,0.5331,county-rescale-BG16,estimated,False,3.15,
535710,Jonesboro,AR,2008,0.4416,county-rescale-BG16,estimated,False,2.12,bg16-fill-2008
535710,Jonesboro,AR,2012,0.4061,county-rescale-BG16,estimated,False,1.74,
535710,Jonesboro,AR,2016,0.3783,Fekrazad-RLCR,precinct,True,,
535710,Jonesboro,AR,2020,0.3835,Fekrazad-RLCR,precinct,True,,
535710,Jonesboro,AR,2024,0.3783,Metcalf+NYT,precinct,True,,
541000,Little Rock,AR,2004,0.6593,county-rescale-BG16,estimated,False,3.15,
541000,Little Rock,AR,2008,0.6668,county-rescale-BG16,estimated,False,2.12,bg16-fill-2008
541000,Little Rock,AR,2012,0.6666,county-rescale-BG16,estimated,False,1.74,
541000,Little Rock,AR,2016,0.6981,Fekrazad-RLCR,precinct,True,,
541000,Little Rock,AR,2020,0.7111,Fekrazad-RLCR,precinct,True,,
541000,Little Rock,AR,2024,0.7105,Metcalf+NYT,precinct,True,,
550450,North Little Rock,AR,2004,0.5449,county-rescale-BG16,estimated,False,3.15,
550450,North Little Rock,AR,2008,0.5532,county-rescale-BG16,estimated,False,2.12,bg16-fill-2008
550450,North Little Rock,AR,2012,0.5531,county-rescale-BG16,estimated,False,1.74,
550450,North Little Rock,AR,2016,0.5886,Fekrazad-RLCR,precinct,True,,
550450,North Little Rock,AR,2020,0.6175,Fekrazad-RLCR,precinct,True,,
550450,North Little Rock,AR,2024,0.6317,Metcalf+NYT,precinct,True,,
560410,Rogers,AR,2004,0.3733,county-rescale-BG16,estimated,False,3.15,
560410,Rogers,AR,2008,0.3789,county-rescale-BG16,estimated,False,2.12,bg16-fill-2008
560410,Rogers,AR,2012,0.3564,county-rescale-BG16,estimated,False,1.74,
560410,Rogers,AR,2016,0.3808,Fekrazad-RLCR,precinct,True,,
560410,Rogers,AR,2020,0.4324,Fekrazad-RLCR,precinct,True,,
560410,Rogers,AR,2024,0.4359,Metcalf+NYT,precinct,True,,
600562,Alameda,CA,2004,0.7588,precinct-blk-2004,precinct,True,,
600562,Alameda,CA,2008,0.7905,rebuilt-HEDA-precinct,precinct,True,,
600562,Alameda,CA,2012,0.8096,precinct-blk-2012,precinct,True,,
600562,Alameda,CA,2016,0.8568,Fekrazad-RLCR,precinct,True,,
600562,Alameda,CA,2020,0.8469,Fekrazad-RLCR,precinct,True,,
600562,Alameda,CA,2024,0.8307,Metcalf+NYT,precinct,True,,
602000,Anaheim,CA,2004,0.412,precinct-blk-2004,precinct,True,,
602000,Anaheim,CA,2008,0.527,rebuilt-HEDA-precinct,precinct,True,,
602000,Anaheim,CA,2012,0.5405,precinct-blk-2012,precinct,True,,
602000,Anaheim,CA,2016,0.621,Fekrazad-RLCR,precinct,True,,
602000,Anaheim,CA,2020,0.5991,Fekrazad-RLCR,precinct,True,,
602000,Anaheim,CA,2024,0.5469,Metcalf+NYT,precinct,True,,
602252,Antioch,CA,2004,0.6084,precinct-blk-2004,precinct,True,,
602252,Antioch,CA,2008,0.7,rebuilt-HEDA-precinct,precinct,True,,
602252,Antioch,CA,2012,0.7215,precinct-blk-2012,precinct,True,,
602252,Antioch,CA,2016,0.7332,Fekrazad-RLCR,precinct,True,,
602252,Antioch,CA,2020,0.7314,Fekrazad-RLCR,precinct,True,,
602252,Antioch,CA,2024,0.6657,Metcalf+NYT,precinct,True,,
603526,Bakersfield,CA,2004,0.3367,precinct-blk-2004,precinct,True,,
603526,Bakersfield,CA,2008,0.4334,rebuilt-HEDA-precinct,precinct,True,,
603526,Bakersfield,CA,2012,0.4355,precinct-blk-2012,precinct,True,,
603526,Bakersfield,CA,2016,0.4667,Fekrazad-RLCR,precinct,True,,
603526,Bakersfield,CA,2020,0.4824,Fekrazad-RLCR,precinct,True,,
603526,Bakersfield,CA,2024,0.4209,Metcalf+NYT,precinct,True,,
603666,Baldwin Park,CA,2004,0.6929,precinct-blk-2004,precinct,True,,
603666,Baldwin Park,CA,2008,0.7737,rebuilt-HEDA-precinct,precinct,True,,
603666,Baldwin Park,CA,2012,0.8153,precinct-blk-2012,precinct,True,,
603666,Baldwin Park,CA,2016,0.8437,Fekrazad-RLCR,precinct,True,,
603666,Baldwin Park,CA,2020,0.7511,Fekrazad-RLCR,precinct,True,,
603666,Baldwin Park,CA,2024,0.6474,Metcalf+NYT,precinct,True,,
606000,Berkeley,CA,2004,0.9239,precinct-blk-2004,precinct,True,,
606000,Berkeley,CA,2008,0.9498,rebuilt-HEDA-precinct,precinct,True,,
606000,Berkeley,CA,2012,0.9514,precinct-blk-2012,precinct,True,,
606000,Berkeley,CA,2016,0.966,Fekrazad-RLCR,precinct,True,,
606000,Berkeley,CA,2020,0.9591,Fekrazad-RLCR,precinct,True,,
606000,Berkeley,CA,2024,0.9457,Metcalf+NYT,precinct,True,,
611194,Carlsbad,CA,2004,0.428,precinct-blk-2004,precinct,True,,
611194,Carlsbad,CA,2008,0.502,rebuilt-HEDA-precinct,precinct,True,,
611194,Carlsbad,CA,2012,0.4563,precinct-blk-2012,precinct,True,,
611194,Carlsbad,CA,2016,0.5561,Fekrazad-RLCR,precinct,True,,
611194,Carlsbad,CA,2020,0.59,Fekrazad-RLCR,precinct,True,,
611194,Carlsbad,CA,2024,0.5873,Metcalf+NYT,precinct,True,,
611530,Carson,CA,2004,0.7109,precinct-blk-2004,precinct,True,,
611530,Carson,CA,2008,0.7736,rebuilt-HEDA-precinct,precinct,True,,
611530,Carson,CA,2012,0.8155,precinct-blk-2012,precinct,True,,
611530,Carson,CA,2016,0.8279,Fekrazad-RLCR,precinct,True,,
611530,Carson,CA,2020,0.7651,Fekrazad-RLCR,precinct,True,,
611530,Carson,CA,2024,0.7152,Metcalf+NYT,precinct,True,,
612048,Cathedral City,CA,2004,0.5331,precinct-blk-2004,precinct,True,,
612048,Cathedral City,CA,2008,0.6328,rebuilt-HEDA-precinct,precinct,True,,
612048,Cathedral City,CA,2012,0.6566,precinct-blk-2012,precinct,True,,
612048,Cathedral City,CA,2016,0.7003,Fekrazad-RLCR,precinct,True,,
612048,Cathedral City,CA,2020,0.714,Fekrazad-RLCR,precinct,True,,
612048,Cathedral City,CA,2024,0.6883,Metcalf+NYT,precinct,True,,
613210,Chino,CA,2004,0.4415,precinct-blk-2004,precinct,True,,
613210,Chino,CA,2008,0.5273,rebuilt-HEDA-precinct,precinct,True,,
613210,Chino,CA,2012,0.5299,precinct-blk-2012,precinct,True,,
613210,Chino,CA,2016,0.5629,Fekrazad-RLCR,precinct,True,,
613210,Chino,CA,2020,0.5504,Fekrazad-RLCR,precinct,True,,
613210,Chino,CA,2024,0.487,Metcalf+NYT,precinct,True,,
613392,Chula Vista,CA,2004,0.493,precinct-blk-2004,precinct,True,,
613392,Chula Vista,CA,2008,0.603,rebuilt-HEDA-precinct,precinct,True,,
613392,Chula Vista,CA,2012,0.6147,precinct-blk-2012,precinct,True,,
613392,Chula Vista,CA,2016,0.6989,Fekrazad-RLCR,precinct,True,,
613392,Chula Vista,CA,2020,0.6591,Fekrazad-RLCR,precinct,True,,
613392,Chula Vista,CA,2024,0.5866,Metcalf+NYT,precinct,True,,
614890,Colton,CA,2004,0.5978,precinct-blk-2004,precinct,True,,
614890,Colton,CA,2008,0.6972,rebuilt-HEDA-precinct,precinct,True,,
614890,Colton,CA,2012,0.721,precinct-blk-2012,precinct,True,,
614890,Colton,CA,2016,0.7288,Fekrazad-RLCR,precinct,True,,
614890,Colton,CA,2020,0.684,Fekrazad-RLCR,precinct,True,,
614890,Colton,CA,2024,0.592,Metcalf+NYT,precinct,True,,
615044,Compton,CA,2004,0.8874,precinct-blk-2004,precinct,True,,
615044,Compton,CA,2008,0.9578,rebuilt-HEDA-precinct,precinct,True,,
615044,Compton,CA,2012,0.9646,precinct-blk-2012,precinct,True,,
615044,Compton,CA,2016,0.9534,Fekrazad-RLCR,precinct,True,,
615044,Compton,CA,2020,0.8858,Fekrazad-RLCR,precinct,True,,
615044,Compton,CA,2024,0.787,Metcalf+NYT,precinct,True,,
616532,Costa Mesa,CA,2004,0.4311,precinct-blk-2004,precinct,True,,
616532,Costa Mesa,CA,2008,0.539,rebuilt-HEDA-precinct,precinct,True,,
616532,Costa Mesa,CA,2012,0.4949,precinct-blk-2012,precinct,True,,
616532,Costa Mesa,CA,2016,0.5546,Fekrazad-RLCR,precinct,True,,
616532,Costa Mesa,CA,2020,0.5744,Fekrazad-RLCR,precinct,True,,
616532,Costa Mesa,CA,2024,0.527,Metcalf+NYT,precinct,True,,
621712,El Cajon,CA,2004,0.3786,precinct-blk-2004,precinct,True,,
621712,El Cajon,CA,2008,0.4738,rebuilt-HEDA-precinct,precinct,True,,
621712,El Cajon,CA,2012,0.4694,precinct-blk-2012,precinct,True,,
621712,El Cajon,CA,2016,0.4849,Fekrazad-RLCR,precinct,True,,
621712,El Cajon,CA,2020,0.4861,Fekrazad-RLCR,precinct,True,,
621712,El Cajon,CA,2024,0.4316,Metcalf+NYT,precinct,True,,
622020,Elk Grove,CA,2004,0.4674,precinct-blk-2004,precinct,True,,
622020,Elk Grove,CA,2008,0.5871,rebuilt-HEDA-precinct,precinct,True,,
622020,Elk Grove,CA,2012,0.5888,precinct-blk-2012,precinct,True,,
622020,Elk Grove,CA,2016,0.6409,Fekrazad-RLCR,precinct,True,,
622020,Elk Grove,CA,2020,0.6378,Fekrazad-RLCR,precinct,True,,
622020,Elk Grove,CA,2024,0.5956,Metcalf+NYT,precinct,True,,
622230,El Monte,CA,2004,0.6836,precinct-blk-2004,precinct,True,,
622230,El Monte,CA,2008,0.7296,rebuilt-HEDA-precinct,precinct,True,,
622230,El Monte,CA,2012,0.8029,precinct-blk-2012,precinct,True,,
622230,El Monte,CA,2016,0.8169,Fekrazad-RLCR,precinct,True,,
622230,El Monte,CA,2020,0.7146,Fekrazad-RLCR,precinct,True,,
622230,El Monte,CA,2024,0.6223,Metcalf+NYT,precinct,True,,
622678,Encinitas,CA,2004,0.5232,precinct-blk-2004,precinct,True,,
622678,Encinitas,CA,2008,0.6232,rebuilt-HEDA-precinct,precinct,True,,
622678,Encinitas,CA,2012,0.5783,precinct-blk-2012,precinct,True,,
622678,Encinitas,CA,2016,0.6641,Fekrazad-RLCR,precinct,True,,
622678,Encinitas,CA,2020,0.683,Fekrazad-RLCR,precinct,True,,
622678,Encinitas,CA,2024,0.6651,Metcalf+NYT,precinct,True,,
622804,Escondido,CA,2004,0.3556,precinct-blk-2004,precinct,True,,
622804,Escondido,CA,2008,0.4601,rebuilt-HEDA-precinct,precinct,True,,
622804,Escondido,CA,2012,0.456,precinct-blk-2012,precinct,True,,
622804,Escondido,CA,2016,0.5366,Fekrazad-RLCR,precinct,True,,
622804,Escondido,CA,2020,0.5715,Fekrazad-RLCR,precinct,True,,
622804,Escondido,CA,2024,0.538,Metcalf+NYT,precinct,True,,
623182,Fairfield,CA,2004,0.5567,precinct-blk-2004,precinct,True,,
623182,Fairfield,CA,2008,0.6478,rebuilt-HEDA-precinct,precinct,True,,
623182,Fairfield,CA,2012,0.6628,precinct-blk-2012,precinct,True,,
623182,Fairfield,CA,2016,0.6851,Fekrazad-RLCR,precinct,True,,
623182,Fairfield,CA,2020,0.6818,Fekrazad-RLCR,precinct,True,,
623182,Fairfield,CA,2024,0.638,Metcalf+NYT,precinct,True,,
624680,Fontana,CA,2004,0.565,precinct-blk-2004,precinct,True,,
624680,Fontana,CA,2008,0.6847,rebuilt-HEDA-precinct,precinct,True,,
624680,Fontana,CA,2012,0.7109,precinct-blk-2012,precinct,True,,
624680,Fontana,CA,2016,0.7276,Fekrazad-RLCR,precinct,True,,
624680,Fontana,CA,2020,0.6684,Fekrazad-RLCR,precinct,True,,
624680,Fontana,CA,2024,0.5637,Metcalf+NYT,precinct,True,,
626000,Fremont,CA,2004,0.6717,precinct-blk-2004,precinct,True,,
626000,Fremont,CA,2008,0.7235,rebuilt-HEDA-precinct,precinct,True,,
626000,Fremont,CA,2012,0.7433,precinct-blk-2012,precinct,True,,
626000,Fremont,CA,2016,0.7736,Fekrazad-RLCR,precinct,True,,
626000,Fremont,CA,2020,0.7436,Fekrazad-RLCR,precinct,True,,
626000,Fremont,CA,2024,0.6789,Metcalf+NYT,precinct,True,,
627000,Fresno,CA,2004,0.4676,precinct-blk-2004,precinct,True,,
627000,Fresno,CA,2008,0.5754,rebuilt-HEDA-precinct,precinct,True,,
627000,Fresno,CA,2012,0.5783,precinct-blk-2012,precinct,True,,
627000,Fresno,CA,2016,0.5983,Fekrazad-RLCR,precinct,True,,
627000,Fresno,CA,2020,0.6024,Fekrazad-RLCR,precinct,True,,
627000,Fresno,CA,2024,0.5426,Metcalf+NYT,precinct,True,,
628168,Gardena,CA,2004,0.7168,precinct-blk-2004,precinct,True,,
628168,Gardena,CA,2008,0.7724,rebuilt-HEDA-precinct,precinct,True,,
628168,Gardena,CA,2012,0.8147,precinct-blk-2012,precinct,True,,
628168,Gardena,CA,2016,0.8302,Fekrazad-RLCR,precinct,True,,
628168,Gardena,CA,2020,0.7699,Fekrazad-RLCR,precinct,True,,
628168,Gardena,CA,2024,0.721,Metcalf+NYT,precinct,True,,
629000,Garden Grove,CA,2004,0.3843,precinct-blk-2004,precinct,True,,
629000,Garden Grove,CA,2008,0.4786,rebuilt-HEDA-precinct,precinct,True,,
629000,Garden Grove,CA,2012,0.5487,precinct-blk-2012,precinct,True,,
629000,Garden Grove,CA,2016,0.6221,Fekrazad-RLCR,precinct,True,,
629000,Garden Grove,CA,2020,0.509,Fekrazad-RLCR,precinct,True,,
629000,Garden Grove,CA,2024,0.4866,Metcalf+NYT,precinct,True,,
629504,Gilroy,CA,2004,0.6131,precinct-blk-2004,precinct,True,,
629504,Gilroy,CA,2008,0.6836,rebuilt-HEDA-precinct,precinct,True,,
629504,Gilroy,CA,2012,0.6791,precinct-blk-2012,precinct,True,,
629504,Gilroy,CA,2016,0.7106,Fekrazad-RLCR,precinct,True,,
629504,Gilroy,CA,2020,0.6981,Fekrazad-RLCR,precinct,True,,
629504,Gilroy,CA,2024,0.6373,Metcalf+NYT,precinct,True,,
632548,Hawthorne,CA,2004,0.7375,precinct-blk-2004,precinct,True,,
632548,Hawthorne,CA,2008,0.8079,rebuilt-HEDA-precinct,precinct,True,,
632548,Hawthorne,CA,2012,0.8347,precinct-blk-2012,precinct,True,,
632548,Hawthorne,CA,2016,0.856,Fekrazad-RLCR,precinct,True,,
632548,Hawthorne,CA,2020,0.7998,Fekrazad-RLCR,precinct,True,,
632548,Hawthorne,CA,2024,0.736,Metcalf+NYT,precinct,True,,
633000,Hayward,CA,2004,0.7491,precinct-blk-2004,precinct,True,,
633000,Hayward,CA,2008,0.7929,rebuilt-HEDA-precinct,precinct,True,,
633000,Hayward,CA,2012,0.8242,precinct-blk-2012,precinct,True,,
633000,Hayward,CA,2016,0.8377,Fekrazad-RLCR,precinct,True,,
633000,Hayward,CA,2020,0.7852,Fekrazad-RLCR,precinct,True,,
633000,Hayward,CA,2024,0.7186,Metcalf+NYT,precinct,True,,
636546,Inglewood,CA,2004,0.8871,precinct-blk-2004,precinct,True,,
636546,Inglewood,CA,2008,0.9391,rebuilt-HEDA-precinct,precinct,True,,
636546,Inglewood,CA,2012,0.9488,precinct-blk-2012,precinct,True,,
636546,Inglewood,CA,2016,0.9459,Fekrazad-RLCR,precinct,True,,
636546,Inglewood,CA,2020,0.9024,Fekrazad-RLCR,precinct,True,,
636546,Inglewood,CA,2024,0.8492,Metcalf+NYT,precinct,True,,
636770,Irvine,CA,2004,0.4576,precinct-blk-2004,precinct,True,,
636770,Irvine,CA,2008,0.5845,rebuilt-HEDA-precinct,precinct,True,,
636770,Irvine,CA,2012,0.5491,precinct-blk-2012,precinct,True,,
636770,Irvine,CA,2016,0.6509,Fekrazad-RLCR,precinct,True,,
636770,Irvine,CA,2020,0.6562,Fekrazad-RLCR,precinct,True,,
636770,Irvine,CA,2024,0.6126,Metcalf+NYT,precinct,True,,
640004,La Mesa,CA,2004,0.4754,precinct-blk-2004,precinct,True,,
640004,La Mesa,CA,2008,0.5674,rebuilt-HEDA-precinct,precinct,True,,
640004,La Mesa,CA,2012,0.5665,precinct-blk-2012,precinct,True,,
640004,La Mesa,CA,2016,0.6144,Fekrazad-RLCR,precinct,True,,
640004,La Mesa,CA,2020,0.6495,Fekrazad-RLCR,precinct,True,,
640004,La Mesa,CA,2024,0.6395,Metcalf+NYT,precinct,True,,
640130,Lancaster,CA,2004,0.3827,precinct-blk-2004,precinct,True,,
640130,Lancaster,CA,2008,0.5168,rebuilt-HEDA-precinct,precinct,True,,
640130,Lancaster,CA,2012,0.5378,precinct-blk-2012,precinct,True,,
640130,Lancaster,CA,2016,0.5676,Fekrazad-RLCR,precinct,True,,
640130,Lancaster,CA,2020,0.5916,Fekrazad-RLCR,precinct,True,,
640130,Lancaster,CA,2024,0.5439,Metcalf+NYT,precinct,True,,
641992,Livermore,CA,2004,0.5323,precinct-blk-2004,precinct,True,,
641992,Livermore,CA,2008,0.5837,rebuilt-HEDA-precinct,precinct,True,,
641992,Livermore,CA,2012,0.5634,precinct-blk-2012,precinct,True,,
641992,Livermore,CA,2016,0.6184,Fekrazad-RLCR,precinct,True,,
641992,Livermore,CA,2020,0.6383,Fekrazad-RLCR,precinct,True,,
641992,Livermore,CA,2024,0.6276,Metcalf+NYT,precinct,True,,
643000,Long Beach,CA,2004,0.6461,precinct-blk-2004,precinct,True,,
643000,Long Beach,CA,2008,0.7095,rebuilt-HEDA-precinct,precinct,True,,
643000,Long Beach,CA,2012,0.7172,precinct-blk-2012,precinct,True,,
643000,Long Beach,CA,2016,0.7572,Fekrazad-RLCR,precinct,True,,
643000,Long Beach,CA,2020,0.7431,Fekrazad-RLCR,precinct,True,,
643000,Long Beach,CA,2024,0.7082,Metcalf+NYT,precinct,True,,
644000,Los Angeles,CA,2004,0.7208,precinct-blk-2004,precinct,True,,
644000,Los Angeles,CA,2008,0.7779,rebuilt-HEDA-precinct,precinct,True,,
644000,Los Angeles,CA,2012,0.7842,precinct-blk-2012,precinct,True,,
644000,Los Angeles,CA,2016,0.8276,Fekrazad-RLCR,precinct,True,,
644000,Los Angeles,CA,2020,0.7814,Fekrazad-RLCR,precinct,True,,
644000,Los Angeles,CA,2024,0.7255,Metcalf+NYT,precinct,True,,
645022,Madera,CA,2004,0.4461,precinct-blk-2004,precinct,True,,
645022,Madera,CA,2008,0.5626,rebuilt-HEDA-precinct,precinct,True,,
645022,Madera,CA,2012,0.5674,precinct-blk-2012,precinct,True,,
645022,Madera,CA,2016,0.6097,Fekrazad-RLCR,precinct,True,,
645022,Madera,CA,2020,0.5995,Fekrazad-RLCR,precinct,True,,
645022,Madera,CA,2024,0.4912,Metcalf+NYT,precinct,True,,
645484,Manteca,CA,2004,0.4267,precinct-blk-2004,precinct,True,,
645484,Manteca,CA,2008,0.5279,rebuilt-HEDA-precinct,precinct,True,,
645484,Manteca,CA,2012,0.5334,precinct-blk-2012,precinct,True,,
645484,Manteca,CA,2016,0.5229,Fekrazad-RLCR,precinct,True,,
645484,Manteca,CA,2020,0.5351,Fekrazad-RLCR,precinct,True,,
645484,Manteca,CA,2024,0.4712,Metcalf+NYT,precinct,True,,
646898,Merced,CA,2004,0.4521,precinct-blk-2004,precinct,True,,
646898,Merced,CA,2008,0.5831,rebuilt-HEDA-precinct,precinct,True,,
646898,Merced,CA,2012,0.593,precinct-blk-2012,precinct,True,,
646898,Merced,CA,2016,0.6145,Fekrazad-RLCR,precinct,True,,
646898,Merced,CA,2020,0.6168,Fekrazad-RLCR,precinct,True,,
646898,Merced,CA,2024,0.5527,Metcalf+NYT,precinct,True,,
647766,Milpitas,CA,2004,0.6177,precinct-blk-2004,precinct,True,,
647766,Milpitas,CA,2008,0.6696,rebuilt-HEDA-precinct,precinct,True,,
647766,Milpitas,CA,2012,0.7322,precinct-blk-2012,precinct,True,,
647766,Milpitas,CA,2016,0.7754,Fekrazad-RLCR,precinct,True,,
647766,Milpitas,CA,2020,0.6914,Fekrazad-RLCR,precinct,True,,
647766,Milpitas,CA,2024,0.6386,Metcalf+NYT,precinct,True,,
648354,Modesto,CA,2004,0.4299,precinct-blk-2004,precinct,True,,
648354,Modesto,CA,2008,0.5374,rebuilt-HEDA-precinct,precinct,True,,
648354,Modesto,CA,2012,0.543,precinct-blk-2012,precinct,True,,
648354,Modesto,CA,2016,0.5391,Fekrazad-RLCR,precinct,True,,
648354,Modesto,CA,2020,0.5406,Fekrazad-RLCR,precinct,True,,
648354,Modesto,CA,2024,0.4927,Metcalf+NYT,precinct,True,,
648914,Monterey Park,CA,2004,0.6319,precinct-blk-2004,precinct,True,,
648914,Monterey Park,CA,2008,0.6596,rebuilt-HEDA-precinct,precinct,True,,
648914,Monterey Park,CA,2012,0.7118,precinct-blk-2012,precinct,True,,
648914,Monterey Park,CA,2016,0.7401,Fekrazad-RLCR,precinct,True,,
648914,Monterey Park,CA,2020,0.6925,Fekrazad-RLCR,precinct,True,,
648914,Monterey Park,CA,2024,0.626,Metcalf+NYT,precinct,True,,
649270,Moreno Valley,CA,2004,0.5202,precinct-blk-2004,precinct,True,,
649270,Moreno Valley,CA,2008,0.6641,rebuilt-HEDA-precinct,precinct,True,,
649270,Moreno Valley,CA,2012,0.7003,precinct-blk-2012,precinct,True,,
649270,Moreno Valley,CA,2016,0.7224,Fekrazad-RLCR,precinct,True,,
649270,Moreno Valley,CA,2020,0.6873,Fekrazad-RLCR,precinct,True,,
649270,Moreno Valley,CA,2024,0.5932,Metcalf+NYT,precinct,True,,
650258,Napa,CA,2004,0.6149,precinct-blk-2004,precinct,True,,
650258,Napa,CA,2008,0.6802,rebuilt-HEDA-precinct,precinct,True,,
650258,Napa,CA,2012,0.6607,precinct-blk-2012,precinct,True,,
650258,Napa,CA,2016,0.7039,Fekrazad-RLCR,precinct,True,,
650258,Napa,CA,2020,0.7207,Fekrazad-RLCR,precinct,True,,
650258,Napa,CA,2024,0.6951,Metcalf+NYT,precinct,True,,
650398,National City,CA,2004,0.5783,precinct-blk-2004,precinct,True,,
650398,National City,CA,2008,0.6594,rebuilt-HEDA-precinct,precinct,True,,
650398,National City,CA,2012,0.7109,precinct-blk-2012,precinct,True,,
650398,National City,CA,2016,0.7745,Fekrazad-RLCR,precinct,True,,
650398,National City,CA,2020,0.682,Fekrazad-RLCR,precinct,True,,
650398,National City,CA,2024,0.5946,Metcalf+NYT,precinct,True,,
653000,Oakland,CA,2004,0.8976,precinct-blk-2004,precinct,True,,
653000,Oakland,CA,2008,0.928,rebuilt-HEDA-precinct,precinct,True,,
653000,Oakland,CA,2012,0.9374,precinct-blk-2012,precinct,True,,
653000,Oakland,CA,2016,0.9493,Fekrazad-RLCR,precinct,True,,
653000,Oakland,CA,2020,0.9293,Fekrazad-RLCR,precinct,True,,
653000,Oakland,CA,2024,0.9025,Metcalf+NYT,precinct,True,,
653322,Oceanside,CA,2004,0.4235,precinct-blk-2004,precinct,True,,
653322,Oceanside,CA,2008,0.5127,rebuilt-HEDA-precinct,precinct,True,,
653322,Oceanside,CA,2012,0.5058,precinct-blk-2012,precinct,True,,
653322,Oceanside,CA,2016,0.5457,Fekrazad-RLCR,precinct,True,,
653322,Oceanside,CA,2020,0.5747,Fekrazad-RLCR,precinct,True,,
653322,Oceanside,CA,2024,0.5583,Metcalf+NYT,precinct,True,,
653896,Ontario,CA,2004,0.5221,precinct-blk-2004,precinct,True,,
653896,Ontario,CA,2008,0.6333,rebuilt-HEDA-precinct,precinct,True,,
653896,Ontario,CA,2012,0.65,precinct-blk-2012,precinct,True,,
653896,Ontario,CA,2016,0.6798,Fekrazad-RLCR,precinct,True,,
653896,Ontario,CA,2020,0.6501,Fekrazad-RLCR,precinct,True,,
653896,Ontario,CA,2024,0.5583,Metcalf+NYT,precinct,True,,
653980,Orange,CA,2004,0.3626,precinct-blk-2004,precinct,True,,
653980,Orange,CA,2008,0.462,rebuilt-HEDA-precinct,precinct,True,,
653980,Orange,CA,2012,0.4395,precinct-blk-2012,precinct,True,,
653980,Orange,CA,2016,0.518,Fekrazad-RLCR,precinct,True,,
653980,Orange,CA,2020,0.5404,Fekrazad-RLCR,precinct,True,,
653980,Orange,CA,2024,0.5157,Metcalf+NYT,precinct,True,,
654652,Oxnard,CA,2004,0.619,precinct-blk-2004,precinct,True,,
654652,Oxnard,CA,2008,0.7085,rebuilt-HEDA-precinct,precinct,True,,
654652,Oxnard,CA,2012,0.7155,precinct-blk-2012,precinct,True,,
654652,Oxnard,CA,2016,0.7655,Fekrazad-RLCR,precinct,True,,
654652,Oxnard,CA,2020,0.7346,Fekrazad-RLCR,precinct,True,,
654652,Oxnard,CA,2024,0.6653,Metcalf+NYT,precinct,True,,
655156,Palmdale,CA,2004,0.4705,precinct-blk-2004,precinct,True,,
655156,Palmdale,CA,2008,0.5947,rebuilt-HEDA-precinct,precinct,True,,
655156,Palmdale,CA,2012,0.6121,precinct-blk-2012,precinct,True,,
655156,Palmdale,CA,2016,0.6571,Fekrazad-RLCR,precinct,True,,
655156,Palmdale,CA,2020,0.6458,Fekrazad-RLCR,precinct,True,,
655156,Palmdale,CA,2024,0.5723,Metcalf+NYT,precinct,True,,
656000,Pasadena,CA,2004,0.6707,precinct-blk-2004,precinct,True,,
656000,Pasadena,CA,2008,0.7342,rebuilt-HEDA-precinct,precinct,True,,
656000,Pasadena,CA,2012,0.7282,precinct-blk-2012,precinct,True,,
656000,Pasadena,CA,2016,0.7999,Fekrazad-RLCR,precinct,True,,
656000,Pasadena,CA,2020,0.7865,Fekrazad-RLCR,precinct,True,,
656000,Pasadena,CA,2024,0.7738,Metcalf+NYT,precinct,True,,
656700,Perris,CA,2004,0.554,precinct-blk-2004,precinct,True,,
656700,Perris,CA,2008,0.7333,rebuilt-HEDA-precinct,precinct,True,,
656700,Perris,CA,2012,0.7914,precinct-blk-2012,precinct,True,,
656700,Perris,CA,2016,0.7661,Fekrazad-RLCR,precinct,True,,
656700,Perris,CA,2020,0.7089,Fekrazad-RLCR,precinct,True,,
656700,Perris,CA,2024,0.5964,Metcalf+NYT,precinct,True,,
656784,Petaluma,CA,2004,0.6919,precinct-blk-2004,precinct,True,,
656784,Petaluma,CA,2008,0.7586,rebuilt-HEDA-precinct,precinct,True,,
656784,Petaluma,CA,2012,0.7468,precinct-blk-2012,precinct,True,,
656784,Petaluma,CA,2016,0.7742,Fekrazad-RLCR,precinct,True,,
656784,Petaluma,CA,2020,0.7737,Fekrazad-RLCR,precinct,True,,
656784,Petaluma,CA,2024,0.7574,Metcalf+NYT,precinct,True,,
656924,Pico Rivera,CA,2004,0.7063,precinct-blk-2004,precinct,True,,
656924,Pico Rivera,CA,2008,0.77,rebuilt-HEDA-precinct,precinct,True,,
656924,Pico Rivera,CA,2012,0.8105,precinct-blk-2012,precinct,True,,
656924,Pico Rivera,CA,2016,0.8345,Fekrazad-RLCR,precinct,True,,
656924,Pico Rivera,CA,2020,0.7625,Fekrazad-RLCR,precinct,True,,
656924,Pico Rivera,CA,2024,0.6687,Metcalf+NYT,precinct,True,,
657792,Pleasanton,CA,2004,0.5319,precinct-blk-2004,precinct,True,,
657792,Pleasanton,CA,2008,0.6129,rebuilt-HEDA-precinct,precinct,True,,
657792,Pleasanton,CA,2012,0.5914,precinct-blk-2012,precinct,True,,
657792,Pleasanton,CA,2016,0.6754,Fekrazad-RLCR,precinct,True,,
657792,Pleasanton,CA,2020,0.6993,Fekrazad-RLCR,precinct,True,,
657792,Pleasanton,CA,2024,0.6807,Metcalf+NYT,precinct,True,,
658072,Pomona,CA,2004,0.6534,precinct-blk-2004,precinct,True,,
658072,Pomona,CA,2008,0.7346,rebuilt-HEDA-precinct,precinct,True,,
658072,Pomona,CA,2012,0.7592,precinct-blk-2012,precinct,True,,
658072,Pomona,CA,2016,0.7838,Fekrazad-RLCR,precinct,True,,
658072,Pomona,CA,2020,0.7268,Fekrazad-RLCR,precinct,True,,
658072,Pomona,CA,2024,0.6289,Metcalf+NYT,precinct,True,,
659451,Rancho Cucamonga,CA,2004,0.4035,precinct-blk-2004,precinct,True,,
659451,Rancho Cucamonga,CA,2008,0.5039,rebuilt-HEDA-precinct,precinct,True,,
659451,Rancho Cucamonga,CA,2012,0.4933,precinct-blk-2012,precinct,True,,
659451,Rancho Cucamonga,CA,2016,0.521,Fekrazad-RLCR,precinct,True,,
659451,Rancho Cucamonga,CA,2020,0.5294,Fekrazad-RLCR,precinct,True,,
659451,Rancho Cucamonga,CA,2024,0.4805,Metcalf+NYT,precinct,True,,
660018,Redondo Beach,CA,2004,0.5313,precinct-blk-2004,precinct,True,,
660018,Redondo Beach,CA,2008,0.6128,rebuilt-HEDA-precinct,precinct,True,,
660018,Redondo Beach,CA,2012,0.5872,precinct-blk-2012,precinct,True,,
660018,Redondo Beach,CA,2016,0.671,Fekrazad-RLCR,precinct,True,,
660018,Redondo Beach,CA,2020,0.6906,Fekrazad-RLCR,precinct,True,,
660018,Redondo Beach,CA,2024,0.6766,Metcalf+NYT,precinct,True,,
660466,Rialto,CA,2004,0.6046,precinct-blk-2004,precinct,True,,
660466,Rialto,CA,2008,0.7397,rebuilt-HEDA-precinct,precinct,True,,
660466,Rialto,CA,2012,0.766,precinct-blk-2012,precinct,True,,
660466,Rialto,CA,2016,0.7644,Fekrazad-RLCR,precinct,True,,
660466,Rialto,CA,2020,0.7088,Fekrazad-RLCR,precinct,True,,
660466,Rialto,CA,2024,0.6046,Metcalf+NYT,precinct,True,,
660620,Richmond,CA,2004,0.8568,precinct-blk-2004,precinct,True,,
660620,Richmond,CA,2008,0.8927,rebuilt-HEDA-precinct,precinct,True,,
660620,Richmond,CA,2012,0.9081,precinct-blk-2012,precinct,True,,
660620,Richmond,CA,2016,0.9147,Fekrazad-RLCR,precinct,True,,
660620,Richmond,CA,2020,0.8838,Fekrazad-RLCR,precinct,True,,
660620,Richmond,CA,2024,0.8305,Metcalf+NYT,precinct,True,,
662000,Riverside,CA,2004,0.4663,precinct-blk-2004,precinct,True,,
662000,Riverside,CA,2008,0.5746,rebuilt-HEDA-precinct,precinct,True,,
662000,Riverside,CA,2012,0.5809,precinct-blk-2012,precinct,True,,
662000,Riverside,CA,2016,0.6024,Fekrazad-RLCR,precinct,True,,
662000,Riverside,CA,2020,0.5996,Fekrazad-RLCR,precinct,True,,
662000,Riverside,CA,2024,0.5373,Metcalf+NYT,precinct,True,,
664000,Sacramento,CA,2004,0.6409,precinct-blk-2004,precinct,True,,
664000,Sacramento,CA,2008,0.7371,rebuilt-HEDA-precinct,precinct,True,,
664000,Sacramento,CA,2012,0.7482,precinct-blk-2012,precinct,True,,
664000,Sacramento,CA,2016,0.7866,Fekrazad-RLCR,precinct,True,,
664000,Sacramento,CA,2020,0.7698,Fekrazad-RLCR,precinct,True,,
664000,Sacramento,CA,2024,0.7367,Metcalf+NYT,precinct,True,,
664224,Salinas,CA,2004,0.6194,precinct-blk-2004,precinct,True,,
664224,Salinas,CA,2008,0.7261,rebuilt-HEDA-precinct,precinct,True,,
664224,Salinas,CA,2012,0.7469,precinct-blk-2012,precinct,True,,
664224,Salinas,CA,2016,0.7669,Fekrazad-RLCR,precinct,True,,
664224,Salinas,CA,2020,0.7404,Fekrazad-RLCR,precinct,True,,
664224,Salinas,CA,2024,0.6404,Metcalf+NYT,precinct,True,,
665000,San Bernardino,CA,2004,0.5475,precinct-blk-2004,precinct,True,,
665000,San Bernardino,CA,2008,0.6597,rebuilt-HEDA-precinct,precinct,True,,
665000,San Bernardino,CA,2012,0.6921,precinct-blk-2012,precinct,True,,
665000,San Bernardino,CA,2016,0.7015,Fekrazad-RLCR,precinct,True,,
665000,San Bernardino,CA,2020,0.6697,Fekrazad-RLCR,precinct,True,,
665000,San Bernardino,CA,2024,0.5731,Metcalf+NYT,precinct,True,,
666000,San Diego,CA,2004,0.5396,precinct-blk-2004,precinct,True,,
666000,San Diego,CA,2008,0.6354,rebuilt-HEDA-precinct,precinct,True,,
666000,San Diego,CA,2012,0.6266,precinct-blk-2012,precinct,True,,
666000,San Diego,CA,2016,0.7,Fekrazad-RLCR,precinct,True,,
666000,San Diego,CA,2020,0.701,Fekrazad-RLCR,precinct,True,,
666000,San Diego,CA,2024,0.6738,Metcalf+NYT,precinct,True,,
667000,San Francisco,CA,2004,0.8452,precinct-blk-2004,precinct,True,,
667000,San Francisco,CA,2008,0.8604,rebuilt-HEDA-precinct,precinct,True,,
667000,San Francisco,CA,2012,0.865,precinct-blk-2012,precinct,True,,
667000,San Francisco,CA,2016,0.9017,Fekrazad-RLCR,precinct,True,,
667000,San Francisco,CA,2020,0.8702,Fekrazad-RLCR,precinct,True,,
667000,San Francisco,CA,2024,0.838,Metcalf+NYT,precinct,True,,
668000,San Jose,CA,2004,0.6393,precinct-blk-2004,precinct,True,,
668000,San Jose,CA,2008,0.7052,rebuilt-HEDA-precinct,precinct,True,,
668000,San Jose,CA,2012,0.733,precinct-blk-2012,precinct,True,,
668000,San Jose,CA,2016,0.7831,Fekrazad-RLCR,precinct,True,,
668000,San Jose,CA,2020,0.7261,Fekrazad-RLCR,precinct,True,,
668000,San Jose,CA,2024,0.6861,Metcalf+NYT,precinct,True,,
668084,San Leandro,CA,2004,0.747,precinct-blk-2004,precinct,True,,
668084,San Leandro,CA,2008,0.7724,rebuilt-HEDA-precinct,precinct,True,,
668084,San Leandro,CA,2012,0.8026,precinct-blk-2012,precinct,True,,
668084,San Leandro,CA,2016,0.8274,Fekrazad-RLCR,precinct,True,,
668084,San Leandro,CA,2020,0.786,Fekrazad-RLCR,precinct,True,,
668084,San Leandro,CA,2024,0.7354,Metcalf+NYT,precinct,True,,
668196,San Marcos,CA,2004,0.3891,precinct-blk-2004,precinct,True,,
668196,San Marcos,CA,2008,0.4875,rebuilt-HEDA-precinct,precinct,True,,
668196,San Marcos,CA,2012,0.4731,precinct-blk-2012,precinct,True,,
668196,San Marcos,CA,2016,0.5442,Fekrazad-RLCR,precinct,True,,
668196,San Marcos,CA,2020,0.5831,Fekrazad-RLCR,precinct,True,,
668196,San Marcos,CA,2024,0.5677,Metcalf+NYT,precinct,True,,
668364,San Rafael,CA,2004,0.7412,precinct-blk-2004,precinct,True,,
668364,San Rafael,CA,2008,0.7929,rebuilt-HEDA-precinct,precinct,True,,
668364,San Rafael,CA,2012,0.7716,precinct-blk-2012,precinct,True,,
668364,San Rafael,CA,2016,0.8375,Fekrazad-RLCR,precinct,True,,
668364,San Rafael,CA,2020,0.8419,Fekrazad-RLCR,precinct,True,,
668364,San Rafael,CA,2024,0.832,Metcalf+NYT,precinct,True,,
668378,San Ramon,CA,2004,0.5268,precinct-blk-2004,precinct,True,,
668378,San Ramon,CA,2008,0.6318,rebuilt-HEDA-precinct,precinct,True,,
668378,San Ramon,CA,2012,0.6116,precinct-blk-2012,precinct,True,,
668378,San Ramon,CA,2016,0.696,Fekrazad-RLCR,precinct,True,,
668378,San Ramon,CA,2020,0.7178,Fekrazad-RLCR,precinct,True,,
668378,San Ramon,CA,2024,0.6765,Metcalf+NYT,precinct,True,,
669000,Santa Ana,CA,2004,0.5317,precinct-blk-2004,precinct,True,,
669000,Santa Ana,CA,2008,0.6686,rebuilt-HEDA-precinct,precinct,True,,
669000,Santa Ana,CA,2012,0.7085,precinct-blk-2012,precinct,True,,
669000,Santa Ana,CA,2016,0.7769,Fekrazad-RLCR,precinct,True,,
669000,Santa Ana,CA,2020,0.6972,Fekrazad-RLCR,precinct,True,,
669000,Santa Ana,CA,2024,0.6225,Metcalf+NYT,precinct,True,,
669070,Santa Barbara,CA,2004,0.6946,precinct-blk-2004,precinct,True,,
669070,Santa Barbara,CA,2008,0.7669,rebuilt-HEDA-precinct,precinct,True,,
669070,Santa Barbara,CA,2012,0.7354,precinct-blk-2012,precinct,True,,
669070,Santa Barbara,CA,2016,0.7988,Fekrazad-RLCR,precinct,True,,
669070,Santa Barbara,CA,2020,0.8093,Fekrazad-RLCR,precinct,True,,
669070,Santa Barbara,CA,2024,0.7902,Metcalf+NYT,precinct,True,,
669084,Santa Clara,CA,2004,0.6722,precinct-blk-2004,precinct,True,,
669084,Santa Clara,CA,2008,0.7246,rebuilt-HEDA-precinct,precinct,True,,
669084,Santa Clara,CA,2012,0.7382,precinct-blk-2012,precinct,True,,
669084,Santa Clara,CA,2016,0.7815,Fekrazad-RLCR,precinct,True,,
669084,Santa Clara,CA,2020,0.7602,Fekrazad-RLCR,precinct,True,,
669084,Santa Clara,CA,2024,0.7196,Metcalf+NYT,precinct,True,,
669196,Santa Maria,CA,2004,0.4175,precinct-blk-2004,precinct,True,,
669196,Santa Maria,CA,2008,0.5104,rebuilt-HEDA-precinct,precinct,True,,
669196,Santa Maria,CA,2012,0.5279,precinct-blk-2012,precinct,True,,
669196,Santa Maria,CA,2016,0.5854,Fekrazad-RLCR,precinct,True,,
669196,Santa Maria,CA,2020,0.5831,Fekrazad-RLCR,precinct,True,,
669196,Santa Maria,CA,2024,0.508,Metcalf+NYT,precinct,True,,
670224,Santee,CA,2004,0.321,precinct-blk-2004,precinct,True,,
670224,Santee,CA,2008,0.4,rebuilt-HEDA-precinct,precinct,True,,
670224,Santee,CA,2012,0.3863,precinct-blk-2012,precinct,True,,
670224,Santee,CA,2016,0.3946,Fekrazad-RLCR,precinct,True,,
670224,Santee,CA,2020,0.439,Fekrazad-RLCR,precinct,True,,
670224,Santee,CA,2024,0.4367,Metcalf+NYT,precinct,True,,
672016,Simi Valley,CA,2004,0.3832,precinct-blk-2004,precinct,True,,
672016,Simi Valley,CA,2008,0.4749,rebuilt-HEDA-precinct,precinct,True,,
672016,Simi Valley,CA,2012,0.4379,precinct-blk-2012,precinct,True,,
672016,Simi Valley,CA,2016,0.4796,Fekrazad-RLCR,precinct,True,,
672016,Simi Valley,CA,2020,0.5045,Fekrazad-RLCR,precinct,True,,
672016,Simi Valley,CA,2024,0.4787,Metcalf+NYT,precinct,True,,
675000,Stockton,CA,2004,0.5652,precinct-blk-2004,precinct,True,,
675000,Stockton,CA,2008,0.6588,rebuilt-HEDA-precinct,precinct,True,,
675000,Stockton,CA,2012,0.6903,precinct-blk-2012,precinct,True,,
675000,Stockton,CA,2016,0.6974,Fekrazad-RLCR,precinct,True,,
675000,Stockton,CA,2020,0.6717,Fekrazad-RLCR,precinct,True,,
675000,Stockton,CA,2024,0.586,Metcalf+NYT,precinct,True,,
677000,Sunnyvale,CA,2004,0.6782,precinct-blk-2004,precinct,True,,
677000,Sunnyvale,CA,2008,0.7309,rebuilt-HEDA-precinct,precinct,True,,
677000,Sunnyvale,CA,2012,0.7441,precinct-blk-2012,precinct,True,,
677000,Sunnyvale,CA,2016,0.8036,Fekrazad-RLCR,precinct,True,,
677000,Sunnyvale,CA,2020,0.7856,Fekrazad-RLCR,precinct,True,,
677000,Sunnyvale,CA,2024,0.7522,Metcalf+NYT,precinct,True,,
680000,Torrance,CA,2004,0.4514,precinct-blk-2004,precinct,True,,
680000,Torrance,CA,2008,0.5292,rebuilt-HEDA-precinct,precinct,True,,
680000,Torrance,CA,2012,0.5346,precinct-blk-2012,precinct,True,,
680000,Torrance,CA,2016,0.6041,Fekrazad-RLCR,precinct,True,,
680000,Torrance,CA,2020,0.6161,Fekrazad-RLCR,precinct,True,,
680000,Torrance,CA,2024,0.5928,Metcalf+NYT,precinct,True,,
680238,Tracy,CA,2004,0.5126,precinct-blk-2004,precinct,True,,
680238,Tracy,CA,2008,0.6169,rebuilt-HEDA-precinct,precinct,True,,
680238,Tracy,CA,2012,0.6358,precinct-blk-2012,precinct,True,,
680238,Tracy,CA,2016,0.6395,Fekrazad-RLCR,precinct,True,,
680238,Tracy,CA,2020,0.6353,Fekrazad-RLCR,precinct,True,,
680238,Tracy,CA,2024,0.5527,Metcalf+NYT,precinct,True,,
680812,Turlock,CA,2004,0.3852,precinct-blk-2004,precinct,True,,
680812,Turlock,CA,2008,0.4951,rebuilt-HEDA-precinct,precinct,True,,
680812,Turlock,CA,2012,0.4925,precinct-blk-2012,precinct,True,,
680812,Turlock,CA,2016,0.4955,Fekrazad-RLCR,precinct,True,,
680812,Turlock,CA,2020,0.4768,Fekrazad-RLCR,precinct,True,,
680812,Turlock,CA,2024,0.4197,Metcalf+NYT,precinct,True,,
681204,Union City,CA,2004,0.7374,precinct-blk-2004,precinct,True,,
681204,Union City,CA,2008,0.7737,rebuilt-HEDA-precinct,precinct,True,,
681204,Union City,CA,2012,0.8053,precinct-blk-2012,precinct,True,,
681204,Union City,CA,2016,0.8241,Fekrazad-RLCR,precinct,True,,
681204,Union City,CA,2020,0.7666,Fekrazad-RLCR,precinct,True,,
681204,Union City,CA,2024,0.6926,Metcalf+NYT,precinct,True,,
681344,Upland,CA,2004,0.4366,precinct-blk-2004,precinct,True,,
681344,Upland,CA,2008,0.496,rebuilt-HEDA-precinct,precinct,True,,
681344,Upland,CA,2012,0.4879,precinct-blk-2012,precinct,True,,
681344,Upland,CA,2016,0.5307,Fekrazad-RLCR,precinct,True,,
681344,Upland,CA,2020,0.5512,Fekrazad-RLCR,precinct,True,,
681344,Upland,CA,2024,0.5027,Metcalf+NYT,precinct,True,,
681554,Vacaville,CA,2004,0.471,precinct-blk-2004,precinct,True,,
681554,Vacaville,CA,2008,0.548,rebuilt-HEDA-precinct,precinct,True,,
681554,Vacaville,CA,2012,0.537,precinct-blk-2012,precinct,True,,
681554,Vacaville,CA,2016,0.5293,Fekrazad-RLCR,precinct,True,,
681554,Vacaville,CA,2020,0.5302,Fekrazad-RLCR,precinct,True,,
681554,Vacaville,CA,2024,0.5108,Metcalf+NYT,precinct,True,,
681666,Vallejo,CA,2004,0.7193,precinct-blk-2004,precinct,True,,
681666,Vallejo,CA,2008,0.7618,rebuilt-HEDA-precinct,precinct,True,,
681666,Vallejo,CA,2012,0.7888,precinct-blk-2012,precinct,True,,
681666,Vallejo,CA,2016,0.8063,Fekrazad-RLCR,precinct,True,,
681666,Vallejo,CA,2020,0.7819,Fekrazad-RLCR,precinct,True,,
681666,Vallejo,CA,2024,0.7353,Metcalf+NYT,precinct,True,,
682996,Vista,CA,2004,0.3978,precinct-blk-2004,precinct,True,,
682996,Vista,CA,2008,0.4994,rebuilt-HEDA-precinct,precinct,True,,
682996,Vista,CA,2012,0.485,precinct-blk-2012,precinct,True,,
682996,Vista,CA,2016,0.5521,Fekrazad-RLCR,precinct,True,,
682996,Vista,CA,2020,0.5846,Fekrazad-RLCR,precinct,True,,
682996,Vista,CA,2024,0.5545,Metcalf+NYT,precinct,True,,
684550,Westminster,CA,2004,0.357,precinct-blk-2004,precinct,True,,
684550,Westminster,CA,2008,0.43,rebuilt-HEDA-precinct,precinct,True,,
684550,Westminster,CA,2012,0.512,precinct-blk-2012,precinct,True,,
684550,Westminster,CA,2016,0.5832,Fekrazad-RLCR,precinct,True,,
684550,Westminster,CA,2020,0.4553,Fekrazad-RLCR,precinct,True,,
684550,Westminster,CA,2024,0.454,Metcalf+NYT,precinct,True,,
684816,West Sacramento,CA,2004,0.5431,precinct-blk-2004,precinct,True,,
684816,West Sacramento,CA,2008,0.6289,rebuilt-HEDA-precinct,precinct,True,,
684816,West Sacramento,CA,2012,0.6281,precinct-blk-2012,precinct,True,,
684816,West Sacramento,CA,2016,0.6593,Fekrazad-RLCR,precinct,True,,
684816,West Sacramento,CA,2020,0.6457,Fekrazad-RLCR,precinct,True,,
684816,West Sacramento,CA,2024,0.6175,Metcalf+NYT,precinct,True,,
685292,Whittier,CA,2004,0.4949,precinct-blk-2004,precinct,True,,
685292,Whittier,CA,2008,0.5731,rebuilt-HEDA-precinct,precinct,True,,
685292,Whittier,CA,2012,0.59,precinct-blk-2012,precinct,True,,
685292,Whittier,CA,2016,0.6534,Fekrazad-RLCR,precinct,True,,
685292,Whittier,CA,2020,0.6428,Fekrazad-RLCR,precinct,True,,
685292,Whittier,CA,2024,0.5868,Metcalf+NYT,precinct,True,,
686328,Woodland,CA,2004,0.4758,precinct-blk-2004,precinct,True,,
686328,Woodland,CA,2008,0.5776,rebuilt-HEDA-precinct,precinct,True,,
686328,Woodland,CA,2012,0.5802,precinct-blk-2012,precinct,True,,
686328,Woodland,CA,2016,0.6271,Fekrazad-RLCR,precinct,True,,
686328,Woodland,CA,2020,0.6393,Fekrazad-RLCR,precinct,True,,
686328,Woodland,CA,2024,0.589,Metcalf+NYT,precinct,True,,
803455,Arvada,CO,2004,0.4596,county-rescale-BG16-corr,estimated,False,3.15,
803455,Arvada,CO,2008,0.536,rebuilt-HEDA-precinct,precinct,True,,
803455,Arvada,CO,2012,0.4742,precinct-2012,precinct,True,,
803455,Arvada,CO,2016,0.5195,Fekrazad-RLCR,precinct,True,,
803455,Arvada,CO,2020,0.5848,Fekrazad-RLCR,precinct,True,,
803455,Arvada,CO,2024,0.5928,Metcalf+NYT,precinct,True,,
804000,Aurora,CO,2004,0.5325,county-rescale-BG16-corr,estimated,False,3.15,
804000,Aurora,CO,2008,0.6208,rebuilt-HEDA-precinct,precinct,True,,
804000,Aurora,CO,2012,0.5966,precinct-2012,precinct,True,,
804000,Aurora,CO,2016,0.6199,Fekrazad-RLCR,precinct,True,,
804000,Aurora,CO,2020,0.6591,Fekrazad-RLCR,precinct,True,,
804000,Aurora,CO,2024,0.6198,Metcalf+NYT,precinct,True,,
807850,Boulder,CO,2004,0.8242,county-rescale-BG16-corr,estimated,False,3.15,
807850,Boulder,CO,2008,0.8585,rebuilt-HEDA-precinct,precinct,True,,
807850,Boulder,CO,2012,0.8509,county-rescale-BG16-corr,estimated,False,1.74,
807850,Boulder,CO,2016,0.883,Fekrazad-RLCR,precinct,True,,
807850,Boulder,CO,2020,0.8916,Fekrazad-RLCR,precinct,True,,
807850,Boulder,CO,2024,0.8799,Metcalf+NYT,precinct,True,,
816000,Colorado Springs,CO,2004,0.3518,county-rescale-BG16-corr,estimated,False,3.15,
816000,Colorado Springs,CO,2008,0.4288,rebuilt-HEDA-precinct,precinct,True,,
816000,Colorado Springs,CO,2012,0.4249,county-rescale-BG16-corr,estimated,False,1.74,
816000,Colorado Springs,CO,2016,0.4103,Fekrazad-RLCR,precinct,True,,
816000,Colorado Springs,CO,2020,0.4826,Fekrazad-RLCR,precinct,True,,
816000,Colorado Springs,CO,2024,0.4899,Metcalf+NYT,precinct,True,,
820000,Denver,CO,2004,0.7038,county-direct,exact,True,,
820000,Denver,CO,2008,0.7661,rebuilt-HEDA-precinct,precinct,True,,
820000,Denver,CO,2012,0.7523,county-direct,exact,True,,
820000,Denver,CO,2016,0.7958,Fekrazad-RLCR,precinct,True,,
820000,Denver,CO,2020,0.8139,Fekrazad-RLCR,precinct,True,,
820000,Denver,CO,2024,0.7884,Metcalf+NYT,precinct,True,,
827425,Fort Collins,CO,2004,0.5796,county-rescale-BG16-corr,estimated,False,3.15,
827425,Fort Collins,CO,2008,0.631,rebuilt-HEDA-precinct,precinct,True,,
827425,Fort Collins,CO,2012,0.6322,county-rescale-BG16-corr,estimated,False,1.74,
827425,Fort Collins,CO,2016,0.6493,Fekrazad-RLCR,precinct,True,,
827425,Fort Collins,CO,2020,0.7012,Fekrazad-RLCR,precinct,True,,
827425,Fort Collins,CO,2024,0.7144,Metcalf+NYT,precinct,True,,
832155,Greeley,CO,2004,0.4284,county-rescale-BG16-corr,estimated,False,3.15,
832155,Greeley,CO,2008,0.5064,rebuilt-HEDA-precinct,precinct,True,,
832155,Greeley,CO,2012,0.4931,precinct-2012,precinct,True,,
832155,Greeley,CO,2016,0.4588,Fekrazad-RLCR,precinct,True,,
832155,Greeley,CO,2020,0.483,Fekrazad-RLCR,precinct,True,,
832155,Greeley,CO,2024,0.4515,Metcalf+NYT,precinct,True,,
843000,Lakewood,CO,2004,0.5238,county-rescale-BG16-corr,estimated,False,3.15,
843000,Lakewood,CO,2008,0.5925,rebuilt-HEDA-precinct,precinct,True,,
843000,Lakewood,CO,2012,0.5641,precinct-2012,precinct,True,,
843000,Lakewood,CO,2016,0.5893,Fekrazad-RLCR,precinct,True,,
843000,Lakewood,CO,2020,0.6425,Fekrazad-RLCR,precinct,True,,
843000,Lakewood,CO,2024,0.6374,Metcalf+NYT,precinct,True,,
845970,Longmont,CO,2004,0.5192,county-rescale-BG16-corr,estimated,False,3.15,
845970,Longmont,CO,2008,0.5988,rebuilt-HEDA-precinct,precinct,True,,
845970,Longmont,CO,2012,0.5692,county-rescale-BG16-corr,estimated,False,1.74,
845970,Longmont,CO,2016,0.6212,Fekrazad-RLCR,precinct,True,,
845970,Longmont,CO,2020,0.6868,Fekrazad-RLCR,precinct,True,,
845970,Longmont,CO,2024,0.6985,Metcalf+NYT,precinct,True,,
846465,Loveland,CO,2004,0.3812,county-rescale-BG16-corr,estimated,False,3.15,
846465,Loveland,CO,2008,0.4749,rebuilt-HEDA-precinct,precinct,True,,
846465,Loveland,CO,2012,0.4382,precinct-2012,precinct,True,,
846465,Loveland,CO,2016,0.4113,Fekrazad-RLCR,precinct,True,,
846465,Loveland,CO,2020,0.4848,Fekrazad-RLCR,precinct,True,,
846465,Loveland,CO,2024,0.5143,Metcalf+NYT,precinct,True,,
862000,Pueblo,CO,2004,0.627,county-rescale-BG16-corr,estimated,False,3.15,
862000,Pueblo,CO,2008,0.6596,rebuilt-HEDA-precinct,precinct,True,,
862000,Pueblo,CO,2012,0.6634,county-rescale-BG16-corr,estimated,False,1.74,
862000,Pueblo,CO,2016,0.6021,Fekrazad-RLCR,precinct,True,,
862000,Pueblo,CO,2020,0.6066,Fekrazad-RLCR,precinct,True,,
862000,Pueblo,CO,2024,0.5645,Metcalf+NYT,precinct,True,,
877290,Thornton,CO,2004,0.5026,county-rescale-BG16-corr,estimated,False,3.15,
877290,Thornton,CO,2008,0.5887,rebuilt-HEDA-precinct,precinct,True,,
877290,Thornton,CO,2012,0.5654,precinct-2012,precinct,True,,
877290,Thornton,CO,2016,0.5335,Fekrazad-RLCR,precinct,True,,
877290,Thornton,CO,2020,0.5746,Fekrazad-RLCR,precinct,True,,
877290,Thornton,CO,2024,0.541,Metcalf+NYT,precinct,True,,
883835,Westminster,CO,2004,0.5107,county-rescale-BG16-corr,estimated,False,3.15,
883835,Westminster,CO,2008,0.5841,rebuilt-HEDA-precinct,precinct,True,,
883835,Westminster,CO,2012,0.544,precinct-2012,precinct,True,,
883835,Westminster,CO,2016,0.5646,Fekrazad-RLCR,precinct,True,,
883835,Westminster,CO,2020,0.6183,Fekrazad-RLCR,precinct,True,,
883835,Westminster,CO,2024,0.6182,Metcalf+NYT,precinct,True,,
908000,Bridgeport,CT,2004,0.7179,SOTS-town,exact,True,,
908000,Bridgeport,CT,2008,0.8393,rebuilt-HEDA-town,exact,True,,
908000,Bridgeport,CT,2012,0.8615,HEDA-town,exact,True,,
908000,Bridgeport,CT,2016,0.8301,Fekrazad-RLCR,precinct,True,,
908000,Bridgeport,CT,2020,0.8021,Fekrazad-RLCR,precinct,True,,
908000,Bridgeport,CT,2024,0.7355,Metcalf+NYT,precinct,True,,
908420,Bristol,CT,2004,0.5722,SOTS-town,exact,True,,
908420,Bristol,CT,2008,0.6101,rebuilt-HEDA-town,exact,True,,
908420,Bristol,CT,2012,0.5858,HEDA-town,exact,True,,
908420,Bristol,CT,2016,0.495,Fekrazad-RLCR,precinct,True,,
908420,Bristol,CT,2020,0.5278,Fekrazad-RLCR,precinct,True,,
908420,Bristol,CT,2024,0.4984,Metcalf+NYT,precinct,True,,
918430,Danbury,CT,2004,0.5208,SOTS-town,exact,True,,
918430,Danbury,CT,2008,0.599,rebuilt-HEDA-town,exact,True,,
918430,Danbury,CT,2012,0.5908,HEDA-town,exact,True,,
918430,Danbury,CT,2016,0.5804,Fekrazad-RLCR,precinct,True,,
918430,Danbury,CT,2020,0.596,Fekrazad-RLCR,precinct,True,,
918430,Danbury,CT,2024,0.5387,Metcalf+NYT,precinct,True,,
937000,Hartford,CT,2004,0.8301,SOTS-town,exact,True,,
937000,Hartford,CT,2008,0.922,rebuilt-HEDA-town,exact,True,,
937000,Hartford,CT,2012,0.9369,HEDA-town,exact,True,,
937000,Hartford,CT,2016,0.9231,Fekrazad-RLCR,precinct,True,,
937000,Hartford,CT,2020,0.873,Fekrazad-RLCR,precinct,True,,
937000,Hartford,CT,2024,0.8274,Metcalf+NYT,precinct,True,,
946450,Meriden,CT,2004,0.6018,SOTS-town,exact,True,,
946450,Meriden,CT,2008,0.6837,rebuilt-HEDA-town,exact,True,,
946450,Meriden,CT,2012,0.6839,HEDA-town,exact,True,,
946450,Meriden,CT,2016,0.5914,Fekrazad-RLCR,precinct,True,,
946450,Meriden,CT,2020,0.5997,Fekrazad-RLCR,precinct,True,,
946450,Meriden,CT,2024,0.5681,Metcalf+NYT,precinct,True,,
950370,New Britain,CT,2004,0.6828,SOTS-town,exact,True,,
950370,New Britain,CT,2008,0.7547,rebuilt-HEDA-town,exact,True,,
950370,New Britain,CT,2012,0.7704,HEDA-town,exact,True,,
950370,New Britain,CT,2016,0.7186,Fekrazad-RLCR,precinct,True,,
950370,New Britain,CT,2020,0.6744,Fekrazad-RLCR,precinct,True,,
950370,New Britain,CT,2024,0.6195,Metcalf+NYT,precinct,True,,
952000,New Haven,CT,2004,0.8119,SOTS-town,exact,True,,
952000,New Haven,CT,2008,0.8847,rebuilt-HEDA-town,exact,True,,
952000,New Haven,CT,2012,0.9,HEDA-town,exact,True,,
952000,New Haven,CT,2016,0.8883,Fekrazad-RLCR,precinct,True,,
952000,New Haven,CT,2020,0.8525,Fekrazad-RLCR,precinct,True,,
952000,New Haven,CT,2024,0.8223,Metcalf+NYT,precinct,True,,
955990,Norwalk,CT,2004,0.5921,SOTS-town,exact,True,,
955990,Norwalk,CT,2008,0.6594,rebuilt-HEDA-town,exact,True,,
955990,Norwalk,CT,2012,0.6365,HEDA-town,exact,True,,
955990,Norwalk,CT,2016,0.6646,Fekrazad-RLCR,precinct,True,,
955990,Norwalk,CT,2020,0.6882,Fekrazad-RLCR,precinct,True,,
955990,Norwalk,CT,2024,0.6452,Metcalf+NYT,precinct,True,,
973000,Stamford,CT,2004,0.5939,SOTS-town,exact,True,,
973000,Stamford,CT,2008,0.6444,rebuilt-HEDA-town,exact,True,,
973000,Stamford,CT,2012,0.629,HEDA-town,exact,True,,
973000,Stamford,CT,2016,0.6779,Fekrazad-RLCR,precinct,True,,
973000,Stamford,CT,2020,0.6891,Fekrazad-RLCR,precinct,True,,
973000,Stamford,CT,2024,0.6359,Metcalf+NYT,precinct,True,,
980000,Waterbury,CT,2004,0.5025,SOTS-town,exact,True,,
980000,Waterbury,CT,2008,0.638,rebuilt-HEDA-town,exact,True,,
980000,Waterbury,CT,2012,0.6546,HEDA-town,exact,True,,
980000,Waterbury,CT,2016,0.6073,Fekrazad-RLCR,precinct,True,,
980000,Waterbury,CT,2020,0.6037,Fekrazad-RLCR,precinct,True,,
980000,Waterbury,CT,2024,0.5544,Metcalf+NYT,precinct,True,,
982800,West Haven,CT,2004,0.6246,SOTS-town,exact,True,,
982800,West Haven,CT,2008,0.6694,rebuilt-HEDA-town,exact,True,,
982800,West Haven,CT,2012,0.7116,HEDA-town,exact,True,,
982800,West Haven,CT,2016,0.6167,Fekrazad-RLCR,precinct,True,,
982800,West Haven,CT,2020,0.6369,Fekrazad-RLCR,precinct,True,,
982800,West Haven,CT,2024,0.6076,Metcalf+NYT,precinct,True,,
1077580,Wilmington,DE,2004,0.8476,county-rescale-BG16-corr,estimated,False,3.15,
1077580,Wilmington,DE,2008,0.8853,rebuilt-EDA-precinct,precinct,True,,
1077580,Wilmington,DE,2012,0.8779,county-rescale-BG16-corr,estimated,False,1.74,
1077580,Wilmington,DE,2016,0.8772,Fekrazad-RLCR,precinct,True,,
1077580,Wilmington,DE,2020,0.8811,Fekrazad-RLCR,precinct,True,,
1077580,Wilmington,DE,2024,0.8626,Metcalf+NYT,precinct,True,,
1150000,Washington,DC,2004,0.9052,county-direct,exact,True,,
1150000,Washington,DC,2008,0.934,rebuilt-HEDA-locality,exact,True,,
1150000,Washington,DC,2012,0.9259,county-direct,exact,True,,
1150000,Washington,DC,2016,0.957,Fekrazad-RLCR,precinct,True,,
1150000,Washington,DC,2020,0.9447,Fekrazad-RLCR,precinct,True,,
1150000,Washington,DC,2024,0.9331,Metcalf+NYT,precinct,True,,
1207300,Boca Raton,FL,2004,0.5149,county-rescale-BG16-corr,estimated,False,3.15,
1207300,Boca Raton,FL,2008,0.5099,rebuilt-HEDA-precinct,precinct,True,,
1207300,Boca Raton,FL,2012,0.4627,precinct-UFL-2012,precinct,True,,
1207300,Boca Raton,FL,2016,0.4991,Fekrazad-RLCR,precinct,True,,
1207300,Boca Raton,FL,2020,0.498,Fekrazad-RLCR,precinct,True,,
1207300,Boca Raton,FL,2024,0.4371,Metcalf+NYT,precinct,True,,
1207875,Boynton Beach,FL,2004,0.6664,county-rescale-BG16-corr,estimated,False,3.15,
1207875,Boynton Beach,FL,2008,0.6698,rebuilt-HEDA-precinct,precinct,True,,
1207875,Boynton Beach,FL,2012,0.6642,precinct-UFL-2012,precinct,True,,
1207875,Boynton Beach,FL,2016,0.6443,Fekrazad-RLCR,precinct,True,,
1207875,Boynton Beach,FL,2020,0.6348,Fekrazad-RLCR,precinct,True,,
1207875,Boynton Beach,FL,2024,0.5771,Metcalf+NYT,precinct,True,,
1207950,Bradenton,FL,2004,0.4805,county-rescale-BG16-corr,estimated,False,3.15,
1207950,Bradenton,FL,2008,0.5116,rebuilt-HEDA-precinct,precinct,True,,
1207950,Bradenton,FL,2012,0.5021,precinct-UFL-2012,precinct,True,,
1207950,Bradenton,FL,2016,0.4659,Fekrazad-RLCR,precinct,True,,
1207950,Bradenton,FL,2020,0.4713,Fekrazad-RLCR,precinct,True,,
1207950,Bradenton,FL,2024,0.4353,Metcalf+NYT,precinct,True,,
1210275,Cape Coral,FL,2004,0.3886,county-rescale-BG16-corr,estimated,False,3.15,
1210275,Cape Coral,FL,2008,0.4557,rebuilt-HEDA-precinct,precinct,True,,
1210275,Cape Coral,FL,2012,0.4199,precinct-UFL-2012,precinct,True,,
1210275,Cape Coral,FL,2016,0.3744,Fekrazad-RLCR,precinct,True,,
1210275,Cape Coral,FL,2020,0.3728,Fekrazad-RLCR,precinct,True,,
1210275,Cape Coral,FL,2024,0.3141,Metcalf+NYT,precinct,True,,
1212875,Clearwater,FL,2004,0.492,county-rescale-BG16-corr,estimated,False,3.15,
1212875,Clearwater,FL,2008,0.545,rebuilt-HEDA-precinct,precinct,True,,
1212875,Clearwater,FL,2012,0.5157,precinct-UFL-2012,precinct,True,,
1212875,Clearwater,FL,2016,0.4755,Fekrazad-RLCR,precinct,True,,
1212875,Clearwater,FL,2020,0.4822,Fekrazad-RLCR,precinct,True,,
1212875,Clearwater,FL,2024,0.4404,Metcalf+NYT,precinct,True,,
1214400,Coral Springs,FL,2004,0.6,county-rescale-BG16-corr,estimated,False,3.15,
1214400,Coral Springs,FL,2008,0.6261,rebuilt-HEDA-precinct,precinct,True,,
1214400,Coral Springs,FL,2012,0.6161,precinct-UFL-2012,precinct,True,,
1214400,Coral Springs,FL,2016,0.6317,Fekrazad-RLCR,precinct,True,,
1214400,Coral Springs,FL,2020,0.6289,Fekrazad-RLCR,precinct,True,,
1214400,Coral Springs,FL,2024,0.5656,Metcalf+NYT,precinct,True,,
1216475,Davie,FL,2004,0.5483,county-rescale-BG16-corr,estimated,False,3.15,
1216475,Davie,FL,2008,0.5779,rebuilt-HEDA-precinct,precinct,True,,
1216475,Davie,FL,2012,0.5676,precinct-UFL-2012,precinct,True,,
1216475,Davie,FL,2016,0.5789,Fekrazad-RLCR,precinct,True,,
1216475,Davie,FL,2020,0.5545,Fekrazad-RLCR,precinct,True,,
1216475,Davie,FL,2024,0.4849,Metcalf+NYT,precinct,True,,
1216525,Daytona Beach,FL,2004,0.67,county-rescale-BG16-corr,estimated,False,3.15,
1216525,Daytona Beach,FL,2008,0.6975,rebuilt-HEDA-precinct,precinct,True,,
1216525,Daytona Beach,FL,2012,0.6833,precinct-UFL-2012,precinct,True,,
1216525,Daytona Beach,FL,2016,0.5904,Fekrazad-RLCR,precinct,True,,
1216525,Daytona Beach,FL,2020,0.5607,Fekrazad-RLCR,precinct,True,,
1216525,Daytona Beach,FL,2024,0.5063,Metcalf+NYT,precinct,True,,
1216725,Deerfield Beach,FL,2004,0.6136,county-rescale-BG16-corr,estimated,False,3.15,
1216725,Deerfield Beach,FL,2008,0.6588,rebuilt-HEDA-precinct,precinct,True,,
1216725,Deerfield Beach,FL,2012,0.6535,precinct-UFL-2012,precinct,True,,
1216725,Deerfield Beach,FL,2016,0.6264,Fekrazad-RLCR,precinct,True,,
1216725,Deerfield Beach,FL,2020,0.603,Fekrazad-RLCR,precinct,True,,
1216725,Deerfield Beach,FL,2024,0.5328,Metcalf+NYT,precinct,True,,
1217100,Delray Beach,FL,2004,0.6545,county-rescale-BG16-corr,estimated,False,3.15,
1217100,Delray Beach,FL,2008,0.6578,rebuilt-HEDA-precinct,precinct,True,,
1217100,Delray Beach,FL,2012,0.6312,precinct-UFL-2012,precinct,True,,
1217100,Delray Beach,FL,2016,0.632,Fekrazad-RLCR,precinct,True,,
1217100,Delray Beach,FL,2020,0.6198,Fekrazad-RLCR,precinct,True,,
1217100,Delray Beach,FL,2024,0.5522,Metcalf+NYT,precinct,True,,
1217200,Deltona,FL,2004,0.5816,county-rescale-BG16-corr,estimated,False,3.15,
1217200,Deltona,FL,2008,0.5917,rebuilt-HEDA-precinct,precinct,True,,
1217200,Deltona,FL,2012,0.5795,precinct-UFL-2012,precinct,True,,
1217200,Deltona,FL,2016,0.5167,Fekrazad-RLCR,precinct,True,,
1217200,Deltona,FL,2020,0.5072,Fekrazad-RLCR,precinct,True,,
1217200,Deltona,FL,2024,0.4532,Metcalf+NYT,precinct,True,,
1224000,Fort Lauderdale,FL,2004,0.6354,county-rescale-BG16-corr,estimated,False,3.15,
1224000,Fort Lauderdale,FL,2008,0.6728,rebuilt-HEDA-precinct,precinct,True,,
1224000,Fort Lauderdale,FL,2012,0.6481,precinct-UFL-2012,precinct,True,,
1224000,Fort Lauderdale,FL,2016,0.6543,Fekrazad-RLCR,precinct,True,,
1224000,Fort Lauderdale,FL,2020,0.6423,Fekrazad-RLCR,precinct,True,,
1224000,Fort Lauderdale,FL,2024,0.5831,Metcalf+NYT,precinct,True,,
1225175,Gainesville,FL,2004,0.6818,county-rescale-BG16-corr,estimated,False,3.15,
1225175,Gainesville,FL,2008,0.7078,rebuilt-HEDA-precinct,precinct,True,,
1225175,Gainesville,FL,2012,0.697,precinct-UFL-2012,precinct,True,,
1225175,Gainesville,FL,2016,0.7351,Fekrazad-RLCR,precinct,True,,
1225175,Gainesville,FL,2020,0.7565,Fekrazad-RLCR,precinct,True,,
1225175,Gainesville,FL,2024,0.7237,Metcalf+NYT,precinct,True,,
1230000,Hialeah,FL,2004,0.3441,county-rescale-BG16-corr,estimated,False,3.15,
1230000,Hialeah,FL,2008,0.3596,rebuilt-HEDA-precinct,precinct,True,,
1230000,Hialeah,FL,2012,0.454,precinct-UFL-2012,precinct,True,,
1230000,Hialeah,FL,2016,0.4988,Fekrazad-RLCR,precinct,True,,
1230000,Hialeah,FL,2020,0.3298,Fekrazad-RLCR,precinct,True,,
1230000,Hialeah,FL,2024,0.2341,Metcalf+NYT,precinct,True,,
1232000,Hollywood,FL,2004,0.6392,county-rescale-BG16-corr,estimated,False,3.15,
1232000,Hollywood,FL,2008,0.6704,rebuilt-HEDA-precinct,precinct,True,,
1232000,Hollywood,FL,2012,0.6719,precinct-UFL-2012,precinct,True,,
1232000,Hollywood,FL,2016,0.6639,Fekrazad-RLCR,precinct,True,,
1232000,Hollywood,FL,2020,0.6167,Fekrazad-RLCR,precinct,True,,
1232000,Hollywood,FL,2024,0.528,Metcalf+NYT,precinct,True,,
1235000,Jacksonville,FL,2004,0.4256,county-rescale-BG16-corr,estimated,False,3.15,
1235000,Jacksonville,FL,2008,0.4971,rebuilt-HEDA-precinct,precinct,True,,
1235000,Jacksonville,FL,2012,0.4906,precinct-UFL-2012,precinct,True,,
1235000,Jacksonville,FL,2016,0.5004,Fekrazad-RLCR,precinct,True,,
1235000,Jacksonville,FL,2020,0.526,Fekrazad-RLCR,precinct,True,,
1235000,Jacksonville,FL,2024,0.4989,Metcalf+NYT,precinct,True,,
1235875,Jupiter,FL,2004,0.4646,county-rescale-BG16-corr,estimated,False,3.15,
1235875,Jupiter,FL,2008,0.4833,rebuilt-HEDA-precinct,precinct,True,,
1235875,Jupiter,FL,2012,0.4266,precinct-UFL-2012,precinct,True,,
1235875,Jupiter,FL,2016,0.4256,Fekrazad-RLCR,precinct,True,,
1235875,Jupiter,FL,2020,0.4344,Fekrazad-RLCR,precinct,True,,
1235875,Jupiter,FL,2024,0.393,Metcalf+NYT,precinct,True,,
1236950,Kissimmee,FL,2004,0.5866,county-rescale-BG16-corr,estimated,False,3.15,
1236950,Kissimmee,FL,2008,0.6766,rebuilt-HEDA-precinct,precinct,True,,
1236950,Kissimmee,FL,2012,0.7356,precinct-UFL-2012,precinct,True,,
1236950,Kissimmee,FL,2016,0.7475,Fekrazad-RLCR,precinct,True,,
1236950,Kissimmee,FL,2020,0.6374,Fekrazad-RLCR,precinct,True,,
1236950,Kissimmee,FL,2024,0.5376,Metcalf+NYT,precinct,True,,
1238250,Lakeland,FL,2004,0.4427,county-rescale-BG16-corr,estimated,False,3.15,
1238250,Lakeland,FL,2008,0.4977,rebuilt-HEDA-precinct,precinct,True,,
1238250,Lakeland,FL,2012,0.496,precinct-UFL-2012,precinct,True,,
1238250,Lakeland,FL,2016,0.4642,Fekrazad-RLCR,precinct,True,,
1238250,Lakeland,FL,2020,0.4643,Fekrazad-RLCR,precinct,True,,
1238250,Lakeland,FL,2024,0.437,Metcalf+NYT,precinct,True,,
1239425,Largo,FL,2004,0.4893,county-rescale-BG16-corr,estimated,False,3.15,
1239425,Largo,FL,2008,0.5455,rebuilt-HEDA-precinct,precinct,True,,
1239425,Largo,FL,2012,0.5354,precinct-UFL-2012,precinct,True,,
1239425,Largo,FL,2016,0.4696,Fekrazad-RLCR,precinct,True,,
1239425,Largo,FL,2020,0.4733,Fekrazad-RLCR,precinct,True,,
1239425,Largo,FL,2024,0.4427,Metcalf+NYT,precinct,True,,
1239550,Lauderhill,FL,2004,0.9016,county-rescale-BG16-corr,estimated,False,3.15,
1239550,Lauderhill,FL,2008,0.9128,rebuilt-HEDA-precinct,precinct,True,,
1239550,Lauderhill,FL,2012,0.9204,precinct-UFL-2012,precinct,True,,
1239550,Lauderhill,FL,2016,0.9115,Fekrazad-RLCR,precinct,True,,
1239550,Lauderhill,FL,2020,0.8898,Fekrazad-RLCR,precinct,True,,
1239550,Lauderhill,FL,2024,0.8449,Metcalf+NYT,precinct,True,,
1243975,Melbourne,FL,2004,0.4352,county-rescale-BG16-corr,estimated,False,3.15,
1243975,Melbourne,FL,2008,0.4506,rebuilt-HEDA-precinct,precinct,True,,
1243975,Melbourne,FL,2012,0.4681,precinct-UFL-2012,precinct,True,,
1243975,Melbourne,FL,2016,0.4265,Fekrazad-RLCR,precinct,True,,
1243975,Melbourne,FL,2020,0.451,Fekrazad-RLCR,precinct,True,,
1243975,Melbourne,FL,2024,0.4244,Metcalf+NYT,precinct,True,,
1245000,Miami,FL,2004,0.5769,county-rescale-BG16-corr,estimated,False,3.15,
1245000,Miami,FL,2008,0.6082,rebuilt-HEDA-precinct,precinct,True,,
1245000,Miami,FL,2012,0.665,precinct-UFL-2012,precinct,True,,
1245000,Miami,FL,2016,0.7058,Fekrazad-RLCR,precinct,True,,
1245000,Miami,FL,2020,0.597,Fekrazad-RLCR,precinct,True,,
1245000,Miami,FL,2024,0.5037,Metcalf+NYT,precinct,True,,
1245025,Miami Beach,FL,2004,0.5796,county-rescale-BG16-corr,estimated,False,3.15,
1245025,Miami Beach,FL,2008,0.6397,rebuilt-HEDA-precinct,precinct,True,,
1245025,Miami Beach,FL,2012,0.6358,precinct-UFL-2012,precinct,True,,
1245025,Miami Beach,FL,2016,0.6839,Fekrazad-RLCR,precinct,True,,
1245025,Miami Beach,FL,2020,0.5975,Fekrazad-RLCR,precinct,True,,
1245025,Miami Beach,FL,2024,0.5259,Metcalf+NYT,precinct,True,,
1245975,Miramar,FL,2004,0.7743,county-rescale-BG16-corr,estimated,False,3.15,
1245975,Miramar,FL,2008,0.7775,rebuilt-HEDA-precinct,precinct,True,,
1245975,Miramar,FL,2012,0.8027,precinct-UFL-2012,precinct,True,,
1245975,Miramar,FL,2016,0.8104,Fekrazad-RLCR,precinct,True,,
1245975,Miramar,FL,2020,0.7488,Fekrazad-RLCR,precinct,True,,
1245975,Miramar,FL,2024,0.6702,Metcalf+NYT,precinct,True,,
1249450,North Miami,FL,2004,0.8,county-rescale-BG16-corr,estimated,False,3.15,
1249450,North Miami,FL,2008,0.8486,rebuilt-HEDA-precinct,precinct,True,,
1249450,North Miami,FL,2012,0.8671,precinct-UFL-2012,precinct,True,,
1249450,North Miami,FL,2016,0.8564,Fekrazad-RLCR,precinct,True,,
1249450,North Miami,FL,2020,0.796,Fekrazad-RLCR,precinct,True,,
1249450,North Miami,FL,2024,0.7118,Metcalf+NYT,precinct,True,,
1250750,Ocala,FL,2004,0.4689,county-rescale-BG16-corr,estimated,False,3.15,
1250750,Ocala,FL,2008,0.4844,rebuilt-HEDA-precinct,precinct,True,,
1250750,Ocala,FL,2012,0.4745,precinct-UFL-2012,precinct,True,,
1250750,Ocala,FL,2016,0.4319,Fekrazad-RLCR,precinct,True,,
1250750,Ocala,FL,2020,0.4344,Fekrazad-RLCR,precinct,True,,
1250750,Ocala,FL,2024,0.3934,Metcalf+NYT,precinct,True,,
1253000,Orlando,FL,2004,0.576,county-rescale-BG16-corr,estimated,False,3.15,
1253000,Orlando,FL,2008,0.6588,rebuilt-HEDA-precinct,precinct,True,,
1253000,Orlando,FL,2012,0.6622,precinct-UFL-2012,precinct,True,,
1253000,Orlando,FL,2016,0.6999,Fekrazad-RLCR,precinct,True,,
1253000,Orlando,FL,2020,0.682,Fekrazad-RLCR,precinct,True,,
1253000,Orlando,FL,2024,0.6345,Metcalf+NYT,precinct,True,,
1254000,Palm Bay,FL,2004,0.4787,county-rescale-BG16-corr,estimated,False,3.15,
1254000,Palm Bay,FL,2008,0.4901,rebuilt-HEDA-precinct,precinct,True,,
1254000,Palm Bay,FL,2012,0.5406,precinct-UFL-2012,precinct,True,,
1254000,Palm Bay,FL,2016,0.474,Fekrazad-RLCR,precinct,True,,
1254000,Palm Bay,FL,2020,0.4825,Fekrazad-RLCR,precinct,True,,
1254000,Palm Bay,FL,2024,0.4543,Metcalf+NYT,precinct,True,,
1255775,Pembroke Pines,FL,2004,0.6318,county-rescale-BG16-corr,estimated,False,3.15,
1255775,Pembroke Pines,FL,2008,0.6441,rebuilt-HEDA-precinct,precinct,True,,
1255775,Pembroke Pines,FL,2012,0.6604,precinct-UFL-2012,precinct,True,,
1255775,Pembroke Pines,FL,2016,0.6745,Fekrazad-RLCR,precinct,True,,
1255775,Pembroke Pines,FL,2020,0.6216,Fekrazad-RLCR,precinct,True,,
1255775,Pembroke Pines,FL,2024,0.5539,Metcalf+NYT,precinct,True,,
1255925,Pensacola,FL,2004,0.4237,county-rescale-BG16-corr,estimated,False,3.15,
1255925,Pensacola,FL,2008,0.4751,rebuilt-HEDA-precinct,precinct,True,,
1255925,Pensacola,FL,2012,0.4692,precinct-UFL-2012,precinct,True,,
1255925,Pensacola,FL,2016,0.494,Fekrazad-RLCR,precinct,True,,
1255925,Pensacola,FL,2020,0.5258,Fekrazad-RLCR,precinct,True,,
1255925,Pensacola,FL,2024,0.5108,Metcalf+NYT,precinct,True,,
1256975,Pinellas Park,FL,2004,0.4808,county-rescale-BG16-corr,estimated,False,3.15,
1256975,Pinellas Park,FL,2008,0.5296,rebuilt-HEDA-precinct,precinct,True,,
1256975,Pinellas Park,FL,2012,0.5354,precinct-UFL-2012,precinct,True,,
1256975,Pinellas Park,FL,2016,0.4686,Fekrazad-RLCR,precinct,True,,
1256975,Pinellas Park,FL,2020,0.4573,Fekrazad-RLCR,precinct,True,,
1256975,Pinellas Park,FL,2024,0.4375,Metcalf+NYT,precinct,True,,
1257425,Plantation,FL,2004,0.6096,county-rescale-BG16-corr,estimated,False,3.15,
1257425,Plantation,FL,2008,0.6284,rebuilt-HEDA-precinct,precinct,True,,
1257425,Plantation,FL,2012,0.6271,precinct-UFL-2012,precinct,True,,
1257425,Plantation,FL,2016,0.6476,Fekrazad-RLCR,precinct,True,,
1257425,Plantation,FL,2020,0.6382,Fekrazad-RLCR,precinct,True,,
1257425,Plantation,FL,2024,0.5685,Metcalf+NYT,precinct,True,,
1258050,Pompano Beach,FL,2004,0.599,county-rescale-BG16-corr,estimated,False,3.15,
1258050,Pompano Beach,FL,2008,0.6416,rebuilt-HEDA-precinct,precinct,True,,
1258050,Pompano Beach,FL,2012,0.6329,precinct-UFL-2012,precinct,True,,
1258050,Pompano Beach,FL,2016,0.6151,Fekrazad-RLCR,precinct,True,,
1258050,Pompano Beach,FL,2020,0.6003,Fekrazad-RLCR,precinct,True,,
1258050,Pompano Beach,FL,2024,0.5473,Metcalf+NYT,precinct,True,,
1258715,Port St. Lucie,FL,2004,0.5308,county-rescale-BG16-corr,estimated,False,3.15,
1258715,Port St. Lucie,FL,2008,0.5771,rebuilt-HEDA-precinct,precinct,True,,
1258715,Port St. Lucie,FL,2012,0.5552,precinct-UFL-2012,precinct,True,,
1258715,Port St. Lucie,FL,2016,0.4904,Fekrazad-RLCR,precinct,True,,
1258715,Port St. Lucie,FL,2020,0.5,Fekrazad-RLCR,precinct,True,,
1258715,Port St. Lucie,FL,2024,0.4664,Metcalf+NYT,precinct,True,,
1263000,St. Petersburg,FL,2004,0.6193,county-rescale-BG16-corr,estimated,False,3.15,
1263000,St. Petersburg,FL,2008,0.644,rebuilt-HEDA-precinct,precinct,True,,
1263000,St. Petersburg,FL,2012,0.6446,precinct-UFL-2012,precinct,True,,
1263000,St. Petersburg,FL,2016,0.6276,Fekrazad-RLCR,precinct,True,,
1263000,St. Petersburg,FL,2020,0.6302,Fekrazad-RLCR,precinct,True,,
1263000,St. Petersburg,FL,2024,0.6024,Metcalf+NYT,precinct,True,,
1269700,Sunrise,FL,2004,0.7232,county-rescale-BG16-corr,estimated,False,3.15,
1269700,Sunrise,FL,2008,0.7474,rebuilt-HEDA-precinct,precinct,True,,
1269700,Sunrise,FL,2012,0.7596,precinct-UFL-2012,precinct,True,,
1269700,Sunrise,FL,2016,0.7469,Fekrazad-RLCR,precinct,True,,
1269700,Sunrise,FL,2020,0.7023,Fekrazad-RLCR,precinct,True,,
1269700,Sunrise,FL,2024,0.6342,Metcalf+NYT,precinct,True,,
1270600,Tallahassee,FL,2004,0.689,county-rescale-BG16-corr,estimated,False,3.15,
1270600,Tallahassee,FL,2008,0.6861,rebuilt-HEDA-precinct,precinct,True,,
1270600,Tallahassee,FL,2012,0.6858,precinct-UFL-2012,precinct,True,,
1270600,Tallahassee,FL,2016,0.7055,Fekrazad-RLCR,precinct,True,,
1270600,Tallahassee,FL,2020,0.7135,Fekrazad-RLCR,precinct,True,,
1270600,Tallahassee,FL,2024,0.6772,Metcalf+NYT,precinct,True,,
1270675,Tamarac,FL,2004,0.7019,county-rescale-BG16-corr,estimated,False,3.15,
1270675,Tamarac,FL,2008,0.7241,rebuilt-HEDA-precinct,precinct,True,,
1270675,Tamarac,FL,2012,0.7302,precinct-UFL-2012,precinct,True,,
1270675,Tamarac,FL,2016,0.7293,Fekrazad-RLCR,precinct,True,,
1270675,Tamarac,FL,2020,0.7166,Fekrazad-RLCR,precinct,True,,
1270675,Tamarac,FL,2024,0.6754,Metcalf+NYT,precinct,True,,
1271000,Tampa,FL,2004,0.5777,precinct-FL-2004,precinct,True,,
1271000,Tampa,FL,2008,0.637,rebuilt-HEDA-precinct,precinct,True,,
1271000,Tampa,FL,2012,0.6299,precinct-UFL-2012,precinct,True,,
1271000,Tampa,FL,2016,0.64,Fekrazad-RLCR,precinct,True,,
1271000,Tampa,FL,2020,0.6238,Fekrazad-RLCR,precinct,True,,
1271000,Tampa,FL,2024,0.5598,Metcalf+NYT,precinct,True,,
1276600,West Palm Beach,FL,2004,0.7073,county-rescale-BG16-corr,estimated,False,3.15,
1276600,West Palm Beach,FL,2008,0.7078,rebuilt-HEDA-precinct,precinct,True,,
1276600,West Palm Beach,FL,2012,0.6897,precinct-UFL-2012,precinct,True,,
1276600,West Palm Beach,FL,2016,0.6893,Fekrazad-RLCR,precinct,True,,
1276600,West Palm Beach,FL,2020,0.6714,Fekrazad-RLCR,precinct,True,,
1276600,West Palm Beach,FL,2024,0.593,Metcalf+NYT,precinct,True,,
1301052,Albany,GA,2004,0.634,county-rescale-BG16-corr,estimated,False,3.15,
1301052,Albany,GA,2008,0.7253,rebuilt-EDA-rescaled,precinct,True,,
1301052,Albany,GA,2012,0.7368,precinct-2012,precinct,True,,
1301052,Albany,GA,2016,0.7237,Fekrazad-RLCR,precinct,True,,
1301052,Albany,GA,2020,0.7344,Fekrazad-RLCR,precinct,True,,
1301052,Albany,GA,2024,0.7491,Metcalf+NYT,precinct,True,,
1301696,Alpharetta,GA,2004,0.3348,county-rescale-BG16-corr,estimated,False,3.15,
1301696,Alpharetta,GA,2008,0.4045,rebuilt-EDA-rescaled,precinct,True,,
1301696,Alpharetta,GA,2012,0.3427,precinct-2012,precinct,True,,
1301696,Alpharetta,GA,2016,0.4735,Fekrazad-RLCR,precinct,True,,
1301696,Alpharetta,GA,2020,0.5286,Fekrazad-RLCR,precinct,True,,
1301696,Alpharetta,GA,2024,0.5114,Metcalf+NYT,precinct,True,,
1303440,Clarke,GA,2004,0.5911,county-rescale-BG16-corr,estimated,False,3.15,
1303440,Clarke,GA,2008,0.6585,rebuilt-EDA-rescaled,precinct,True,,
1303440,Clarke,GA,2012,0.6485,precinct-2012,precinct,True,,
1303440,Clarke,GA,2016,0.7003,Fekrazad-RLCR,precinct,True,,
1303440,Clarke,GA,2020,0.715,Fekrazad-RLCR,precinct,True,,
1303440,Clarke,GA,2024,0.6933,Metcalf+NYT,precinct,True,,
1304000,Atlanta,GA,2004,0.7524,county-rescale-BG16-corr,estimated,False,3.15,
1304000,Atlanta,GA,2008,0.8118,rebuilt-EDA-rescaled,precinct,True,,
1304000,Atlanta,GA,2012,0.7797,precinct-2012,precinct,True,,
1304000,Atlanta,GA,2016,0.8362,Fekrazad-RLCR,precinct,True,,
1304000,Atlanta,GA,2020,0.8359,Fekrazad-RLCR,precinct,True,,
1304000,Atlanta,GA,2024,0.8323,Metcalf+NYT,precinct,True,,
1304204,Richmond,GA,2004,0.5714,county-rescale-BG16-corr,estimated,False,3.15,
1304204,Richmond,GA,2008,0.66,rebuilt-EDA-rescaled,precinct,True,,
1304204,Richmond,GA,2012,0.6761,precinct-2012,precinct,True,,
1304204,Richmond,GA,2016,0.6706,Fekrazad-RLCR,precinct,True,,
1304204,Richmond,GA,2020,0.6934,Fekrazad-RLCR,precinct,True,,
1304204,Richmond,GA,2024,0.6816,Metcalf+NYT,precinct,True,,
1319000,Columbus,GA,2004,0.5158,county-rescale-BG16-corr,estimated,False,3.15,
1319000,Columbus,GA,2008,0.5989,rebuilt-EDA-rescaled,precinct,True,,
1319000,Columbus,GA,2012,0.6075,county-rescale-BG16-corr,estimated,False,1.74,
1319000,Columbus,GA,2016,0.5963,Fekrazad-RLCR,precinct,True,,
1319000,Columbus,GA,2020,0.6224,Fekrazad-RLCR,precinct,True,,
1319000,Columbus,GA,2024,0.6174,Metcalf+NYT,precinct,True,,
1349756,Marietta,GA,2004,0.469,county-rescale-BG16-corr,estimated,False,3.15,
1349756,Marietta,GA,2008,0.5714,rebuilt-EDA-rescaled,precinct,True,,
1349756,Marietta,GA,2012,0.524,precinct-2012,precinct,True,,
1349756,Marietta,GA,2016,0.5849,Fekrazad-RLCR,precinct,True,,
1349756,Marietta,GA,2020,0.6211,Fekrazad-RLCR,precinct,True,,
1349756,Marietta,GA,2024,0.5947,Metcalf+NYT,precinct,True,,
1367284,Roswell,GA,2004,0.3336,county-rescale-BG16-corr,estimated,False,3.15,
1367284,Roswell,GA,2008,0.4168,rebuilt-EDA-rescaled,precinct,True,,
1367284,Roswell,GA,2012,0.3519,precinct-2012,precinct,True,,
1367284,Roswell,GA,2016,0.4554,Fekrazad-RLCR,precinct,True,,
1367284,Roswell,GA,2020,0.5269,Fekrazad-RLCR,precinct,True,,
1367284,Roswell,GA,2024,0.5154,Metcalf+NYT,precinct,True,,
1369000,Savannah,GA,2004,0.6727,county-rescale-BG16-corr,estimated,False,3.15,
1369000,Savannah,GA,2008,0.7342,rebuilt-EDA-rescaled,precinct,True,,
1369000,Savannah,GA,2012,0.7253,precinct-2012,precinct,True,,
1369000,Savannah,GA,2016,0.7354,Fekrazad-RLCR,precinct,True,,
1369000,Savannah,GA,2020,0.7398,Fekrazad-RLCR,precinct,True,,
1369000,Savannah,GA,2024,0.7205,Metcalf+NYT,precinct,True,,
1371492,Smyrna,GA,2004,0.4908,county-rescale-BG16-corr,estimated,False,3.15,
1371492,Smyrna,GA,2008,0.5569,rebuilt-EDA-rescaled,precinct,True,,
1371492,Smyrna,GA,2012,0.5437,precinct-2012,precinct,True,,
1371492,Smyrna,GA,2016,0.6397,Fekrazad-RLCR,precinct,True,,
1371492,Smyrna,GA,2020,0.6875,Fekrazad-RLCR,precinct,True,,
1371492,Smyrna,GA,2024,0.6821,Metcalf+NYT,precinct,True,,
1517000,Honolulu,HI,2004,0.5664,district-areal-2004,district,True,,
1517000,Honolulu,HI,2008,0.7084,rebuilt-EDA-precinct,precinct,True,,
1517000,Honolulu,HI,2012,0.7346,precinct-2012,precinct,True,,
1517000,Honolulu,HI,2016,0.6605,VEST-areal,precinct,True,,
1517000,Honolulu,HI,2020,0.6368,VEST-areal,precinct,True,,
1517000,Honolulu,HI,2024,0.6103,Metcalf+NYT,precinct,True,,
1608830,Boise City,ID,2004,0.454,precinct-2004,precinct,True,,
1608830,Boise City,ID,2008,0.5501,rebuilt-EDA-precinct,precinct,True,,
1608830,Boise City,ID,2012,0.5416,county-rescale-BG16-corr,estimated,False,1.74,
1608830,Boise City,ID,2016,0.5648,Fekrazad-RLCR,precinct,True,,
1608830,Boise City,ID,2020,0.6098,Fekrazad-RLCR,precinct,True,,
1608830,Boise City,ID,2024,0.5938,Metcalf+NYT,precinct,True,,
1639700,Idaho Falls,ID,2004,0.2637,precinct-2004,precinct,True,,
1639700,Idaho Falls,ID,2008,0.3257,rebuilt-EDA-precinct,precinct,True,,
1639700,Idaho Falls,ID,2012,0.2874,county-rescale-BG16-corr,estimated,False,1.74,
1639700,Idaho Falls,ID,2016,0.3198,Fekrazad-RLCR,precinct,True,,
1639700,Idaho Falls,ID,2020,0.35,Fekrazad-RLCR,precinct,True,,
1639700,Idaho Falls,ID,2024,0.3412,Metcalf+NYT,precinct,True,,
1652120,Meridian,ID,2004,0.2481,precinct-2004,precinct,True,,
1652120,Meridian,ID,2008,0.3484,rebuilt-EDA-precinct,precinct,True,,
1652120,Meridian,ID,2012,0.3149,county-rescale-BG16-corr,estimated,False,1.74,
1652120,Meridian,ID,2016,0.3094,Fekrazad-RLCR,precinct,True,,
1652120,Meridian,ID,2020,0.3607,Fekrazad-RLCR,precinct,True,,
1652120,Meridian,ID,2024,0.345,Metcalf+NYT,precinct,True,,
1656260,Nampa,ID,2004,0.2549,precinct-2004,precinct,True,,
1656260,Nampa,ID,2008,0.346,rebuilt-EDA-precinct,precinct,True,,
1656260,Nampa,ID,2012,0.339,county-rescale-BG16-corr,estimated,False,1.74,
1656260,Nampa,ID,2016,0.2948,Fekrazad-RLCR,precinct,True,,
1656260,Nampa,ID,2020,0.3339,Fekrazad-RLCR,precinct,True,,
1656260,Nampa,ID,2024,0.3119,Metcalf+NYT,precinct,True,,
1664090,Pocatello,ID,2004,0.3949,precinct-2004,precinct,True,,
1664090,Pocatello,ID,2008,0.4307,rebuilt-EDA-precinct,precinct,True,,
1664090,Pocatello,ID,2012,0.4129,county-rescale-BG16-corr,estimated,False,1.74,
1664090,Pocatello,ID,2016,0.4327,Fekrazad-RLCR,precinct,True,,
1664090,Pocatello,ID,2020,0.4527,Fekrazad-RLCR,precinct,True,,
1664090,Pocatello,ID,2024,0.4304,Metcalf+NYT,precinct,True,,
1702154,Arlington Heights,IL,2004,0.4882,county-rescale-BG16-corr,estimated,False,3.15,
1702154,Arlington Heights,IL,2008,0.5555,rebuilt-EDA-precinct,precinct,True,,
1702154,Arlington Heights,IL,2012,0.543,county-rescale-BG16-corr,estimated,False,1.74,
1702154,Arlington Heights,IL,2016,0.5977,Fekrazad-RLCR,precinct,True,,
1702154,Arlington Heights,IL,2020,0.6137,Fekrazad-RLCR,precinct,True,,
1702154,Arlington Heights,IL,2024,0.6064,Metcalf+NYT,precinct,True,,
1703012,Aurora,IL,2004,0.583,county-rescale-BG16-corr,estimated,False,3.15,
1703012,Aurora,IL,2008,0.6686,rebuilt-EDA-precinct,precinct,True,,
1703012,Aurora,IL,2012,0.638,county-rescale-BG16-corr,estimated,False,1.74,
1703012,Aurora,IL,2016,0.701,Fekrazad-RLCR,precinct,True,,
1703012,Aurora,IL,2020,0.7025,Fekrazad-RLCR,precinct,True,,
1703012,Aurora,IL,2024,0.6579,Metcalf+NYT,precinct,True,,
1705573,Berwyn,IL,2004,0.7186,county-rescale-BG16-corr,estimated,False,3.15,
1705573,Berwyn,IL,2008,0.7564,rebuilt-EDA-precinct,precinct,True,,
1705573,Berwyn,IL,2012,0.7588,county-rescale-BG16-corr,estimated,False,1.74,
1705573,Berwyn,IL,2016,0.8067,Fekrazad-RLCR,precinct,True,,
1705573,Berwyn,IL,2020,0.7865,Fekrazad-RLCR,precinct,True,,
1705573,Berwyn,IL,2024,0.7132,Metcalf+NYT,precinct,True,,
1706613,Bloomington,IL,2004,0.464,county-rescale-BG16-corr,estimated,False,3.15,
1706613,Bloomington,IL,2008,0.5367,rebuilt-EDA-precinct,precinct,True,,
1706613,Bloomington,IL,2012,0.4886,county-rescale-BG16-corr,estimated,False,1.74,
1706613,Bloomington,IL,2016,0.5517,Fekrazad-RLCR,precinct,True,,
1706613,Bloomington,IL,2020,0.5824,Fekrazad-RLCR,precinct,True,,
1706613,Bloomington,IL,2024,0.5828,Metcalf+NYT,precinct,True,,
1707133,Bolingbrook,IL,2004,0.6357,county-rescale-BG16-corr,estimated,False,3.15,
1707133,Bolingbrook,IL,2008,0.6986,rebuilt-EDA-precinct,precinct,True,,
1707133,Bolingbrook,IL,2012,0.6846,county-rescale-BG16-corr,estimated,False,1.74,
1707133,Bolingbrook,IL,2016,0.7091,Fekrazad-RLCR,precinct,True,,
1707133,Bolingbrook,IL,2020,0.7139,Fekrazad-RLCR,precinct,True,,
1707133,Bolingbrook,IL,2024,0.6644,Metcalf+NYT,precinct,True,,
1712385,Champaign,IL,2004,0.6281,county-rescale-BG16-corr,estimated,False,3.15,
1712385,Champaign,IL,2008,0.6791,rebuilt-EDA-precinct,precinct,True,,
1712385,Champaign,IL,2012,0.6696,precinct-2012,precinct,True,,
1712385,Champaign,IL,2016,0.7254,Fekrazad-RLCR,precinct,True,,
1712385,Champaign,IL,2020,0.7508,Fekrazad-RLCR,precinct,True,,
1712385,Champaign,IL,2024,0.754,Metcalf+NYT,precinct,True,,
1714000,Chicago,IL,2004,0.8193,county-rescale-BG16-corr,estimated,False,3.15,
1714000,Chicago,IL,2008,0.8616,rebuilt-EDA-precinct,precinct,True,,
1714000,Chicago,IL,2012,0.8495,county-rescale-BG16-corr,estimated,False,1.74,
1714000,Chicago,IL,2016,0.8707,Fekrazad-RLCR,precinct,True,,
1714000,Chicago,IL,2020,0.8388,Fekrazad-RLCR,precinct,True,,
1714000,Chicago,IL,2024,0.7919,Metcalf+NYT,precinct,True,,
1714351,Cicero,IL,2004,0.7923,county-rescale-BG16-corr,estimated,False,3.15,
1714351,Cicero,IL,2008,0.799,rebuilt-EDA-precinct,precinct,True,,
1714351,Cicero,IL,2012,0.8216,county-rescale-BG16-corr,estimated,False,1.74,
1714351,Cicero,IL,2016,0.8762,Fekrazad-RLCR,precinct,True,,
1714351,Cicero,IL,2020,0.817,Fekrazad-RLCR,precinct,True,,
1714351,Cicero,IL,2024,0.6549,Metcalf+NYT,precinct,True,,
1718823,Decatur,IL,2004,0.5418,county-rescale-BG16-corr,estimated,False,3.15,
1718823,Decatur,IL,2008,0.5834,rebuilt-EDA-precinct,precinct,True,,
1718823,Decatur,IL,2012,0.5617,county-rescale-BG16-corr,estimated,False,1.74,
1718823,Decatur,IL,2016,0.5021,Fekrazad-RLCR,precinct,True,,
1718823,Decatur,IL,2020,0.507,Fekrazad-RLCR,precinct,True,,
1718823,Decatur,IL,2024,0.5102,Metcalf+NYT,precinct,True,,
1719642,Des Plaines,IL,2004,0.5349,county-rescale-BG16-corr,estimated,False,3.15,
1719642,Des Plaines,IL,2008,0.6224,rebuilt-EDA-precinct,precinct,True,,
1719642,Des Plaines,IL,2012,0.5893,county-rescale-BG16-corr,estimated,False,1.74,
1719642,Des Plaines,IL,2016,0.6221,Fekrazad-RLCR,precinct,True,,
1719642,Des Plaines,IL,2020,0.5969,Fekrazad-RLCR,precinct,True,,
1719642,Des Plaines,IL,2024,0.5487,Metcalf+NYT,precinct,True,,
1720591,Downers Grove,IL,2004,0.4544,county-rescale-BG16-corr,estimated,False,3.15,
1720591,Downers Grove,IL,2008,0.5539,rebuilt-EDA-precinct,precinct,True,,
1720591,Downers Grove,IL,2012,0.5047,precinct-2012,precinct,True,,
1720591,Downers Grove,IL,2016,0.5854,Fekrazad-RLCR,precinct,True,,
1720591,Downers Grove,IL,2020,0.6157,Fekrazad-RLCR,precinct,True,,
1720591,Downers Grove,IL,2024,0.6052,Metcalf+NYT,precinct,True,,
1723074,Elgin,IL,2004,0.5338,county-rescale-BG16-corr,estimated,False,3.15,
1723074,Elgin,IL,2008,0.6398,rebuilt-EDA-precinct,precinct,True,,
1723074,Elgin,IL,2012,0.5908,county-rescale-BG16-corr,estimated,False,1.74,
1723074,Elgin,IL,2016,0.6342,Fekrazad-RLCR,precinct,True,,
1723074,Elgin,IL,2020,0.6352,Fekrazad-RLCR,precinct,True,,
1723074,Elgin,IL,2024,0.5811,Metcalf+NYT,precinct,True,,
1724582,Evanston,IL,2004,0.8728,county-rescale-BG16-corr,estimated,False,3.15,
1724582,Evanston,IL,2008,0.8819,rebuilt-EDA-precinct,precinct,True,,
1724582,Evanston,IL,2012,0.8923,county-rescale-BG16-corr,estimated,False,1.74,
1724582,Evanston,IL,2016,0.9238,Fekrazad-RLCR,precinct,True,,
1724582,Evanston,IL,2020,0.9225,Fekrazad-RLCR,precinct,True,,
1724582,Evanston,IL,2024,0.9158,Metcalf+NYT,precinct,True,,
1735411,Hoffman Estates,IL,2004,0.5428,county-rescale-BG16-corr,estimated,False,3.15,
1735411,Hoffman Estates,IL,2008,0.6215,rebuilt-EDA-precinct,precinct,True,,
1735411,Hoffman Estates,IL,2012,0.5966,county-rescale-BG16-corr,estimated,False,1.74,
1735411,Hoffman Estates,IL,2016,0.6369,Fekrazad-RLCR,precinct,True,,
1735411,Hoffman Estates,IL,2020,0.6259,Fekrazad-RLCR,precinct,True,,
1735411,Hoffman Estates,IL,2024,0.5748,Metcalf+NYT,precinct,True,,
1738570,Joliet,IL,2004,0.5658,county-rescale-BG16-corr,estimated,False,3.15,
1738570,Joliet,IL,2008,0.6627,rebuilt-EDA-precinct,precinct,True,,
1738570,Joliet,IL,2012,0.6198,county-rescale-BG16-corr,estimated,False,1.74,
1738570,Joliet,IL,2016,0.6194,Fekrazad-RLCR,precinct,True,,
1738570,Joliet,IL,2020,0.6133,Fekrazad-RLCR,precinct,True,,
1738570,Joliet,IL,2024,0.5615,Metcalf+NYT,precinct,True,,
1751089,Mount Prospect,IL,2004,0.5108,county-rescale-BG16-corr,estimated,False,3.15,
1751089,Mount Prospect,IL,2008,0.5931,rebuilt-EDA-precinct,precinct,True,,
1751089,Mount Prospect,IL,2012,0.5655,county-rescale-BG16-corr,estimated,False,1.74,
1751089,Mount Prospect,IL,2016,0.6048,Fekrazad-RLCR,precinct,True,,
1751089,Mount Prospect,IL,2020,0.5955,Fekrazad-RLCR,precinct,True,,
1751089,Mount Prospect,IL,2024,0.5674,Metcalf+NYT,precinct,True,,
1751622,Naperville,IL,2004,0.468,county-rescale-BG16-corr,estimated,False,3.15,
1751622,Naperville,IL,2008,0.5453,rebuilt-EDA-precinct,precinct,True,,
1751622,Naperville,IL,2012,0.5237,county-rescale-BG16-corr,estimated,False,1.74,
1751622,Naperville,IL,2016,0.5972,Fekrazad-RLCR,precinct,True,,
1751622,Naperville,IL,2020,0.6301,Fekrazad-RLCR,precinct,True,,
1751622,Naperville,IL,2024,0.6208,Metcalf+NYT,precinct,True,,
1754820,Oak Lawn,IL,2004,0.4754,county-rescale-BG16-corr,estimated,False,3.15,
1754820,Oak Lawn,IL,2008,0.5599,rebuilt-EDA-precinct,precinct,True,,
1754820,Oak Lawn,IL,2012,0.5304,county-rescale-BG16-corr,estimated,False,1.74,
1754820,Oak Lawn,IL,2016,0.5691,Fekrazad-RLCR,precinct,True,,
1754820,Oak Lawn,IL,2020,0.5702,Fekrazad-RLCR,precinct,True,,
1754820,Oak Lawn,IL,2024,0.5201,Metcalf+NYT,precinct,True,,
1754885,Oak Park,IL,2004,0.8384,county-rescale-BG16-corr,estimated,False,3.15,
1754885,Oak Park,IL,2008,0.852,rebuilt-EDA-precinct,precinct,True,,
1754885,Oak Park,IL,2012,0.8629,county-rescale-BG16-corr,estimated,False,1.74,
1754885,Oak Park,IL,2016,0.9004,Fekrazad-RLCR,precinct,True,,
1754885,Oak Park,IL,2020,0.9084,Fekrazad-RLCR,precinct,True,,
1754885,Oak Park,IL,2024,0.9107,Metcalf+NYT,precinct,True,,
1756640,Orland Park,IL,2004,0.377,county-rescale-BG16-corr,estimated,False,3.15,
1756640,Orland Park,IL,2008,0.4708,rebuilt-EDA-precinct,precinct,True,,
1756640,Orland Park,IL,2012,0.4292,county-rescale-BG16-corr,estimated,False,1.74,
1756640,Orland Park,IL,2016,0.4544,Fekrazad-RLCR,precinct,True,,
1756640,Orland Park,IL,2020,0.4785,Fekrazad-RLCR,precinct,True,,
1756640,Orland Park,IL,2024,0.4497,Metcalf+NYT,precinct,True,,
1757225,Palatine,IL,2004,0.4985,county-rescale-BG16-corr,estimated,False,3.15,
1757225,Palatine,IL,2008,0.5748,rebuilt-EDA-precinct,precinct,True,,
1757225,Palatine,IL,2012,0.5533,county-rescale-BG16-corr,estimated,False,1.74,
1757225,Palatine,IL,2016,0.599,Fekrazad-RLCR,precinct,True,,
1757225,Palatine,IL,2020,0.6254,Fekrazad-RLCR,precinct,True,,
1757225,Palatine,IL,2024,0.6108,Metcalf+NYT,precinct,True,,
1759000,Peoria,IL,2004,0.5697,county-rescale-BG16-corr,estimated,False,3.15,
1759000,Peoria,IL,2008,0.6064,rebuilt-EDA-precinct,precinct,True,,
1759000,Peoria,IL,2012,0.5905,county-rescale-BG16-corr,estimated,False,1.74,
1759000,Peoria,IL,2016,0.6137,Fekrazad-RLCR,precinct,True,,
1759000,Peoria,IL,2020,0.631,Fekrazad-RLCR,precinct,True,,
1759000,Peoria,IL,2024,0.62,Metcalf+NYT,precinct,True,,
1765000,Rockford,IL,2004,0.581,county-rescale-BG16-corr,estimated,False,3.15,
1765000,Rockford,IL,2008,0.6311,rebuilt-EDA-precinct,precinct,True,,
1765000,Rockford,IL,2012,0.6118,county-rescale-BG16-corr,estimated,False,1.74,
1765000,Rockford,IL,2016,0.6004,Fekrazad-RLCR,precinct,True,,
1765000,Rockford,IL,2020,0.6104,Fekrazad-RLCR,precinct,True,,
1765000,Rockford,IL,2024,0.6108,Metcalf+NYT,precinct,True,,
1768003,Schaumburg,IL,2004,0.5298,county-rescale-BG16-corr,estimated,False,3.15,
1768003,Schaumburg,IL,2008,0.6225,rebuilt-EDA-precinct,precinct,True,,
1768003,Schaumburg,IL,2012,0.5843,county-rescale-BG16-corr,estimated,False,1.74,
1768003,Schaumburg,IL,2016,0.6128,Fekrazad-RLCR,precinct,True,,
1768003,Schaumburg,IL,2020,0.6076,Fekrazad-RLCR,precinct,True,,
1768003,Schaumburg,IL,2024,0.5701,Metcalf+NYT,precinct,True,,
1770122,Skokie,IL,2004,0.6696,county-rescale-BG16-corr,estimated,False,3.15,
1770122,Skokie,IL,2008,0.7229,rebuilt-EDA-precinct,precinct,True,,
1770122,Skokie,IL,2012,0.7153,county-rescale-BG16-corr,estimated,False,1.74,
1770122,Skokie,IL,2016,0.7604,Fekrazad-RLCR,precinct,True,,
1770122,Skokie,IL,2020,0.7113,Fekrazad-RLCR,precinct,True,,
1770122,Skokie,IL,2024,0.6542,Metcalf+NYT,precinct,True,,
1772000,Springfield,IL,2004,0.4801,county-rescale-BG16-corr,estimated,False,3.15,
1772000,Springfield,IL,2008,0.574,rebuilt-EDA-precinct,precinct,True,,
1772000,Springfield,IL,2012,0.5282,county-rescale-BG16-corr,estimated,False,1.74,
1772000,Springfield,IL,2016,0.5412,Fekrazad-RLCR,precinct,True,,
1772000,Springfield,IL,2020,0.5689,Fekrazad-RLCR,precinct,True,,
1772000,Springfield,IL,2024,0.5657,Metcalf+NYT,precinct,True,,
1775484,Tinley Park,IL,2004,0.4256,county-rescale-BG16-corr,estimated,False,3.15,
1775484,Tinley Park,IL,2008,0.527,rebuilt-EDA-precinct,precinct,True,,
1775484,Tinley Park,IL,2012,0.4798,county-rescale-BG16-corr,estimated,False,1.74,
1775484,Tinley Park,IL,2016,0.4983,Fekrazad-RLCR,precinct,True,,
1775484,Tinley Park,IL,2020,0.5137,Fekrazad-RLCR,precinct,True,,
1775484,Tinley Park,IL,2024,0.4908,Metcalf+NYT,precinct,True,,
1779293,Waukegan,IL,2004,0.6826,county-rescale-BG16-corr,estimated,False,3.15,
1779293,Waukegan,IL,2008,0.7634,rebuilt-EDA-precinct,precinct,True,,
1779293,Waukegan,IL,2012,0.7248,county-rescale-BG16-corr,estimated,False,1.74,
1779293,Waukegan,IL,2016,0.7801,Fekrazad-RLCR,precinct,True,,
1779293,Waukegan,IL,2020,0.7561,Fekrazad-RLCR,precinct,True,,
1779293,Waukegan,IL,2024,0.7037,Metcalf+NYT,precinct,True,,
1781048,Wheaton,IL,2004,0.4143,county-rescale-BG16-corr,estimated,False,3.15,
1781048,Wheaton,IL,2008,0.4999,rebuilt-EDA-precinct,precinct,True,,
1781048,Wheaton,IL,2012,0.442,precinct-2012,precinct,True,,
1781048,Wheaton,IL,2016,0.5594,Fekrazad-RLCR,precinct,True,,
1781048,Wheaton,IL,2020,0.5912,Fekrazad-RLCR,precinct,True,,
1781048,Wheaton,IL,2024,0.5847,Metcalf+NYT,precinct,True,,
1801468,Anderson,IN,2004,0.4945,county-rescale-BG16-corr,estimated,False,3.15,
1801468,Anderson,IN,2008,0.6138,rebuilt-HEDA-precinct,precinct,True,,
1801468,Anderson,IN,2012,0.5699,county-rescale-BG16-corr,estimated,False,1.74,
1801468,Anderson,IN,2016,0.4647,Fekrazad-RLCR,precinct,True,,
1801468,Anderson,IN,2020,0.4809,Fekrazad-RLCR,precinct,True,,
1801468,Anderson,IN,2024,0.4631,Metcalf+NYT,precinct,True,,
1805860,Bloomington,IN,2004,0.6833,county-rescale-BG16-corr,estimated,False,3.15,
1805860,Bloomington,IN,2008,0.7515,rebuilt-HEDA-precinct,precinct,True,,
1805860,Bloomington,IN,2012,0.7286,county-rescale-BG16-corr,estimated,False,1.74,
1805860,Bloomington,IN,2016,0.7735,Fekrazad-RLCR,precinct,True,,
1805860,Bloomington,IN,2020,0.795,Fekrazad-RLCR,precinct,True,,
1805860,Bloomington,IN,2024,0.7969,Metcalf+NYT,precinct,True,,
1810342,Carmel,IN,2004,0.274,county-rescale-BG16-corr,estimated,False,3.15,
1810342,Carmel,IN,2008,0.3967,rebuilt-HEDA-precinct,precinct,True,,
1810342,Carmel,IN,2012,0.3525,county-rescale-BG16-corr,estimated,False,1.74,
1810342,Carmel,IN,2016,0.4477,Fekrazad-RLCR,precinct,True,,
1810342,Carmel,IN,2020,0.5226,Fekrazad-RLCR,precinct,True,,
1810342,Carmel,IN,2024,0.526,Metcalf+NYT,precinct,True,,
1820728,Elkhart,IN,2004,0.4248,county-rescale-BG16-corr,estimated,False,3.15,
1820728,Elkhart,IN,2008,0.5933,rebuilt-HEDA-precinct,precinct,True,,
1820728,Elkhart,IN,2012,0.504,county-rescale-BG16-corr,estimated,False,1.74,
1820728,Elkhart,IN,2016,0.4578,Fekrazad-RLCR,precinct,True,,
1820728,Elkhart,IN,2020,0.4823,Fekrazad-RLCR,precinct,True,,
1820728,Elkhart,IN,2024,0.4569,Metcalf+NYT,precinct,True,,
1822000,Evansville,IN,2004,0.47,county-rescale-BG16-corr,estimated,False,3.15,
1822000,Evansville,IN,2008,0.5746,rebuilt-HEDA-precinct,precinct,True,,
1822000,Evansville,IN,2012,0.5072,county-rescale-BG16-corr,estimated,False,1.74,
1822000,Evansville,IN,2016,0.4725,Fekrazad-RLCR,precinct,True,,
1822000,Evansville,IN,2020,0.5171,Fekrazad-RLCR,precinct,True,,
1822000,Evansville,IN,2024,0.5016,Metcalf+NYT,precinct,True,,
1825000,Fort Wayne,IN,2004,0.4243,county-rescale-BG16-corr,estimated,False,3.15,
1825000,Fort Wayne,IN,2008,0.5321,rebuilt-HEDA-precinct,precinct,True,,
1825000,Fort Wayne,IN,2012,0.4789,county-rescale-BG16-corr,estimated,False,1.74,
1825000,Fort Wayne,IN,2016,0.4714,Fekrazad-RLCR,precinct,True,,
1825000,Fort Wayne,IN,2020,0.5196,Fekrazad-RLCR,precinct,True,,
1825000,Fort Wayne,IN,2024,0.5089,Metcalf+NYT,precinct,True,,
1827000,Gary,IN,2004,0.954,county-rescale-BG16-corr,estimated,False,3.15,
1827000,Gary,IN,2008,0.9701,rebuilt-HEDA-precinct,precinct,True,,
1827000,Gary,IN,2012,0.962,county-rescale-BG16-corr,estimated,False,1.74,
1827000,Gary,IN,2016,0.9473,Fekrazad-RLCR,precinct,True,,
1827000,Gary,IN,2020,0.9225,Fekrazad-RLCR,precinct,True,,
1827000,Gary,IN,2024,0.8924,Metcalf+NYT,precinct,True,,
1829898,Greenwood,IN,2004,0.2792,county-rescale-BG16-corr,estimated,False,3.15,
1829898,Greenwood,IN,2008,0.3941,rebuilt-HEDA-precinct,precinct,True,,
1829898,Greenwood,IN,2012,0.3281,county-rescale-BG16-corr,estimated,False,1.74,
1829898,Greenwood,IN,2016,0.3024,Fekrazad-RLCR,precinct,True,,
1829898,Greenwood,IN,2020,0.3645,Fekrazad-RLCR,precinct,True,,
1829898,Greenwood,IN,2024,0.3704,Metcalf+NYT,precinct,True,,
1831000,Hammond,IN,2004,0.6964,county-rescale-BG16-corr,estimated,False,3.15,
1831000,Hammond,IN,2008,0.7274,rebuilt-HEDA-precinct,precinct,True,,
1831000,Hammond,IN,2012,0.7319,county-rescale-BG16-corr,estimated,False,1.74,
1831000,Hammond,IN,2016,0.7077,Fekrazad-RLCR,precinct,True,,
1831000,Hammond,IN,2020,0.6867,Fekrazad-RLCR,precinct,True,,
1831000,Hammond,IN,2024,0.6305,Metcalf+NYT,precinct,True,,
1836000,Marion,IN,2004,0.5136,county-rescale-BG16-corr,estimated,False,3.15,
1836000,Marion,IN,2008,0.642,rebuilt-HEDA-precinct,precinct,True,,
1836000,Marion,IN,2012,0.6166,county-rescale-BG16-corr,estimated,False,1.74,
1836000,Marion,IN,2016,0.6279,Fekrazad-RLCR,precinct,True,,
1836000,Marion,IN,2020,0.6548,Fekrazad-RLCR,precinct,True,,
1836000,Marion,IN,2024,0.6407,Metcalf+NYT,precinct,True,,
1840392,Kokomo,IN,2004,0.408,county-rescale-BG16-corr,estimated,False,3.15,
1840392,Kokomo,IN,2008,0.5199,rebuilt-HEDA-precinct,precinct,True,,
1840392,Kokomo,IN,2012,0.4837,county-rescale-BG16-corr,estimated,False,1.74,
1840392,Kokomo,IN,2016,0.3794,Fekrazad-RLCR,precinct,True,,
1840392,Kokomo,IN,2020,0.3873,Fekrazad-RLCR,precinct,True,,
1840392,Kokomo,IN,2024,0.3727,Metcalf+NYT,precinct,True,,
1840788,Lafayette,IN,2004,0.4313,county-rescale-BG16-corr,estimated,False,3.15,
1840788,Lafayette,IN,2008,0.5961,rebuilt-HEDA-precinct,precinct,True,,
1840788,Lafayette,IN,2012,0.5109,county-rescale-BG16-corr,estimated,False,1.74,
1840788,Lafayette,IN,2016,0.491,Fekrazad-RLCR,precinct,True,,
1840788,Lafayette,IN,2020,0.5324,Fekrazad-RLCR,precinct,True,,
1840788,Lafayette,IN,2024,0.5393,Metcalf+NYT,precinct,True,,
1849932,Mishawaka,IN,2004,0.4594,county-rescale-BG16-corr,estimated,False,3.15,
1849932,Mishawaka,IN,2008,0.5672,rebuilt-HEDA-precinct,precinct,True,,
1849932,Mishawaka,IN,2012,0.4892,county-rescale-BG16-corr,estimated,False,1.74,
1849932,Mishawaka,IN,2016,0.4638,Fekrazad-RLCR,precinct,True,,
1849932,Mishawaka,IN,2020,0.5067,Fekrazad-RLCR,precinct,True,,
1849932,Mishawaka,IN,2024,0.4932,Metcalf+NYT,precinct,True,,
1851876,Muncie,IN,2004,0.5331,county-rescale-BG16-corr,estimated,False,3.15,
1851876,Muncie,IN,2008,0.6613,rebuilt-HEDA-precinct,precinct,True,,
1851876,Muncie,IN,2012,0.6166,county-rescale-BG16-corr,estimated,False,1.74,
1851876,Muncie,IN,2016,0.5406,Fekrazad-RLCR,precinct,True,,
1851876,Muncie,IN,2020,0.5471,Fekrazad-RLCR,precinct,True,,
1851876,Muncie,IN,2024,0.535,Metcalf+NYT,precinct,True,,
1871000,South Bend,IN,2004,0.646,county-rescale-BG16-corr,estimated,False,3.15,
1871000,South Bend,IN,2008,0.7249,rebuilt-HEDA-precinct,precinct,True,,
1871000,South Bend,IN,2012,0.6726,county-rescale-BG16-corr,estimated,False,1.74,
1871000,South Bend,IN,2016,0.663,Fekrazad-RLCR,precinct,True,,
1871000,South Bend,IN,2020,0.6841,Fekrazad-RLCR,precinct,True,,
1871000,South Bend,IN,2024,0.6564,Metcalf+NYT,precinct,True,,
1875428,Terre Haute,IN,2004,0.5364,county-rescale-BG16-corr,estimated,False,3.15,
1875428,Terre Haute,IN,2008,0.6349,rebuilt-HEDA-precinct,precinct,True,,
1875428,Terre Haute,IN,2012,0.5727,county-rescale-BG16-corr,estimated,False,1.74,
1875428,Terre Haute,IN,2016,0.4988,Fekrazad-RLCR,precinct,True,,
1875428,Terre Haute,IN,2020,0.5109,Fekrazad-RLCR,precinct,True,,
1875428,Terre Haute,IN,2024,0.4974,Metcalf+NYT,precinct,True,,
1901855,Ames,IA,2004,0.5938,county-rescale-BG16-corr,estimated,False,3.15,
1901855,Ames,IA,2008,0.6311,rebuilt-EDA-rescaled,precinct,True,,
1901855,Ames,IA,2012,0.6344,county-rescale-BG16-corr,estimated,False,1.74,
1901855,Ames,IA,2016,0.6468,Fekrazad-RLCR,precinct,True,,
1901855,Ames,IA,2020,0.6818,Fekrazad-RLCR,precinct,True,,
1901855,Ames,IA,2024,0.6358,Metcalf+NYT,precinct,True,,
1912000,Cedar Rapids,IA,2004,0.5918,county-rescale-BG16-corr,estimated,False,3.15,
1912000,Cedar Rapids,IA,2008,0.6419,rebuilt-EDA-rescaled,precinct,True,,
1912000,Cedar Rapids,IA,2012,0.6305,county-rescale-BG16-corr,estimated,False,1.74,
1912000,Cedar Rapids,IA,2016,0.5977,Fekrazad-RLCR,precinct,True,,
1912000,Cedar Rapids,IA,2020,0.6224,Fekrazad-RLCR,precinct,True,,
1912000,Cedar Rapids,IA,2024,0.5999,Metcalf+NYT,precinct,True,,
1916860,Council Bluffs,IA,2004,0.4572,county-rescale-BG16-corr,estimated,False,3.15,
1916860,Council Bluffs,IA,2008,0.5333,rebuilt-EDA-rescaled,precinct,True,,
1916860,Council Bluffs,IA,2012,0.5237,county-rescale-BG16-corr,estimated,False,1.74,
1916860,Council Bluffs,IA,2016,0.4419,Fekrazad-RLCR,precinct,True,,
1916860,Council Bluffs,IA,2020,0.4723,Fekrazad-RLCR,precinct,True,,
1916860,Council Bluffs,IA,2024,0.4546,Metcalf+NYT,precinct,True,,
1919000,Davenport,IA,2004,0.5745,county-rescale-BG16-corr,estimated,False,3.15,
1919000,Davenport,IA,2008,0.626,rebuilt-EDA-rescaled,precinct,True,,
1919000,Davenport,IA,2012,0.6287,county-rescale-BG16-corr,estimated,False,1.74,
1919000,Davenport,IA,2016,0.5759,Fekrazad-RLCR,precinct,True,,
1919000,Davenport,IA,2020,0.5803,Fekrazad-RLCR,precinct,True,,
1919000,Davenport,IA,2024,0.5377,Metcalf+NYT,precinct,True,,
1921000,Des Moines,IA,2004,0.6342,county-rescale-BG16-corr,estimated,False,3.15,
1921000,Des Moines,IA,2008,0.6737,rebuilt-EDA-rescaled,precinct,True,,
1921000,Des Moines,IA,2012,0.6779,county-rescale-BG16-corr,estimated,False,1.74,
1921000,Des Moines,IA,2016,0.6743,Fekrazad-RLCR,precinct,True,,
1921000,Des Moines,IA,2020,0.6776,Fekrazad-RLCR,precinct,True,,
1921000,Des Moines,IA,2024,0.6565,Metcalf+NYT,precinct,True,,
1922395,Dubuque,IA,2004,0.621,county-rescale-BG16-corr,estimated,False,3.15,
1922395,Dubuque,IA,2008,0.64,rebuilt-EDA-rescaled,precinct,True,,
1922395,Dubuque,IA,2012,0.6263,county-rescale-BG16-corr,estimated,False,1.74,
1922395,Dubuque,IA,2016,0.5627,Fekrazad-RLCR,precinct,True,,
1922395,Dubuque,IA,2020,0.5596,Fekrazad-RLCR,precinct,True,,
1922395,Dubuque,IA,2024,0.5289,Metcalf+NYT,precinct,True,,
1938595,Iowa City,IA,2004,0.7186,county-rescale-BG16-corr,estimated,False,3.15,
1938595,Iowa City,IA,2008,0.7533,rebuilt-EDA-rescaled,precinct,True,,
1938595,Iowa City,IA,2012,0.7465,county-rescale-BG16-corr,estimated,False,1.74,
1938595,Iowa City,IA,2016,0.7833,Fekrazad-RLCR,precinct,True,,
1938595,Iowa City,IA,2020,0.807,Fekrazad-RLCR,precinct,True,,
1938595,Iowa City,IA,2024,0.7732,Metcalf+NYT,precinct,True,,
1973335,Sioux City,IA,2004,0.532,county-rescale-BG16-corr,estimated,False,3.15,
1973335,Sioux City,IA,2008,0.5335,rebuilt-EDA-rescaled,precinct,True,,
1973335,Sioux City,IA,2012,0.5484,county-rescale-BG16-corr,estimated,False,1.74,
1973335,Sioux City,IA,2016,0.4451,Fekrazad-RLCR,precinct,True,,
1973335,Sioux City,IA,2020,0.4724,Fekrazad-RLCR,precinct,True,,
1973335,Sioux City,IA,2024,0.4352,Metcalf+NYT,precinct,True,,
1982425,Waterloo,IA,2004,0.6112,county-rescale-BG16-corr,estimated,False,3.15,
1982425,Waterloo,IA,2008,0.656,rebuilt-EDA-rescaled,precinct,True,,
1982425,Waterloo,IA,2012,0.6537,county-rescale-BG16-corr,estimated,False,1.74,
1982425,Waterloo,IA,2016,0.6017,Fekrazad-RLCR,precinct,True,,
1982425,Waterloo,IA,2020,0.6005,Fekrazad-RLCR,precinct,True,,
1982425,Waterloo,IA,2024,0.5542,Metcalf+NYT,precinct,True,,
1983910,West Des Moines,IA,2004,0.4893,county-rescale-BG16-corr,estimated,False,3.15,
1983910,West Des Moines,IA,2008,0.5192,rebuilt-EDA-rescaled,precinct,True,,
1983910,West Des Moines,IA,2012,0.5299,county-rescale-BG16-corr,estimated,False,1.74,
1983910,West Des Moines,IA,2016,0.5443,Fekrazad-RLCR,precinct,True,,
1983910,West Des Moines,IA,2020,0.586,Fekrazad-RLCR,precinct,True,,
1983910,West Des Moines,IA,2024,0.5737,Metcalf+NYT,precinct,True,,
2036000,Kansas City,KS,2004,0.684,county-rescale-BG16-corr,estimated,False,3.15,
2036000,Kansas City,KS,2008,0.7265,rebuilt-HEDA-precinct,precinct,True,,
2036000,Kansas City,KS,2012,0.7119,precinct-VEST-2012,precinct,True,,
2036000,Kansas City,KS,2016,0.6811,Fekrazad-RLCR,precinct,True,,
2036000,Kansas City,KS,2020,0.6814,Fekrazad-RLCR,precinct,True,,
2036000,Kansas City,KS,2024,0.6431,Metcalf+NYT,precinct,True,,
2039350,Lenexa,KS,2004,0.3907,county-rescale-BG16-corr,estimated,False,3.15,
2039350,Lenexa,KS,2008,0.4604,rebuilt-HEDA-precinct,precinct,True,,
2039350,Lenexa,KS,2012,0.4182,precinct-2012,precinct,True,,
2039350,Lenexa,KS,2016,0.4974,Fekrazad-RLCR,precinct,True,,
2039350,Lenexa,KS,2020,0.5553,Fekrazad-RLCR,precinct,True,,
2039350,Lenexa,KS,2024,0.5569,Metcalf+NYT,precinct,True,,
2052575,Olathe,KS,2004,0.3501,county-rescale-BG16-corr,estimated,False,3.15,
2052575,Olathe,KS,2008,0.4279,rebuilt-HEDA-precinct,precinct,True,,
2052575,Olathe,KS,2012,0.3801,precinct-2012,precinct,True,,
2052575,Olathe,KS,2016,0.4419,Fekrazad-RLCR,precinct,True,,
2052575,Olathe,KS,2020,0.511,Fekrazad-RLCR,precinct,True,,
2052575,Olathe,KS,2024,0.513,Metcalf+NYT,precinct,True,,
2053775,Overland Park,KS,2004,0.3938,county-rescale-BG16-corr,estimated,False,3.15,
2053775,Overland Park,KS,2008,0.4622,rebuilt-HEDA-precinct,precinct,True,,
2053775,Overland Park,KS,2012,0.4176,precinct-2012,precinct,True,,
2053775,Overland Park,KS,2016,0.5022,Fekrazad-RLCR,precinct,True,,
2053775,Overland Park,KS,2020,0.5608,Fekrazad-RLCR,precinct,True,,
2053775,Overland Park,KS,2024,0.5661,Metcalf+NYT,precinct,True,,
2064500,Shawnee,KS,2004,0.3731,county-rescale-BG16-corr,estimated,False,3.15,
2064500,Shawnee,KS,2008,0.4499,rebuilt-HEDA-precinct,precinct,True,,
2064500,Shawnee,KS,2012,0.405,precinct-2012,precinct,True,,
2064500,Shawnee,KS,2016,0.4699,Fekrazad-RLCR,precinct,True,,
2064500,Shawnee,KS,2020,0.5239,Fekrazad-RLCR,precinct,True,,
2064500,Shawnee,KS,2024,0.5284,Metcalf+NYT,precinct,True,,
2071000,Topeka,KS,2004,0.5124,county-rescale-BG16-corr,estimated,False,3.15,
2071000,Topeka,KS,2008,0.5501,rebuilt-HEDA-precinct,precinct,True,,
2071000,Topeka,KS,2012,0.5557,precinct-VEST-2012,precinct,True,,
2071000,Topeka,KS,2016,0.5569,Fekrazad-RLCR,precinct,True,,
2071000,Topeka,KS,2020,0.5911,Fekrazad-RLCR,precinct,True,,
2071000,Topeka,KS,2024,0.5742,Metcalf+NYT,precinct,True,,
2079000,Wichita,KS,2004,0.4166,county-rescale-BG16-corr,estimated,False,3.15,
2079000,Wichita,KS,2008,0.4744,rebuilt-HEDA-precinct,precinct,True,,
2079000,Wichita,KS,2012,0.4451,precinct-VEST-2012,precinct,True,,
2079000,Wichita,KS,2016,0.4576,Fekrazad-RLCR,precinct,True,,
2079000,Wichita,KS,2020,0.4967,Fekrazad-RLCR,precinct,True,,
2079000,Wichita,KS,2024,0.4802,Metcalf+NYT,precinct,True,,
2108902,Bowling Green,KY,2004,0.4738,county-rescale-BG16,estimated,False,3.15,
2108902,Bowling Green,KY,2008,0.5174,county-rescale-BG16,estimated,False,2.12,bg16-fill-2008
2108902,Bowling Green,KY,2012,0.5012,county-rescale-BG16,estimated,False,1.74,
2108902,Bowling Green,KY,2016,0.4828,Fekrazad-RLCR,precinct,True,,
2108902,Bowling Green,KY,2020,0.5257,Fekrazad-RLCR,precinct,True,,
2108902,Bowling Green,KY,2024,0.4819,Metcalf+NYT,precinct,True,,
2146027,Fayette,KY,2004,0.4662,county-direct,exact,True,,
2146027,Fayette,KY,2008,0.5245,rebuilt-HEDA-locality,exact,True,,
2146027,Fayette,KY,2012,0.5052,county-direct,exact,True,,
2146027,Fayette,KY,2016,0.5509,Fekrazad-RLCR,precinct,True,,
2146027,Fayette,KY,2020,0.6062,Fekrazad-RLCR,precinct,True,,
2146027,Fayette,KY,2024,0.5925,Metcalf+NYT,precinct,True,,
2148000,Louisville,KY,2004,0.5178,county-rescale-BG16,estimated,False,3.15,metro-balance
2148000,Louisville,KY,2008,0.5699,county-rescale-BG16,estimated,False,2.12,bg16-fill-2008;metro-balance
2148000,Louisville,KY,2012,0.5657,county-rescale-BG16,estimated,False,1.74,metro-balance
2148000,Louisville,KY,2016,0.5795,Fekrazad-RLCR,precinct,True,,metro-balance
2148000,Louisville,KY,2020,0.6086,Fekrazad-RLCR,precinct,True,,metro-balance
2148000,Louisville,KY,2024,0.5873,Metcalf+NYT,precinct,True,,metro-balance
2158620,Owensboro,KY,2004,0.4498,county-rescale-BG16,estimated,False,3.15,
2158620,Owensboro,KY,2008,0.5167,county-rescale-BG16,estimated,False,2.12,bg16-fill-2008
2158620,Owensboro,KY,2012,0.459,county-rescale-BG16,estimated,False,1.74,
2158620,Owensboro,KY,2016,0.3916,Fekrazad-RLCR,precinct,True,,
2158620,Owensboro,KY,2020,0.4226,Fekrazad-RLCR,precinct,True,,
2158620,Owensboro,KY,2024,0.4108,Metcalf+NYT,precinct,True,,
2205000,Baton Rouge,LA,2004,0.5807,county-rescale-BG16-corr,estimated,False,3.15,
2205000,Baton Rouge,LA,2008,0.6185,rebuilt-EDA-precinct,precinct,True,,
2205000,Baton Rouge,LA,2012,0.6503,county-rescale-BG16-corr,estimated,False,1.74,
2205000,Baton Rouge,LA,2016,0.6874,Fekrazad-RLCR,precinct,True,,
2205000,Baton Rouge,LA,2020,0.6921,Fekrazad-RLCR,precinct,True,,
2205000,Baton Rouge,LA,2024,0.6752,Metcalf+NYT,precinct,True,,
2208920,Bossier City,LA,2004,0.3711,county-rescale-BG16-corr,estimated,False,3.15,
2208920,Bossier City,LA,2008,0.3303,rebuilt-EDA-precinct,precinct,True,,
2208920,Bossier City,LA,2012,0.347,county-rescale-BG16-corr,estimated,False,1.74,
2208920,Bossier City,LA,2016,0.3663,Fekrazad-RLCR,precinct,True,,
2208920,Bossier City,LA,2020,0.4138,Fekrazad-RLCR,precinct,True,,
2208920,Bossier City,LA,2024,0.3973,Metcalf+NYT,precinct,True,,
2239475,Kenner,LA,2004,0.3755,county-rescale-BG16-corr,estimated,False,3.15,
2239475,Kenner,LA,2008,0.3418,rebuilt-EDA-precinct,precinct,True,,
2239475,Kenner,LA,2012,0.4032,county-rescale-BG16-corr,estimated,False,1.74,
2239475,Kenner,LA,2016,0.4386,Fekrazad-RLCR,precinct,True,,
2239475,Kenner,LA,2020,0.4681,Fekrazad-RLCR,precinct,True,,
2239475,Kenner,LA,2024,0.4396,Metcalf+NYT,precinct,True,,
2240735,Lafayette,LA,2004,0.4208,county-rescale-BG16-corr,estimated,False,3.15,
2240735,Lafayette,LA,2008,0.3882,rebuilt-EDA-precinct,precinct,True,,
2240735,Lafayette,LA,2012,0.3962,county-rescale-BG16-corr,estimated,False,1.74,
2240735,Lafayette,LA,2016,0.4138,Fekrazad-RLCR,precinct,True,,
2240735,Lafayette,LA,2020,0.4459,Fekrazad-RLCR,precinct,True,,
2240735,Lafayette,LA,2024,0.4343,Metcalf+NYT,precinct,True,,
2241155,Lake Charles,LA,2004,0.6238,county-rescale-BG16-corr,estimated,False,3.15,
2241155,Lake Charles,LA,2008,0.5635,rebuilt-EDA-precinct,precinct,True,,
2241155,Lake Charles,LA,2012,0.5608,county-rescale-BG16-corr,estimated,False,1.74,
2241155,Lake Charles,LA,2016,0.5509,Fekrazad-RLCR,precinct,True,,
2241155,Lake Charles,LA,2020,0.6265,Fekrazad-RLCR,precinct,True,,
2241155,Lake Charles,LA,2024,0.5424,Metcalf+NYT,precinct,True,,
2255000,New Orleans,LA,2004,0.7724,county-rescale-BG16-corr,estimated,False,3.15,
2255000,New Orleans,LA,2008,0.7885,rebuilt-EDA-precinct,precinct,True,,
2255000,New Orleans,LA,2012,0.8105,county-rescale-BG16-corr,estimated,False,1.74,
2255000,New Orleans,LA,2016,0.8465,Fekrazad-RLCR,precinct,True,,
2255000,New Orleans,LA,2020,0.8472,Fekrazad-RLCR,precinct,True,,
2255000,New Orleans,LA,2024,0.8443,Metcalf+NYT,precinct,True,,
2270000,Shreveport,LA,2004,0.5812,county-rescale-BG16-corr,estimated,False,3.15,
2270000,Shreveport,LA,2008,0.5902,rebuilt-EDA-precinct,precinct,True,,
2270000,Shreveport,LA,2012,0.616,county-rescale-BG16-corr,estimated,False,1.74,
2270000,Shreveport,LA,2016,0.6286,Fekrazad-RLCR,precinct,True,,
2270000,Shreveport,LA,2020,0.6507,Fekrazad-RLCR,precinct,True,,
2270000,Shreveport,LA,2024,0.6479,Metcalf+NYT,precinct,True,,
2360545,Portland,ME,2004,0.7392,HEDA-town,exact,True,,
2360545,Portland,ME,2008,0.7831,rebuilt-HEDA-locality,exact,True,,
2360545,Portland,ME,2012,0.7874,HEDA-town,exact,True,,
2360545,Portland,ME,2016,0.8086,Fekrazad-RLCR,precinct,True,,
2360545,Portland,ME,2020,0.8399,Fekrazad-RLCR,precinct,True,,
2360545,Portland,ME,2024,0.8386,Metcalf+NYT,precinct,True,,
2404000,Baltimore,MD,2004,0.8285,county-direct,exact,True,,
2404000,Baltimore,MD,2008,0.8832,rebuilt-HEDA-precinct,precinct,True,,
2404000,Baltimore,MD,2012,0.8872,county-direct,exact,True,,
2404000,Baltimore,MD,2016,0.8893,Fekrazad-RLCR,precinct,True,,
2404000,Baltimore,MD,2020,0.8909,Fekrazad-RLCR,precinct,True,,
2404000,Baltimore,MD,2024,0.8745,Metcalf+NYT,precinct,True,,
2408775,Bowie,MD,2004,0.5898,county-rescale-BG16-corr,estimated,False,3.15,
2408775,Bowie,MD,2008,0.7321,rebuilt-HEDA-precinct,precinct,True,,
2408775,Bowie,MD,2012,0.7464,precinct-2012,precinct,True,,
2408775,Bowie,MD,2016,0.7575,Fekrazad-RLCR,precinct,True,,
2408775,Bowie,MD,2020,0.8287,Fekrazad-RLCR,precinct,True,,
2408775,Bowie,MD,2024,0.8214,Metcalf+NYT,precinct,True,,
2430325,Frederick,MD,2004,0.558,county-rescale-BG16-corr,estimated,False,3.15,
2430325,Frederick,MD,2008,0.6224,rebuilt-HEDA-precinct,precinct,True,,
2430325,Frederick,MD,2012,0.6423,precinct-2012,precinct,True,,
2430325,Frederick,MD,2016,0.6702,Fekrazad-RLCR,precinct,True,,
2430325,Frederick,MD,2020,0.7046,Fekrazad-RLCR,precinct,True,,
2430325,Frederick,MD,2024,0.6966,Metcalf+NYT,precinct,True,,
2431175,Gaithersburg,MD,2004,0.668,county-rescale-BG16-corr,estimated,False,3.15,
2431175,Gaithersburg,MD,2008,0.7196,rebuilt-HEDA-precinct,precinct,True,,
2431175,Gaithersburg,MD,2012,0.7236,county-rescale-BG16-corr,estimated,False,1.74,
2431175,Gaithersburg,MD,2016,0.799,Fekrazad-RLCR,precinct,True,,
2431175,Gaithersburg,MD,2020,0.7962,Fekrazad-RLCR,precinct,True,,
2431175,Gaithersburg,MD,2024,0.7591,Metcalf+NYT,precinct,True,,
2467675,Rockville,MD,2004,0.6525,county-rescale-BG16-corr,estimated,False,3.15,
2467675,Rockville,MD,2008,0.7081,rebuilt-HEDA-precinct,precinct,True,,
2467675,Rockville,MD,2012,0.7193,precinct-2012,precinct,True,,
2467675,Rockville,MD,2016,0.7859,Fekrazad-RLCR,precinct,True,,
2467675,Rockville,MD,2020,0.8139,Fekrazad-RLCR,precinct,True,,
2467675,Rockville,MD,2024,0.7965,Metcalf+NYT,precinct,True,,
2507000,Boston,MA,2004,0.7833,HEDA-town,exact,True,,
2507000,Boston,MA,2008,0.8033,rebuilt-HEDA-town,exact,True,,
2507000,Boston,MA,2012,0.8034,HEDA-town,exact,True,,
2507000,Boston,MA,2016,0.8537,Fekrazad-RLCR,precinct,True,,
2507000,Boston,MA,2020,0.8427,Fekrazad-RLCR,precinct,True,,
2507000,Boston,MA,2024,0.7956,Metcalf+NYT,precinct,True,,
2509000,Brockton,MA,2004,0.6664,HEDA-town,exact,True,,
2509000,Brockton,MA,2008,0.7072,rebuilt-HEDA-town,exact,True,,
2509000,Brockton,MA,2012,0.7436,HEDA-town,exact,True,,
2509000,Brockton,MA,2016,0.7439,Fekrazad-RLCR,precinct,True,,
2509000,Brockton,MA,2020,0.7722,Fekrazad-RLCR,precinct,True,,
2509000,Brockton,MA,2024,0.7204,Metcalf+NYT,precinct,True,,
2513660,Chicopee,MA,2004,0.6479,HEDA-town,exact,True,,
2513660,Chicopee,MA,2008,0.6316,rebuilt-HEDA-town,exact,True,,
2513660,Chicopee,MA,2012,0.6344,HEDA-town,exact,True,,
2513660,Chicopee,MA,2016,0.5563,Fekrazad-RLCR,precinct,True,,
2513660,Chicopee,MA,2020,0.5769,Fekrazad-RLCR,precinct,True,,
2513660,Chicopee,MA,2024,0.529,Metcalf+NYT,precinct,True,,
2523000,Fall River,MA,2004,0.764,HEDA-town,exact,True,,
2523000,Fall River,MA,2008,0.7401,rebuilt-HEDA-town,exact,True,,
2523000,Fall River,MA,2012,0.7475,HEDA-town,exact,True,,
2523000,Fall River,MA,2016,0.6168,Fekrazad-RLCR,precinct,True,,
2523000,Fall River,MA,2020,0.5627,Fekrazad-RLCR,precinct,True,,
2523000,Fall River,MA,2024,0.4916,Metcalf+NYT,precinct,True,,
2529405,Haverhill,MA,2004,0.574,HEDA-town,exact,True,,
2529405,Haverhill,MA,2008,0.5899,rebuilt-HEDA-town,exact,True,,
2529405,Haverhill,MA,2012,0.5673,HEDA-town,exact,True,,
2529405,Haverhill,MA,2016,0.5612,Fekrazad-RLCR,precinct,True,,
2529405,Haverhill,MA,2020,0.6021,Fekrazad-RLCR,precinct,True,,
2529405,Haverhill,MA,2024,0.5543,Metcalf+NYT,precinct,True,,
2534550,Lawrence,MA,2004,0.7065,HEDA-town,exact,True,,
2534550,Lawrence,MA,2008,0.8118,rebuilt-HEDA-town,exact,True,,
2534550,Lawrence,MA,2012,0.8408,HEDA-town,exact,True,,
2534550,Lawrence,MA,2016,0.8484,Fekrazad-RLCR,precinct,True,,
2534550,Lawrence,MA,2020,0.7454,Fekrazad-RLCR,precinct,True,,
2534550,Lawrence,MA,2024,0.5875,Metcalf+NYT,precinct,True,,
2537490,Lynn,MA,2004,0.6982,HEDA-town,exact,True,,
2537490,Lynn,MA,2008,0.6993,rebuilt-HEDA-town,exact,True,,
2537490,Lynn,MA,2012,0.7309,HEDA-town,exact,True,,
2537490,Lynn,MA,2016,0.7041,Fekrazad-RLCR,precinct,True,,
2537490,Lynn,MA,2020,0.7029,Fekrazad-RLCR,precinct,True,,
2537490,Lynn,MA,2024,0.6154,Metcalf+NYT,precinct,True,,
2537875,Malden,MA,2004,0.7097,HEDA-town,exact,True,,
2537875,Malden,MA,2008,0.6953,rebuilt-HEDA-town,exact,True,,
2537875,Malden,MA,2012,0.7237,HEDA-town,exact,True,,
2537875,Malden,MA,2016,0.741,Fekrazad-RLCR,precinct,True,,
2537875,Malden,MA,2020,0.7603,Fekrazad-RLCR,precinct,True,,
2537875,Malden,MA,2024,0.704,Metcalf+NYT,precinct,True,,
2539835,Medford,MA,2004,0.691,HEDA-town,exact,True,,
2539835,Medford,MA,2008,0.6703,rebuilt-HEDA-town,exact,True,,
2539835,Medford,MA,2012,0.6931,HEDA-town,exact,True,,
2539835,Medford,MA,2016,0.7291,Fekrazad-RLCR,precinct,True,,
2539835,Medford,MA,2020,0.7562,Fekrazad-RLCR,precinct,True,,
2539835,Medford,MA,2024,0.7303,Metcalf+NYT,precinct,True,,
2540710,Methuen Town,MA,2004,0.5252,HEDA-town,exact,True,,
2540710,Methuen Town,MA,2008,0.5477,rebuilt-HEDA-locality,exact,True,,
2540710,Methuen Town,MA,2012,0.521,HEDA-town,exact,True,,
2540710,Methuen Town,MA,2016,0.5325,Fekrazad-RLCR,precinct,True,,
2540710,Methuen Town,MA,2020,0.5628,Fekrazad-RLCR,precinct,True,,
2540710,Methuen Town,MA,2024,0.5081,Metcalf+NYT,precinct,True,,
2545000,New Bedford,MA,2004,0.7771,HEDA-town,exact,True,,
2545000,New Bedford,MA,2008,0.7521,rebuilt-HEDA-town,exact,True,,
2545000,New Bedford,MA,2012,0.7698,HEDA-town,exact,True,,
2545000,New Bedford,MA,2016,0.6684,Fekrazad-RLCR,precinct,True,,
2545000,New Bedford,MA,2020,0.6213,Fekrazad-RLCR,precinct,True,,
2545000,New Bedford,MA,2024,0.5416,Metcalf+NYT,precinct,True,,
2545560,Newton,MA,2004,0.7618,HEDA-town,exact,True,,
2545560,Newton,MA,2008,0.7644,rebuilt-HEDA-town,exact,True,,
2545560,Newton,MA,2012,0.7254,HEDA-town,exact,True,,
2545560,Newton,MA,2016,0.8244,Fekrazad-RLCR,precinct,True,,
2545560,Newton,MA,2020,0.8304,Fekrazad-RLCR,precinct,True,,
2545560,Newton,MA,2024,0.8073,Metcalf+NYT,precinct,True,,
2552490,Peabody,MA,2004,0.6154,HEDA-town,exact,True,,
2552490,Peabody,MA,2008,0.5784,rebuilt-HEDA-town,exact,True,,
2552490,Peabody,MA,2012,0.5639,HEDA-town,exact,True,,
2552490,Peabody,MA,2016,0.5448,Fekrazad-RLCR,precinct,True,,
2552490,Peabody,MA,2020,0.5708,Fekrazad-RLCR,precinct,True,,
2552490,Peabody,MA,2024,0.5157,Metcalf+NYT,precinct,True,,
2555745,Quincy,MA,2004,0.6438,HEDA-town,exact,True,,
2555745,Quincy,MA,2008,0.5947,rebuilt-HEDA-town,exact,True,,
2555745,Quincy,MA,2012,0.6259,HEDA-town,exact,True,,
2555745,Quincy,MA,2016,0.6589,Fekrazad-RLCR,precinct,True,,
2555745,Quincy,MA,2020,0.6814,Fekrazad-RLCR,precinct,True,,
2555745,Quincy,MA,2024,0.6278,Metcalf+NYT,precinct,True,,
2562535,Somerville,MA,2004,0.8228,HEDA-town,exact,True,,
2562535,Somerville,MA,2008,0.8364,rebuilt-HEDA-town,exact,True,,
2562535,Somerville,MA,2012,0.8552,HEDA-town,exact,True,,
2562535,Somerville,MA,2016,0.891,Fekrazad-RLCR,precinct,True,,
2562535,Somerville,MA,2020,0.8964,Fekrazad-RLCR,precinct,True,,
2562535,Somerville,MA,2024,0.8804,Metcalf+NYT,precinct,True,,
2567000,Springfield,MA,2004,0.7205,HEDA-town,exact,True,,
2567000,Springfield,MA,2008,0.7772,rebuilt-HEDA-town,exact,True,,
2567000,Springfield,MA,2012,0.8067,HEDA-town,exact,True,,
2567000,Springfield,MA,2016,0.7822,Fekrazad-RLCR,precinct,True,,
2567000,Springfield,MA,2020,0.7382,Fekrazad-RLCR,precinct,True,,
2567000,Springfield,MA,2024,0.6719,Metcalf+NYT,precinct,True,,
2569170,Taunton,MA,2004,0.6286,HEDA-town,exact,True,,
2569170,Taunton,MA,2008,0.6042,rebuilt-HEDA-town,exact,True,,
2569170,Taunton,MA,2012,0.6067,HEDA-town,exact,True,,
2569170,Taunton,MA,2016,0.5535,Fekrazad-RLCR,precinct,True,,
2569170,Taunton,MA,2020,0.5736,Fekrazad-RLCR,precinct,True,,
2569170,Taunton,MA,2024,0.5141,Metcalf+NYT,precinct,True,,
2572600,Waltham,MA,2004,0.6383,HEDA-town,exact,True,,
2572600,Waltham,MA,2008,0.6457,rebuilt-HEDA-town,exact,True,,
2572600,Waltham,MA,2012,0.6424,HEDA-town,exact,True,,
2572600,Waltham,MA,2016,0.6957,Fekrazad-RLCR,precinct,True,,
2572600,Waltham,MA,2020,0.7241,Fekrazad-RLCR,precinct,True,,
2572600,Waltham,MA,2024,0.6976,Metcalf+NYT,precinct,True,,
2582000,Worcester,MA,2004,0.6844,HEDA-town,exact,True,,
2582000,Worcester,MA,2008,0.6912,rebuilt-HEDA-town,exact,True,,
2582000,Worcester,MA,2012,0.7016,HEDA-town,exact,True,,
2582000,Worcester,MA,2016,0.7084,Fekrazad-RLCR,precinct,True,,
2582000,Worcester,MA,2020,0.6965,Fekrazad-RLCR,precinct,True,,
2582000,Worcester,MA,2024,0.6442,Metcalf+NYT,precinct,True,,
2603000,Ann Arbor,MI,2004,0.7743,precinct-mcd-2004,exact,True,,
2603000,Ann Arbor,MI,2008,0.8278,rebuilt-EDA-precinct,precinct,True,,
2603000,Ann Arbor,MI,2012,0.8076,precinct-mcd-2012,exact,True,,
2603000,Ann Arbor,MI,2016,0.872,Fekrazad-RLCR,precinct,True,,
2603000,Ann Arbor,MI,2020,0.883,Fekrazad-RLCR,precinct,True,,
2603000,Ann Arbor,MI,2024,0.8689,Metcalf+NYT,precinct,True,,
2605920,Battle Creek,MI,2004,0.529,precinct-mcd-2004,exact,True,,
2605920,Battle Creek,MI,2008,0.6256,rebuilt-EDA-precinct,precinct,True,,
2605920,Battle Creek,MI,2012,0.5829,precinct-mcd-2012,exact,True,,
2605920,Battle Creek,MI,2016,0.5241,Fekrazad-RLCR,precinct,True,,
2605920,Battle Creek,MI,2020,0.5346,Fekrazad-RLCR,precinct,True,,
2605920,Battle Creek,MI,2024,0.5305,Metcalf+NYT,precinct,True,,
2621000,Dearborn,MI,2004,0.5944,precinct-mcd-2004,exact,True,,
2621000,Dearborn,MI,2008,0.6644,rebuilt-EDA-precinct,precinct,True,,
2621000,Dearborn,MI,2012,0.6735,precinct-mcd-2012,exact,True,,
2621000,Dearborn,MI,2016,0.672,Fekrazad-RLCR,precinct,True,,
2621000,Dearborn,MI,2020,0.6985,Fekrazad-RLCR,precinct,True,,
2621000,Dearborn,MI,2024,0.4608,Metcalf+NYT,precinct,True,,
2621020,Dearborn Heights,MI,2004,0.5725,precinct-mcd-2004,exact,True,,
2621020,Dearborn Heights,MI,2008,0.6297,rebuilt-EDA-precinct,precinct,True,,
2621020,Dearborn Heights,MI,2012,0.6417,precinct-mcd-2012,exact,True,,
2621020,Dearborn Heights,MI,2016,0.5959,Fekrazad-RLCR,precinct,True,,
2621020,Dearborn Heights,MI,2020,0.6301,Fekrazad-RLCR,precinct,True,,
2621020,Dearborn Heights,MI,2024,0.4655,Metcalf+NYT,precinct,True,,
2622000,Detroit,MI,2004,0.9404,precinct-mcd-2004,exact,True,,
2622000,Detroit,MI,2008,0.9764,rebuilt-EDA-precinct,precinct,True,,
2622000,Detroit,MI,2012,0.9791,precinct-mcd-2012,exact,True,,
2622000,Detroit,MI,2016,0.9682,Fekrazad-RLCR,precinct,True,,
2622000,Detroit,MI,2020,0.9491,Fekrazad-RLCR,precinct,True,,
2622000,Detroit,MI,2024,0.9184,Metcalf+NYT,precinct,True,,
2627440,Farmington Hills,MI,2004,0.5339,precinct-mcd-2004,exact,True,,
2627440,Farmington Hills,MI,2008,0.6121,rebuilt-EDA-precinct,precinct,True,,
2627440,Farmington Hills,MI,2012,0.5971,precinct-mcd-2012,exact,True,,
2627440,Farmington Hills,MI,2016,0.6303,Fekrazad-RLCR,precinct,True,,
2627440,Farmington Hills,MI,2020,0.6563,Fekrazad-RLCR,precinct,True,,
2627440,Farmington Hills,MI,2024,0.6414,Metcalf+NYT,precinct,True,,
2629000,Flint,MI,2004,0.8355,precinct-mcd-2004,exact,True,,
2629000,Flint,MI,2008,0.8894,rebuilt-EDA-precinct,precinct,True,,
2629000,Flint,MI,2012,0.8966,precinct-mcd-2012,exact,True,,
2629000,Flint,MI,2016,0.8552,Fekrazad-RLCR,precinct,True,,
2629000,Flint,MI,2020,0.8357,Fekrazad-RLCR,precinct,True,,
2629000,Flint,MI,2024,0.81,Metcalf+NYT,precinct,True,,
2634000,Grand Rapids,MI,2004,0.5591,precinct-mcd-2004,exact,True,,
2634000,Grand Rapids,MI,2008,0.664,rebuilt-EDA-precinct,precinct,True,,
2634000,Grand Rapids,MI,2012,0.6381,precinct-mcd-2012,exact,True,,
2634000,Grand Rapids,MI,2016,0.6754,Fekrazad-RLCR,precinct,True,,
2634000,Grand Rapids,MI,2020,0.7139,Fekrazad-RLCR,precinct,True,,
2634000,Grand Rapids,MI,2024,0.7065,Metcalf+NYT,precinct,True,,
2642160,Kalamazoo,MI,2004,0.6739,precinct-mcd-2004,exact,True,,
2642160,Kalamazoo,MI,2008,0.7621,rebuilt-EDA-precinct,precinct,True,,
2642160,Kalamazoo,MI,2012,0.7509,precinct-mcd-2012,exact,True,,
2642160,Kalamazoo,MI,2016,0.7679,Fekrazad-RLCR,precinct,True,,
2642160,Kalamazoo,MI,2020,0.7868,Fekrazad-RLCR,precinct,True,,
2642160,Kalamazoo,MI,2024,0.7804,Metcalf+NYT,precinct,True,,
2642820,Kentwood,MI,2004,0.4122,precinct-mcd-2004,exact,True,,
2642820,Kentwood,MI,2008,0.5421,rebuilt-EDA-precinct,precinct,True,,
2642820,Kentwood,MI,2012,0.5199,precinct-mcd-2012,exact,True,,
2642820,Kentwood,MI,2016,0.5662,Fekrazad-RLCR,precinct,True,,
2642820,Kentwood,MI,2020,0.6087,Fekrazad-RLCR,precinct,True,,
2642820,Kentwood,MI,2024,0.596,Metcalf+NYT,precinct,True,,
2646000,Lansing,MI,2004,0.6708,precinct-mcd-2004,exact,True,,
2646000,Lansing,MI,2008,0.7609,rebuilt-EDA-precinct,precinct,True,,
2646000,Lansing,MI,2012,0.7574,precinct-mcd-2012,exact,True,,
2646000,Lansing,MI,2016,0.7358,Fekrazad-RLCR,precinct,True,,
2646000,Lansing,MI,2020,0.7462,Fekrazad-RLCR,precinct,True,,
2646000,Lansing,MI,2024,0.7344,Metcalf+NYT,precinct,True,,
2649000,Livonia,MI,2004,0.4509,precinct-mcd-2004,exact,True,,
2649000,Livonia,MI,2008,0.5015,rebuilt-EDA-precinct,precinct,True,,
2649000,Livonia,MI,2012,0.4783,precinct-mcd-2012,exact,True,,
2649000,Livonia,MI,2016,0.4613,Fekrazad-RLCR,precinct,True,,
2649000,Livonia,MI,2020,0.5094,Fekrazad-RLCR,precinct,True,,
2649000,Livonia,MI,2024,0.503,Metcalf+NYT,precinct,True,,
2659440,Novi,MI,2004,0.4229,precinct-mcd-2004,exact,True,,
2659440,Novi,MI,2008,0.5204,rebuilt-EDA-precinct,precinct,True,,
2659440,Novi,MI,2012,0.4895,precinct-mcd-2012,exact,True,,
2659440,Novi,MI,2016,0.531,Fekrazad-RLCR,precinct,True,,
2659440,Novi,MI,2020,0.5835,Fekrazad-RLCR,precinct,True,,
2659440,Novi,MI,2024,0.5701,Metcalf+NYT,precinct,True,,
2665440,Pontiac,MI,2004,0.7979,precinct-mcd-2004,exact,True,,
2665440,Pontiac,MI,2008,0.8773,rebuilt-EDA-precinct,precinct,True,,
2665440,Pontiac,MI,2012,0.885,precinct-mcd-2012,exact,True,,
2665440,Pontiac,MI,2016,0.8466,Fekrazad-RLCR,precinct,True,,
2665440,Pontiac,MI,2020,0.8188,Fekrazad-RLCR,precinct,True,,
2665440,Pontiac,MI,2024,0.785,Metcalf+NYT,precinct,True,,
2669035,Rochester Hills,MI,2004,0.4065,precinct-mcd-2004,exact,True,,
2669035,Rochester Hills,MI,2008,0.4859,rebuilt-EDA-precinct,precinct,True,,
2669035,Rochester Hills,MI,2012,0.4496,precinct-mcd-2012,exact,True,,
2669035,Rochester Hills,MI,2016,0.4703,Fekrazad-RLCR,precinct,True,,
2669035,Rochester Hills,MI,2020,0.5167,Fekrazad-RLCR,precinct,True,,
2669035,Rochester Hills,MI,2024,0.5008,Metcalf+NYT,precinct,True,,
2670040,Royal Oak,MI,2004,0.5521,precinct-mcd-2004,exact,True,,
2670040,Royal Oak,MI,2008,0.623,rebuilt-EDA-precinct,precinct,True,,
2670040,Royal Oak,MI,2012,0.5895,precinct-mcd-2012,exact,True,,
2670040,Royal Oak,MI,2016,0.6252,Fekrazad-RLCR,precinct,True,,
2670040,Royal Oak,MI,2020,0.6671,Fekrazad-RLCR,precinct,True,,
2670040,Royal Oak,MI,2024,0.6643,Metcalf+NYT,precinct,True,,
2670760,St. Clair Shores,MI,2004,0.5081,precinct-mcd-2004,exact,True,,
2670760,St. Clair Shores,MI,2008,0.535,rebuilt-EDA-precinct,precinct,True,,
2670760,St. Clair Shores,MI,2012,0.5165,precinct-mcd-2012,exact,True,,
2670760,St. Clair Shores,MI,2016,0.4372,Fekrazad-RLCR,precinct,True,,
2670760,St. Clair Shores,MI,2020,0.4676,Fekrazad-RLCR,precinct,True,,
2670760,St. Clair Shores,MI,2024,0.4527,Metcalf+NYT,precinct,True,,
2674900,Southfield,MI,2004,0.8231,precinct-mcd-2004,exact,True,,
2674900,Southfield,MI,2008,0.89,rebuilt-EDA-precinct,precinct,True,,
2674900,Southfield,MI,2012,0.8983,precinct-mcd-2012,exact,True,,
2674900,Southfield,MI,2016,0.8929,Fekrazad-RLCR,precinct,True,,
2674900,Southfield,MI,2020,0.8782,Fekrazad-RLCR,precinct,True,,
2674900,Southfield,MI,2024,0.8555,Metcalf+NYT,precinct,True,,
2676460,Sterling Heights,MI,2004,0.4816,precinct-mcd-2004,exact,True,,
2676460,Sterling Heights,MI,2008,0.5377,rebuilt-EDA-precinct,precinct,True,,
2676460,Sterling Heights,MI,2012,0.5094,precinct-mcd-2012,exact,True,,
2676460,Sterling Heights,MI,2016,0.4373,Fekrazad-RLCR,precinct,True,,
2676460,Sterling Heights,MI,2020,0.443,Fekrazad-RLCR,precinct,True,,
2676460,Sterling Heights,MI,2024,0.3893,Metcalf+NYT,precinct,True,,
2679000,Taylor,MI,2004,0.6106,precinct-mcd-2004,exact,True,,
2679000,Taylor,MI,2008,0.6518,rebuilt-EDA-precinct,precinct,True,,
2679000,Taylor,MI,2012,0.6522,precinct-mcd-2012,exact,True,,
2679000,Taylor,MI,2016,0.5298,Fekrazad-RLCR,precinct,True,,
2679000,Taylor,MI,2020,0.5289,Fekrazad-RLCR,precinct,True,,
2679000,Taylor,MI,2024,0.5003,Metcalf+NYT,precinct,True,,
2680700,Troy,MI,2004,0.4292,precinct-mcd-2004,exact,True,,
2680700,Troy,MI,2008,0.5034,rebuilt-EDA-precinct,precinct,True,,
2680700,Troy,MI,2012,0.4716,precinct-mcd-2012,exact,True,,
2680700,Troy,MI,2016,0.5039,Fekrazad-RLCR,precinct,True,,
2680700,Troy,MI,2020,0.5548,Fekrazad-RLCR,precinct,True,,
2680700,Troy,MI,2024,0.5366,Metcalf+NYT,precinct,True,,
2684000,Warren,MI,2004,0.5625,precinct-mcd-2004,exact,True,,
2684000,Warren,MI,2008,0.6059,rebuilt-EDA-precinct,precinct,True,,
2684000,Warren,MI,2012,0.6185,precinct-mcd-2012,exact,True,,
2684000,Warren,MI,2016,0.5487,Fekrazad-RLCR,precinct,True,,
2684000,Warren,MI,2020,0.5662,Fekrazad-RLCR,precinct,True,,
2684000,Warren,MI,2024,0.5271,Metcalf+NYT,precinct,True,,
2686000,Westland,MI,2004,0.5865,precinct-mcd-2004,exact,True,,
2686000,Westland,MI,2008,0.6599,rebuilt-EDA-precinct,precinct,True,,
2686000,Westland,MI,2012,0.6543,precinct-mcd-2012,exact,True,,
2686000,Westland,MI,2016,0.5871,Fekrazad-RLCR,precinct,True,,
2686000,Westland,MI,2020,0.5983,Fekrazad-RLCR,precinct,True,,
2686000,Westland,MI,2024,0.5736,Metcalf+NYT,precinct,True,,
2688940,Wyoming,MI,2004,0.3927,precinct-mcd-2004,exact,True,,
2688940,Wyoming,MI,2008,0.5099,rebuilt-EDA-precinct,precinct,True,,
2688940,Wyoming,MI,2012,0.4752,precinct-mcd-2012,exact,True,,
2688940,Wyoming,MI,2016,0.4804,Fekrazad-RLCR,precinct,True,,
2688940,Wyoming,MI,2020,0.534,Fekrazad-RLCR,precinct,True,,
2688940,Wyoming,MI,2024,0.5324,Metcalf+NYT,precinct,True,,
2701900,Apple Valley,MN,2004,0.4769,precinct-mcd-2004,exact,True,,
2701900,Apple Valley,MN,2008,0.5279,rebuilt-EDA-precinct,precinct,True,,
2701900,Apple Valley,MN,2012,0.5247,precinct-mcd-2012,exact,True,,
2701900,Apple Valley,MN,2016,0.5573,Fekrazad-RLCR,precinct,True,,
2701900,Apple Valley,MN,2020,0.6122,Fekrazad-RLCR,precinct,True,,
2701900,Apple Valley,MN,2024,0.615,Metcalf+NYT,precinct,True,,
2706382,Blaine,MN,2004,0.4808,precinct-mcd-2004,exact,True,,
2706382,Blaine,MN,2008,0.5125,rebuilt-EDA-precinct,precinct,True,,
2706382,Blaine,MN,2012,0.5083,precinct-mcd-2012,exact,True,,
2706382,Blaine,MN,2016,0.4816,Fekrazad-RLCR,precinct,True,,
2706382,Blaine,MN,2020,0.5259,Fekrazad-RLCR,precinct,True,,
2706382,Blaine,MN,2024,0.5122,Metcalf+NYT,precinct,True,,
2706616,Bloomington,MN,2004,0.5285,precinct-mcd-2004,exact,True,,
2706616,Bloomington,MN,2008,0.5684,rebuilt-EDA-precinct,precinct,True,,
2706616,Bloomington,MN,2012,0.5679,precinct-mcd-2012,exact,True,,
2706616,Bloomington,MN,2016,0.6065,Fekrazad-RLCR,precinct,True,,
2706616,Bloomington,MN,2020,0.6554,Fekrazad-RLCR,precinct,True,,
2706616,Bloomington,MN,2024,0.657,Metcalf+NYT,precinct,True,,
2707966,Brooklyn Park,MN,2004,0.5455,precinct-mcd-2004,exact,True,,
2707966,Brooklyn Park,MN,2008,0.6177,rebuilt-EDA-precinct,precinct,True,,
2707966,Brooklyn Park,MN,2012,0.6345,precinct-mcd-2012,exact,True,,
2707966,Brooklyn Park,MN,2016,0.6616,Fekrazad-RLCR,precinct,True,,
2707966,Brooklyn Park,MN,2020,0.682,Fekrazad-RLCR,precinct,True,,
2707966,Brooklyn Park,MN,2024,0.6735,Metcalf+NYT,precinct,True,,
2708794,Burnsville,MN,2004,0.4938,precinct-mcd-2004,exact,True,,
2708794,Burnsville,MN,2008,0.5402,rebuilt-EDA-precinct,precinct,True,,
2708794,Burnsville,MN,2012,0.537,precinct-mcd-2012,exact,True,,
2708794,Burnsville,MN,2016,0.5639,Fekrazad-RLCR,precinct,True,,
2708794,Burnsville,MN,2020,0.6163,Fekrazad-RLCR,precinct,True,,
2708794,Burnsville,MN,2024,0.6073,Metcalf+NYT,precinct,True,,
2713114,Coon Rapids,MN,2004,0.4859,precinct-mcd-2004,exact,True,,
2713114,Coon Rapids,MN,2008,0.5161,rebuilt-EDA-precinct,precinct,True,,
2713114,Coon Rapids,MN,2012,0.5231,precinct-mcd-2012,exact,True,,
2713114,Coon Rapids,MN,2016,0.4798,Fekrazad-RLCR,precinct,True,,
2713114,Coon Rapids,MN,2020,0.5364,Fekrazad-RLCR,precinct,True,,
2713114,Coon Rapids,MN,2024,0.5302,Metcalf+NYT,precinct,True,,
2717000,Duluth,MN,2004,0.6812,precinct-mcd-2004,exact,True,,
2717000,Duluth,MN,2008,0.6966,rebuilt-EDA-precinct,precinct,True,,
2717000,Duluth,MN,2012,0.694,precinct-mcd-2012,exact,True,,
2717000,Duluth,MN,2016,0.6586,Fekrazad-RLCR,precinct,True,,
2717000,Duluth,MN,2020,0.699,Fekrazad-RLCR,precinct,True,,
2717000,Duluth,MN,2024,0.698,Metcalf+NYT,precinct,True,,
2717288,Eagan,MN,2004,0.5079,precinct-mcd-2004,exact,True,,
2717288,Eagan,MN,2008,0.5564,rebuilt-EDA-precinct,precinct,True,,
2717288,Eagan,MN,2012,0.5443,precinct-mcd-2012,exact,True,,
2717288,Eagan,MN,2016,0.5961,Fekrazad-RLCR,precinct,True,,
2717288,Eagan,MN,2020,0.6485,Fekrazad-RLCR,precinct,True,,
2717288,Eagan,MN,2024,0.6501,Metcalf+NYT,precinct,True,,
2718116,Eden Prairie,MN,2004,0.4392,precinct-mcd-2004,exact,True,,
2718116,Eden Prairie,MN,2008,0.5153,rebuilt-EDA-precinct,precinct,True,,
2718116,Eden Prairie,MN,2012,0.4887,precinct-mcd-2012,exact,True,,
2718116,Eden Prairie,MN,2016,0.5772,Fekrazad-RLCR,precinct,True,,
2718116,Eden Prairie,MN,2020,0.6312,Fekrazad-RLCR,precinct,True,,
2718116,Eden Prairie,MN,2024,0.6386,Metcalf+NYT,precinct,True,,
2718188,Edina,MN,2004,0.513,precinct-mcd-2004,exact,True,,
2718188,Edina,MN,2008,0.5602,rebuilt-EDA-precinct,precinct,True,,
2718188,Edina,MN,2012,0.534,precinct-mcd-2012,exact,True,,
2718188,Edina,MN,2016,0.6486,Fekrazad-RLCR,precinct,True,,
2718188,Edina,MN,2020,0.6924,Fekrazad-RLCR,precinct,True,,
2718188,Edina,MN,2024,0.6989,Metcalf+NYT,precinct,True,,
2735180,Lakeville,MN,2004,0.398,precinct-mcd-2004,exact,True,,
2735180,Lakeville,MN,2008,0.4484,rebuilt-EDA-precinct,precinct,True,,
2735180,Lakeville,MN,2012,0.4264,precinct-mcd-2012,exact,True,,
2735180,Lakeville,MN,2016,0.4356,Fekrazad-RLCR,precinct,True,,
2735180,Lakeville,MN,2020,0.4949,Fekrazad-RLCR,precinct,True,,
2735180,Lakeville,MN,2024,0.4983,Metcalf+NYT,precinct,True,,
2740166,Maple Grove,MN,2004,0.4254,precinct-mcd-2004,exact,True,,
2740166,Maple Grove,MN,2008,0.4759,rebuilt-EDA-precinct,precinct,True,,
2740166,Maple Grove,MN,2012,0.4598,precinct-mcd-2012,exact,True,,
2740166,Maple Grove,MN,2016,0.5138,Fekrazad-RLCR,precinct,True,,
2740166,Maple Grove,MN,2020,0.5698,Fekrazad-RLCR,precinct,True,,
2740166,Maple Grove,MN,2024,0.5802,Metcalf+NYT,precinct,True,,
2743000,Minneapolis,MN,2004,0.7896,precinct-mcd-2004,exact,True,,
2743000,Minneapolis,MN,2008,0.8287,rebuilt-EDA-precinct,precinct,True,,
2743000,Minneapolis,MN,2012,0.8291,precinct-mcd-2012,exact,True,,
2743000,Minneapolis,MN,2016,0.8717,Fekrazad-RLCR,precinct,True,,
2743000,Minneapolis,MN,2020,0.8839,Fekrazad-RLCR,precinct,True,,
2743000,Minneapolis,MN,2024,0.8788,Metcalf+NYT,precinct,True,,
2743252,Minnetonka,MN,2004,0.5369,precinct-mcd-2004,exact,True,,
2743252,Minnetonka,MN,2008,0.5819,rebuilt-EDA-precinct,precinct,True,,
2743252,Minnetonka,MN,2012,0.5602,precinct-mcd-2012,exact,True,,
2743252,Minnetonka,MN,2016,0.6332,Fekrazad-RLCR,precinct,True,,
2743252,Minnetonka,MN,2020,0.6768,Fekrazad-RLCR,precinct,True,,
2743252,Minnetonka,MN,2024,0.6807,Metcalf+NYT,precinct,True,,
2751730,Plymouth,MN,2004,0.4761,precinct-mcd-2004,exact,True,,
2751730,Plymouth,MN,2008,0.5286,rebuilt-EDA-precinct,precinct,True,,
2751730,Plymouth,MN,2012,0.5099,precinct-mcd-2012,exact,True,,
2751730,Plymouth,MN,2016,0.5859,Fekrazad-RLCR,precinct,True,,
2751730,Plymouth,MN,2020,0.6329,Fekrazad-RLCR,precinct,True,,
2751730,Plymouth,MN,2024,0.6435,Metcalf+NYT,precinct,True,,
2754880,Rochester,MN,2004,0.4931,precinct-mcd-2004,exact,True,,
2754880,Rochester,MN,2008,0.5469,rebuilt-EDA-precinct,precinct,True,,
2754880,Rochester,MN,2012,0.5465,precinct-mcd-2012,exact,True,,
2754880,Rochester,MN,2016,0.5584,Fekrazad-RLCR,precinct,True,,
2754880,Rochester,MN,2020,0.6103,Fekrazad-RLCR,precinct,True,,
2754880,Rochester,MN,2024,0.6115,Metcalf+NYT,precinct,True,,
2756896,St. Cloud,MN,2004,0.5237,precinct-mcd-2004,exact,True,,
2756896,St. Cloud,MN,2008,0.5494,rebuilt-EDA-precinct,precinct,True,,
2756896,St. Cloud,MN,2012,0.5408,precinct-mcd-2012,exact,True,,
2756896,St. Cloud,MN,2016,0.4828,Fekrazad-RLCR,precinct,True,,
2756896,St. Cloud,MN,2020,0.5384,Fekrazad-RLCR,precinct,True,,
2756896,St. Cloud,MN,2024,0.5105,Metcalf+NYT,precinct,True,,
2757220,St. Louis Park,MN,2004,0.659,precinct-mcd-2004,exact,True,,
2757220,St. Louis Park,MN,2008,0.7002,rebuilt-EDA-precinct,precinct,True,,
2757220,St. Louis Park,MN,2012,0.6812,precinct-mcd-2012,exact,True,,
2757220,St. Louis Park,MN,2016,0.7554,Fekrazad-RLCR,precinct,True,,
2757220,St. Louis Park,MN,2020,0.7771,Fekrazad-RLCR,precinct,True,,
2757220,St. Louis Park,MN,2024,0.7737,Metcalf+NYT,precinct,True,,
2758000,St. Paul,MN,2004,0.7368,precinct-mcd-2004,exact,True,,
2758000,St. Paul,MN,2008,0.7716,rebuilt-EDA-precinct,precinct,True,,
2758000,St. Paul,MN,2012,0.7839,precinct-mcd-2012,exact,True,,
2758000,St. Paul,MN,2016,0.8154,Fekrazad-RLCR,precinct,True,,
2758000,St. Paul,MN,2020,0.8125,Fekrazad-RLCR,precinct,True,,
2758000,St. Paul,MN,2024,0.7969,Metcalf+NYT,precinct,True,,
2771428,Woodbury,MN,2004,0.4636,precinct-mcd-2004,exact,True,,
2771428,Woodbury,MN,2008,0.5324,rebuilt-EDA-precinct,precinct,True,,
2771428,Woodbury,MN,2012,0.5065,precinct-mcd-2012,exact,True,,
2771428,Woodbury,MN,2016,0.5645,Fekrazad-RLCR,precinct,True,,
2771428,Woodbury,MN,2020,0.6062,Fekrazad-RLCR,precinct,True,,
2771428,Woodbury,MN,2024,0.6082,Metcalf+NYT,precinct,True,,
2829700,Gulfport,MS,2004,0.486,county-rescale-BG16-corr,estimated,False,3.15,
2829700,Gulfport,MS,2008,0.4685,rebuilt-EDA-precinct,precinct,True,,
2829700,Gulfport,MS,2012,0.4878,county-rescale-BG16-corr,estimated,False,1.74,
2829700,Gulfport,MS,2016,0.4791,Fekrazad-RLCR,precinct,True,,
2829700,Gulfport,MS,2020,0.5094,Fekrazad-RLCR,precinct,True,,
2829700,Gulfport,MS,2024,0.4844,Metcalf+NYT,precinct,True,,
2836000,Jackson,MS,2004,0.7437,county-rescale-BG16-corr,estimated,False,3.15,
2836000,Jackson,MS,2008,0.8064,rebuilt-EDA-precinct,precinct,True,,
2836000,Jackson,MS,2012,0.8302,county-rescale-BG16-corr,estimated,False,1.74,
2836000,Jackson,MS,2016,0.8434,Fekrazad-RLCR,precinct,True,,
2836000,Jackson,MS,2020,0.848,Fekrazad-RLCR,precinct,True,,
2836000,Jackson,MS,2024,0.8421,Metcalf+NYT,precinct,True,,
2906652,Blue Springs,MO,2004,0.3397,county-rescale-BG16-corr,estimated,False,3.15,
2906652,Blue Springs,MO,2008,0.4397,rebuilt-EDA-precinct,precinct,True,,
2906652,Blue Springs,MO,2012,0.3404,county-rescale-BG16-corr,estimated,False,1.74,
2906652,Blue Springs,MO,2016,0.3929,Fekrazad-RLCR,precinct,True,,
2906652,Blue Springs,MO,2020,0.4614,Fekrazad-RLCR,precinct,True,,
2906652,Blue Springs,MO,2024,0.4575,Metcalf+NYT,precinct,True,,
2915670,Columbia,MO,2004,0.5689,county-rescale-BG16-corr,estimated,False,3.15,
2915670,Columbia,MO,2008,0.6096,rebuilt-EDA-precinct,precinct,True,,
2915670,Columbia,MO,2012,0.5852,county-rescale-BG16-corr,estimated,False,1.74,
2915670,Columbia,MO,2016,0.6186,Fekrazad-RLCR,precinct,True,,
2915670,Columbia,MO,2020,0.6659,Fekrazad-RLCR,precinct,True,,
2915670,Columbia,MO,2024,0.6378,Metcalf+NYT,precinct,True,,
2924778,Florissant,MO,2004,0.6156,county-rescale-BG16-corr,estimated,False,3.15,
2924778,Florissant,MO,2008,0.6753,rebuilt-EDA-precinct,precinct,True,,
2924778,Florissant,MO,2012,0.6375,county-rescale-BG16-corr,estimated,False,1.74,
2924778,Florissant,MO,2016,0.645,Fekrazad-RLCR,precinct,True,,
2924778,Florissant,MO,2020,0.6975,Fekrazad-RLCR,precinct,True,,
2924778,Florissant,MO,2024,0.7038,Metcalf+NYT,precinct,True,,
2935000,Independence,MO,2004,0.4025,county-rescale-BG16-corr,estimated,False,3.15,
2935000,Independence,MO,2008,0.5248,rebuilt-EDA-precinct,precinct,True,,
2935000,Independence,MO,2012,0.4034,county-rescale-BG16-corr,estimated,False,1.74,
2935000,Independence,MO,2016,0.4438,Fekrazad-RLCR,precinct,True,,
2935000,Independence,MO,2020,0.4769,Fekrazad-RLCR,precinct,True,,
2935000,Independence,MO,2024,0.4758,Metcalf+NYT,precinct,True,,
2938000,Kansas City,MO,2004,0.6361,county-rescale-BG16-corr,estimated,False,3.15,
2938000,Kansas City,MO,2008,0.7065,rebuilt-EDA-precinct,precinct,True,,
2938000,Kansas City,MO,2012,0.6271,county-rescale-BG16-corr,estimated,False,1.74,
2938000,Kansas City,MO,2016,0.6786,Fekrazad-RLCR,precinct,True,,
2938000,Kansas City,MO,2020,0.6953,Fekrazad-RLCR,precinct,True,,
2938000,Kansas City,MO,2024,0.671,Metcalf+NYT,precinct,True,,
2941348,Lee's Summit,MO,2004,0.3617,county-rescale-BG16-corr,estimated,False,3.15,
2941348,Lee's Summit,MO,2008,0.4388,rebuilt-EDA-precinct,precinct,True,,
2941348,Lee's Summit,MO,2012,0.3617,county-rescale-BG16-corr,estimated,False,1.74,
2941348,Lee's Summit,MO,2016,0.4419,Fekrazad-RLCR,precinct,True,,
2941348,Lee's Summit,MO,2020,0.4931,Fekrazad-RLCR,precinct,True,,
2941348,Lee's Summit,MO,2024,0.5085,Metcalf+NYT,precinct,True,,
2964082,St. Charles,MO,2004,0.467,county-rescale-BG16-corr,estimated,False,3.15,
2964082,St. Charles,MO,2008,0.4949,rebuilt-EDA-precinct,precinct,True,,
2964082,St. Charles,MO,2012,0.4488,county-rescale-BG16-corr,estimated,False,1.74,
2964082,St. Charles,MO,2016,0.4273,Fekrazad-RLCR,precinct,True,,
2964082,St. Charles,MO,2020,0.4878,Fekrazad-RLCR,precinct,True,,
2964082,St. Charles,MO,2024,0.4925,Metcalf+NYT,precinct,True,,
2964550,St. Joseph,MO,2004,0.4908,county-rescale-BG16-corr,estimated,False,3.15,
2964550,St. Joseph,MO,2008,0.5129,rebuilt-EDA-precinct,precinct,True,,
2964550,St. Joseph,MO,2012,0.4728,county-rescale-BG16-corr,estimated,False,1.74,
2964550,St. Joseph,MO,2016,0.3818,Fekrazad-RLCR,precinct,True,,
2964550,St. Joseph,MO,2020,0.4038,Fekrazad-RLCR,precinct,True,,
2964550,St. Joseph,MO,2024,0.3985,Metcalf+NYT,precinct,True,,
2965000,St. Louis,MO,2004,0.8069,county-direct,exact,True,,
2965000,St. Louis,MO,2008,0.8434,rebuilt-EDA-precinct,precinct,True,,
2965000,St. Louis,MO,2012,0.8381,county-direct,exact,True,,
2965000,St. Louis,MO,2016,0.8334,Fekrazad-RLCR,precinct,True,,
2965000,St. Louis,MO,2020,0.8368,Fekrazad-RLCR,precinct,True,,
2965000,St. Louis,MO,2024,0.83,Metcalf+NYT,precinct,True,,
2965126,St. Peters,MO,2004,0.4361,county-rescale-BG16-corr,estimated,False,3.15,
2965126,St. Peters,MO,2008,0.476,rebuilt-EDA-precinct,precinct,True,,
2965126,St. Peters,MO,2012,0.4182,county-rescale-BG16-corr,estimated,False,1.74,
2965126,St. Peters,MO,2016,0.3853,Fekrazad-RLCR,precinct,True,,
2965126,St. Peters,MO,2020,0.4442,Fekrazad-RLCR,precinct,True,,
2965126,St. Peters,MO,2024,0.4627,Metcalf+NYT,precinct,True,,
2970000,Springfield,MO,2004,0.4421,county-rescale-BG16-corr,estimated,False,3.15,
2970000,Springfield,MO,2008,0.4781,rebuilt-EDA-precinct,precinct,True,,
2970000,Springfield,MO,2012,0.4428,county-rescale-BG16-corr,estimated,False,1.74,
2970000,Springfield,MO,2016,0.4307,Fekrazad-RLCR,precinct,True,,
2970000,Springfield,MO,2020,0.4954,Fekrazad-RLCR,precinct,True,,
2970000,Springfield,MO,2024,0.4929,Metcalf+NYT,precinct,True,,
3006550,Billings,MT,2004,0.4248,county-rescale-BG16,estimated,False,3.15,
3006550,Billings,MT,2008,0.5237,county-rescale-BG16,estimated,False,2.12,bg16-fill-2008
3006550,Billings,MT,2012,0.4495,county-rescale-BG16,estimated,False,1.74,
3006550,Billings,MT,2016,0.4042,Fekrazad-RLCR,precinct,True,,
3006550,Billings,MT,2020,0.4347,Fekrazad-RLCR,precinct,True,,
3006550,Billings,MT,2024,0.422,Metcalf+NYT,precinct,True,,
3032800,Great Falls,MT,2004,0.4583,county-rescale-BG16,estimated,False,3.15,
3032800,Great Falls,MT,2008,0.5518,county-rescale-BG16,estimated,False,2.12,bg16-fill-2008
3032800,Great Falls,MT,2012,0.4938,county-rescale-BG16,estimated,False,1.74,
3032800,Great Falls,MT,2016,0.4215,Fekrazad-RLCR,precinct,True,,
3032800,Great Falls,MT,2020,0.4415,Fekrazad-RLCR,precinct,True,,
3032800,Great Falls,MT,2024,0.4341,Metcalf+NYT,precinct,True,,
3050200,Missoula,MT,2004,0.6429,county-rescale-BG16,estimated,False,3.15,
3050200,Missoula,MT,2008,0.7381,county-rescale-BG16,estimated,False,2.12,bg16-fill-2008
3050200,Missoula,MT,2012,0.6987,county-rescale-BG16,estimated,False,1.74,
3050200,Missoula,MT,2016,0.6941,Fekrazad-RLCR,precinct,True,,
3050200,Missoula,MT,2020,0.7195,Fekrazad-RLCR,precinct,True,,
3050200,Missoula,MT,2024,0.7222,Metcalf+NYT,precinct,True,,
3103950,Bellevue,NE,2004,0.3262,county-rescale-BG16-corr,estimated,False,3.15,
3103950,Bellevue,NE,2008,0.443,rebuilt-EDA-precinct,precinct,True,,
3103950,Bellevue,NE,2012,0.4077,county-rescale-BG16-corr,estimated,False,1.74,
3103950,Bellevue,NE,2016,0.4122,Fekrazad-RLCR,precinct,True,,
3103950,Bellevue,NE,2020,0.4759,Fekrazad-RLCR,precinct,True,,
3103950,Bellevue,NE,2024,0.4823,Metcalf+NYT,precinct,True,,
3119595,Grand Island,NE,2004,0.3136,county-rescale-BG16-corr,estimated,False,3.15,
3119595,Grand Island,NE,2008,0.379,rebuilt-EDA-precinct,precinct,True,,
3119595,Grand Island,NE,2012,0.3788,county-rescale-BG16-corr,estimated,False,1.74,
3119595,Grand Island,NE,2016,0.3342,Fekrazad-RLCR,precinct,True,,
3119595,Grand Island,NE,2020,0.3521,Fekrazad-RLCR,precinct,True,,
3119595,Grand Island,NE,2024,0.3439,Metcalf+NYT,precinct,True,,
3128000,Lincoln,NE,2004,0.4479,county-rescale-BG16-corr,estimated,False,3.15,
3128000,Lincoln,NE,2008,0.524,rebuilt-EDA-precinct,precinct,True,,
3128000,Lincoln,NE,2012,0.516,county-rescale-BG16-corr,estimated,False,1.74,
3128000,Lincoln,NE,2016,0.5376,Fekrazad-RLCR,precinct,True,,
3128000,Lincoln,NE,2020,0.5714,Fekrazad-RLCR,precinct,True,,
3128000,Lincoln,NE,2024,0.5524,Metcalf+NYT,precinct,True,,
3137000,Omaha,NE,2004,0.415,county-rescale-BG16-corr,estimated,False,3.15,
3137000,Omaha,NE,2008,0.5142,rebuilt-EDA-precinct,precinct,True,,
3137000,Omaha,NE,2012,0.492,county-rescale-BG16-corr,estimated,False,1.74,
3137000,Omaha,NE,2016,0.537,Fekrazad-RLCR,precinct,True,,
3137000,Omaha,NE,2020,0.5853,Fekrazad-RLCR,precinct,True,,
3137000,Omaha,NE,2024,0.584,Metcalf+NYT,precinct,True,,
3209700,Carson City,NV,2004,0.4175,county-direct,exact,True,,
3209700,Carson City,NV,2008,0.5044,county-direct,exact,True,,
3209700,Carson City,NV,2012,0.4536,county-direct,exact,True,,
3209700,Carson City,NV,2016,0.4227,county-direct,exact,True,,
3209700,Carson City,NV,2020,0.4415,county-direct,exact,True,,
3209700,Carson City,NV,2024,0.4422,Metcalf+NYT,precinct,True,,
3231900,Henderson,NV,2004,0.4386,county-rescale-BG16-corr,estimated,False,3.15,
3231900,Henderson,NV,2008,0.5215,rebuilt-HEDA-precinct,precinct,True,,
3231900,Henderson,NV,2012,0.4883,county-rescale-BG16-corr,estimated,False,1.74,
3231900,Henderson,NV,2016,0.4609,Fekrazad-RLCR,precinct,True,,
3231900,Henderson,NV,2020,0.4745,Fekrazad-RLCR,precinct,True,,
3231900,Henderson,NV,2024,0.4581,Metcalf+NYT,precinct,True,,
3240000,Las Vegas,NV,2004,0.5281,county-rescale-BG16-corr,estimated,False,3.15,
3240000,Las Vegas,NV,2008,0.6,rebuilt-HEDA-precinct,precinct,True,,
3240000,Las Vegas,NV,2012,0.5778,county-rescale-BG16-corr,estimated,False,1.74,
3240000,Las Vegas,NV,2016,0.5608,Fekrazad-RLCR,precinct,True,,
3240000,Las Vegas,NV,2020,0.5531,Fekrazad-RLCR,precinct,True,,
3240000,Las Vegas,NV,2024,0.5237,Metcalf+NYT,precinct,True,,
3251800,North Las Vegas,NV,2004,0.6464,county-rescale-BG16-corr,estimated,False,3.15,
3251800,North Las Vegas,NV,2008,0.7051,rebuilt-HEDA-precinct,precinct,True,,
3251800,North Las Vegas,NV,2012,0.6905,county-rescale-BG16-corr,estimated,False,1.74,
3251800,North Las Vegas,NV,2016,0.6801,Fekrazad-RLCR,precinct,True,,
3251800,North Las Vegas,NV,2020,0.6567,Fekrazad-RLCR,precinct,True,,
3251800,North Las Vegas,NV,2024,0.6115,Metcalf+NYT,precinct,True,,
3260600,Reno,NV,2004,0.534,county-rescale-BG16-corr,estimated,False,3.15,
3260600,Reno,NV,2008,0.6122,rebuilt-HEDA-precinct,precinct,True,,
3260600,Reno,NV,2012,0.5737,county-rescale-BG16-corr,estimated,False,1.74,
3260600,Reno,NV,2016,0.5675,Fekrazad-RLCR,precinct,True,,
3260600,Reno,NV,2020,0.5798,Fekrazad-RLCR,precinct,True,,
3260600,Reno,NV,2024,0.562,Metcalf+NYT,precinct,True,,
3268400,Sparks,NV,2004,0.4836,county-rescale-BG16-corr,estimated,False,3.15,
3268400,Sparks,NV,2008,0.5739,rebuilt-HEDA-precinct,precinct,True,,
3268400,Sparks,NV,2012,0.5239,county-rescale-BG16-corr,estimated,False,1.74,
3268400,Sparks,NV,2016,0.5075,Fekrazad-RLCR,precinct,True,,
3268400,Sparks,NV,2020,0.5212,Fekrazad-RLCR,precinct,True,,
3268400,Sparks,NV,2024,0.4962,Metcalf+NYT,precinct,True,,
3345140,Manchester,NH,2004,0.523,county-rescale-BG16-corr,estimated,False,3.15,
3345140,Manchester,NH,2008,0.5559,rebuilt-HEDA-precinct,precinct,True,,
3345140,Manchester,NH,2012,0.543,county-rescale-BG16-corr,estimated,False,1.74,
3345140,Manchester,NH,2016,0.5364,Fekrazad-RLCR,precinct,True,,
3345140,Manchester,NH,2020,0.5711,Fekrazad-RLCR,precinct,True,,
3345140,Manchester,NH,2024,0.5387,Metcalf+NYT,precinct,True,,
3350260,Nashua,NH,2004,0.5441,county-rescale-BG16-corr,estimated,False,3.15,
3350260,Nashua,NH,2008,0.5693,rebuilt-HEDA-precinct,precinct,True,,
3350260,Nashua,NH,2012,0.564,county-rescale-BG16-corr,estimated,False,1.74,
3350260,Nashua,NH,2016,0.5649,Fekrazad-RLCR,precinct,True,,
3350260,Nashua,NH,2020,0.6005,Fekrazad-RLCR,precinct,True,,
3350260,Nashua,NH,2024,0.5644,Metcalf+NYT,precinct,True,,
3403580,Bayonne,NJ,2004,0.5654,precinct-2004,precinct,True,,
3403580,Bayonne,NJ,2008,0.5825,rebuilt-EDA-precinct,precinct,True,,
3403580,Bayonne,NJ,2012,0.6296,county-rescale-BG16-corr,estimated,False,1.74,
3403580,Bayonne,NJ,2016,0.5948,Fekrazad-RLCR,precinct,True,,
3403580,Bayonne,NJ,2020,0.6024,Fekrazad-RLCR,precinct,True,,
3403580,Bayonne,NJ,2024,0.5304,Metcalf+NYT,precinct,True,,
3410000,Camden,NJ,2004,0.8701,precinct-2004,precinct,True,,
3410000,Camden,NJ,2008,0.9455,rebuilt-EDA-precinct,precinct,True,,
3410000,Camden,NJ,2012,0.9544,county-rescale-BG16-corr,estimated,False,1.74,
3410000,Camden,NJ,2016,0.9591,Fekrazad-RLCR,precinct,True,,
3410000,Camden,NJ,2020,0.8984,Fekrazad-RLCR,precinct,True,,
3410000,Camden,NJ,2024,0.8278,Metcalf+NYT,precinct,True,,
3419390,East Orange,NJ,2004,0.9392,precinct-2004,precinct,True,,
3419390,East Orange,NJ,2008,0.9835,rebuilt-EDA-precinct,precinct,True,,
3419390,East Orange,NJ,2012,0.9802,county-rescale-BG16-corr,estimated,False,1.74,
3419390,East Orange,NJ,2016,0.9744,Fekrazad-RLCR,precinct,True,,
3419390,East Orange,NJ,2020,0.9553,Fekrazad-RLCR,precinct,True,,
3419390,East Orange,NJ,2024,0.913,Metcalf+NYT,precinct,True,,
3421000,Elizabeth,NJ,2004,0.7101,county-rescale-BG16-corr,estimated,False,3.15,
3421000,Elizabeth,NJ,2008,0.723,rebuilt-EDA-precinct,precinct,True,,
3421000,Elizabeth,NJ,2012,0.7716,county-rescale-BG16-corr,estimated,False,1.74,
3421000,Elizabeth,NJ,2016,0.8072,Fekrazad-RLCR,precinct,True,,
3421000,Elizabeth,NJ,2020,0.7081,Fekrazad-RLCR,precinct,True,,
3421000,Elizabeth,NJ,2024,0.5678,Metcalf+NYT,precinct,True,,
3432250,Hoboken,NJ,2004,0.6598,precinct-2004,precinct,True,,
3432250,Hoboken,NJ,2008,0.7212,rebuilt-EDA-precinct,precinct,True,,
3432250,Hoboken,NJ,2012,0.7748,county-rescale-BG16-corr,estimated,False,1.74,
3432250,Hoboken,NJ,2016,0.7668,Fekrazad-RLCR,precinct,True,,
3432250,Hoboken,NJ,2020,0.771,Fekrazad-RLCR,precinct,True,,
3432250,Hoboken,NJ,2024,0.6988,Metcalf+NYT,precinct,True,,
3436000,Jersey City,NJ,2004,0.7576,precinct-2004,precinct,True,,
3436000,Jersey City,NJ,2008,0.8266,rebuilt-EDA-precinct,precinct,True,,
3436000,Jersey City,NJ,2012,0.8629,county-rescale-BG16-corr,estimated,False,1.74,
3436000,Jersey City,NJ,2016,0.8566,Fekrazad-RLCR,precinct,True,,
3436000,Jersey City,NJ,2020,0.8227,Fekrazad-RLCR,precinct,True,,
3436000,Jersey City,NJ,2024,0.7545,Metcalf+NYT,precinct,True,,
3451000,Newark,NJ,2004,0.8873,precinct-2004,precinct,True,,
3451000,Newark,NJ,2008,0.9447,rebuilt-EDA-precinct,precinct,True,,
3451000,Newark,NJ,2012,0.9416,county-rescale-BG16-corr,estimated,False,1.74,
3451000,Newark,NJ,2016,0.9324,Fekrazad-RLCR,precinct,True,,
3451000,Newark,NJ,2020,0.8762,Fekrazad-RLCR,precinct,True,,
3451000,Newark,NJ,2024,0.7925,Metcalf+NYT,precinct,True,,
3456550,Passaic,NJ,2004,0.6884,precinct-2004,precinct,True,,
3456550,Passaic,NJ,2008,0.7535,rebuilt-EDA-precinct,precinct,True,,
3456550,Passaic,NJ,2012,0.7821,county-rescale-BG16-corr,estimated,False,1.74,
3456550,Passaic,NJ,2016,0.7662,Fekrazad-RLCR,precinct,True,,
3456550,Passaic,NJ,2020,0.63,Fekrazad-RLCR,precinct,True,,
3456550,Passaic,NJ,2024,0.4703,Metcalf+NYT,precinct,True,,
3457000,Paterson,NJ,2004,0.8286,precinct-2004,precinct,True,,
3457000,Paterson,NJ,2008,0.901,rebuilt-EDA-precinct,precinct,True,,
3457000,Paterson,NJ,2012,0.9156,county-rescale-BG16-corr,estimated,False,1.74,
3457000,Paterson,NJ,2016,0.9101,Fekrazad-RLCR,precinct,True,,
3457000,Paterson,NJ,2020,0.8092,Fekrazad-RLCR,precinct,True,,
3457000,Paterson,NJ,2024,0.6565,Metcalf+NYT,precinct,True,,
3458200,Perth Amboy,NJ,2004,0.8091,county-rescale-BG16-corr,estimated,False,3.15,
3458200,Perth Amboy,NJ,2008,0.8312,rebuilt-EDA-precinct,precinct,True,,
3458200,Perth Amboy,NJ,2012,0.8505,county-rescale-BG16-corr,estimated,False,1.74,
3458200,Perth Amboy,NJ,2016,0.8374,Fekrazad-RLCR,precinct,True,,
3458200,Perth Amboy,NJ,2020,0.7201,Fekrazad-RLCR,precinct,True,,
3458200,Perth Amboy,NJ,2024,0.5447,Metcalf+NYT,precinct,True,,
3459190,Plainfield,NJ,2004,0.8687,precinct-2004,precinct,True,,
3459190,Plainfield,NJ,2008,0.9326,rebuilt-EDA-precinct,precinct,True,,
3459190,Plainfield,NJ,2012,0.9308,county-rescale-BG16-corr,estimated,False,1.74,
3459190,Plainfield,NJ,2016,0.9228,Fekrazad-RLCR,precinct,True,,
3459190,Plainfield,NJ,2020,0.9018,Fekrazad-RLCR,precinct,True,,
3459190,Plainfield,NJ,2024,0.8238,Metcalf+NYT,precinct,True,,
3474000,Trenton,NJ,2004,0.8504,precinct-2004,precinct,True,,
3474000,Trenton,NJ,2008,0.9289,rebuilt-EDA-precinct,precinct,True,,
3474000,Trenton,NJ,2012,0.9242,county-rescale-BG16-corr,estimated,False,1.74,
3474000,Trenton,NJ,2016,0.9197,Fekrazad-RLCR,precinct,True,,
3474000,Trenton,NJ,2020,0.8861,Fekrazad-RLCR,precinct,True,,
3474000,Trenton,NJ,2024,0.8341,Metcalf+NYT,precinct,True,,
3476070,Vineland,NJ,2004,0.5536,precinct-2004,precinct,True,,
3476070,Vineland,NJ,2008,0.6393,rebuilt-EDA-precinct,precinct,True,,
3476070,Vineland,NJ,2012,0.6599,county-rescale-BG16-corr,estimated,False,1.74,
3476070,Vineland,NJ,2016,0.5813,Fekrazad-RLCR,precinct,True,,
3476070,Vineland,NJ,2020,0.5717,Fekrazad-RLCR,precinct,True,,
3476070,Vineland,NJ,2024,0.5115,Metcalf+NYT,precinct,True,,
3502000,Albuquerque,NM,2004,0.5307,county-rescale-BG16-corr,estimated,False,3.15,
3502000,Albuquerque,NM,2008,0.6138,rebuilt-HEDA-precinct,precinct,True,,
3502000,Albuquerque,NM,2012,0.5957,precinct-2012,precinct,True,,
3502000,Albuquerque,NM,2016,0.6143,Fekrazad-RLCR,precinct,True,,
3502000,Albuquerque,NM,2020,0.6361,Fekrazad-RLCR,precinct,True,,
3502000,Albuquerque,NM,2024,0.6207,Metcalf+NYT,precinct,True,,
3539380,Las Cruces,NM,2004,0.5188,county-rescale-BG16-corr,estimated,False,3.15,
3539380,Las Cruces,NM,2008,0.5935,rebuilt-HEDA-precinct,precinct,True,,
3539380,Las Cruces,NM,2012,0.5766,precinct-2012,precinct,True,,
3539380,Las Cruces,NM,2016,0.5968,Fekrazad-RLCR,precinct,True,,
3539380,Las Cruces,NM,2020,0.6079,Fekrazad-RLCR,precinct,True,,
3539380,Las Cruces,NM,2024,0.5763,Metcalf+NYT,precinct,True,,
3563460,Rio Rancho,NM,2004,0.4209,county-rescale-BG16-corr,estimated,False,3.15,
3563460,Rio Rancho,NM,2008,0.4985,rebuilt-HEDA-precinct,precinct,True,,
3563460,Rio Rancho,NM,2012,0.4495,precinct-2012,precinct,True,,
3563460,Rio Rancho,NM,2016,0.4526,Fekrazad-RLCR,precinct,True,,
3563460,Rio Rancho,NM,2020,0.4937,Fekrazad-RLCR,precinct,True,,
3563460,Rio Rancho,NM,2024,0.4865,Metcalf+NYT,precinct,True,,
3570500,Santa Fe,NM,2004,0.7733,county-rescale-BG16-corr,estimated,False,3.15,
3570500,Santa Fe,NM,2008,0.8206,rebuilt-HEDA-precinct,precinct,True,,
3570500,Santa Fe,NM,2012,0.8155,precinct-2012,precinct,True,,
3570500,Santa Fe,NM,2016,0.8287,Fekrazad-RLCR,precinct,True,,
3570500,Santa Fe,NM,2020,0.8223,Fekrazad-RLCR,precinct,True,,
3570500,Santa Fe,NM,2024,0.7998,Metcalf+NYT,precinct,True,,
3601000,Albany,NY,2004,0.8169,county-rescale-BG16-corr,estimated,False,3.15,
3601000,Albany,NY,2008,0.8328,rebuilt-HEDA-precinct,precinct,True,,
3601000,Albany,NY,2012,0.8497,county-rescale-BG16-corr,estimated,False,1.74,
3601000,Albany,NY,2016,0.8261,Fekrazad-RLCR,precinct,True,,
3601000,Albany,NY,2020,0.8343,Fekrazad-RLCR,precinct,True,,
3601000,Albany,NY,2024,0.8073,Metcalf+NYT,precinct,True,,
3611000,Buffalo,NY,2004,0.8334,county-rescale-BG16-corr,estimated,False,3.15,
3611000,Buffalo,NY,2008,0.8325,rebuilt-HEDA-precinct,precinct,True,,
3611000,Buffalo,NY,2012,0.8452,county-rescale-BG16-corr,estimated,False,1.74,
3611000,Buffalo,NY,2016,0.8104,Fekrazad-RLCR,precinct,True,,
3611000,Buffalo,NY,2020,0.8092,Fekrazad-RLCR,precinct,True,,
3611000,Buffalo,NY,2024,0.7698,Metcalf+NYT,precinct,True,,
3633139,Hempstead,NY,2004,0.9245,county-rescale-BG16-corr,estimated,False,3.15,
3633139,Hempstead,NY,2008,0.9279,rebuilt-HEDA-precinct,precinct,True,,
3633139,Hempstead,NY,2012,0.9291,county-rescale-BG16-corr,estimated,False,1.74,
3633139,Hempstead,NY,2016,0.9212,Fekrazad-RLCR,precinct,True,,
3633139,Hempstead,NY,2020,0.8938,Fekrazad-RLCR,precinct,True,,
3633139,Hempstead,NY,2024,0.8161,Metcalf+NYT,precinct,True,,
3649121,Mount Vernon,NY,2004,0.8676,county-rescale-BG16-corr,estimated,False,3.15,
3649121,Mount Vernon,NY,2008,0.8942,rebuilt-HEDA-precinct,precinct,True,,
3649121,Mount Vernon,NY,2012,0.8884,county-rescale-BG16-corr,estimated,False,1.74,
3649121,Mount Vernon,NY,2016,0.8963,Fekrazad-RLCR,precinct,True,,
3649121,Mount Vernon,NY,2020,0.8851,Fekrazad-RLCR,precinct,True,,
3649121,Mount Vernon,NY,2024,0.8358,Metcalf+NYT,precinct,True,,
3650617,New Rochelle,NY,2004,0.6552,county-rescale-BG16-corr,estimated,False,3.15,
3650617,New Rochelle,NY,2008,0.7052,rebuilt-HEDA-precinct,precinct,True,,
3650617,New Rochelle,NY,2012,0.6966,county-rescale-BG16-corr,estimated,False,1.74,
3650617,New Rochelle,NY,2016,0.7169,Fekrazad-RLCR,precinct,True,,
3650617,New Rochelle,NY,2020,0.7157,Fekrazad-RLCR,precinct,True,,
3650617,New Rochelle,NY,2024,0.649,Metcalf+NYT,precinct,True,,
3651000,New York,NY,2004,0.7593,county-direct,exact,True,,
3651000,New York,NY,2008,0.8085,rebuilt-HEDA-precinct,precinct,True,,
3651000,New York,NY,2012,0.8288,county-direct,exact,True,,
3651000,New York,NY,2016,0.8143,Fekrazad-RLCR,precinct,True,,
3651000,New York,NY,2020,0.7708,Fekrazad-RLCR,precinct,True,,
3651000,New York,NY,2024,0.6941,Metcalf+NYT,precinct,True,,
3663000,Rochester,NY,2004,0.8068,county-rescale-BG16-corr,estimated,False,3.15,
3663000,Rochester,NY,2008,0.847,rebuilt-HEDA-precinct,precinct,True,,
3663000,Rochester,NY,2012,0.8612,county-rescale-BG16-corr,estimated,False,1.74,
3663000,Rochester,NY,2016,0.8393,Fekrazad-RLCR,precinct,True,,
3663000,Rochester,NY,2020,0.8298,Fekrazad-RLCR,precinct,True,,
3663000,Rochester,NY,2024,0.8087,Metcalf+NYT,precinct,True,,
3665508,Schenectady,NY,2004,0.6662,county-rescale-BG16-corr,estimated,False,3.15,
3665508,Schenectady,NY,2008,0.6928,rebuilt-HEDA-precinct,precinct,True,,
3665508,Schenectady,NY,2012,0.7264,county-rescale-BG16-corr,estimated,False,1.74,
3665508,Schenectady,NY,2016,0.6657,Fekrazad-RLCR,precinct,True,,
3665508,Schenectady,NY,2020,0.6884,Fekrazad-RLCR,precinct,True,,
3665508,Schenectady,NY,2024,0.6458,Metcalf+NYT,precinct,True,,
3673000,Syracuse,NY,2004,0.7734,county-rescale-BG16-corr,estimated,False,3.15,
3673000,Syracuse,NY,2008,0.7969,rebuilt-HEDA-precinct,precinct,True,,
3673000,Syracuse,NY,2012,0.8181,county-rescale-BG16-corr,estimated,False,1.74,
3673000,Syracuse,NY,2016,0.7869,Fekrazad-RLCR,precinct,True,,
3673000,Syracuse,NY,2020,0.7872,Fekrazad-RLCR,precinct,True,,
3673000,Syracuse,NY,2024,0.7629,Metcalf+NYT,precinct,True,,
3675484,Troy,NY,2004,0.6508,county-rescale-BG16-corr,estimated,False,3.15,
3675484,Troy,NY,2008,0.6721,rebuilt-HEDA-precinct,precinct,True,,
3675484,Troy,NY,2012,0.7106,county-rescale-BG16-corr,estimated,False,1.74,
3675484,Troy,NY,2016,0.6319,Fekrazad-RLCR,precinct,True,,
3675484,Troy,NY,2020,0.6689,Fekrazad-RLCR,precinct,True,,
3675484,Troy,NY,2024,0.6499,Metcalf+NYT,precinct,True,,
3676540,Utica,NY,2004,0.6066,county-rescale-BG16-corr,estimated,False,3.15,
3676540,Utica,NY,2008,0.6206,rebuilt-HEDA-precinct,precinct,True,,
3676540,Utica,NY,2012,0.6494,county-rescale-BG16-corr,estimated,False,1.74,
3676540,Utica,NY,2016,0.5676,Fekrazad-RLCR,precinct,True,,
3676540,Utica,NY,2020,0.5754,Fekrazad-RLCR,precinct,True,,
3676540,Utica,NY,2024,0.526,Metcalf+NYT,precinct,True,,
3681677,White Plains,NY,2004,0.6746,county-rescale-BG16-corr,estimated,False,3.15,
3681677,White Plains,NY,2008,0.7207,rebuilt-HEDA-precinct,precinct,True,,
3681677,White Plains,NY,2012,0.7144,county-rescale-BG16-corr,estimated,False,1.74,
3681677,White Plains,NY,2016,0.7362,Fekrazad-RLCR,precinct,True,,
3681677,White Plains,NY,2020,0.7393,Fekrazad-RLCR,precinct,True,,
3681677,White Plains,NY,2024,0.6879,Metcalf+NYT,precinct,True,,
3684000,Yonkers,NY,2004,0.6042,county-rescale-BG16-corr,estimated,False,3.15,
3684000,Yonkers,NY,2008,0.6641,rebuilt-HEDA-precinct,precinct,True,,
3684000,Yonkers,NY,2012,0.6482,county-rescale-BG16-corr,estimated,False,1.74,
3684000,Yonkers,NY,2016,0.6642,Fekrazad-RLCR,precinct,True,,
3684000,Yonkers,NY,2020,0.6477,Fekrazad-RLCR,precinct,True,,
3684000,Yonkers,NY,2024,0.561,Metcalf+NYT,precinct,True,,
3702140,Asheville,NC,2004,0.6462,precinct-2004,precinct,True,,
3702140,Asheville,NC,2008,0.7398,rebuilt-EDA-precinct,precinct,True,,
3702140,Asheville,NC,2012,0.7472,precinct-2012,precinct,True,,
3702140,Asheville,NC,2016,0.7672,Fekrazad-RLCR,precinct,True,,
3702140,Asheville,NC,2020,0.7885,Fekrazad-RLCR,precinct,True,,
3702140,Asheville,NC,2024,0.8072,Metcalf+NYT,precinct,True,,
3709060,Burlington,NC,2004,0.4441,precinct-2004,precinct,True,,
3709060,Burlington,NC,2008,0.514,rebuilt-EDA-precinct,precinct,True,,
3709060,Burlington,NC,2012,0.504,precinct-2012,precinct,True,,
3709060,Burlington,NC,2016,0.54,Fekrazad-RLCR,precinct,True,,
3709060,Burlington,NC,2020,0.5537,Fekrazad-RLCR,precinct,True,,
3709060,Burlington,NC,2024,0.548,Metcalf+NYT,precinct,True,,
3710740,Cary,NC,2004,0.4382,precinct-2004,precinct,True,,
3710740,Cary,NC,2008,0.5445,rebuilt-EDA-precinct,precinct,True,,
3710740,Cary,NC,2012,0.5307,precinct-2012,precinct,True,,
3710740,Cary,NC,2016,0.6133,Fekrazad-RLCR,precinct,True,,
3710740,Cary,NC,2020,0.6552,Fekrazad-RLCR,precinct,True,,
3710740,Cary,NC,2024,0.6574,Metcalf+NYT,precinct,True,,
3711800,Chapel Hill,NC,2004,0.7728,county-rescale-BG16-corr,estimated,False,3.15,
3711800,Chapel Hill,NC,2008,0.7953,rebuilt-EDA-precinct,precinct,True,,
3711800,Chapel Hill,NC,2012,0.7812,precinct-2012,precinct,True,,
3711800,Chapel Hill,NC,2016,0.8557,Fekrazad-RLCR,precinct,True,,
3711800,Chapel Hill,NC,2020,0.8633,Fekrazad-RLCR,precinct,True,,
3711800,Chapel Hill,NC,2024,0.853,Metcalf+NYT,precinct,True,,
3712000,Charlotte,NC,2004,0.5473,precinct-2004,precinct,True,,
3712000,Charlotte,NC,2008,0.6614,rebuilt-EDA-precinct,precinct,True,,
3712000,Charlotte,NC,2012,0.6572,precinct-2012,precinct,True,,
3712000,Charlotte,NC,2016,0.6998,Fekrazad-RLCR,precinct,True,,
3712000,Charlotte,NC,2020,0.7182,Fekrazad-RLCR,precinct,True,,
3712000,Charlotte,NC,2024,0.7032,Metcalf+NYT,precinct,True,,
3714100,Concord,NC,2004,0.3566,precinct-2004,precinct,True,,
3714100,Concord,NC,2008,0.4527,rebuilt-EDA-precinct,precinct,True,,
3714100,Concord,NC,2012,0.4448,precinct-2012,precinct,True,,
3714100,Concord,NC,2016,0.4518,Fekrazad-RLCR,precinct,True,,
3714100,Concord,NC,2020,0.511,Fekrazad-RLCR,precinct,True,,
3714100,Concord,NC,2024,0.5232,Metcalf+NYT,precinct,True,,
3719000,Durham,NC,2004,0.7369,precinct-2004,precinct,True,,
3719000,Durham,NC,2008,0.8063,rebuilt-EDA-precinct,precinct,True,,
3719000,Durham,NC,2012,0.8076,precinct-2012,precinct,True,,
3719000,Durham,NC,2016,0.8498,Fekrazad-RLCR,precinct,True,,
3719000,Durham,NC,2020,0.8487,Fekrazad-RLCR,precinct,True,,
3719000,Durham,NC,2024,0.8505,Metcalf+NYT,precinct,True,,
3722920,Fayetteville,NC,2004,0.5345,precinct-2004,precinct,True,,
3722920,Fayetteville,NC,2008,0.6556,rebuilt-EDA-precinct,precinct,True,,
3722920,Fayetteville,NC,2012,0.6709,precinct-2012,precinct,True,,
3722920,Fayetteville,NC,2016,0.66,Fekrazad-RLCR,precinct,True,,
3722920,Fayetteville,NC,2020,0.6624,Fekrazad-RLCR,precinct,True,,
3722920,Fayetteville,NC,2024,0.6466,Metcalf+NYT,precinct,True,,
3725580,Gastonia,NC,2004,0.4013,precinct-2004,precinct,True,,
3725580,Gastonia,NC,2008,0.4792,rebuilt-EDA-precinct,precinct,True,,
3725580,Gastonia,NC,2012,0.4954,precinct-2012,precinct,True,,
3725580,Gastonia,NC,2016,0.4635,Fekrazad-RLCR,precinct,True,,
3725580,Gastonia,NC,2020,0.4787,Fekrazad-RLCR,precinct,True,,
3725580,Gastonia,NC,2024,0.4885,Metcalf+NYT,precinct,True,,
3728000,Greensboro,NC,2004,0.62,precinct-2004,precinct,True,,
3728000,Greensboro,NC,2008,0.6915,rebuilt-EDA-precinct,precinct,True,,
3728000,Greensboro,NC,2012,0.6886,precinct-2012,precinct,True,,
3728000,Greensboro,NC,2016,0.7093,Fekrazad-RLCR,precinct,True,,
3728000,Greensboro,NC,2020,0.7165,Fekrazad-RLCR,precinct,True,,
3728000,Greensboro,NC,2024,0.72,Metcalf+NYT,precinct,True,,
3728080,Greenville,NC,2004,0.5247,precinct-2004,precinct,True,,
3728080,Greenville,NC,2008,0.6204,rebuilt-EDA-precinct,precinct,True,,
3728080,Greenville,NC,2012,0.6119,precinct-2012,precinct,True,,
3728080,Greenville,NC,2016,0.6262,Fekrazad-RLCR,precinct,True,,
3728080,Greenville,NC,2020,0.6371,Fekrazad-RLCR,precinct,True,,
3728080,Greenville,NC,2024,0.6204,Metcalf+NYT,precinct,True,,
3731400,High Point,NC,2004,0.4895,precinct-2004,precinct,True,,
3731400,High Point,NC,2008,0.5761,rebuilt-EDA-precinct,precinct,True,,
3731400,High Point,NC,2012,0.5692,precinct-2012,precinct,True,,
3731400,High Point,NC,2016,0.5808,Fekrazad-RLCR,precinct,True,,
3731400,High Point,NC,2020,0.6005,Fekrazad-RLCR,precinct,True,,
3731400,High Point,NC,2024,0.5911,Metcalf+NYT,precinct,True,,
3734200,Jacksonville,NC,2004,0.3837,precinct-2004,precinct,True,,
3734200,Jacksonville,NC,2008,0.5113,rebuilt-EDA-precinct,precinct,True,,
3734200,Jacksonville,NC,2012,0.4994,precinct-2012,precinct,True,,
3734200,Jacksonville,NC,2016,0.4525,Fekrazad-RLCR,precinct,True,,
3734200,Jacksonville,NC,2020,0.483,Fekrazad-RLCR,precinct,True,,
3734200,Jacksonville,NC,2024,0.4604,Metcalf+NYT,precinct,True,,
3735200,Kannapolis,NC,2004,0.3441,precinct-2004,precinct,True,,
3735200,Kannapolis,NC,2008,0.4347,rebuilt-EDA-precinct,precinct,True,,
3735200,Kannapolis,NC,2012,0.4432,precinct-2012,precinct,True,,
3735200,Kannapolis,NC,2016,0.4144,Fekrazad-RLCR,precinct,True,,
3735200,Kannapolis,NC,2020,0.4448,Fekrazad-RLCR,precinct,True,,
3735200,Kannapolis,NC,2024,0.4631,Metcalf+NYT,precinct,True,,
3755000,Raleigh,NC,2004,0.5518,precinct-2004,precinct,True,,
3755000,Raleigh,NC,2008,0.6571,rebuilt-EDA-precinct,precinct,True,,
3755000,Raleigh,NC,2012,0.6448,precinct-2012,precinct,True,,
3755000,Raleigh,NC,2016,0.6971,Fekrazad-RLCR,precinct,True,,
3755000,Raleigh,NC,2020,0.7176,Fekrazad-RLCR,precinct,True,,
3755000,Raleigh,NC,2024,0.7068,Metcalf+NYT,precinct,True,,
3757500,Rocky Mount,NC,2004,0.626,precinct-2004,precinct,True,,
3757500,Rocky Mount,NC,2008,0.6995,rebuilt-EDA-precinct,precinct,True,,
3757500,Rocky Mount,NC,2012,0.7275,precinct-2012,precinct,True,,
3757500,Rocky Mount,NC,2016,0.7203,Fekrazad-RLCR,precinct,True,,
3757500,Rocky Mount,NC,2020,0.719,Fekrazad-RLCR,precinct,True,,
3757500,Rocky Mount,NC,2024,0.74,Metcalf+NYT,precinct,True,,
3774440,Wilmington,NC,2004,0.4943,precinct-2004,precinct,True,,
3774440,Wilmington,NC,2008,0.5533,rebuilt-EDA-precinct,precinct,True,,
3774440,Wilmington,NC,2012,0.5423,precinct-2012,precinct,True,,
3774440,Wilmington,NC,2016,0.5549,Fekrazad-RLCR,precinct,True,,
3774440,Wilmington,NC,2020,0.5848,Fekrazad-RLCR,precinct,True,,
3774440,Wilmington,NC,2024,0.5686,Metcalf+NYT,precinct,True,,
3775000,Winston-Salem,NC,2004,0.5482,precinct-2004,precinct,True,,
3775000,Winston-Salem,NC,2008,0.6614,rebuilt-EDA-precinct,precinct,True,,
3775000,Winston-Salem,NC,2012,0.6517,precinct-2012,precinct,True,,
3775000,Winston-Salem,NC,2016,0.6683,Fekrazad-RLCR,precinct,True,,
3775000,Winston-Salem,NC,2020,0.6792,Fekrazad-RLCR,precinct,True,,
3775000,Winston-Salem,NC,2024,0.6798,Metcalf+NYT,precinct,True,,
3807200,Bismarck,ND,2004,0.3294,county-rescale-BG16-corr,estimated,False,3.15,
3807200,Bismarck,ND,2008,0.3934,rebuilt-EDA-precinct,precinct,True,,
3807200,Bismarck,ND,2012,0.3628,county-rescale-BG16-corr,estimated,False,1.74,
3807200,Bismarck,ND,2016,0.2874,Fekrazad-RLCR,precinct,True,,
3807200,Bismarck,ND,2020,0.3355,Fekrazad-RLCR,precinct,True,,
3807200,Bismarck,ND,2024,0.3179,Metcalf+NYT,precinct,True,,
3825700,Fargo,ND,2004,0.4262,county-rescale-BG16-corr,estimated,False,3.15,
3825700,Fargo,ND,2008,0.5514,rebuilt-EDA-precinct,precinct,True,,
3825700,Fargo,ND,2012,0.5162,county-rescale-BG16-corr,estimated,False,1.74,
3825700,Fargo,ND,2016,0.4866,Fekrazad-RLCR,precinct,True,,
3825700,Fargo,ND,2020,0.5285,Fekrazad-RLCR,precinct,True,,
3825700,Fargo,ND,2024,0.5035,Metcalf+NYT,precinct,True,,
3901000,Akron,OH,2004,0.7252,county-rescale-BG16-corr,estimated,False,3.15,
3901000,Akron,OH,2008,0.7374,rebuilt-EDA-precinct,precinct,True,,
3901000,Akron,OH,2012,0.7337,county-rescale-BG16-corr,estimated,False,1.74,
3901000,Akron,OH,2016,0.7051,Fekrazad-RLCR,precinct,True,,
3901000,Akron,OH,2020,0.6905,Fekrazad-RLCR,precinct,True,,
3901000,Akron,OH,2024,0.6696,Metcalf+NYT,precinct,True,,
3912000,Canton,OH,2004,0.692,county-rescale-BG16-corr,estimated,False,3.15,
3912000,Canton,OH,2008,0.7123,rebuilt-EDA-precinct,precinct,True,,
3912000,Canton,OH,2012,0.7206,precinct-cityprefix-2012,exact,True,,
3912000,Canton,OH,2016,0.5966,Fekrazad-RLCR,precinct,True,,
3912000,Canton,OH,2020,0.5797,Fekrazad-RLCR,precinct,True,,
3912000,Canton,OH,2024,0.5693,Metcalf+NYT,precinct,True,,
3915000,Cincinnati,OH,2004,0.6862,precinct-cityprefix-2004,exact,True,,
3915000,Cincinnati,OH,2008,0.7516,rebuilt-EDA-precinct,precinct,True,,
3915000,Cincinnati,OH,2012,0.752,county-rescale-BG16-corr,estimated,False,1.74,
3915000,Cincinnati,OH,2016,0.7706,Fekrazad-RLCR,precinct,True,,
3915000,Cincinnati,OH,2020,0.7798,Fekrazad-RLCR,precinct,True,,
3915000,Cincinnati,OH,2024,0.7696,Metcalf+NYT,precinct,True,,
3916000,Cleveland,OH,2004,0.8387,precinct-cityprefix-2004,exact,True,,
3916000,Cleveland,OH,2008,0.8683,rebuilt-EDA-precinct,precinct,True,,
3916000,Cleveland,OH,2012,0.8909,precinct-cityprefix-2012,exact,True,,
3916000,Cleveland,OH,2016,0.854,Fekrazad-RLCR,precinct,True,,
3916000,Cleveland,OH,2020,0.8085,Fekrazad-RLCR,precinct,True,,
3916000,Cleveland,OH,2024,0.7839,Metcalf+NYT,precinct,True,,
3918000,Columbus,OH,2004,0.624,precinct-cityprefix+BGsliver-2004,precinct,True,,bg-sliver
3918000,Columbus,OH,2008,0.6812,rebuilt-EDA-precinct,precinct,True,,
3918000,Columbus,OH,2012,0.6951,precinct-cityprefix+BGsliver-2012,precinct,True,,bg-sliver
3918000,Columbus,OH,2016,0.7065,Fekrazad-RLCR,precinct,True,,
3918000,Columbus,OH,2020,0.7203,Fekrazad-RLCR,precinct,True,,
3918000,Columbus,OH,2024,0.6959,Metcalf+NYT,precinct,True,,
3919778,Cuyahoga Falls,OH,2004,0.5517,county-rescale-BG16-corr,estimated,False,3.15,
3919778,Cuyahoga Falls,OH,2008,0.5647,rebuilt-EDA-precinct,precinct,True,,
3919778,Cuyahoga Falls,OH,2012,0.5623,county-rescale-BG16-corr,estimated,False,1.74,
3919778,Cuyahoga Falls,OH,2016,0.5296,Fekrazad-RLCR,precinct,True,,
3919778,Cuyahoga Falls,OH,2020,0.5579,Fekrazad-RLCR,precinct,True,,
3919778,Cuyahoga Falls,OH,2024,0.5476,Metcalf+NYT,precinct,True,,
3921000,Dayton,OH,2004,0.7249,county-rescale-BG16-corr,estimated,False,3.15,
3921000,Dayton,OH,2008,0.7489,rebuilt-EDA-precinct,precinct,True,,
3921000,Dayton,OH,2012,0.7371,county-rescale-BG16-corr,estimated,False,1.74,
3921000,Dayton,OH,2016,0.7096,Fekrazad-RLCR,precinct,True,,
3921000,Dayton,OH,2020,0.6977,Fekrazad-RLCR,precinct,True,,
3921000,Dayton,OH,2024,0.6847,Metcalf+NYT,precinct,True,,
3925256,Elyria,OH,2004,0.6024,precinct-cityprefix-2004,exact,True,,
3925256,Elyria,OH,2008,0.6518,rebuilt-EDA-precinct,precinct,True,,
3925256,Elyria,OH,2012,0.6618,precinct-cityprefix-2012,exact,True,,
3925256,Elyria,OH,2016,0.5596,Fekrazad-RLCR,precinct,True,,
3925256,Elyria,OH,2020,0.544,Fekrazad-RLCR,precinct,True,,
3925256,Elyria,OH,2024,0.5273,Metcalf+NYT,precinct,True,,
3940040,Kettering,OH,2004,0.433,county-rescale-BG16-corr,estimated,False,3.15,
3940040,Kettering,OH,2008,0.442,rebuilt-EDA-precinct,precinct,True,,
3940040,Kettering,OH,2012,0.448,county-rescale-BG16-corr,estimated,False,1.74,
3940040,Kettering,OH,2016,0.435,Fekrazad-RLCR,precinct,True,,
3940040,Kettering,OH,2020,0.4886,Fekrazad-RLCR,precinct,True,,
3940040,Kettering,OH,2024,0.498,Metcalf+NYT,precinct,True,,
3941664,Lakewood,OH,2004,0.6578,precinct-cityprefix-2004,exact,True,,
3941664,Lakewood,OH,2008,0.7011,rebuilt-EDA-precinct,precinct,True,,
3941664,Lakewood,OH,2012,0.7091,precinct-cityprefix-2012,exact,True,,
3941664,Lakewood,OH,2016,0.7343,Fekrazad-RLCR,precinct,True,,
3941664,Lakewood,OH,2020,0.7509,Fekrazad-RLCR,precinct,True,,
3941664,Lakewood,OH,2024,0.7535,Metcalf+NYT,precinct,True,,
3944856,Lorain,OH,2004,0.703,precinct-cityprefix-2004,exact,True,,
3944856,Lorain,OH,2008,0.7529,rebuilt-EDA-precinct,precinct,True,,
3944856,Lorain,OH,2012,0.754,precinct-cityprefix-2012,exact,True,,
3944856,Lorain,OH,2016,0.6646,Fekrazad-RLCR,precinct,True,,
3944856,Lorain,OH,2020,0.6065,Fekrazad-RLCR,precinct,True,,
3944856,Lorain,OH,2024,0.5658,Metcalf+NYT,precinct,True,,
3949840,Middletown,OH,2004,0.4134,county-rescale-BG16-corr,estimated,False,3.15,
3949840,Middletown,OH,2008,0.4899,rebuilt-EDA-precinct,precinct,True,,
3949840,Middletown,OH,2012,0.4468,county-rescale-BG16-corr,estimated,False,1.74,
3949840,Middletown,OH,2016,0.4004,Fekrazad-RLCR,precinct,True,,
3949840,Middletown,OH,2020,0.3923,Fekrazad-RLCR,precinct,True,,
3949840,Middletown,OH,2024,0.3681,Metcalf+NYT,precinct,True,,
3961000,Parma,OH,2004,0.5679,precinct-cityprefix-2004,exact,True,,
3961000,Parma,OH,2008,0.5714,rebuilt-EDA-precinct,precinct,True,,
3961000,Parma,OH,2012,0.5749,precinct-cityprefix-2012,exact,True,,
3961000,Parma,OH,2016,0.4796,Fekrazad-RLCR,precinct,True,,
3961000,Parma,OH,2020,0.4731,Fekrazad-RLCR,precinct,True,,
3961000,Parma,OH,2024,0.4655,Metcalf+NYT,precinct,True,,
3974118,Springfield,OH,2004,0.6422,county-rescale-BG16-corr,estimated,False,3.15,
3974118,Springfield,OH,2008,0.6322,rebuilt-EDA-precinct,precinct,True,,
3974118,Springfield,OH,2012,0.6478,county-rescale-BG16-corr,estimated,False,1.74,
3974118,Springfield,OH,2016,0.5617,Fekrazad-RLCR,precinct,True,,
3974118,Springfield,OH,2020,0.5323,Fekrazad-RLCR,precinct,True,,
3974118,Springfield,OH,2024,0.4934,Metcalf+NYT,precinct,True,,
3977000,Toledo,OH,2004,0.6887,precinct-cityprefix-2004,exact,True,,
3977000,Toledo,OH,2008,0.7469,rebuilt-EDA-precinct,precinct,True,,
3977000,Toledo,OH,2012,0.764,precinct-cityprefix-2012,exact,True,,
3977000,Toledo,OH,2016,0.6906,Fekrazad-RLCR,precinct,True,,
3977000,Toledo,OH,2020,0.6747,Fekrazad-RLCR,precinct,True,,
3977000,Toledo,OH,2024,0.6525,Metcalf+NYT,precinct,True,,
3988000,Youngstown,OH,2004,0.8412,county-rescale-BG16-corr,estimated,False,3.15,
3988000,Youngstown,OH,2008,0.8361,rebuilt-EDA-precinct,precinct,True,,
3988000,Youngstown,OH,2012,0.8484,county-rescale-BG16-corr,estimated,False,1.74,
3988000,Youngstown,OH,2016,0.7792,Fekrazad-RLCR,precinct,True,,
3988000,Youngstown,OH,2020,0.7419,Fekrazad-RLCR,precinct,True,,
3988000,Youngstown,OH,2024,0.6994,Metcalf+NYT,precinct,True,,
4023200,Edmond,OK,2004,0.2418,county-rescale-BG16-corr,estimated,False,3.15,
4023200,Edmond,OK,2008,0.2813,rebuilt-HEDA-precinct,precinct,True,,
4023200,Edmond,OK,2012,0.2914,county-rescale-BG16-corr,estimated,False,1.74,
4023200,Edmond,OK,2016,0.3242,Fekrazad-RLCR,precinct,True,,
4023200,Edmond,OK,2020,0.3682,Fekrazad-RLCR,precinct,True,,
4023200,Edmond,OK,2024,0.3971,Metcalf+NYT,precinct,True,,
4023950,Enid,OK,2004,0.2618,county-rescale-BG16-corr,estimated,False,3.15,
4023950,Enid,OK,2008,0.2572,rebuilt-HEDA-precinct,precinct,True,,
4023950,Enid,OK,2012,0.2592,county-rescale-BG16-corr,estimated,False,1.74,
4023950,Enid,OK,2016,0.2452,Fekrazad-RLCR,precinct,True,,
4023950,Enid,OK,2020,0.2581,Fekrazad-RLCR,precinct,True,,
4023950,Enid,OK,2024,0.262,Metcalf+NYT,precinct,True,,
4041850,Lawton,OK,2004,0.4128,county-rescale-BG16-corr,estimated,False,3.15,
4041850,Lawton,OK,2008,0.4441,rebuilt-HEDA-precinct,precinct,True,,
4041850,Lawton,OK,2012,0.4816,precinct-2012,precinct,True,,
4041850,Lawton,OK,2016,0.4466,Fekrazad-RLCR,precinct,True,,
4041850,Lawton,OK,2020,0.4731,Fekrazad-RLCR,precinct,True,,
4041850,Lawton,OK,2024,0.4701,Metcalf+NYT,precinct,True,,
4048350,Midwest City,OK,2004,0.361,county-rescale-BG16-corr,estimated,False,3.15,
4048350,Midwest City,OK,2008,0.4313,rebuilt-HEDA-precinct,precinct,True,,
4048350,Midwest City,OK,2012,0.4195,county-rescale-BG16-corr,estimated,False,1.74,
4048350,Midwest City,OK,2016,0.4335,Fekrazad-RLCR,precinct,True,,
4048350,Midwest City,OK,2020,0.5146,Fekrazad-RLCR,precinct,True,,
4048350,Midwest City,OK,2024,0.4893,Metcalf+NYT,precinct,True,,
4052500,Norman,OK,2004,0.4473,county-rescale-BG16-corr,estimated,False,3.15,
4052500,Norman,OK,2008,0.4712,rebuilt-HEDA-precinct,precinct,True,,
4052500,Norman,OK,2012,0.4766,precinct-2012,precinct,True,,
4052500,Norman,OK,2016,0.5112,Fekrazad-RLCR,precinct,True,,
4052500,Norman,OK,2020,0.5466,Fekrazad-RLCR,precinct,True,,
4052500,Norman,OK,2024,0.5282,Metcalf+NYT,precinct,True,,
4055000,Oklahoma City,OK,2004,0.3626,county-rescale-BG16-corr,estimated,False,3.15,
4055000,Oklahoma City,OK,2008,0.4015,rebuilt-HEDA-precinct,precinct,True,,
4055000,Oklahoma City,OK,2012,0.4124,county-rescale-BG16-corr,estimated,False,1.74,
4055000,Oklahoma City,OK,2016,0.4433,Fekrazad-RLCR,precinct,True,,
4055000,Oklahoma City,OK,2020,0.4932,Fekrazad-RLCR,precinct,True,,
4055000,Oklahoma City,OK,2024,0.482,Metcalf+NYT,precinct,True,,
4075000,Tulsa,OK,2004,0.429,county-rescale-BG16-corr,estimated,False,3.15,
4075000,Tulsa,OK,2008,0.4275,rebuilt-HEDA-precinct,precinct,True,,
4075000,Tulsa,OK,2012,0.4356,county-rescale-BG16-corr,estimated,False,1.74,
4075000,Tulsa,OK,2016,0.4723,Fekrazad-RLCR,precinct,True,,
4075000,Tulsa,OK,2020,0.5252,Fekrazad-RLCR,precinct,True,,
4075000,Tulsa,OK,2024,0.5351,Metcalf+NYT,precinct,True,,
4105350,Beaverton,OR,2004,0.6052,county-rescale-BG16,estimated,False,3.15,
4105350,Beaverton,OR,2008,0.6672,rebuilt-HEDA-blockpip,precinct,True,,
4105350,Beaverton,OR,2012,0.6614,county-rescale-BG16,estimated,False,1.74,
4105350,Beaverton,OR,2016,0.7142,Fekrazad-RLCR,precinct,True,,
4105350,Beaverton,OR,2020,0.745,Fekrazad-RLCR,precinct,True,,
4105350,Beaverton,OR,2024,0.7427,Metcalf+NYT,precinct,True,,
4105800,Bend,OR,2004,0.538,county-rescale-BG16,estimated,False,3.15,
4105800,Bend,OR,2008,0.5766,rebuilt-HEDA-blockpip,precinct,True,,
4105800,Bend,OR,2012,0.5758,county-rescale-BG16,estimated,False,1.74,
4105800,Bend,OR,2016,0.5916,Fekrazad-RLCR,precinct,True,,
4105800,Bend,OR,2020,0.6634,Fekrazad-RLCR,precinct,True,,
4105800,Bend,OR,2024,0.6837,Metcalf+NYT,precinct,True,,
4115800,Corvallis,OR,2004,0.7244,county-rescale-BG16,estimated,False,3.15,
4115800,Corvallis,OR,2008,0.7819,county-rescale-BG16,estimated,False,2.12,bg16-fill-2008
4115800,Corvallis,OR,2012,0.7723,county-rescale-BG16,estimated,False,1.74,
4115800,Corvallis,OR,2016,0.799,Fekrazad-RLCR,precinct,True,,
4115800,Corvallis,OR,2020,0.8209,Fekrazad-RLCR,precinct,True,,
4115800,Corvallis,OR,2024,0.8248,Metcalf+NYT,precinct,True,,
4123850,Eugene,OR,2004,0.7331,county-rescale-BG16,estimated,False,3.15,
4123850,Eugene,OR,2008,0.7419,rebuilt-HEDA-citynamed,exact,True,,
4123850,Eugene,OR,2012,0.7585,county-rescale-BG16,estimated,False,1.74,
4123850,Eugene,OR,2016,0.7453,Fekrazad-RLCR,precinct,True,,
4123850,Eugene,OR,2020,0.7646,Fekrazad-RLCR,precinct,True,,
4123850,Eugene,OR,2024,0.7592,Metcalf+NYT,precinct,True,,
4131250,Gresham,OR,2004,0.4376,county-rescale-BG16,estimated,False,3.15,
4131250,Gresham,OR,2008,0.5885,rebuilt-HEDA-citymap,precinct,True,,
4131250,Gresham,OR,2012,0.5186,county-rescale-BG16,estimated,False,1.74,
4131250,Gresham,OR,2016,0.5595,Fekrazad-RLCR,precinct,True,,
4131250,Gresham,OR,2020,0.5828,Fekrazad-RLCR,precinct,True,,
4131250,Gresham,OR,2024,0.5664,Metcalf+NYT,precinct,True,,
4134100,Hillsboro,OR,2004,0.5159,county-rescale-BG16,estimated,False,3.15,
4134100,Hillsboro,OR,2008,0.6055,rebuilt-HEDA-blockpip,precinct,True,,
4134100,Hillsboro,OR,2012,0.5759,county-rescale-BG16,estimated,False,1.74,
4134100,Hillsboro,OR,2016,0.6347,Fekrazad-RLCR,precinct,True,,
4134100,Hillsboro,OR,2020,0.6689,Fekrazad-RLCR,precinct,True,,
4134100,Hillsboro,OR,2024,0.6692,Metcalf+NYT,precinct,True,,
4147000,Medford,OR,2004,0.4204,county-rescale-BG16,estimated,False,3.15,
4147000,Medford,OR,2008,0.4712,rebuilt-HEDA-blockpip,precinct,True,,
4147000,Medford,OR,2012,0.456,county-rescale-BG16,estimated,False,1.74,
4147000,Medford,OR,2016,0.4326,Fekrazad-RLCR,precinct,True,,
4147000,Medford,OR,2020,0.4767,Fekrazad-RLCR,precinct,True,,
4147000,Medford,OR,2024,0.4684,Metcalf+NYT,precinct,True,,
4159000,Portland,OR,2004,0.7898,county-rescale-BG16,estimated,False,3.15,
4159000,Portland,OR,2008,0.8291,rebuilt-HEDA-citymap,precinct,True,,
4159000,Portland,OR,2012,0.8386,county-rescale-BG16,estimated,False,1.74,
4159000,Portland,OR,2016,0.8596,Fekrazad-RLCR,precinct,True,,
4159000,Portland,OR,2020,0.8624,Fekrazad-RLCR,precinct,True,,
4159000,Portland,OR,2024,0.8724,Metcalf+NYT,precinct,True,,
4164900,Salem,OR,2004,0.5357,county-rescale-BG16,estimated,False,3.15,
4164900,Salem,OR,2008,0.5871,rebuilt-HEDA-citylist-partial,precinct,True,,
4164900,Salem,OR,2012,0.5673,county-rescale-BG16,estimated,False,1.74,
4164900,Salem,OR,2016,0.5596,Fekrazad-RLCR,precinct,True,,
4164900,Salem,OR,2020,0.5921,Fekrazad-RLCR,precinct,True,,
4164900,Salem,OR,2024,0.5887,Metcalf+NYT,precinct,True,,
4169600,Springfield,OR,2004,0.5281,county-rescale-BG16,estimated,False,3.15,
4169600,Springfield,OR,2008,0.6036,rebuilt-HEDA-citynamed,exact,True,,
4169600,Springfield,OR,2012,0.5612,county-rescale-BG16,estimated,False,1.74,
4169600,Springfield,OR,2016,0.5438,Fekrazad-RLCR,precinct,True,,
4169600,Springfield,OR,2020,0.5772,Fekrazad-RLCR,precinct,True,,
4169600,Springfield,OR,2024,0.5684,Metcalf+NYT,precinct,True,,
4202000,Allentown,PA,2004,0.6915,county-rescale-BG16-corr,estimated,False,3.15,
4202000,Allentown,PA,2008,0.7286,rebuilt-HEDA-precinct,precinct,True,,
4202000,Allentown,PA,2012,0.7181,precinct-2012,precinct,True,,
4202000,Allentown,PA,2016,0.7156,Fekrazad-RLCR,precinct,True,,
4202000,Allentown,PA,2020,0.6775,Fekrazad-RLCR,precinct,True,,
4202000,Allentown,PA,2024,0.6157,Metcalf+NYT,precinct,True,,
4206088,Bethlehem,PA,2004,0.6494,county-rescale-BG16-corr,estimated,False,3.15,
4206088,Bethlehem,PA,2008,0.6797,rebuilt-HEDA-precinct,precinct,True,,
4206088,Bethlehem,PA,2012,0.6481,precinct-2012,precinct,True,,
4206088,Bethlehem,PA,2016,0.6577,Fekrazad-RLCR,precinct,True,,
4206088,Bethlehem,PA,2020,0.6635,Fekrazad-RLCR,precinct,True,,
4206088,Bethlehem,PA,2024,0.6435,Metcalf+NYT,precinct,True,,
4224000,Erie,PA,2004,0.6846,county-rescale-BG16-corr,estimated,False,3.15,
4224000,Erie,PA,2008,0.725,rebuilt-HEDA-precinct,precinct,True,,
4224000,Erie,PA,2012,0.7265,precinct-2012,precinct,True,,
4224000,Erie,PA,2016,0.6482,Fekrazad-RLCR,precinct,True,,
4224000,Erie,PA,2020,0.648,Fekrazad-RLCR,precinct,True,,
4224000,Erie,PA,2024,0.6295,Metcalf+NYT,precinct,True,,
4232800,Harrisburg,PA,2004,0.838,county-rescale-BG16-corr,estimated,False,3.15,
4232800,Harrisburg,PA,2008,0.8726,rebuilt-HEDA-precinct,precinct,True,,
4232800,Harrisburg,PA,2012,0.8682,precinct-2012,precinct,True,,
4232800,Harrisburg,PA,2016,0.8717,Fekrazad-RLCR,precinct,True,,
4232800,Harrisburg,PA,2020,0.8543,Fekrazad-RLCR,precinct,True,,
4232800,Harrisburg,PA,2024,0.8173,Metcalf+NYT,precinct,True,,
4241216,Lancaster,PA,2004,0.7083,county-rescale-BG16-corr,estimated,False,3.15,
4241216,Lancaster,PA,2008,0.7682,rebuilt-HEDA-precinct,precinct,True,,
4241216,Lancaster,PA,2012,0.7608,county-rescale-BG16-corr,estimated,False,1.74,
4241216,Lancaster,PA,2016,0.7738,Fekrazad-RLCR,precinct,True,,
4241216,Lancaster,PA,2020,0.7428,Fekrazad-RLCR,precinct,True,,
4241216,Lancaster,PA,2024,0.7196,Metcalf+NYT,precinct,True,,
4260000,Philadelphia,PA,2004,0.8065,county-direct,exact,True,,
4260000,Philadelphia,PA,2008,0.8356,rebuilt-HEDA-precinct,precinct,True,,
4260000,Philadelphia,PA,2012,0.8592,county-direct,exact,True,,
4260000,Philadelphia,PA,2016,0.843,Fekrazad-RLCR,precinct,True,,
4260000,Philadelphia,PA,2020,0.8197,Fekrazad-RLCR,precinct,True,,
4260000,Philadelphia,PA,2024,0.7972,Metcalf+NYT,precinct,True,,
4261000,Pittsburgh,PA,2004,0.7686,county-rescale-BG16-corr,estimated,False,3.15,
4261000,Pittsburgh,PA,2008,0.7621,rebuilt-HEDA-precinct,precinct,True,,
4261000,Pittsburgh,PA,2012,0.7672,county-rescale-BG16-corr,estimated,False,1.74,
4261000,Pittsburgh,PA,2016,0.7842,Fekrazad-RLCR,precinct,True,,
4261000,Pittsburgh,PA,2020,0.7882,Fekrazad-RLCR,precinct,True,,
4261000,Pittsburgh,PA,2024,0.7815,Metcalf+NYT,precinct,True,,
4263624,Reading,PA,2004,0.7947,county-rescale-BG16-corr,estimated,False,3.15,
4263624,Reading,PA,2008,0.8151,rebuilt-HEDA-precinct,precinct,True,,
4263624,Reading,PA,2012,0.8109,county-rescale-BG16-corr,estimated,False,1.74,
4263624,Reading,PA,2016,0.8057,Fekrazad-RLCR,precinct,True,,
4263624,Reading,PA,2020,0.7283,Fekrazad-RLCR,precinct,True,,
4263624,Reading,PA,2024,0.6506,Metcalf+NYT,precinct,True,,
4269000,Scranton,PA,2004,0.6504,county-rescale-BG16-corr,estimated,False,3.15,
4269000,Scranton,PA,2008,0.6889,rebuilt-HEDA-precinct,precinct,True,,
4269000,Scranton,PA,2012,0.7184,precinct-2012,precinct,True,,
4269000,Scranton,PA,2016,0.6161,Fekrazad-RLCR,precinct,True,,
4269000,Scranton,PA,2020,0.6337,Fekrazad-RLCR,precinct,True,,
4269000,Scranton,PA,2024,0.5938,Metcalf+NYT,precinct,True,,
4419180,Cranston,RI,2004,0.5842,HEDA-town,exact,True,,
4419180,Cranston,RI,2008,0.617,rebuilt-HEDA-locality,exact,True,,
4419180,Cranston,RI,2012,0.6178,HEDA-town,exact,True,,
4419180,Cranston,RI,2016,0.5412,Fekrazad-RLCR,precinct,True,,
4419180,Cranston,RI,2020,0.5717,Fekrazad-RLCR,precinct,True,,
4419180,Cranston,RI,2024,0.5318,Metcalf+NYT,precinct,True,,
4454640,Pawtucket,RI,2004,0.7088,HEDA-town,exact,True,,
4454640,Pawtucket,RI,2008,0.752,rebuilt-HEDA-locality,exact,True,,
4454640,Pawtucket,RI,2012,0.7718,HEDA-town,exact,True,,
4454640,Pawtucket,RI,2016,0.7148,Fekrazad-RLCR,precinct,True,,
4454640,Pawtucket,RI,2020,0.7142,Fekrazad-RLCR,precinct,True,,
4454640,Pawtucket,RI,2024,0.6657,Metcalf+NYT,precinct,True,,
4459000,Providence,RI,2004,0.7859,HEDA-town,exact,True,,
4459000,Providence,RI,2008,0.8441,rebuilt-HEDA-locality,exact,True,,
4459000,Providence,RI,2012,0.8564,HEDA-town,exact,True,,
4459000,Providence,RI,2016,0.8535,Fekrazad-RLCR,precinct,True,,
4459000,Providence,RI,2020,0.8191,Fekrazad-RLCR,precinct,True,,
4459000,Providence,RI,2024,0.7662,Metcalf+NYT,precinct,True,,
4474300,Warwick,RI,2004,0.582,HEDA-town,exact,True,,
4474300,Warwick,RI,2008,0.6094,rebuilt-HEDA-locality,exact,True,,
4474300,Warwick,RI,2012,0.6176,HEDA-town,exact,True,,
4474300,Warwick,RI,2016,0.5224,Fekrazad-RLCR,precinct,True,,
4474300,Warwick,RI,2020,0.5696,Fekrazad-RLCR,precinct,True,,
4474300,Warwick,RI,2024,0.54,Metcalf+NYT,precinct,True,,
4513330,Charleston,SC,2004,0.5039,county-rescale-BG16-corr,estimated,False,3.15,
4513330,Charleston,SC,2008,0.5615,rebuilt-EDA-rescaled,precinct,True,,
4513330,Charleston,SC,2012,0.5396,county-rescale-BG16-corr,estimated,False,1.74,
4513330,Charleston,SC,2016,0.569,Fekrazad-RLCR,precinct,True,,
4513330,Charleston,SC,2020,0.5799,Fekrazad-RLCR,precinct,True,,
4513330,Charleston,SC,2024,0.5422,Metcalf+NYT,precinct,True,,
4516000,Columbia,SC,2004,0.6276,county-rescale-BG16-corr,estimated,False,3.15,
4516000,Columbia,SC,2008,0.693,rebuilt-EDA-rescaled,precinct,True,,
4516000,Columbia,SC,2012,0.6994,precinct-2012,precinct,True,,
4516000,Columbia,SC,2016,0.7179,Fekrazad-RLCR,precinct,True,,
4516000,Columbia,SC,2020,0.7173,Fekrazad-RLCR,precinct,True,,
4516000,Columbia,SC,2024,0.6954,Metcalf+NYT,precinct,True,,
4530850,Greenville,SC,2004,0.462,county-rescale-BG16-corr,estimated,False,3.15,
4530850,Greenville,SC,2008,0.4948,rebuilt-EDA-rescaled,precinct,True,,
4530850,Greenville,SC,2012,0.4918,county-rescale-BG16-corr,estimated,False,1.74,
4530850,Greenville,SC,2016,0.5202,Fekrazad-RLCR,precinct,True,,
4530850,Greenville,SC,2020,0.5518,Fekrazad-RLCR,precinct,True,,
4530850,Greenville,SC,2024,0.5238,Metcalf+NYT,precinct,True,,
4550875,North Charleston,SC,2004,0.5946,county-rescale-BG16-corr,estimated,False,3.15,
4550875,North Charleston,SC,2008,0.6606,rebuilt-EDA-rescaled,precinct,True,,
4550875,North Charleston,SC,2012,0.6287,county-rescale-BG16-corr,estimated,False,1.74,
4550875,North Charleston,SC,2016,0.6345,Fekrazad-RLCR,precinct,True,,
4550875,North Charleston,SC,2020,0.6716,Fekrazad-RLCR,precinct,True,,
4550875,North Charleston,SC,2024,0.6317,Metcalf+NYT,precinct,True,,
4652980,Rapid City,SD,2004,0.3559,county-rescale-BG16-corr,estimated,False,3.15,
4652980,Rapid City,SD,2008,0.4198,rebuilt-EDA-precinct,precinct,True,,
4652980,Rapid City,SD,2012,0.3847,county-rescale-BG16-corr,estimated,False,1.74,
4652980,Rapid City,SD,2016,0.365,Fekrazad-RLCR,precinct,True,,
4652980,Rapid City,SD,2020,0.4204,Fekrazad-RLCR,precinct,True,,
4652980,Rapid City,SD,2024,0.4139,Metcalf+NYT,precinct,True,,
4659020,Sioux Falls,SD,2004,0.4404,county-rescale-BG16-corr,estimated,False,3.15,
4659020,Sioux Falls,SD,2008,0.5121,rebuilt-EDA-precinct,precinct,True,,
4659020,Sioux Falls,SD,2012,0.477,county-rescale-BG16-corr,estimated,False,1.74,
4659020,Sioux Falls,SD,2016,0.4456,Fekrazad-RLCR,precinct,True,,
4659020,Sioux Falls,SD,2020,0.4818,Fekrazad-RLCR,precinct,True,,
4659020,Sioux Falls,SD,2024,0.4657,Metcalf+NYT,precinct,True,,
4703440,Bartlett,TN,2004,0.2791,county-rescale-BG16-corr,estimated,False,3.15,
4703440,Bartlett,TN,2008,0.3355,rebuilt-HEDA-precinct,precinct,True,,
4703440,Bartlett,TN,2012,0.2481,precinct-blkBAF-2012,precinct,True,,
4703440,Bartlett,TN,2016,0.3331,Fekrazad-RLCR,precinct,True,,
4703440,Bartlett,TN,2020,0.3887,Fekrazad-RLCR,precinct,True,,
4703440,Bartlett,TN,2024,0.3909,Metcalf+NYT,precinct,True,,
4714000,Chattanooga,TN,2004,0.5307,county-rescale-BG16-corr,estimated,False,3.15,
4714000,Chattanooga,TN,2008,0.508,rebuilt-HEDA-precinct,precinct,True,,
4714000,Chattanooga,TN,2012,0.574,precinct-citylist-2012,exact,True,,
4714000,Chattanooga,TN,2016,0.5624,Fekrazad-RLCR,precinct,True,,
4714000,Chattanooga,TN,2020,0.5914,Fekrazad-RLCR,precinct,True,,
4714000,Chattanooga,TN,2024,0.5682,Metcalf+NYT,precinct,True,,
4715160,Clarksville,TN,2004,0.4666,county-rescale-BG16-corr,estimated,False,3.15,
4715160,Clarksville,TN,2008,0.5082,rebuilt-HEDA-precinct,precinct,True,,
4715160,Clarksville,TN,2012,0.5028,county-rescale-BG16-corr,estimated,False,1.74,
4715160,Clarksville,TN,2016,0.463,Fekrazad-RLCR,precinct,True,,
4715160,Clarksville,TN,2020,0.4995,Fekrazad-RLCR,precinct,True,,
4715160,Clarksville,TN,2024,0.4708,Metcalf+NYT,precinct,True,,
4716420,Collierville,TN,2004,0.2382,county-rescale-BG16-corr,estimated,False,3.15,
4716420,Collierville,TN,2008,0.2843,rebuilt-HEDA-precinct,precinct,True,,
4716420,Collierville,TN,2012,0.2814,county-rescale-BG16-corr,estimated,False,1.74,
4716420,Collierville,TN,2016,0.294,Fekrazad-RLCR,precinct,True,,
4716420,Collierville,TN,2020,0.3523,Fekrazad-RLCR,precinct,True,,
4716420,Collierville,TN,2024,0.3516,Metcalf+NYT,precinct,True,,
4733280,Hendersonville,TN,2004,0.3542,county-rescale-BG16-corr,estimated,False,3.15,
4733280,Hendersonville,TN,2008,0.3053,rebuilt-HEDA-precinct,precinct,True,,
4733280,Hendersonville,TN,2012,0.2914,county-rescale-BG16-corr,estimated,False,1.74,
4733280,Hendersonville,TN,2016,0.2922,Fekrazad-RLCR,precinct,True,,
4733280,Hendersonville,TN,2020,0.3517,Fekrazad-RLCR,precinct,True,,
4733280,Hendersonville,TN,2024,0.3408,Metcalf+NYT,precinct,True,,
4737640,Jackson,TN,2004,0.522,county-rescale-BG16-corr,estimated,False,3.15,
4737640,Jackson,TN,2008,0.5501,rebuilt-HEDA-precinct,precinct,True,,
4737640,Jackson,TN,2012,0.54,county-rescale-BG16-corr,estimated,False,1.74,
4737640,Jackson,TN,2016,0.5036,Fekrazad-RLCR,precinct,True,,
4737640,Jackson,TN,2020,0.5163,Fekrazad-RLCR,precinct,True,,
4737640,Jackson,TN,2024,0.4931,Metcalf+NYT,precinct,True,,
4740000,Knoxville,TN,2004,0.5084,county-rescale-BG16-corr,estimated,False,3.15,
4740000,Knoxville,TN,2008,0.5098,rebuilt-HEDA-precinct,precinct,True,,
4740000,Knoxville,TN,2012,0.5182,precinct-blkBAF-2012,precinct,True,,
4740000,Knoxville,TN,2016,0.5169,Fekrazad-RLCR,precinct,True,,
4740000,Knoxville,TN,2020,0.5691,Fekrazad-RLCR,precinct,True,,
4740000,Knoxville,TN,2024,0.5483,Metcalf+NYT,precinct,True,,
4748000,Memphis,TN,2004,0.7229,county-rescale-BG16-corr,estimated,False,3.15,
4748000,Memphis,TN,2008,0.7641,rebuilt-HEDA-precinct,precinct,True,,
4748000,Memphis,TN,2012,0.7428,precinct-blkBAF-2012,precinct,True,,
4748000,Memphis,TN,2016,0.7788,Fekrazad-RLCR,precinct,True,,
4748000,Memphis,TN,2020,0.7813,Fekrazad-RLCR,precinct,True,,
4748000,Memphis,TN,2024,0.7616,Metcalf+NYT,precinct,True,,
4751560,Murfreesboro,TN,2004,0.4156,county-rescale-BG16-corr,estimated,False,3.15,
4751560,Murfreesboro,TN,2008,0.439,rebuilt-HEDA-precinct,precinct,True,,
4751560,Murfreesboro,TN,2012,0.4124,county-rescale-BG16-corr,estimated,False,1.74,
4751560,Murfreesboro,TN,2016,0.4032,Fekrazad-RLCR,precinct,True,,
4751560,Murfreesboro,TN,2020,0.4625,Fekrazad-RLCR,precinct,True,,
4751560,Murfreesboro,TN,2024,0.439,Metcalf+NYT,precinct,True,,
4752006,Davidson,TN,2004,0.5568,county-rescale-BG16-corr,estimated,False,3.15,
4752006,Davidson,TN,2008,0.6078,rebuilt-HEDA-precinct,precinct,True,,
4752006,Davidson,TN,2012,0.6091,precinct-blkBAF-2012,precinct,True,,
4752006,Davidson,TN,2016,0.6457,Fekrazad-RLCR,precinct,True,,
4752006,Davidson,TN,2020,0.6724,Fekrazad-RLCR,precinct,True,,
4752006,Davidson,TN,2024,0.6401,Metcalf+NYT,precinct,True,,
4801000,Abilene,TX,2004,0.2323,precinct-TLC-2004,exact,True,,
4801000,Abilene,TX,2008,0.288,rebuilt-HEDA-precinct,precinct,True,,
4801000,Abilene,TX,2012,0.2533,precinct-TLC-2012,exact,True,,
4801000,Abilene,TX,2016,0.2644,Fekrazad-RLCR,precinct,True,,
4801000,Abilene,TX,2020,0.3099,Fekrazad-RLCR,precinct,True,,
4801000,Abilene,TX,2024,0.2908,Metcalf+NYT,precinct,True,,
4801924,Allen,TX,2004,0.2694,precinct-TLC-2004,exact,True,,
4801924,Allen,TX,2008,0.3748,rebuilt-HEDA-precinct,precinct,True,,
4801924,Allen,TX,2012,0.3464,precinct-TLC-2012,exact,True,,
4801924,Allen,TX,2016,0.4259,Fekrazad-RLCR,precinct,True,,
4801924,Allen,TX,2020,0.5042,Fekrazad-RLCR,precinct,True,,
4801924,Allen,TX,2024,0.4773,Metcalf+NYT,precinct,True,,
4803000,Amarillo,TX,2004,0.2159,precinct-TLC-2004,exact,True,,
4803000,Amarillo,TX,2008,0.2584,rebuilt-HEDA-precinct,precinct,True,,
4803000,Amarillo,TX,2012,0.2214,precinct-TLC-2012,exact,True,,
4803000,Amarillo,TX,2016,0.2304,Fekrazad-RLCR,precinct,True,,
4803000,Amarillo,TX,2020,0.2682,Fekrazad-RLCR,precinct,True,,
4803000,Amarillo,TX,2024,0.2598,Metcalf+NYT,precinct,True,,
4804000,Arlington,TX,2004,0.3844,precinct-TLC-2004,exact,True,,
4804000,Arlington,TX,2008,0.4759,rebuilt-HEDA-precinct,precinct,True,,
4804000,Arlington,TX,2012,0.4793,precinct-TLC-2012,exact,True,,
4804000,Arlington,TX,2016,0.5219,Fekrazad-RLCR,precinct,True,,
4804000,Arlington,TX,2020,0.5683,Fekrazad-RLCR,precinct,True,,
4804000,Arlington,TX,2024,0.5436,Metcalf+NYT,precinct,True,,
4805000,Austin,TX,2004,0.6034,precinct-TLC-2004,exact,True,,
4805000,Austin,TX,2008,0.6832,rebuilt-HEDA-precinct,precinct,True,,
4805000,Austin,TX,2012,0.6685,precinct-TLC-2012,exact,True,,
4805000,Austin,TX,2016,0.7575,Fekrazad-RLCR,precinct,True,,
4805000,Austin,TX,2020,0.7797,Fekrazad-RLCR,precinct,True,,
4805000,Austin,TX,2024,0.7557,Metcalf+NYT,precinct,True,,
4806128,Baytown,TX,2004,0.366,precinct-TLC-2004,exact,True,,
4806128,Baytown,TX,2008,0.417,rebuilt-HEDA-precinct,precinct,True,,
4806128,Baytown,TX,2012,0.4107,precinct-TLC-2012,exact,True,,
4806128,Baytown,TX,2016,0.4362,Fekrazad-RLCR,precinct,True,,
4806128,Baytown,TX,2020,0.4467,Fekrazad-RLCR,precinct,True,,
4806128,Baytown,TX,2024,0.4214,Metcalf+NYT,precinct,True,,
4807000,Beaumont,TX,2004,0.5599,precinct-TLC-2004,exact,True,,
4807000,Beaumont,TX,2008,0.6036,rebuilt-HEDA-precinct,precinct,True,,
4807000,Beaumont,TX,2012,0.6196,precinct-TLC-2012,exact,True,,
4807000,Beaumont,TX,2016,0.6322,Fekrazad-RLCR,precinct,True,,
4807000,Beaumont,TX,2020,0.6399,Fekrazad-RLCR,precinct,True,,
4807000,Beaumont,TX,2024,0.6101,Metcalf+NYT,precinct,True,,
4810768,Brownsville,TX,2004,0.572,precinct-TLC-2004,exact,True,,
4810768,Brownsville,TX,2008,0.7258,rebuilt-HEDA-precinct,precinct,True,,
4810768,Brownsville,TX,2012,0.7505,precinct-TLC-2012,exact,True,,
4810768,Brownsville,TX,2016,0.7663,Fekrazad-RLCR,precinct,True,,
4810768,Brownsville,TX,2020,0.6214,Fekrazad-RLCR,precinct,True,,
4810768,Brownsville,TX,2024,0.5006,Metcalf+NYT,precinct,True,,
4810912,Bryan,TX,2004,0.3656,precinct-TLC-2004,exact,True,,
4810912,Bryan,TX,2008,0.4281,rebuilt-HEDA-precinct,precinct,True,,
4810912,Bryan,TX,2012,0.4117,precinct-TLC-2012,exact,True,,
4810912,Bryan,TX,2016,0.4451,Fekrazad-RLCR,precinct,True,,
4810912,Bryan,TX,2020,0.4819,Fekrazad-RLCR,precinct,True,,
4810912,Bryan,TX,2024,0.4203,Metcalf+NYT,precinct,True,,
4813024,Carrollton,TX,2004,0.33,precinct-TLC-2004,exact,True,,
4813024,Carrollton,TX,2008,0.4292,rebuilt-HEDA-precinct,precinct,True,,
4813024,Carrollton,TX,2012,0.4143,precinct-TLC-2012,exact,True,,
4813024,Carrollton,TX,2016,0.5078,Fekrazad-RLCR,precinct,True,,
4813024,Carrollton,TX,2020,0.5642,Fekrazad-RLCR,precinct,True,,
4813024,Carrollton,TX,2024,0.5298,Metcalf+NYT,precinct,True,,
4815976,College Station,TX,2004,0.2726,precinct-TLC-2004,exact,True,,
4815976,College Station,TX,2008,0.3425,rebuilt-HEDA-precinct,precinct,True,,
4815976,College Station,TX,2012,0.3026,precinct-TLC-2012,exact,True,,
4815976,College Station,TX,2016,0.3883,Fekrazad-RLCR,precinct,True,,
4815976,College Station,TX,2020,0.4576,Fekrazad-RLCR,precinct,True,,
4815976,College Station,TX,2024,0.4039,Metcalf+NYT,precinct,True,,
4817000,Corpus Christi,TX,2004,0.428,precinct-TLC-2004,exact,True,,
4817000,Corpus Christi,TX,2008,0.4769,rebuilt-HEDA-precinct,precinct,True,,
4817000,Corpus Christi,TX,2012,0.4865,precinct-TLC-2012,exact,True,,
4817000,Corpus Christi,TX,2016,0.493,Fekrazad-RLCR,precinct,True,,
4817000,Corpus Christi,TX,2020,0.4928,Fekrazad-RLCR,precinct,True,,
4817000,Corpus Christi,TX,2024,0.4522,Metcalf+NYT,precinct,True,,
4819000,Dallas,TX,2004,0.5753,precinct-TLC-2004,exact,True,,
4819000,Dallas,TX,2008,0.6416,rebuilt-HEDA-precinct,precinct,True,,
4819000,Dallas,TX,2012,0.6308,precinct-TLC-2012,exact,True,,
4819000,Dallas,TX,2016,0.6866,Fekrazad-RLCR,precinct,True,,
4819000,Dallas,TX,2020,0.6991,Fekrazad-RLCR,precinct,True,,
4819000,Dallas,TX,2024,0.6465,Metcalf+NYT,precinct,True,,
4819972,Denton,TX,2004,0.4248,precinct-TLC-2004,exact,True,,
4819972,Denton,TX,2008,0.4938,rebuilt-HEDA-precinct,precinct,True,,
4819972,Denton,TX,2012,0.4603,precinct-TLC-2012,exact,True,,
4819972,Denton,TX,2016,0.5077,Fekrazad-RLCR,precinct,True,,
4819972,Denton,TX,2020,0.5588,Fekrazad-RLCR,precinct,True,,
4819972,Denton,TX,2024,0.5578,Metcalf+NYT,precinct,True,,
4820092,DeSoto,TX,2004,0.6498,precinct-TLC-2004,exact,True,,gate-override
4820092,DeSoto,TX,2008,0.7948,rebuilt-HEDA-precinct,precinct,True,,
4820092,DeSoto,TX,2012,0.8277,precinct-TLC-2012,exact,True,,
4820092,DeSoto,TX,2016,0.8513,Fekrazad-RLCR,precinct,True,,
4820092,DeSoto,TX,2020,0.865,Fekrazad-RLCR,precinct,True,,
4820092,DeSoto,TX,2024,0.8459,Metcalf+NYT,precinct,True,,
4822660,Edinburg,TX,2004,0.5466,precinct-TLC-2004,exact,True,,
4822660,Edinburg,TX,2008,0.689,rebuilt-HEDA-precinct,precinct,True,,
4822660,Edinburg,TX,2012,0.6987,precinct-TLC-2012,exact,True,,
4822660,Edinburg,TX,2016,0.6823,Fekrazad-RLCR,precinct,True,,
4822660,Edinburg,TX,2020,0.5941,Fekrazad-RLCR,precinct,True,,
4822660,Edinburg,TX,2024,0.5054,Metcalf+NYT,precinct,True,,
4824000,El Paso,TX,2004,0.5593,precinct-TLC-2004,exact,True,,
4824000,El Paso,TX,2008,0.654,rebuilt-HEDA-precinct,precinct,True,,
4824000,El Paso,TX,2012,0.6542,precinct-TLC-2012,exact,True,,
4824000,El Paso,TX,2016,0.7187,Fekrazad-RLCR,precinct,True,,
4824000,El Paso,TX,2020,0.6819,Fekrazad-RLCR,precinct,True,,
4824000,El Paso,TX,2024,0.5903,Metcalf+NYT,precinct,True,,
4824768,Euless,TX,2004,0.3466,precinct-TLC-2004,exact,True,,
4824768,Euless,TX,2008,0.4334,rebuilt-HEDA-precinct,precinct,True,,
4824768,Euless,TX,2012,0.4155,precinct-TLC-2012,exact,True,,
4824768,Euless,TX,2016,0.4683,Fekrazad-RLCR,precinct,True,,
4824768,Euless,TX,2020,0.5401,Fekrazad-RLCR,precinct,True,,
4824768,Euless,TX,2024,0.5024,Metcalf+NYT,precinct,True,,
4826232,Flower Mound,TX,2004,0.2276,precinct-TLC-2004,exact,True,,
4826232,Flower Mound,TX,2008,0.2981,rebuilt-HEDA-precinct,precinct,True,,
4826232,Flower Mound,TX,2012,0.2656,precinct-TLC-2012,exact,True,,
4826232,Flower Mound,TX,2016,0.3355,Fekrazad-RLCR,precinct,True,,
4826232,Flower Mound,TX,2020,0.4079,Fekrazad-RLCR,precinct,True,,
4826232,Flower Mound,TX,2024,0.3951,Metcalf+NYT,precinct,True,,
4827000,Fort Worth,TX,2004,0.4666,precinct-TLC-2004,exact,True,,
4827000,Fort Worth,TX,2008,0.5298,rebuilt-HEDA-precinct,precinct,True,,
4827000,Fort Worth,TX,2012,0.5073,precinct-TLC-2012,exact,True,,
4827000,Fort Worth,TX,2016,0.53,Fekrazad-RLCR,precinct,True,,
4827000,Fort Worth,TX,2020,0.559,Fekrazad-RLCR,precinct,True,,
4827000,Fort Worth,TX,2024,0.5177,Metcalf+NYT,precinct,True,,
4827684,Frisco,TX,2004,0.2388,precinct-TLC-2004,exact,True,,
4827684,Frisco,TX,2008,0.3513,rebuilt-HEDA-precinct,precinct,True,,
4827684,Frisco,TX,2012,0.31,precinct-TLC-2012,exact,True,,
4827684,Frisco,TX,2016,0.4137,Fekrazad-RLCR,precinct,True,,
4827684,Frisco,TX,2020,0.4894,Fekrazad-RLCR,precinct,True,,
4827684,Frisco,TX,2024,0.4542,Metcalf+NYT,precinct,True,,
4828068,Galveston,TX,2004,0.6171,precinct-TLC-2004,exact,True,,
4828068,Galveston,TX,2008,0.6067,rebuilt-HEDA-precinct,precinct,True,,
4828068,Galveston,TX,2012,0.5951,precinct-TLC-2012,exact,True,,
4828068,Galveston,TX,2016,0.5647,Fekrazad-RLCR,precinct,True,,
4828068,Galveston,TX,2020,0.5567,Fekrazad-RLCR,precinct,True,,
4828068,Galveston,TX,2024,0.5269,Metcalf+NYT,precinct,True,,
4829000,Garland,TX,2004,0.3843,precinct-TLC-2004,exact,True,,
4829000,Garland,TX,2008,0.4667,rebuilt-HEDA-precinct,precinct,True,,
4829000,Garland,TX,2012,0.4802,precinct-TLC-2012,exact,True,,
4829000,Garland,TX,2016,0.5451,Fekrazad-RLCR,precinct,True,,
4829000,Garland,TX,2020,0.5759,Fekrazad-RLCR,precinct,True,,
4829000,Garland,TX,2024,0.5366,Metcalf+NYT,precinct,True,,
4830464,Grand Prairie,TX,2004,0.4353,precinct-TLC-2004,exact,True,,
4830464,Grand Prairie,TX,2008,0.5505,rebuilt-HEDA-precinct,precinct,True,,
4830464,Grand Prairie,TX,2012,0.5713,precinct-TLC-2012,exact,True,,
4830464,Grand Prairie,TX,2016,0.621,Fekrazad-RLCR,precinct,True,,
4830464,Grand Prairie,TX,2020,0.6455,Fekrazad-RLCR,precinct,True,,
4830464,Grand Prairie,TX,2024,0.6053,Metcalf+NYT,precinct,True,,
4835000,Houston,TX,2004,0.541,precinct-TLC-2004,exact,True,,
4835000,Houston,TX,2008,0.5998,rebuilt-HEDA-precinct,precinct,True,,
4835000,Houston,TX,2012,0.5943,precinct-TLC-2012,exact,True,,
4835000,Houston,TX,2016,0.6592,Fekrazad-RLCR,precinct,True,,
4835000,Houston,TX,2020,0.6498,Fekrazad-RLCR,precinct,True,,
4835000,Houston,TX,2024,0.6121,Metcalf+NYT,precinct,True,,
4837000,Irving,TX,2004,0.4054,precinct-TLC-2004,exact,True,,
4837000,Irving,TX,2008,0.5062,rebuilt-HEDA-precinct,precinct,True,,
4837000,Irving,TX,2012,0.5153,precinct-TLC-2012,exact,True,,
4837000,Irving,TX,2016,0.5973,Fekrazad-RLCR,precinct,True,,
4837000,Irving,TX,2020,0.6257,Fekrazad-RLCR,precinct,True,,
4837000,Irving,TX,2024,0.5483,Metcalf+NYT,precinct,True,,
4839148,Killeen,TX,2004,0.4717,precinct-TLC-2004,exact,True,,
4839148,Killeen,TX,2008,0.6434,rebuilt-HEDA-precinct,precinct,True,,
4839148,Killeen,TX,2012,0.6391,precinct-TLC-2012,exact,True,,
4839148,Killeen,TX,2016,0.6253,Fekrazad-RLCR,precinct,True,,
4839148,Killeen,TX,2020,0.6488,Fekrazad-RLCR,precinct,True,,
4839148,Killeen,TX,2024,0.6101,Metcalf+NYT,precinct,True,,
4841464,Laredo,TX,2004,0.5712,precinct-TLC-2004,exact,True,,
4841464,Laredo,TX,2008,0.7138,rebuilt-HEDA-precinct,precinct,True,,
4841464,Laredo,TX,2012,0.7707,precinct-TLC-2012,exact,True,,
4841464,Laredo,TX,2016,0.7678,Fekrazad-RLCR,precinct,True,,
4841464,Laredo,TX,2020,0.6227,Fekrazad-RLCR,precinct,True,,
4841464,Laredo,TX,2024,0.501,Metcalf+NYT,precinct,True,,
4841980,League City,TX,2004,0.2864,precinct-TLC-2004,exact,True,,
4841980,League City,TX,2008,0.3162,rebuilt-HEDA-precinct,precinct,True,,
4841980,League City,TX,2012,0.2704,precinct-TLC-2012,exact,True,,
4841980,League City,TX,2016,0.3137,Fekrazad-RLCR,precinct,True,,
4841980,League City,TX,2020,0.3481,Fekrazad-RLCR,precinct,True,,
4841980,League City,TX,2024,0.3369,Metcalf+NYT,precinct,True,,
4842508,Lewisville,TX,2004,0.3164,precinct-TLC-2004,exact,True,,
4842508,Lewisville,TX,2008,0.4238,rebuilt-HEDA-precinct,precinct,True,,
4842508,Lewisville,TX,2012,0.4108,precinct-TLC-2012,exact,True,,
4842508,Lewisville,TX,2016,0.4743,Fekrazad-RLCR,precinct,True,,
4842508,Lewisville,TX,2020,0.5462,Fekrazad-RLCR,precinct,True,,
4842508,Lewisville,TX,2024,0.5083,Metcalf+NYT,precinct,True,,
4843888,Longview,TX,2004,0.2867,precinct-TLC-2004,exact,True,,
4843888,Longview,TX,2008,0.3222,rebuilt-HEDA-precinct,precinct,True,,
4843888,Longview,TX,2012,0.3107,precinct-TLC-2012,exact,True,,
4843888,Longview,TX,2016,0.3201,Fekrazad-RLCR,precinct,True,,
4843888,Longview,TX,2020,0.3497,Fekrazad-RLCR,precinct,True,,
4843888,Longview,TX,2024,0.3145,Metcalf+NYT,precinct,True,,
4845000,Lubbock,TX,2004,0.2529,precinct-TLC-2004,exact,True,,
4845000,Lubbock,TX,2008,0.3317,rebuilt-HEDA-precinct,precinct,True,,
4845000,Lubbock,TX,2012,0.3142,precinct-TLC-2012,exact,True,,
4845000,Lubbock,TX,2016,0.3295,Fekrazad-RLCR,precinct,True,,
4845000,Lubbock,TX,2020,0.3703,Fekrazad-RLCR,precinct,True,,
4845000,Lubbock,TX,2024,0.3324,Metcalf+NYT,precinct,True,,
4845384,McAllen,TX,2004,0.4669,precinct-TLC-2004,exact,True,,
4845384,McAllen,TX,2008,0.6077,rebuilt-HEDA-precinct,precinct,True,,
4845384,McAllen,TX,2012,0.5995,precinct-TLC-2012,exact,True,,
4845384,McAllen,TX,2016,0.6435,Fekrazad-RLCR,precinct,True,,
4845384,McAllen,TX,2020,0.5738,Fekrazad-RLCR,precinct,True,,
4845384,McAllen,TX,2024,0.4995,Metcalf+NYT,precinct,True,,
4845744,McKinney,TX,2004,0.2454,precinct-TLC-2004,exact,True,,
4845744,McKinney,TX,2008,0.3497,rebuilt-HEDA-precinct,precinct,True,,
4845744,McKinney,TX,2012,0.3202,precinct-TLC-2012,exact,True,,
4845744,McKinney,TX,2016,0.3849,Fekrazad-RLCR,precinct,True,,
4845744,McKinney,TX,2020,0.4638,Fekrazad-RLCR,precinct,True,,
4845744,McKinney,TX,2024,0.4381,Metcalf+NYT,precinct,True,,
4847892,Mesquite,TX,2004,0.4009,precinct-TLC-2004,exact,True,,
4847892,Mesquite,TX,2008,0.5006,rebuilt-HEDA-precinct,precinct,True,,
4847892,Mesquite,TX,2012,0.5124,precinct-TLC-2012,exact,True,,
4847892,Mesquite,TX,2016,0.5548,Fekrazad-RLCR,precinct,True,,
4847892,Mesquite,TX,2020,0.6073,Fekrazad-RLCR,precinct,True,,
4847892,Mesquite,TX,2024,0.5794,Metcalf+NYT,precinct,True,,
4848072,Midland,TX,2004,0.1883,precinct-TLC-2004,exact,True,,
4848072,Midland,TX,2008,0.2251,rebuilt-HEDA-precinct,precinct,True,,
4848072,Midland,TX,2012,0.2,precinct-TLC-2012,exact,True,,
4848072,Midland,TX,2016,0.2295,Fekrazad-RLCR,precinct,True,,
4848072,Midland,TX,2020,0.2328,Fekrazad-RLCR,precinct,True,,
4848072,Midland,TX,2024,0.2146,Metcalf+NYT,precinct,True,,
4848804,Missouri City,TX,2004,0.5682,precinct-TLC-2004,exact,True,,
4848804,Missouri City,TX,2008,0.6534,rebuilt-HEDA-precinct,precinct,True,,
4848804,Missouri City,TX,2012,0.6524,precinct-TLC-2012,exact,True,,
4848804,Missouri City,TX,2016,0.6905,Fekrazad-RLCR,precinct,True,,
4848804,Missouri City,TX,2020,0.6964,Fekrazad-RLCR,precinct,True,,
4848804,Missouri City,TX,2024,0.6475,Metcalf+NYT,precinct,True,,
4853388,Odessa,TX,2004,0.2357,precinct-TLC-2004,exact,True,,
4853388,Odessa,TX,2008,0.2579,rebuilt-HEDA-precinct,precinct,True,,
4853388,Odessa,TX,2012,0.2537,precinct-TLC-2012,exact,True,,
4853388,Odessa,TX,2016,0.2973,Fekrazad-RLCR,precinct,True,,
4853388,Odessa,TX,2020,0.2774,Fekrazad-RLCR,precinct,True,,
4853388,Odessa,TX,2024,0.2469,Metcalf+NYT,precinct,True,,
4856000,Pasadena,TX,2004,0.3407,precinct-TLC-2004,exact,True,,
4856000,Pasadena,TX,2008,0.3603,rebuilt-HEDA-precinct,precinct,True,,
4856000,Pasadena,TX,2012,0.3608,precinct-TLC-2012,exact,True,,
4856000,Pasadena,TX,2016,0.4535,Fekrazad-RLCR,precinct,True,,
4856000,Pasadena,TX,2020,0.4434,Fekrazad-RLCR,precinct,True,,
4856000,Pasadena,TX,2024,0.3954,Metcalf+NYT,precinct,True,,
4856348,Pearland,TX,2004,0.3151,precinct-TLC-2004,exact,True,,
4856348,Pearland,TX,2008,0.3893,rebuilt-HEDA-precinct,precinct,True,,
4856348,Pearland,TX,2012,0.3863,precinct-TLC-2012,exact,True,,
4856348,Pearland,TX,2016,0.4801,Fekrazad-RLCR,precinct,True,,
4856348,Pearland,TX,2020,0.5045,Fekrazad-RLCR,precinct,True,,
4856348,Pearland,TX,2024,0.4837,Metcalf+NYT,precinct,True,,
4857200,Pharr,TX,2004,0.5973,precinct-TLC-2004,exact,True,,
4857200,Pharr,TX,2008,0.7378,rebuilt-HEDA-precinct,precinct,True,,
4857200,Pharr,TX,2012,0.7533,precinct-TLC-2012,exact,True,,
4857200,Pharr,TX,2016,0.758,Fekrazad-RLCR,precinct,True,,
4857200,Pharr,TX,2020,0.6168,Fekrazad-RLCR,precinct,True,,
4857200,Pharr,TX,2024,0.5053,Metcalf+NYT,precinct,True,,
4858016,Plano,TX,2004,0.3109,precinct-TLC-2004,exact,True,,
4858016,Plano,TX,2008,0.4019,rebuilt-HEDA-precinct,precinct,True,,
4858016,Plano,TX,2012,0.3815,precinct-TLC-2012,exact,True,,
4858016,Plano,TX,2016,0.4754,Fekrazad-RLCR,precinct,True,,
4858016,Plano,TX,2020,0.5445,Fekrazad-RLCR,precinct,True,,
4858016,Plano,TX,2024,0.516,Metcalf+NYT,precinct,True,,
4861796,Richardson,TX,2004,0.3404,precinct-TLC-2004,exact,True,,
4861796,Richardson,TX,2008,0.42,rebuilt-HEDA-precinct,precinct,True,,
4861796,Richardson,TX,2012,0.4082,precinct-TLC-2012,exact,True,,
4861796,Richardson,TX,2016,0.5105,Fekrazad-RLCR,precinct,True,,
4861796,Richardson,TX,2020,0.5836,Fekrazad-RLCR,precinct,True,,
4861796,Richardson,TX,2024,0.5575,Metcalf+NYT,precinct,True,,
4863500,Round Rock,TX,2004,0.3833,precinct-TLC-2004,exact,True,,
4863500,Round Rock,TX,2008,0.4972,rebuilt-HEDA-precinct,precinct,True,,
4863500,Round Rock,TX,2012,0.4686,precinct-TLC-2012,exact,True,,
4863500,Round Rock,TX,2016,0.5255,Fekrazad-RLCR,precinct,True,,
4863500,Round Rock,TX,2020,0.5871,Fekrazad-RLCR,precinct,True,,
4863500,Round Rock,TX,2024,0.5723,Metcalf+NYT,precinct,True,,
4864472,San Angelo,TX,2004,0.2621,precinct-TLC-2004,exact,True,,
4864472,San Angelo,TX,2008,0.3261,rebuilt-HEDA-precinct,precinct,True,,
4864472,San Angelo,TX,2012,0.2883,precinct-TLC-2012,exact,True,,
4864472,San Angelo,TX,2016,0.2898,Fekrazad-RLCR,precinct,True,,
4864472,San Angelo,TX,2020,0.3153,Fekrazad-RLCR,precinct,True,,
4864472,San Angelo,TX,2024,0.3013,Metcalf+NYT,precinct,True,,
4865000,San Antonio,TX,2004,0.4753,precinct-TLC-2004,exact,True,,
4865000,San Antonio,TX,2008,0.5571,rebuilt-HEDA-precinct,precinct,True,,
4865000,San Antonio,TX,2012,0.5593,precinct-TLC-2012,exact,True,,
4865000,San Antonio,TX,2016,0.6095,Fekrazad-RLCR,precinct,True,,
4865000,San Antonio,TX,2020,0.627,Fekrazad-RLCR,precinct,True,,
4865000,San Antonio,TX,2024,0.5845,Metcalf+NYT,precinct,True,,
4872176,Temple,TX,2004,0.3262,precinct-TLC-2004,exact,True,,
4872176,Temple,TX,2008,0.3968,rebuilt-HEDA-precinct,precinct,True,,
4872176,Temple,TX,2012,0.3552,precinct-TLC-2012,exact,True,,
4872176,Temple,TX,2016,0.3606,Fekrazad-RLCR,precinct,True,,
4872176,Temple,TX,2020,0.3991,Fekrazad-RLCR,precinct,True,,
4872176,Temple,TX,2024,0.3783,Metcalf+NYT,precinct,True,,
4874144,Tyler,TX,2004,0.3335,precinct-TLC-2004,exact,True,,
4874144,Tyler,TX,2008,0.3742,rebuilt-HEDA-precinct,precinct,True,,
4874144,Tyler,TX,2012,0.3585,precinct-TLC-2012,exact,True,,
4874144,Tyler,TX,2016,0.3706,Fekrazad-RLCR,precinct,True,,
4874144,Tyler,TX,2020,0.4045,Fekrazad-RLCR,precinct,True,,
4874144,Tyler,TX,2024,0.3784,Metcalf+NYT,precinct,True,,
4876000,Waco,TX,2004,0.4326,precinct-TLC-2004,exact,True,,
4876000,Waco,TX,2008,0.4975,rebuilt-HEDA-precinct,precinct,True,,
4876000,Waco,TX,2012,0.4867,precinct-TLC-2012,exact,True,,
4876000,Waco,TX,2016,0.4909,Fekrazad-RLCR,precinct,True,,
4876000,Waco,TX,2020,0.5089,Fekrazad-RLCR,precinct,True,,
4876000,Waco,TX,2024,0.4552,Metcalf+NYT,precinct,True,,
4943660,Layton,UT,2004,0.2032,county-rescale-BG16,estimated,False,3.15,
4943660,Layton,UT,2008,0.3076,rebuilt-HEDA-cityprefix,exact,True,,
4943660,Layton,UT,2012,0.1921,county-rescale-BG16,estimated,False,1.74,
4943660,Layton,UT,2016,0.3273,Fekrazad-RLCR,precinct,True,,
4943660,Layton,UT,2020,0.3611,Fekrazad-RLCR,precinct,True,,
4943660,Layton,UT,2024,0.3718,Metcalf+NYT,precinct,True,,
4945860,Logan,UT,2004,0.2776,county-rescale-BG16,estimated,False,3.15,
4945860,Logan,UT,2008,0.3499,rebuilt-HEDA-cityprefix,exact,True,,
4945860,Logan,UT,2012,0.2587,county-rescale-BG16,estimated,False,1.74,
4945860,Logan,UT,2016,0.4423,Fekrazad-RLCR,precinct,True,,
4945860,Logan,UT,2020,0.4432,Fekrazad-RLCR,precinct,True,,
4945860,Logan,UT,2024,0.4662,Metcalf+NYT,precinct,True,,
4955980,Ogden,UT,2004,0.4324,county-rescale-BG16,estimated,False,3.15,
4955980,Ogden,UT,2008,0.4849,rebuilt-HEDA-cityprefix,exact,True,,
4955980,Ogden,UT,2012,0.4181,county-rescale-BG16,estimated,False,1.74,
4955980,Ogden,UT,2016,0.5303,Fekrazad-RLCR,precinct,True,,
4955980,Ogden,UT,2020,0.5382,Fekrazad-RLCR,precinct,True,,
4955980,Ogden,UT,2024,0.5275,Metcalf+NYT,precinct,True,,
4957300,Orem,UT,2004,0.1457,county-rescale-BG16,estimated,False,3.15,
4957300,Orem,UT,2008,0.2027,rebuilt-HEDA-cityprefix,exact,True,,
4957300,Orem,UT,2012,0.1218,county-rescale-BG16,estimated,False,1.74,
4957300,Orem,UT,2016,0.2602,Fekrazad-RLCR,precinct,True,,
4957300,Orem,UT,2020,0.3368,Fekrazad-RLCR,precinct,True,,
4957300,Orem,UT,2024,0.3547,Metcalf+NYT,precinct,True,,
4962470,Provo,UT,2004,0.1928,county-rescale-BG16,estimated,False,3.15,
4962470,Provo,UT,2008,0.2424,rebuilt-HEDA-cityprefix,exact,True,,
4962470,Provo,UT,2012,0.1627,county-rescale-BG16,estimated,False,1.74,
4962470,Provo,UT,2016,0.3301,Fekrazad-RLCR,precinct,True,,
4962470,Provo,UT,2020,0.4031,Fekrazad-RLCR,precinct,True,,
4962470,Provo,UT,2024,0.4027,Metcalf+NYT,precinct,True,,
4967000,Salt Lake City,UT,2004,0.6664,county-rescale-BG16,estimated,False,3.15,
4967000,Salt Lake City,UT,2008,0.7605,county-rescale-BG16,estimated,False,2.12,bg16-fill-2008
4967000,Salt Lake City,UT,2012,0.6322,precinct-cityprefix-2012,exact,True,,
4967000,Salt Lake City,UT,2016,0.8015,Fekrazad-RLCR,precinct,True,,
4967000,Salt Lake City,UT,2020,0.7943,Fekrazad-RLCR,precinct,True,,
4967000,Salt Lake City,UT,2024,0.783,Metcalf+NYT,precinct,True,,
4967440,Sandy,UT,2004,0.3122,county-rescale-BG16,estimated,False,3.15,
4967440,Sandy,UT,2008,0.4191,county-rescale-BG16,estimated,False,2.12,bg16-fill-2008
4967440,Sandy,UT,2012,0.3252,precinct-cityprefix-2012,exact,True,,
4967440,Sandy,UT,2016,0.4785,Fekrazad-RLCR,precinct,True,,
4967440,Sandy,UT,2020,0.513,Fekrazad-RLCR,precinct,True,,
4967440,Sandy,UT,2024,0.5195,Metcalf+NYT,precinct,True,,
4975360,Taylorsville,UT,2004,0.3583,county-rescale-BG16,estimated,False,3.15,
4975360,Taylorsville,UT,2008,0.4702,county-rescale-BG16,estimated,False,2.12,bg16-fill-2008
4975360,Taylorsville,UT,2012,0.3754,precinct-cityprefix-2012,exact,True,,
4975360,Taylorsville,UT,2016,0.5302,Fekrazad-RLCR,precinct,True,,
4975360,Taylorsville,UT,2020,0.5303,Fekrazad-RLCR,precinct,True,,
4975360,Taylorsville,UT,2024,0.5296,Metcalf+NYT,precinct,True,,
4982950,West Jordan,UT,2004,0.2837,county-rescale-BG16,estimated,False,3.15,
4982950,West Jordan,UT,2008,0.3863,county-rescale-BG16,estimated,False,2.12,bg16-fill-2008
4982950,West Jordan,UT,2012,0.2976,precinct-cityprefix-2012,exact,True,,
4982950,West Jordan,UT,2016,0.4446,Fekrazad-RLCR,precinct,True,,
4982950,West Jordan,UT,2020,0.4495,Fekrazad-RLCR,precinct,True,,
4982950,West Jordan,UT,2024,0.4498,Metcalf+NYT,precinct,True,,
4983470,West Valley City,UT,2004,0.389,county-rescale-BG16,estimated,False,3.15,
4983470,West Valley City,UT,2008,0.503,county-rescale-BG16,estimated,False,2.12,bg16-fill-2008
4983470,West Valley City,UT,2012,0.4195,precinct-cityprefix-2012,exact,True,,
4983470,West Valley City,UT,2016,0.5628,Fekrazad-RLCR,precinct,True,,
4983470,West Valley City,UT,2020,0.5479,Fekrazad-RLCR,precinct,True,,
4983470,West Valley City,UT,2024,0.5228,Metcalf+NYT,precinct,True,,
5101000,Alexandria,VA,2004,0.6745,county-direct,exact,True,,
5101000,Alexandria,VA,2008,0.7162,rebuilt-HEDA-locality,exact,True,,
5101000,Alexandria,VA,2012,0.7205,county-direct,exact,True,,
5101000,Alexandria,VA,2016,0.8116,Fekrazad-RLCR,precinct,True,,
5101000,Alexandria,VA,2020,0.82,Fekrazad-RLCR,precinct,True,,
5101000,Alexandria,VA,2024,0.7946,Metcalf+NYT,precinct,True,,
5116000,Chesapeake,VA,2004,0.4256,county-direct,exact,True,,
5116000,Chesapeake,VA,2008,0.4913,rebuilt-HEDA-locality,exact,True,,
5116000,Chesapeake,VA,2012,0.5053,county-direct,exact,True,,
5116000,Chesapeake,VA,2016,0.4931,Fekrazad-RLCR,precinct,True,,
5116000,Chesapeake,VA,2020,0.5328,Fekrazad-RLCR,precinct,True,,
5116000,Chesapeake,VA,2024,0.5193,Metcalf+NYT,precinct,True,,
5135000,Hampton,VA,2004,0.5777,county-direct,exact,True,,
5135000,Hampton,VA,2008,0.6738,rebuilt-HEDA-locality,exact,True,,
5135000,Hampton,VA,2012,0.7159,county-direct,exact,True,,
5135000,Hampton,VA,2016,0.6974,Fekrazad-RLCR,precinct,True,,
5135000,Hampton,VA,2020,0.7151,Fekrazad-RLCR,precinct,True,,
5135000,Hampton,VA,2024,0.7019,Metcalf+NYT,precinct,True,,
5156000,Newport News,VA,2004,0.523,county-direct,exact,True,,
5156000,Newport News,VA,2008,0.6333,rebuilt-HEDA-locality,exact,True,,
5156000,Newport News,VA,2012,0.6524,county-direct,exact,True,,
5156000,Newport News,VA,2016,0.6417,Fekrazad-RLCR,precinct,True,,
5156000,Newport News,VA,2020,0.668,Fekrazad-RLCR,precinct,True,,
5156000,Newport News,VA,2024,0.6461,Metcalf+NYT,precinct,True,,
5157000,Norfolk,VA,2004,0.6224,county-direct,exact,True,,
5157000,Norfolk,VA,2008,0.7125,rebuilt-HEDA-locality,exact,True,,
5157000,Norfolk,VA,2012,0.7303,county-direct,exact,True,,
5157000,Norfolk,VA,2016,0.7266,Fekrazad-RLCR,precinct,True,,
5157000,Norfolk,VA,2020,0.7341,Fekrazad-RLCR,precinct,True,,
5157000,Norfolk,VA,2024,0.7109,Metcalf+NYT,precinct,True,,
5164000,Portsmouth,VA,2004,0.6132,county-direct,exact,True,,
5164000,Portsmouth,VA,2008,0.674,rebuilt-HEDA-locality,exact,True,,
5164000,Portsmouth,VA,2012,0.7165,county-direct,exact,True,,
5164000,Portsmouth,VA,2016,0.6972,Fekrazad-RLCR,precinct,True,,
5164000,Portsmouth,VA,2020,0.7132,Fekrazad-RLCR,precinct,True,,
5164000,Portsmouth,VA,2024,0.6955,Metcalf+NYT,precinct,True,,
5167000,Richmond,VA,2004,0.7068,county-direct,exact,True,,
5167000,Richmond,VA,2008,0.7958,rebuilt-HEDA-locality,exact,True,,
5167000,Richmond,VA,2012,0.7911,county-direct,exact,True,,
5167000,Richmond,VA,2016,0.839,Fekrazad-RLCR,precinct,True,,
5167000,Richmond,VA,2020,0.8474,Fekrazad-RLCR,precinct,True,,
5167000,Richmond,VA,2024,0.8388,Metcalf+NYT,precinct,True,,
5168000,Roanoke,VA,2004,0.531,county-direct,exact,True,,
5168000,Roanoke,VA,2008,0.6155,rebuilt-HEDA-locality,exact,True,,
5168000,Roanoke,VA,2012,0.6168,county-direct,exact,True,,
5168000,Roanoke,VA,2016,0.6008,Fekrazad-RLCR,precinct,True,,
5168000,Roanoke,VA,2020,0.6318,Fekrazad-RLCR,precinct,True,,
5168000,Roanoke,VA,2024,0.6199,Metcalf+NYT,precinct,True,,
5176432,Suffolk,VA,2004,0.4761,county-direct,exact,True,,
5176432,Suffolk,VA,2008,0.5514,rebuilt-HEDA-locality,exact,True,,
5176432,Suffolk,VA,2012,0.5766,county-direct,exact,True,,
5176432,Suffolk,VA,2016,0.5643,Fekrazad-RLCR,precinct,True,,
5176432,Suffolk,VA,2020,0.5883,Fekrazad-RLCR,precinct,True,,
5176432,Suffolk,VA,2024,0.581,Metcalf+NYT,precinct,True,,
5182000,Virginia Beach,VA,2004,0.4052,county-direct,exact,True,,
5182000,Virginia Beach,VA,2008,0.4845,rebuilt-HEDA-locality,exact,True,,
5182000,Virginia Beach,VA,2012,0.4871,county-direct,exact,True,,
5182000,Virginia Beach,VA,2016,0.4809,Fekrazad-RLCR,precinct,True,,
5182000,Virginia Beach,VA,2020,0.5276,Fekrazad-RLCR,precinct,True,,
5182000,Virginia Beach,VA,2024,0.5133,Metcalf+NYT,precinct,True,,
5303180,Auburn,WA,2004,0.4846,county-rescale-BG16-corr,estimated,False,3.15,
5303180,Auburn,WA,2008,0.5723,rebuilt-HEDA-precinct,precinct,True,,
5303180,Auburn,WA,2012,0.5757,precinct-2012,precinct,True,,
5303180,Auburn,WA,2016,0.5838,Fekrazad-RLCR,precinct,True,,
5303180,Auburn,WA,2020,0.5969,Fekrazad-RLCR,precinct,True,,
5303180,Auburn,WA,2024,0.5824,Metcalf+NYT,precinct,True,,
5305210,Bellevue,WA,2004,0.5777,precinct-cityprefix-2004,exact,True,,
5305210,Bellevue,WA,2008,0.6504,rebuilt-HEDA-precinct,precinct,True,,
5305210,Bellevue,WA,2012,0.6327,precinct-2012,precinct,True,,
5305210,Bellevue,WA,2016,0.7289,Fekrazad-RLCR,precinct,True,,
5305210,Bellevue,WA,2020,0.7342,Fekrazad-RLCR,precinct,True,,
5305210,Bellevue,WA,2024,0.7228,Metcalf+NYT,precinct,True,,
5305280,Bellingham,WA,2004,0.7322,county-rescale-BG16-corr,estimated,False,3.15,
5305280,Bellingham,WA,2008,0.7455,rebuilt-HEDA-precinct,precinct,True,,
5305280,Bellingham,WA,2012,0.7268,precinct-2012,precinct,True,,
5305280,Bellingham,WA,2016,0.7905,Fekrazad-RLCR,precinct,True,,
5305280,Bellingham,WA,2020,0.8089,Fekrazad-RLCR,precinct,True,,
5305280,Bellingham,WA,2024,0.8239,Metcalf+NYT,precinct,True,,
5322640,Everett,WA,2004,0.587,county-rescale-BG16-corr,estimated,False,3.15,
5322640,Everett,WA,2008,0.6458,rebuilt-HEDA-precinct,precinct,True,,
5322640,Everett,WA,2012,0.6336,county-rescale-BG16-corr,estimated,False,1.74,
5322640,Everett,WA,2016,0.6357,Fekrazad-RLCR,precinct,True,,
5322640,Everett,WA,2020,0.6559,Fekrazad-RLCR,precinct,True,,
5322640,Everett,WA,2024,0.6565,Metcalf+NYT,precinct,True,,
5323515,Federal Way,WA,2004,0.555,precinct-cityprefix-2004,exact,True,,
5323515,Federal Way,WA,2008,0.6162,rebuilt-HEDA-precinct,precinct,True,,
5323515,Federal Way,WA,2012,0.6139,precinct-2012,precinct,True,,
5323515,Federal Way,WA,2016,0.6427,Fekrazad-RLCR,precinct,True,,
5323515,Federal Way,WA,2020,0.6502,Fekrazad-RLCR,precinct,True,,
5323515,Federal Way,WA,2024,0.6376,Metcalf+NYT,precinct,True,,
5335415,Kent,WA,2004,0.5566,precinct-cityprefix-2004,exact,True,,
5335415,Kent,WA,2008,0.6225,rebuilt-HEDA-precinct,precinct,True,,
5335415,Kent,WA,2012,0.6294,precinct-2012,precinct,True,,
5335415,Kent,WA,2016,0.6583,Fekrazad-RLCR,precinct,True,,
5335415,Kent,WA,2020,0.6648,Fekrazad-RLCR,precinct,True,,
5335415,Kent,WA,2024,0.6276,Metcalf+NYT,precinct,True,,
5351300,Olympia,WA,2004,0.7326,county-rescale-BG16-corr,estimated,False,3.15,
5351300,Olympia,WA,2008,0.7477,rebuilt-HEDA-precinct,precinct,True,,
5351300,Olympia,WA,2012,0.7579,county-rescale-BG16-corr,estimated,False,1.74,
5351300,Olympia,WA,2016,0.7651,Fekrazad-RLCR,precinct,True,,
5351300,Olympia,WA,2020,0.7764,Fekrazad-RLCR,precinct,True,,
5351300,Olympia,WA,2024,0.7935,Metcalf+NYT,precinct,True,,
5357535,Redmond,WA,2004,0.5887,precinct-cityprefix-2004,exact,True,,
5357535,Redmond,WA,2008,0.6717,rebuilt-HEDA-precinct,precinct,True,,
5357535,Redmond,WA,2012,0.667,precinct-2012,precinct,True,,
5357535,Redmond,WA,2016,0.7587,Fekrazad-RLCR,precinct,True,,
5357535,Redmond,WA,2020,0.7788,Fekrazad-RLCR,precinct,True,,
5357535,Redmond,WA,2024,0.771,Metcalf+NYT,precinct,True,,
5357745,Renton,WA,2004,0.6286,precinct-cityprefix-2004,exact,True,,
5357745,Renton,WA,2008,0.6783,rebuilt-HEDA-precinct,precinct,True,,
5357745,Renton,WA,2012,0.6813,precinct-2012,precinct,True,,
5357745,Renton,WA,2016,0.7136,Fekrazad-RLCR,precinct,True,,
5357745,Renton,WA,2020,0.7101,Fekrazad-RLCR,precinct,True,,
5357745,Renton,WA,2024,0.6967,Metcalf+NYT,precinct,True,,
5363000,Seattle,WA,2004,0.8184,precinct-cityprefix-2004,exact,True,,
5363000,Seattle,WA,2008,0.8591,rebuilt-HEDA-precinct,precinct,True,,
5363000,Seattle,WA,2012,0.858,precinct-2012,precinct,True,,
5363000,Seattle,WA,2016,0.9088,Fekrazad-RLCR,precinct,True,,
5363000,Seattle,WA,2020,0.9065,Fekrazad-RLCR,precinct,True,,
5363000,Seattle,WA,2024,0.9068,Metcalf+NYT,precinct,True,,
5367000,Spokane,WA,2004,0.5353,county-rescale-BG16-corr,estimated,False,3.15,
5367000,Spokane,WA,2008,0.5761,rebuilt-HEDA-precinct,precinct,True,,
5367000,Spokane,WA,2012,0.5658,county-rescale-BG16-corr,estimated,False,1.74,
5367000,Spokane,WA,2016,0.5613,Fekrazad-RLCR,precinct,True,,
5367000,Spokane,WA,2020,0.5869,Fekrazad-RLCR,precinct,True,,
5367000,Spokane,WA,2024,0.5878,Metcalf+NYT,precinct,True,,
5370000,Tacoma,WA,2004,0.6578,county-rescale-BG16-corr,estimated,False,3.15,
5370000,Tacoma,WA,2008,0.6827,rebuilt-HEDA-precinct,precinct,True,,
5370000,Tacoma,WA,2012,0.6958,county-rescale-BG16-corr,estimated,False,1.74,
5370000,Tacoma,WA,2016,0.6995,Fekrazad-RLCR,precinct,True,,
5370000,Tacoma,WA,2020,0.7146,Fekrazad-RLCR,precinct,True,,
5370000,Tacoma,WA,2024,0.7174,Metcalf+NYT,precinct,True,,
5374060,Vancouver,WA,2004,0.5442,county-rescale-BG16-corr,estimated,False,3.15,
5374060,Vancouver,WA,2008,0.5915,rebuilt-HEDA-precinct,precinct,True,,
5374060,Vancouver,WA,2012,0.5705,precinct-2012,precinct,True,,
5374060,Vancouver,WA,2016,0.5808,Fekrazad-RLCR,precinct,True,,
5374060,Vancouver,WA,2020,0.611,Fekrazad-RLCR,precinct,True,,
5374060,Vancouver,WA,2024,0.624,Metcalf+NYT,precinct,True,,
5380010,Yakima,WA,2004,0.4394,county-rescale-BG16-corr,estimated,False,3.15,
5380010,Yakima,WA,2008,0.4828,rebuilt-HEDA-precinct,precinct,True,,
5380010,Yakima,WA,2012,0.4084,precinct-2012,precinct,True,,
5380010,Yakima,WA,2016,0.4797,Fekrazad-RLCR,precinct,True,,
5380010,Yakima,WA,2020,0.5201,Fekrazad-RLCR,precinct,True,,
5380010,Yakima,WA,2024,0.4946,Metcalf+NYT,precinct,True,,
5502375,Appleton,WI,2004,0.5157,county-rescale-BG16-corr,estimated,False,3.15,
5502375,Appleton,WI,2008,0.587,rebuilt-HEDA-precinct,precinct,True,,
5502375,Appleton,WI,2012,0.5431,precinct-2012,precinct,True,,
5502375,Appleton,WI,2016,0.5274,Fekrazad-RLCR,precinct,True,,
5502375,Appleton,WI,2020,0.5621,Fekrazad-RLCR,precinct,True,,
5502375,Appleton,WI,2024,0.567,Metcalf+NYT,precinct,True,,
5531000,Green Bay,WI,2004,0.5192,county-rescale-BG16-corr,estimated,False,3.15,
5531000,Green Bay,WI,2008,0.6087,rebuilt-HEDA-precinct,precinct,True,,
5531000,Green Bay,WI,2012,0.5748,precinct-2012,precinct,True,,
5531000,Green Bay,WI,2016,0.5168,Fekrazad-RLCR,precinct,True,,
5531000,Green Bay,WI,2020,0.5422,Fekrazad-RLCR,precinct,True,,
5531000,Green Bay,WI,2024,0.5413,Metcalf+NYT,precinct,True,,
5539225,Kenosha,WI,2004,0.6124,county-rescale-BG16-corr,estimated,False,3.15,
5539225,Kenosha,WI,2008,0.6634,rebuilt-HEDA-precinct,precinct,True,,
5539225,Kenosha,WI,2012,0.6464,precinct-2012,precinct,True,,
5539225,Kenosha,WI,2016,0.5888,Fekrazad-RLCR,precinct,True,,
5539225,Kenosha,WI,2020,0.5708,Fekrazad-RLCR,precinct,True,,
5539225,Kenosha,WI,2024,0.5528,Metcalf+NYT,precinct,True,,
5540775,La Crosse,WI,2004,0.6168,county-rescale-BG16-corr,estimated,False,3.15,
5540775,La Crosse,WI,2008,0.6873,rebuilt-HEDA-precinct,precinct,True,,
5540775,La Crosse,WI,2012,0.6644,precinct-2012,precinct,True,,
5540775,La Crosse,WI,2016,0.6306,Fekrazad-RLCR,precinct,True,,
5540775,La Crosse,WI,2020,0.6599,Fekrazad-RLCR,precinct,True,,
5540775,La Crosse,WI,2024,0.6249,Metcalf+NYT,precinct,True,,
5548000,Madison,WI,2004,0.763,county-rescale-BG16-corr,estimated,False,3.15,
5548000,Madison,WI,2008,0.8074,rebuilt-HEDA-precinct,precinct,True,,
5548000,Madison,WI,2012,0.7956,precinct-2012,precinct,True,,
5548000,Madison,WI,2016,0.8385,Fekrazad-RLCR,precinct,True,,
5548000,Madison,WI,2020,0.8545,Fekrazad-RLCR,precinct,True,,
5548000,Madison,WI,2024,0.8459,Metcalf+NYT,precinct,True,,
5553000,Milwaukee,WI,2004,0.7454,county-rescale-BG16-corr,estimated,False,3.15,
5553000,Milwaukee,WI,2008,0.7872,rebuilt-HEDA-precinct,precinct,True,,
5553000,Milwaukee,WI,2012,0.801,precinct-2012,precinct,True,,
5553000,Milwaukee,WI,2016,0.8054,Fekrazad-RLCR,precinct,True,,
5553000,Milwaukee,WI,2020,0.8002,Fekrazad-RLCR,precinct,True,,
5553000,Milwaukee,WI,2024,0.7874,Metcalf+NYT,precinct,True,,
5560500,Oshkosh,WI,2004,0.5246,county-rescale-BG16-corr,estimated,False,3.15,
5560500,Oshkosh,WI,2008,0.6075,rebuilt-HEDA-precinct,precinct,True,,
5560500,Oshkosh,WI,2012,0.5797,precinct-2012,precinct,True,,
5560500,Oshkosh,WI,2016,0.5232,Fekrazad-RLCR,precinct,True,,
5560500,Oshkosh,WI,2020,0.5466,Fekrazad-RLCR,precinct,True,,
5560500,Oshkosh,WI,2024,0.5392,Metcalf+NYT,precinct,True,,
5566000,Racine,WI,2004,0.6654,county-rescale-BG16-corr,estimated,False,3.15,
5566000,Racine,WI,2008,0.7066,rebuilt-HEDA-precinct,precinct,True,,
5566000,Racine,WI,2012,0.7184,precinct-2012,precinct,True,,
5566000,Racine,WI,2016,0.6722,Fekrazad-RLCR,precinct,True,,
5566000,Racine,WI,2020,0.6618,Fekrazad-RLCR,precinct,True,,
5566000,Racine,WI,2024,0.6538,Metcalf+NYT,precinct,True,,
5584250,Waukesha,WI,2004,0.3963,county-rescale-BG16-corr,estimated,False,3.15,
5584250,Waukesha,WI,2008,0.4417,rebuilt-HEDA-precinct,precinct,True,,
5584250,Waukesha,WI,2012,0.4209,precinct-2012,precinct,True,,
5584250,Waukesha,WI,2016,0.441,Fekrazad-RLCR,precinct,True,,
5584250,Waukesha,WI,2020,0.4664,Fekrazad-RLCR,precinct,True,,
5584250,Waukesha,WI,2024,0.4542,Metcalf+NYT,precinct,True,,
5613900,Cheyenne,WY,2004,0.3674,precinct-2004,precinct,True,,
5613900,Cheyenne,WY,2008,0.4424,rebuilt-EDA-precinct,precinct,True,,
5613900,Cheyenne,WY,2012,0.4286,county-rescale-BG16-corr,estimated,False,1.74,
5613900,Cheyenne,WY,2016,0.3768,Fekrazad-RLCR,precinct,True,,
5613900,Cheyenne,WY,2020,0.4145,Fekrazad-RLCR,precinct,True,,
5613900,Cheyenne,WY,2024,0.4,Metcalf+NYT,precinct,True,,
