measure_class,dor_code,municipality,fiscal_year,vote_date,description,department,amount,result,votes_yes,votes_no
debt_exclusion,335,Westwood,2001,1982-02-14,Expand And Equip Hs And Const. Of Fields,School,,Pass,2350,1982
debt_exclusion,335,Westwood,2002,1982-02-14,Renovate Equip-Martha Jones School,School,,Pass,2610,1724
debt_exclusion,317,Wellesley,1990,1982-03-01,Land,General Government,,Pass,1947,1008
debt_exclusion,317,Wellesley,2000,1982-03-01,Storm Drain Improvements,Public Works and Facilities,,Pass,1935,980
debt_exclusion,333,Weston,1990,1982-03-01,Schools,School,,Pass,913,826
debt_exclusion,059,Chester,2001,1982-03-04,School Recons.Project-Gateway Regional,School,,Pass,152,119
debt_exclusion,143,Huntington,2001,1982-03-04,Const-Repair Gateway Reg.School,School,,Pass,171,118
debt_exclusion,349,Worthington,2001,1982-03-04,Const.Reconst Various Reg.Schools,School,,Pass,163,34
debt_exclusion,015,Athol,2001,1982-04-01,Replace Upgrade Roof Of Memorial Bldg.,General Government,,Pass,1473,1191
debt_exclusion,133,Holbrook,2000,1982-04-01,Sewers,Public Works and Facilities,,Pass,867,622
debt_exclusion,197,Nantucket,1990,1982-04-01,Highway,Public Works and Facilities,,Pass,1253,685
debt_exclusion,279,Southwick,1990,1982-04-01,Sch.Roofs,School,,Pass,588,563
debt_exclusion,315,Wayland,1990,1982-04-01,Roads,Public Works and Facilities,,Pass,2040,1286
debt_exclusion,335,Westwood,1990,1982-04-01,Sewers,Public Works and Facilities,,Pass,1764,1535
debt_exclusion,342,Wilmington,1990,1982-04-01,Sewers,Public Works and Facilities,,Pass,1352,737
debt_exclusion,154,Leverett,2001,1982-04-08,Reconst. Schools And Remodel,School,,Pass,182,67
debt_exclusion,164,Lynnfield,2001,1982-04-10,Repair And Recons. Town Buildings,General Government,,Pass,2337,1439
debt_exclusion,199,Needham,2001,1982-04-10,Repairs And Const. Selected Schools,School,,Pass,5099,2070
debt_exclusion,351,Yarmouth,2001,1982-04-10,Design And Construct New Police Facility,Public Safety,,Pass,2823,1264
debt_exclusion,019,Ayer,2001,1982-04-24,Restore-Renovate Furnish-Work-Town Hall,General Government,,Pass,527,384
debt_exclusion,019,Ayer,2001,1982-04-24,Design Sewer System On Selected Streets,Public Works and Facilities,,Pass,586,318
debt_exclusion,019,Ayer,2001,1982-04-24,Design New Fire Station,Public Safety,,Pass,680,229
debt_exclusion,169,Marion,2001,1982-04-28,Maintenance Paving On Roads,Public Works and Facilities,,Pass,578,206
debt_exclusion,169,Marion,2001,1982-04-28,Radiot Communications Equip.-Fire Dept.,Public Safety,,Pass,563,218
debt_exclusion,058,Cheshire,1993,1982-05-01,Fire,Public Safety,,Pass,249,119
debt_exclusion,131,Hingham,2000,1982-05-01,Sewers,Public Works and Facilities,,Pass,2103,1761
debt_exclusion,194,Montgomery,2001,1982-05-01,Const. Repairs To Gateway Reg. Sch. Dist.,School,,Pass,29,8
debt_exclusion,273,Somerset,1990,1982-05-01,Sewerconstruc./Hywy Facility,Public Works and Facilities,,Pass,2479,1352
debt_exclusion,014,Ashland,2001,1982-05-02,Property Off East Union Street,General Operating,,Pass,404,343
debt_exclusion,298,Topsfield,2001,1982-05-03,Pumper Truck For Fire Dept,Public Safety,,Pass,327,272
debt_exclusion,333,Weston,2001,1982-05-06,Repair To Town Hall And Libraryl,General Government,,Pass,705,186
debt_exclusion,333,Weston,2001,1982-05-06,Repairs To Country And Woodland School,School,,Pass,731,162
debt_exclusion,333,Weston,2001,1982-05-06,Const. Of Surface Drains,Public Works and Facilities,,Pass,719,165
debt_exclusion,141,Hudson,2001,1982-05-08,Demolish Old And Build New High School,School,,Pass,1208,709
debt_exclusion,254,Rowley,2001,1982-05-09,104 Acres Of Land To Be Purchased,General Government,,Pass,881,284
debt_exclusion,301,Tyngsborough,2001,1982-05-09,Equip-Const. Furnish New Elementary Sch.,School,,Pass,2066,1276
debt_exclusion,288,Sudbury,2001,1982-05-15,Land Known As Piper Farm,General Government,,Pass,858,790
debt_exclusion,038,Boxford,2001,1982-05-16,Design And Services Of Police Building,Public Safety,,Pass,1231,531
debt_exclusion,126,Harwich,2001,1982-05-16,Renovation Of School,School,,Pass,1854,915
debt_exclusion,126,Harwich,2001,1982-05-16,Road Maintenance Program,Public Works and Facilities,,Pass,1792,950
debt_exclusion,126,Harwich,2001,1982-05-16,Purch.And Equip New Engine For Fire Dept,Public Safety,,Pass,1685,1109
debt_exclusion,126,Harwich,2001,1982-05-16,Reconstruct Dunbar Field,Culture and Recreation,,Pass,1655,1085
debt_exclusion,126,Harwich,2001,1982-05-16,New Generator For Community Center,Culture and Recreation,,Pass,1476,1279
debt_exclusion,126,Harwich,2001,1982-05-16,Street Sweeper For Highway Department,Public Works and Facilities,,Pass,1405,1323
debt_exclusion,126,Harwich,2001,1982-05-16,Front End Loader For Landfill,Public Works and Facilities,,Pass,1382,1352
debt_exclusion,282,Sterling,2001,1982-05-22,Const. And Repair Fire And Police Statio,Public Safety,,Pass,868,360
debt_exclusion,009,Andover,2001,1982-05-23,Const.Public Safety Center,Public Safety,,Pass,2361,2221
debt_exclusion,295,Tewksbury,2001,1982-05-27,Making Repairs To Middle School,School,,Pass,1352,610
debt_exclusion,171,Marshfield,1990,1982-06-01,Library,Culture and Recreation,,Pass,1685,1429
debt_exclusion,043,Brimfield,2001,1982-06-05,Remodel-Equip-Repairs To Reg.High School,School,,Pass,332,250
debt_exclusion,173,Mattapoisett,2001,1982-06-13,Engineering Design Costs,Public Works and Facilities,,Pass,411,308
debt_exclusion,168,Marblehead,2001,1982-06-19,Reconst Sewers For Drainage Purposes,Public Works and Facilities,,Pass,1373,625
debt_exclusion,200,New Ashford,2000,1982-07-01,Fire,Public Safety,,Pass,10,0
debt_exclusion,001,Abington,1990,1982-09-01,Sewers,Public Works and Facilities,,Pass,1614,1091
debt_exclusion,217,Northfield,1990,1982-11-01,Sewers,Public Works and Facilities,,Pass,581,364
debt_exclusion,290,Sutton,1990,1983-01-01,Mun/Center,General Government,,Pass,929,926
debt_exclusion,051,Carlisle,1990,1983-03-01,Regional High School Roof Repairs,School,,Pass,616,173
debt_exclusion,051,Carlisle,1997,1983-03-01,Fire,Public Safety,,Pass,586,206
debt_exclusion,167,Mansfield,1998,1983-03-01,Multiple,General Operating,,Pass,1217,1103
debt_exclusion,251,Rockland,1990,1983-03-01,Sewers,Public Works and Facilities,,Pass,1430,606
debt_exclusion,002,Acton,1990,1983-04-01,Schools/Regional Jr And High,School,,Pass,907,863
debt_exclusion,011,Ashburnham,1990,1983-04-01,Reg.Sch Roof/Oakmont,School,,Pass,471,164
debt_exclusion,013,Ashfield,1990,1983-04-01,Sewers,Public Works and Facilities,,Pass,271,116
debt_exclusion,088,Easton,1990,1983-04-01,Land,General Government,,Pass,1369,905
debt_exclusion,088,Easton,1990,1983-04-01,Land,General Government,,Pass,1316,933
debt_exclusion,088,Easton,1990,1983-04-01,Land,General Government,,Pass,1361,911
debt_exclusion,088,Easton,1990,1983-04-01,Land,General Government,,Pass,1363,897
debt_exclusion,088,Easton,1990,1983-04-01,Fire,Public Safety,,Pass,1371,957
debt_exclusion,332,Westminster,2000,1983-04-01,Schools,School,,Pass,550,171
debt_exclusion,088,Easton,2019,1983-04-25,Addition To Police Station,Public Safety,,Fail,1014,1311
debt_exclusion,041,Brewster,1991,1983-05-01,Develop Wellfield/Pump Station,Public Works and Facilities,,Pass,1303,316
debt_exclusion,041,Brewster,2000,1983-05-01,Golf Course Construction,Culture and Recreation,,Pass,1330,369
debt_exclusion,070,Dalton,1990,1983-05-01,School Roof,School,,Pass,659,300
debt_exclusion,099,Foxborough,1996,1983-05-01,Sewers,Public Works and Facilities,,Pass,1474,1114
debt_exclusion,120,Hampden,1991,1983-05-01,Schools,School,,Pass,552,247
debt_exclusion,126,Harwich,1990,1983-05-01,Water,Public Works and Facilities,,Pass,774,322
debt_exclusion,193,Monterey,1990,1983-05-01,Garage,Public Works and Facilities,,Pass,98,44
debt_exclusion,224,Orleans,1998,1983-05-01,Constr/Sewers/Treatmt Facility,Public Works and Facilities,,Pass,1507,751
debt_exclusion,301,Tyngsborough,2000,1983-05-01,Sewers,Public Works and Facilities,,Pass,759,380
debt_exclusion,301,Tyngsborough,2000,1983-05-01,Police,Public Safety,,Pass,835,321
debt_exclusion,333,Weston,1990,1983-05-01,Fire,Public Safety,,Pass,675,235
debt_exclusion,024,Belchertown,2000,1983-06-01,Schools,School,,Pass,531,389
debt_exclusion,052,Carver,1990,1983-06-01,Schools,School,,Pass,524,131
debt_exclusion,133,Holbrook,2000,1983-09-01,Sewers,Public Works and Facilities,,Pass,605,409
debt_exclusion,261,Sandwich,1990,1983-09-01,Library,Culture and Recreation,,Pass,649,354
debt_exclusion,018,Avon,1990,1983-11-01,Water,Public Works and Facilities,,Pass,289,72
debt_exclusion,157,Lincoln,1990,1983-11-01,Land,General Government,,Pass,321,38
debt_exclusion,157,Lincoln,1993,1983-11-01,Const,General Government,,Pass,301,55
debt_exclusion,224,Orleans,2000,1983-12-01,Constr/Septage/Treatmt Plant,Public Works and Facilities,,Pass,483,116
debt_exclusion,233,Peru,1990,1984-02-01,Dump Truck,Public Works and Facilities,,Pass,38,2
debt_exclusion,051,Carlisle,1990,1984-03-01,School Roof Repairs,School,,Pass,322,69
debt_exclusion,157,Lincoln,1990,1984-03-01,Land,General Government,,Pass,586,219
debt_exclusion,167,Mansfield,1990,1984-03-01,Schools,School,,Pass,583,433
debt_exclusion,343,Winchendon,1990,1984-03-01,Grader,Public Works and Facilities,,Pass,537,484
debt_exclusion,343,Winchendon,1990,1984-03-01,Fire/Truck,Public Safety,,Pass,583,456
debt_exclusion,343,Winchendon,1990,1984-03-01,School Roof,School,,Pass,631,401
debt_exclusion,052,Carver,1990,1984-04-01,Pre-Debt,Pre-Proposition 2 1/2 Debt,,Pass,475,442
debt_exclusion,069,Cummington,1990,1984-04-01,Highway,Public Works and Facilities,,Pass,115,37
debt_exclusion,089,Edgartown,2000,1984-04-01,Pre-Debt/Sewer Project,Pre-Proposition 2 1/2 Debt,,Pass,496,146
debt_exclusion,089,Edgartown,2001,1984-04-01,Extend Sewer Sy/Septg/Odor Control,Public Works and Facilities,,Pass,507,146
debt_exclusion,136,Holliston,1990,1984-04-01,Library,Culture and Recreation,,Pass,749,675
debt_exclusion,197,Nantucket,1990,1984-04-01,Multiple,General Operating,,Pass,1223,898
debt_exclusion,221,Oak Bluffs,1990,1984-04-01,Multiple,General Operating,,Pass,350,330
debt_exclusion,318,Wellfleet,1990,1984-04-01,Police/Fire,Public Safety,,Pass,603,288
debt_exclusion,332,Westminster,1992,1984-04-01,Schools,School,,Pass,748,277
debt_exclusion,342,Wilmington,1990,1984-04-01,Schools,School,,Pass,1978,1599
debt_exclusion,088,Easton,2019,1984-04-23,Bond Indebtedness,General Government,,Fail,360,609
debt_exclusion,088,Easton,2019,1984-04-23,Bonds For Police Station Addition,General Government,,Fail,353,624
debt_exclusion,041,Brewster,1994,1984-05-01,Pre-Debt,Pre-Proposition 2 1/2 Debt,,Pass,329,300
debt_exclusion,055,Chatham,2000,1984-05-01,Water/Purchase Water Co.,Public Works and Facilities,,Pass,1020,574
debt_exclusion,099,Foxborough,1990,1984-05-01,Street,Public Works and Facilities,,Pass,1059,780
debt_exclusion,140,Hubbardston,1990,1984-05-01,Office Renovations,General Government,,Pass,160,111
debt_exclusion,145,Kingston,1990,1984-05-01,Police,Public Safety,,Pass,687,390
debt_exclusion,145,Kingston,1990,1984-05-01,Sewers,Public Works and Facilities,,Pass,634,434
debt_exclusion,162,Lunenburg,1990,1984-05-01,Fire,Public Safety,,Pass,244,119
debt_exclusion,187,Millis,2000,1984-05-01,Land,General Government,,Pass,861,530
debt_exclusion,208,Norfolk,1990,1984-05-01,Multiple,General Operating,,Pass,920,354
debt_exclusion,208,Norfolk,1990,1984-05-01,Water,Public Works and Facilities,,Pass,892,376
debt_exclusion,224,Orleans,1990,1984-05-01,Expansion Of Water System,Public Works and Facilities,,Pass,1347,547
debt_exclusion,225,Otis,1990,1984-05-01,Dump Truck,Public Works and Facilities,,Pass,158,38
debt_exclusion,241,Princeton,1990,1984-05-01,Pre-Debt,Pre-Proposition 2 1/2 Debt,,Pass,339,151
debt_exclusion,254,Rowley,1990,1984-05-01,Police,Public Safety,,Pass,360,308
debt_exclusion,271,Shrewsbury,1991,1984-05-01,Schools,School,,Pass,1189,824
debt_exclusion,286,Stow,1990,1984-05-01,Highway,Public Works and Facilities,,Pass,805,462
debt_exclusion,286,Stow,1990,1984-05-01,Highway,Public Works and Facilities,,Pass,757,514
debt_exclusion,333,Weston,2000,1984-05-01,Water,Public Works and Facilities,,Pass,586,140
debt_exclusion,338,Whitman,2000,1984-05-01,Sewers,Public Works and Facilities,,Pass,953,875
debt_exclusion,126,Harwich,1990,1984-06-01,Land,General Government,,Pass,1141,806
debt_exclusion,126,Harwich,1990,1984-06-01,Water,Public Works and Facilities,,Pass,1478,474
debt_exclusion,235,Phillipston,1990,1984-06-01,Fire,Public Safety,,Pass,112,81
debt_exclusion,239,Plymouth,1990,1984-06-01,Water,Public Works and Facilities,,Pass,4005,2027
debt_exclusion,239,Plymouth,2000,1984-07-01,Regional High School,School,,Pass,2039,729
debt_exclusion,031,Billerica,2000,1984-09-01,Multiple,General Operating,,Pass,1469,1250
debt_exclusion,015,Athol,2000,1984-11-01,Fire,Public Safety,,Pass,2352,1405
debt_exclusion,056,Chelmsford,1990,1984-11-01,Sewers,Public Works and Facilities,,Pass,10902,3361
debt_exclusion,203,New Marlborough,1991,1984-11-01,Fire,Public Safety,,Pass,426,113
debt_exclusion,261,Sandwich,1990,1984-11-01,Pre-Debt,Pre-Proposition 2 1/2 Debt,,Pass,3053,2336
debt_exclusion,278,Southbridge,1990,1984-11-01,Schools,School,,Pass,3347,1842
debt_exclusion,075,Dennis,1990,1985-01-01,Land Omnibus,General Government,,Pass,1964,373
debt_exclusion,117,Hadley,1993,1985-03-01,Pre-Debt,Pre-Proposition 2 1/2 Debt,,Pass,1053,952
debt_exclusion,327,West Tisbury,1990,1985-03-01,Schools,School,,Pass,130,28
debt_exclusion,011,Ashburnham,1990,1985-04-01,Highway/Loader Back Hoe,Public Works and Facilities,,Pass,224,179
debt_exclusion,011,Ashburnham,1990,1985-04-01,Highway/Front End Loader,Public Works and Facilities,,Pass,225,183
debt_exclusion,011,Ashburnham,1990,1985-04-01,Fire Truck,Public Safety,,Pass,248,159
debt_exclusion,011,Ashburnham,1990,1985-04-01,Town Hall,General Government,,Pass,254,154
debt_exclusion,051,Carlisle,1990,1985-04-01,Library,Culture and Recreation,,Pass,278,41
debt_exclusion,051,Carlisle,2000,1985-04-01,Police,Public Safety,,Pass,266,54
debt_exclusion,062,Chilmark,1990,1985-04-01,Town Hall Addition,General Government,,Pass,181,109
debt_exclusion,062,Chilmark,1990,1985-04-01,Fire,Public Safety,,Pass,230,60
debt_exclusion,089,Edgartown,1990,1985-04-01,Rehab. Mem. Wharf,Public Safety,,Pass,414,93
debt_exclusion,089,Edgartown,1990,1985-04-01,Land/Katama Airport,General Government,,Pass,340,116
debt_exclusion,089,Edgartown,1991,1985-04-01,Construct Addition Edgart.School,School,,Pass,419,98
debt_exclusion,115,Groton,1995,1985-04-01,Water,Public Works and Facilities,,Pass,628,336
debt_exclusion,197,Nantucket,1990,1985-04-01,Highway,Public Works and Facilities,,Pass,1169,643
debt_exclusion,197,Nantucket,1990,1985-04-01,Sewers,Public Works and Facilities,,Pass,1106,686
debt_exclusion,315,Wayland,1990,1985-04-01,Library,Culture and Recreation,,Pass,1274,1126
debt_exclusion,014,Ashland,1991,1985-05-01,Water System Improvements,Public Works and Facilities,,Pass,683,512
debt_exclusion,023,Bedford,2000,1985-05-01,Sewers,Public Works and Facilities,,Pass,1080,471
debt_exclusion,025,Bellingham,2001,1985-05-01,Sewers,Public Works and Facilities,,Pass,1080,471
debt_exclusion,038,Boxford,1990,1985-05-01,Town Hall,General Government,,Pass,291,221
debt_exclusion,038,Boxford,1990,1985-05-01,Schools,School,,Pass,417,93
debt_exclusion,038,Boxford,1993,1985-05-01,Landfill,Public Works and Facilities,,Pass,383,122
debt_exclusion,058,Cheshire,1990,1985-05-01,Fire,Public Safety,,Pass,325,244
debt_exclusion,059,Chester,1997,1985-05-01,Highway,Public Works and Facilities,,Pass,159,111
debt_exclusion,077,Douglas,1999,1985-05-01,Schools,School,,Pass,763,269
debt_exclusion,162,Lunenburg,1990,1985-05-01,Elementary School,School,,Pass,718,583
debt_exclusion,172,Mashpee,2001,1985-05-01,Fire,Public Safety,,Pass,298,289
debt_exclusion,224,Orleans,1990,1985-05-01,Land Acquis./Kline Property,General Government,,Pass,950,359
debt_exclusion,269,Sherborn,1990,1985-05-01,Multiple,General Operating,,Pass,884,278
debt_exclusion,286,Stow,1990,1985-05-01,Traffic,Public Safety,,Pass,642,312
debt_exclusion,286,Stow,1991,1985-05-01,Land,General Government,,Pass,520,423
debt_exclusion,301,Tyngsborough,1990,1985-05-01,School Roof,School,,Pass,916,812
debt_exclusion,333,Weston,1990,1985-05-01,Computer,General Government,,Pass,1338,481
debt_exclusion,333,Weston,1990,1985-05-01,Ath.Lan/Athl.Facilities,Culture and Recreation,,Pass,1102,705
debt_exclusion,126,Harwich,1990,1985-06-01,Highway,Public Works and Facilities,,Pass,743,503
debt_exclusion,126,Harwich,1993,1985-06-01,Land,Public Works and Facilities,,Pass,882,369
debt_exclusion,272,Shutesbury,1990,1985-06-01,Pre-Debt,Pre-Proposition 2 1/2 Debt,,Pass,214,86
debt_exclusion,018,Avon,1992,1985-07-01,Water,Public Works and Facilities,,Pass,310,56
debt_exclusion,021,Barre,1995,1985-07-01,Sewers,Public Works and Facilities,,Pass,860,390
debt_exclusion,145,Kingston,1992,1985-07-01,Sewers,Public Works and Facilities,,Pass,294,126
debt_exclusion,345,Windsor,1990,1985-07-01,Fire,Public Safety,,Pass,130,24
debt_exclusion,296,Tisbury,1990,1985-08-01,Schools,School,,Pass,299,108
debt_exclusion,296,Tisbury,1990,1985-08-01,Land Ac,General Government,,Pass,303,105
debt_exclusion,296,Tisbury,1991,1985-08-01,Dump,Public Works and Facilities,,Pass,276,128
debt_exclusion,296,Tisbury,1991,1985-08-01,Fire,Public Works and Facilities,,Pass,253,154
debt_exclusion,332,Westminster,2000,1985-08-01,Sewers,Public Works and Facilities,,Pass,236,110
debt_exclusion,055,Chatham,2001,1985-10-01,Land Puchase/Goodwin Prop,General Government,,Pass,942,197
debt_exclusion,333,Weston,2000,1985-10-01,Land,General Government,,Pass,1119,375
debt_exclusion,020,Barnstable,2001,1985-12-01,Land,General Government,,Pass,4138,696
debt_exclusion,172,Mashpee,1991,1985-12-01,Land,General Government,,Pass,665,99
debt_exclusion,296,Tisbury,1990,1985-12-01,Multi P,General Operating,,Pass,372,178
debt_exclusion,327,West Tisbury,1990,1986-01-01,Special Act Chapter 303 Of 1985,General Government,,Pass,1,0
debt_exclusion,002,Acton,1990,1986-02-01,Regional School/Jr And High,School,,Pass,912,666
debt_exclusion,117,Hadley,1990,1986-03-01,Fire,Public Safety,,Pass,1126,496
debt_exclusion,251,Rockland,2000,1986-03-01,Library,Culture and Recreation,,Pass,1465,1152
debt_exclusion,104,Aquinnah,1998,1986-04-01,Th/Ramp,General Government,,Pass,51,16
debt_exclusion,051,Carlisle,1991,1986-04-01,Construct/Remodel/Equip Sch.Bldgs.,School,,Pass,639,440
debt_exclusion,051,Carlisle,2000,1986-04-01,Design/Plans For School Buildings,School,,Pass,738,350
debt_exclusion,081,Dunstable,2000,1986-04-01,Constr/Equip/Remodeling Three Schools,School,,Pass,137,129
debt_exclusion,089,Edgartown,1990,1986-04-01,Purchase Mindoro Farm Property,General Government,,Pass,645,151
debt_exclusion,089,Edgartown,1990,1986-04-01,Purchase Waller Farm Property,General Government,,Pass,606,187
debt_exclusion,096,Falmouth,1990,1986-04-01,Water,Public Works and Facilities,,Pass,3013,2180
debt_exclusion,096,Falmouth,1990,1986-04-01,Land,General Government,,Pass,4966,1765
debt_exclusion,096,Falmouth,1992,1986-04-01,Water,Public Works and Facilities,,Pass,5457,1285
debt_exclusion,125,Harvard,2000,1986-04-01,Land,General Government,,Pass,680,237
debt_exclusion,197,Nantucket,1990,1986-04-01,Highway,Public Works and Facilities,,Pass,1458,668
debt_exclusion,197,Nantucket,2000,1986-04-01,Sewers,Public Works and Facilities,,Pass,1584,535
debt_exclusion,197,Nantucket,2000,1986-04-01,Schools,School,,Pass,1494,680
debt_exclusion,252,Rockport,2000,1986-04-01,Water,Public Works and Facilities,,Pass,1160,488
debt_exclusion,252,Rockport,2000,1986-04-01,Water,Public Works and Facilities,,Pass,1092,571
debt_exclusion,290,Sutton,2000,1986-04-01,School,School,,Pass,880,496
debt_exclusion,331,Westhampton,1990,1986-04-01,Highway,Public Works and Facilities,,Pass,140,131
debt_exclusion,331,Westhampton,1990,1986-04-01,Fire,Public Safety,,Pass,152,119
debt_exclusion,342,Wilmington,1990,1986-04-01,Schools,School,,Pass,526,409
debt_exclusion,028,Berlin,1990,1986-05-01,Fire Truck,Public Safety,,Pass,396,158
debt_exclusion,037,Boxborough,1990,1986-05-01,Equipment,General Government,,Pass,137,97
debt_exclusion,037,Boxborough,2000,1986-05-01,Regional School,School,,Pass,141,53
debt_exclusion,051,Carlisle,1995,1986-05-01,Land,Public Works and Facilities,,Pass,832,265
debt_exclusion,053,Charlemont,1990,1986-05-01,Dump Truck,Public Works and Facilities,,Pass,146,112
debt_exclusion,059,Chester,1990,1986-05-01,Water Line,Public Works and Facilities,,Pass,163,49
debt_exclusion,059,Chester,1990,1986-05-01,Town Hall Roof,General Government,,Pass,162,49
debt_exclusion,082,Duxbury,2000,1986-05-01,Land,General Government,,Pass,550,79
debt_exclusion,092,Essex,1991,1986-05-01,Pre-Debt,Pre-Proposition 2 1/2 Debt,,Pass,414,354
debt_exclusion,108,Goshen,1990,1986-05-01,Fire Truck,Public Safety,,Pass,153,58
debt_exclusion,115,Groton,2000,1986-05-01,Landfill,Public Works and Facilities,,Pass,263,198
debt_exclusion,131,Hingham,1990,1986-05-01,Athlet.,Culture and Recreation,,Pass,3687,1551
debt_exclusion,131,Hingham,1998,1986-05-01,Golf,Culture and Recreation,,Pass,2996,2348
debt_exclusion,140,Hubbardston,1990,1986-05-01,Fire,Public Safety,,Pass,345,221
debt_exclusion,142,Hull,1990,1986-05-01,Sewers,Public Works and Facilities,,Pass,1391,1223
debt_exclusion,145,Kingston,1992,1986-05-01,Water,Public Works and Facilities,,Pass,767,435
debt_exclusion,150,Lee,1990,1986-05-01,Sewers,Public Works and Facilities,,Pass,203,73
debt_exclusion,159,Longmeadow,1990,1986-05-01,Pre-Debt,Pre-Proposition 2 1/2 Debt,,Pass,1955,1726
debt_exclusion,159,Longmeadow,1990,1986-05-01,Equip,General Government,,Pass,1940,1754
debt_exclusion,187,Millis,1999,1986-05-01,Sewers,Public Works and Facilities,,Pass,782,627
debt_exclusion,224,Orleans,2000,1986-05-01,Land/Poor Property,General Government,,Pass,748,214
debt_exclusion,224,Orleans,2000,1986-05-01,Bulkhead,Public Safety,,Pass,734,226
debt_exclusion,235,Phillipston,1990,1986-05-01,Highway,Public Works and Facilities,,Pass,109,37
debt_exclusion,261,Sandwich,1990,1986-05-01,Land,General Government,,Pass,1907,660
debt_exclusion,269,Sherborn,1992,1986-05-01,Rschool,School,,Pass,666,318
debt_exclusion,276,Southampton,1990,1986-05-01,Truck,Public Works and Facilities,,Pass,279,175
debt_exclusion,276,Southampton,1990,1986-05-01,Schools,School,,Pass,315,130
debt_exclusion,276,Southampton,1990,1986-05-01,Highway,Public Works and Facilities,,Pass,279,180
debt_exclusion,289,Sunderland,1990,1986-05-01,Pre-Debt (Frontier Reg. H.S./Capimp),Pre-Proposition 2 1/2 Debt,,Pass,238,162
debt_exclusion,289,Sunderland,1991,1986-05-01,School,School,,Pass,215,176
debt_exclusion,290,Sutton,1990,1986-05-01,Fire,Public Safety,,Pass,499,469
debt_exclusion,318,Wellfleet,1990,1986-05-01,Land/Library,Culture and Recreation,,Pass,769,453
debt_exclusion,319,Wendell,2000,1986-05-01,Hywy Facility/Fire Station,General Operating,,Pass,104,33
debt_exclusion,324,West Newbury,1990,1986-05-01,Library,Culture and Recreation,,Pass,569,270
debt_exclusion,326,West Stockbridge,2000,1986-05-01,Sewers,Public Works and Facilities,,Pass,184,166
debt_exclusion,327,West Tisbury,1990,1986-05-01,Schools,School,,Pass,199,53
debt_exclusion,333,Weston,1990,1986-05-01,Schools,School,,Pass,709,212
debt_exclusion,349,Worthington,1990,1986-05-01,Fire/Town Hall,General Operating,,Pass,143,71
debt_exclusion,041,Brewster,1990,1986-06-01,Land Purchase Castiglioni Property,General Government,,Pass,662,68
debt_exclusion,041,Brewster,1990,1986-06-01,Land Purchase Harris Property,General Government,,Pass,641,84
debt_exclusion,041,Brewster,1990,1986-06-01,Land Purchase Alexander Property,General Government,,Pass,644,80
debt_exclusion,041,Brewster,1990,1986-06-01,Land Purchase/Francis Property,General Government,,Pass,646,81
debt_exclusion,041,Brewster,1990,1986-06-01,Land Purchase/Comp.Prop.Lot80,General Government,,Pass,652,80
debt_exclusion,041,Brewster,2000,1986-06-01,Land Purchase/Comp Prop Lot81-2/Boys/Girl,General Government,,Pass,642,82
debt_exclusion,053,Charlemont,1990,1986-06-01,Tax Map,General Government,,Pass,138,113
debt_exclusion,053,Charlemont,1990,1986-06-01,Police,Public Safety,,Pass,151,101
debt_exclusion,157,Lincoln,1990,1986-06-01,Land,General Government,,Pass,236,49
debt_exclusion,289,Sunderland,2000,1986-06-01,Schools,School,,Pass,263,81
debt_exclusion,054,Charlton,2000,1986-09-01,Regional School,School,,Pass,397,126
debt_exclusion,078,Dover,1990,1986-09-01,Recreation,Culture and Recreation,,Pass,408,325
debt_exclusion,078,Dover,1990,1986-09-01,Land,General Government,,Pass,449,282
debt_exclusion,078,Dover,1990,1986-09-01,Landfill,Public Works and Facilities,,Pass,492,243
debt_exclusion,172,Mashpee,1990,1986-09-01,Purchase 15.2 Acres Of Land,General Government,,Pass,386,103
debt_exclusion,250,Rochester,2000,1986-09-01,School,School,,Pass,548,499
debt_exclusion,075,Dennis,1990,1986-10-01,Land Simpkins Neck,General Government,,Pass,1148,555
debt_exclusion,139,Hopkinton,1990,1986-10-01,Repairs,General Government,,Pass,418,363
debt_exclusion,139,Hopkinton,1990,1986-10-01,Town Hall,General Government,,Pass,409,375
debt_exclusion,139,Hopkinton,1990,1986-10-01,Roads,Public Works and Facilities,,Pass,407,379
debt_exclusion,139,Hopkinton,1994,1986-10-01,Schools,School,,Pass,424,362
debt_exclusion,261,Sandwich,1990,1986-10-01,Schools,School,,Pass,1618,751
debt_exclusion,261,Sandwich,1990,1986-10-01,Solid Waste,Public Works and Facilities,,Pass,2091,593
debt_exclusion,261,Sandwich,1992,1986-10-01,Schools,School,,Pass,1931,772
debt_exclusion,327,West Tisbury,1990,1986-10-01,Fire,Public Safety,,Pass,63,12
debt_exclusion,333,Weston,1990,1986-10-01,Fire,Public Safety,,Pass,313,129
debt_exclusion,002,Acton,1990,1986-11-01,Town Hall Repairs,General Government,,Pass,2835,2697
debt_exclusion,011,Ashburnham,1990,1986-11-01,Equipment,General Government,,Pass,784,519
debt_exclusion,011,Ashburnham,1990,1986-11-01,Library,Culture and Recreation,,Pass,853,456
debt_exclusion,014,Ashland,1990,1986-11-01,Howe St. Water Treatment Plant,Public Works and Facilities,,Pass,2103,1001
debt_exclusion,014,Ashland,2000,1986-11-01,Pittaway School,School,,Pass,1818,1297
debt_exclusion,036,Bourne,2000,1986-11-01,School,School,,Pass,2496,1961
debt_exclusion,086,Eastham,1996,1986-11-01,School,School,,Pass,667,110
debt_exclusion,127,Hatfield,2000,1986-11-01,Sewers,Public Works and Facilities,,Pass,550,336
debt_exclusion,224,Orleans,1990,1986-11-01,Land Acquis./Al/Mccoy Property,General Government,,Pass,522,225
debt_exclusion,317,Wellesley,1990,1986-11-01,Fire,Public Safety,,Pass,5005,4350
debt_exclusion,319,Wendell,2000,1986-11-01,Construct/Equip Swr Sch/Remodel,General Operating,,Pass,40,17
debt_exclusion,337,Whately,2000,1986-11-01,Water,Public Works and Facilities,,Pass,397,165
debt_exclusion,337,Whately,2007,1986-11-04,Water,Public Works and Facilities,,Pass,397,165
debt_exclusion,001,Abington,1990,1986-12-01,Golf,Culture and Recreation,,Pass,661,612
debt_exclusion,055,Chatham,1995,1986-12-01,Land Solonche Prop.,General Government,,Pass,545,118
debt_exclusion,055,Chatham,1996,1986-12-01,Land Wirth Prop. Mun. Purp.,General Government,,Pass,504,155
debt_exclusion,055,Chatham,1997,1986-12-01,Land Eldredge/Cons.,General Government,,Pass,536,127
debt_exclusion,055,Chatham,2000,1986-12-01,Land Mill Pond Prop.,General Government,,Pass,486,179
debt_exclusion,055,Chatham,2000,1986-12-01,Land Landfill Access/ Barnhill,General Government,,Pass,526,139
debt_exclusion,136,Holliston,1997,1986-12-01,Land,General Government,,Pass,1112,264
debt_exclusion,166,Manchester By The Sea,1990,1987-02-01,Multiple,General Operating,,Pass,736,385
debt_exclusion,166,Manchester By The Sea,1994,1987-02-01,Pre-Debt,Pre-Proposition 2 1/2 Debt,,Pass,760,366
debt_exclusion,051,Carlisle,2000,1987-03-01,Land,Public Works and Facilities,,Pass,217,158
debt_exclusion,125,Harvard,2000,1987-03-01,Drainage,Public Works and Facilities,,Pass,613,392
debt_exclusion,125,Harvard,2000,1987-03-01,School,School,,Pass,731,303
debt_exclusion,157,Lincoln,1990,1987-03-01,Bathouse,Culture and Recreation,,Pass,316,142
debt_exclusion,157,Lincoln,1990,1987-03-01,School,School,,Pass,387,69
debt_exclusion,157,Lincoln,2000,1987-03-01,Reg.School,School,,Pass,369,83
debt_exclusion,157,Lincoln,2000,1987-03-01,Landfill,Public Works and Facilities,,Pass,369,82
debt_exclusion,167,Mansfield,2000,1987-03-01,Lib/Agi,General Operating,,Pass,1207,713
debt_exclusion,312,Warwick,2000,1987-03-01,Regional School,School,,Pass,156,57
capital_exclusion,010,Arlington,1988,1987-03-07,Multiple,GENERAL OPERATING,810095,Fail,2162,4597
debt_exclusion,002,Acton,1997,1987-04-01,"Schools/Con,Doug,Gates,Merr,Mcc",School,,Pass,385,384
debt_exclusion,022,Becket,1990,1987-04-01,Revaluation,General Government,,Pass,52,28
debt_exclusion,022,Becket,1990,1987-04-01,Equipment,General Government,,Pass,53,30
debt_exclusion,026,Belmont,1995,1987-04-01,School Burbank,School,,Pass,2976,1330
debt_exclusion,041,Brewster,1990,1987-04-01,Land Purchase Re:Art.1,General Government,,Pass,1342,429
debt_exclusion,041,Brewster,1990,1987-04-01,Land Purchase Re:Art.4,General Government,,Pass,1384,452
debt_exclusion,041,Brewster,1990,1987-04-01,Land Purchase Re:Art.3,General Government,,Pass,1385,448
debt_exclusion,041,Brewster,1995,1987-04-01,Land Purchase Re:Art 2,General Government,,Pass,1384,453
debt_exclusion,052,Carver,1990,1987-04-01,Equipment,General Government,,Pass,942,197
debt_exclusion,052,Carver,1990,1987-04-01,Land,General Government,,Pass,932,868
debt_exclusion,056,Chelmsford,1990,1987-04-01,Senior Center,Health and Human Service,,Pass,2662,1480
debt_exclusion,056,Chelmsford,2000,1987-04-01,Sewers/Chelmsford Center,Public Works and Facilities,,Pass,2705,1353
debt_exclusion,088,Easton,1997,1987-04-01,Police,Public Safety,,Pass,1448,1441
debt_exclusion,089,Edgartown,1994,1987-04-01,Memor. Wharf Renovations,Public Safety,,Pass,770,126
debt_exclusion,115,Groton,1994,1987-04-01,Water,Public Works and Facilities,,Pass,704,338
debt_exclusion,115,Groton,2000,1987-04-01,Sewers,Public Works and Facilities,,Pass,685,351
debt_exclusion,117,Hadley,2000,1987-04-01,Equipment,General Government,,Pass,840,758
debt_exclusion,133,Holbrook,1990,1987-04-01,School,School,,Pass,1504,653
debt_exclusion,133,Holbrook,1990,1987-04-01,Sewers,Public Works and Facilities,,Pass,1245,870
debt_exclusion,133,Holbrook,1996,1987-04-01,Sewers,Public Works and Facilities,,Pass,1261,827
debt_exclusion,154,Leverett,1990,1987-04-01,Fire,Public Safety,,Pass,111,27
debt_exclusion,197,Nantucket,1991,1987-04-01,Land,General Government,,Pass,1119,814
debt_exclusion,252,Rockport,2000,1987-04-01,School,School,,Pass,823,485
debt_exclusion,315,Wayland,1990,1987-04-01,Roads,Public Works and Facilities,,Pass,1441,1254
debt_exclusion,351,Yarmouth,2000,1987-04-01,Lnd/Map,General Government,,Pass,1889,1343
capital_exclusion,296,Tisbury,1988,1987-04-07,Aging Equipment,HEALTH AND HUMAN SERVICE,12000,Pass,379,243
capital_exclusion,296,Tisbury,1988,1987-04-07,School,SCHOOL,15000,Pass,408,213
capital_exclusion,296,Tisbury,1988,1987-04-07,Equipment,GENERAL OPERATING,17000,Pass,413,204
capital_exclusion,296,Tisbury,1988,1987-04-07,Wastewater Study,PUBLIC WORKS & FACILITIES,20000,Pass,424,203
capital_exclusion,296,Tisbury,1988,1987-04-07,Dog Pound,PUBLIC SAFETY,38800,Fail,276,338
capital_exclusion,296,Tisbury,1988,1987-04-07,Equipment,GENERAL OPERATING,50000,Pass,371,247
capital_exclusion,296,Tisbury,1988,1987-04-07,Equipment,GENERAL OPERATING,100000,Pass,366,260
capital_exclusion,296,Tisbury,1988,1987-04-07,Jetties,PUBLIC WORKS & FACILITIES,50000,Pass,338,275
capital_exclusion,296,Tisbury,1988,1987-04-07,Emergency Equipment,PUBLIC SAFETY,60000,Pass,430,192
capital_exclusion,296,Tisbury,1988,1987-04-07,Computer,GENERAL OPERATING,120000,Fail,294,320
capital_exclusion,296,Tisbury,1988,1987-04-07,Police,PUBLIC SAFETY,30000,Fail,295,323
capital_exclusion,296,Tisbury,1988,1987-04-07,Equipment,GENERAL OPERATING,33000,Pass,434,191
capital_exclusion,296,Tisbury,1988,1987-04-07,Town Hall,GENERAL OPERATING,30000,Pass,451,176
capital_exclusion,296,Tisbury,1988,1987-04-07,School,SCHOOL,10000,Pass,499,125
capital_exclusion,089,Edgartown,1988,1987-04-16,Road,PUBLIC WORKS & FACILITIES,122000,Fail,402,490
capital_exclusion,089,Edgartown,1988,1987-04-16,Road,PUBLIC WORKS & FACILITIES,67000,Fail,376,502
capital_exclusion,089,Edgartown,1988,1987-04-16,Landfill,PUBLIC WORKS & FACILITIES,100000,Pass,622,258
debt_exclusion,013,Ashfield,1990,1987-05-01,Equipment,General Government,,Pass,203,40
debt_exclusion,027,Berkley,2000,1987-05-01,School,School,,Pass,399,352
debt_exclusion,028,Berlin,1990,1987-05-01,Equipment,General Government,,Pass,196,68
debt_exclusion,033,Blandford,1996,1987-05-01,Multiple,General Operating,,Pass,91,38
debt_exclusion,037,Boxborough,1999,1987-05-01,Blan Mem Sch/Pol Sta/Fire Stat/Town Hall,General Operating,,Pass,266,263
debt_exclusion,055,Chatham,1990,1987-05-01,Sewers/Constr.Solid Waste Facilities,Public Works and Facilities,,Pass,1693,446
debt_exclusion,055,Chatham,2000,1987-05-01,Water Improvmts/Addi/To System,General Government,,Pass,1719,417
debt_exclusion,055,Chatham,2000,1987-05-01,Library/Construct/Renovations/Addition,Culture and Recreation,,Pass,1427,667
debt_exclusion,055,Chatham,2000,1987-05-01,Land Purchase/Solonche Prop,General Government,,Pass,1512,593
debt_exclusion,059,Chester,1990,1987-05-01,Fire,Public Safety,,Pass,238,122
debt_exclusion,060,Chesterfield,1990,1987-05-01,Equip./Bucket Loader,Public Works and Facilities,,Pass,136,98
debt_exclusion,060,Chesterfield,1990,1987-05-01,Pre-Debt,Pre-Proposition 2 1/2 Debt,,Pass,141,91
debt_exclusion,068,Conway,1991,1987-05-01,Pre-Debt,Pre-Proposition 2 1/2 Debt,,Pass,104,43
debt_exclusion,068,Conway,1991,1987-05-01,Regional School,School,,Pass,101,46
debt_exclusion,077,Douglas,1992,1987-05-01,Develop New Water Supply Well,Public Works and Facilities,,Pass,797,472
debt_exclusion,077,Douglas,1997,1987-05-01,Sewer,Public Works and Facilities,,Pass,700,560
debt_exclusion,077,Douglas,2000,1987-05-01,Landfill Capping,Public Works and Facilities,,Pass,664,611
debt_exclusion,077,Douglas,2000,1987-05-01,Muni Bldg Renovations,General Government,,Pass,630,626
debt_exclusion,086,Eastham,1990,1987-05-01,Library,Culture and Recreation,,Pass,1048,322
debt_exclusion,086,Eastham,1995,1987-05-01,Land,General Government,,Pass,954,414
debt_exclusion,096,Falmouth,1990,1987-05-01,Schools,School,,Pass,4596,2126
debt_exclusion,096,Falmouth,1990,1987-05-01,Recreation,Culture and Recreation,,Pass,3993,2646
debt_exclusion,096,Falmouth,1990,1987-05-01,Water,Public Works and Facilities,,Pass,4618,1799
debt_exclusion,096,Falmouth,1991,1987-05-01,Bridge,Public Works and Facilities,,Pass,3992,2379
debt_exclusion,099,Foxborough,1991,1987-05-01,School,School,,Pass,1343,973
debt_exclusion,105,Georgetown,2001,1987-05-01,Municipal Building,General Government,,Pass,600,478
debt_exclusion,108,Goshen,1990,1987-05-01,Fire House,Public Safety,,Pass,79,24
debt_exclusion,126,Harwich,1990,1987-05-01,Town Hall,General Government,,Pass,1336,747
debt_exclusion,126,Harwich,1990,1987-05-01,Water,Public Works and Facilities,,Pass,1375,712
debt_exclusion,126,Harwich,1991,1987-05-01,Well-Field,Public Works and Facilities,,Pass,1677,415
debt_exclusion,126,Harwich,2000,1987-05-01,School,School,,Pass,1280,820
debt_exclusion,140,Hubbardston,1990,1987-05-01,Fire,Public Safety,,Pass,360,200
debt_exclusion,140,Hubbardston,1990,1987-05-01,Equipment,General Government,,Pass,287,261
debt_exclusion,145,Kingston,1990,1987-05-01,Building,General Government,,Pass,757,482
debt_exclusion,162,Lunenburg,1990,1987-05-01,Emergency Equipment,Public Safety,,Pass,1749,841
debt_exclusion,172,Mashpee,1990,1987-05-01,Schools,School,,Pass,1054,597
debt_exclusion,187,Millis,2000,1987-05-01,School,School,,Pass,1114,641
debt_exclusion,194,Montgomery,1990,1987-05-01,Fire Truck,Public Safety,,Pass,76,16
debt_exclusion,261,Sandwich,2000,1987-05-01,Schools- Build New And King Schools,School,,Pass,1931,772
debt_exclusion,261,Sandwich,2000,1987-05-01,Solid Waste,Public Works and Facilities,,Pass,2091,593
debt_exclusion,282,Sterling,1990,1987-05-01,Library,Culture and Recreation,,Pass,293,242
debt_exclusion,286,Stow,1990,1987-05-01,Police,Public Safety,,Pass,443,401
debt_exclusion,286,Stow,1990,1987-05-01,Fire/Em,Public Safety,,Pass,647,201
debt_exclusion,286,Stow,1990,1987-05-01,Sch Roof,School,,Pass,629,222
debt_exclusion,286,Stow,1990,1987-05-01,Pub.Safety,Public Safety,,Pass,567,268
debt_exclusion,286,Stow,1990,1987-05-01,Equipment,General Government,,Pass,552,289
debt_exclusion,286,Stow,1990,1987-05-01,Computer,General Government,,Pass,547,300
debt_exclusion,286,Stow,1990,1987-05-01,Equipment,General Government,,Pass,519,313
debt_exclusion,286,Stow,1990,1987-05-01,Plans,General Government,,Pass,484,354
debt_exclusion,286,Stow,2000,1987-05-01,Const Of Town Hall,General Government,,Pass,464,368
debt_exclusion,289,Sunderland,1990,1987-05-01,Equip,General Government,,Pass,262,131
debt_exclusion,298,Topsfield,1989,1987-05-01,Police,Public Safety,,Pass,481,174
debt_exclusion,298,Topsfield,1989,1987-05-01,Water,Public Works and Facilities,,Pass,431,226
debt_exclusion,298,Topsfield,1989,1987-05-01,Townhall,General Government,,Pass,453,199
debt_exclusion,298,Topsfield,1990,1987-05-01,Water,Public Works and Facilities,,Pass,447,201
debt_exclusion,298,Topsfield,2000,1987-05-01,School,School,,Pass,491,174
debt_exclusion,304,Uxbridge,2000,1987-05-01,School,School,,Pass,600,379
debt_exclusion,318,Wellfleet,2000,1987-05-01,Land/Water,Public Works and Facilities,,Pass,318,216
debt_exclusion,326,West Stockbridge,1990,1987-05-01,Equipment,General Government,,Pass,173,157
debt_exclusion,333,Weston,1990,1987-05-01,Refuse,Public Works and Facilities,,Pass,639,236
debt_exclusion,333,Weston,2001,1987-05-01,Landfill,Public Works and Facilities,,Pass,622,245
debt_exclusion,340,Williamsburg,1990,1987-05-01,Jmes&Dnphy School,School,,Pass,123,65
debt_exclusion,340,Williamsburg,1992,1987-05-01,Pre-Debt,Pre-Proposition 2 1/2 Debt,,Pass,126,65
capital_exclusion,142,Hull,1988,1987-05-04,Multiple,GENERAL OPERATING,570100,Fail,456,1641
capital_exclusion,203,New Marlborough,1988,1987-05-11,Regional School,SCHOOL,18141,Pass,122,59
debt_exclusion,254,Rowley,1993,1987-05-11,School Roof,School,,Pass,442,402
capital_exclusion,320,Wenham,1988,1987-05-16,Roads,PUBLIC WORKS & FACILITIES,150000,Pass,304,88
capital_exclusion,320,Wenham,1988,1987-05-16,School,SCHOOL,9330,Pass,293,99
capital_exclusion,267,Sheffield,1988,1987-05-18,Fire,PUBLIC SAFETY,123959,Pass,557,265
capital_exclusion,136,Holliston,1988,1987-05-19,Multiple,GENERAL OPERATING,500000,Fail,993,1539
capital_exclusion,327,West Tisbury,1988,1987-05-21,Computer,GENERAL OPERATING,45000,Pass,215,180
capital_exclusion,327,West Tisbury,1988,1987-05-21,Land,GENERAL GOVERNMENT,75000,Pass,272,134
capital_exclusion,327,West Tisbury,1988,1987-05-21,Pond Study,CULTURE AND RECREATION,24000,Pass,298,110
capital_exclusion,327,West Tisbury,1988,1987-05-21,School Bus,SCHOOL,32000,Pass,325,84
capital_exclusion,327,West Tisbury,1988,1987-05-21,Emergency Equipment,PUBLIC SAFETY,20000,Pass,343,70
capital_exclusion,300,Truro,1988,1987-05-26,Equipment,GENERAL OPERATING,52000,Pass,282,152
capital_exclusion,300,Truro,1988,1987-05-26,Equipment,GENERAL OPERATING,45000,Pass,274,162
debt_exclusion,020,Barnstable,2000,1987-06-01,Land,General Government,,Pass,5004,2036
debt_exclusion,038,Boxford,1990,1987-06-01,Landfill/D.P.W. Expenses,Public Works and Facilities,,Pass,412,135
debt_exclusion,038,Boxford,1999,1987-06-01,Constr/Rpr/Equip/Cole School,School,,Pass,427,122
debt_exclusion,038,Boxford,2000,1987-06-01,Constr/Rpr/Equip/Spof Pond School,School,,Pass,409,140
debt_exclusion,055,Chatham,1990,1987-06-01,Town Landing Constuction,Public Safety,,Pass,849,509
debt_exclusion,055,Chatham,2001,1987-06-01,Land Purchase/Conserv/Watershed,Public Works and Facilities,,Pass,921,451
debt_exclusion,115,Groton,2000,1987-06-01,School,School,,Pass,302,255
debt_exclusion,123,Hanson,1994,1987-06-01,School,School,,Pass,493,158
debt_exclusion,173,Mattapoisett,1993,1987-06-01,Fire,Public Safety,,Pass,545,345
debt_exclusion,173,Mattapoisett,2000,1987-06-01,Sewers,Public Works and Facilities,,Pass,591,300
debt_exclusion,224,Orleans,1990,1987-06-01,Land/Gertrude Fisk Property,General Government,,Pass,1017,319
debt_exclusion,277,Southborough,1990,1987-06-01,Library,Culture and Recreation,,Pass,712,431
debt_exclusion,287,Sturbridge,1990,1987-06-01,Public Safty,Public Safety,,Pass,505,204
debt_exclusion,287,Sturbridge,1990,1987-06-01,Emergency Equipment,Public Safety,,Pass,557,149
debt_exclusion,287,Sturbridge,2000,1987-06-01,Library,Culture and Recreation,,Pass,485,214
debt_exclusion,289,Sunderland,1990,1987-06-01,Fire,Public Safety,,Pass,278,115
debt_exclusion,299,Townsend,2000,1987-06-01,Construct/Equip New Elem School,School,,Pass,355,224
debt_exclusion,299,Townsend,2000,1987-06-01,Water Extension,Public Works and Facilities,,Pass,306,273
capital_exclusion,326,West Stockbridge,1988,1987-06-16,Town Hall Repair,GENERAL OPERATING,4800,Pass,194,86
capital_exclusion,326,West Stockbridge,1988,1987-06-16,Equipment,GENERAL OPERATING,15627,Pass,158,122
capital_exclusion,326,West Stockbridge,1988,1987-06-16,Computer,GENERAL OPERATING,15000,Pass,162,115
capital_exclusion,326,West Stockbridge,1988,1987-06-16,Roads,PUBLIC WORKS & FACILITIES,8300,Pass,163,113
capital_exclusion,326,West Stockbridge,1988,1987-06-16,Fire,PUBLIC SAFETY,5000,Pass,185,92
capital_exclusion,173,Mattapoisett,1988,1987-06-23,School,SCHOOL,152900,Pass,639,259
capital_exclusion,173,Mattapoisett,1988,1987-06-23,Corrosion Control,PUBLIC WORKS & FACILITIES,142500,Pass,447,435
capital_exclusion,173,Mattapoisett,1988,1987-06-23,Regional School,SCHOOL,69034,Fail,507,391
capital_exclusion,004,Adams,1988,1987-06-29,Loader,PUBLIC WORKS & FACILITIES,34000,Pass,51,47
capital_exclusion,055,Chatham,1988,1987-06-30,Revaluation,GENERAL OPERATING,200000,Pass,752,603
capital_exclusion,055,Chatham,1988,1987-06-30,Police,PUBLIC SAFETY,34822,Pass,756,609
capital_exclusion,055,Chatham,1988,1987-06-30,Mill Repair,PUBLIC WORKS & FACILITIES,26000,Pass,796,569
capital_exclusion,055,Chatham,1988,1987-06-30,Dump Truck,PUBLIC WORKS & FACILITIES,21000,Pass,816,539
capital_exclusion,055,Chatham,1988,1987-06-30,Dump Truck,PUBLIC WORKS & FACILITIES,21041,Pass,818,529
capital_exclusion,055,Chatham,1988,1987-06-30,Mowing Machine,PUBLIC WORKS & FACILITIES,14250,Pass,843,513
capital_exclusion,055,Chatham,1988,1987-06-30,Landings,PUBLIC WORKS & FACILITIES,119350,Pass,849,508
capital_exclusion,055,Chatham,1988,1987-06-30,School,SCHOOL,11000,Pass,849,511
capital_exclusion,055,Chatham,1988,1987-06-30,Pickup,PUBLIC WORKS & FACILITIES,13855,Pass,850,514
capital_exclusion,055,Chatham,1988,1987-06-30,Demolition,PUBLIC WORKS & FACILITIES,7500,Pass,873,484
capital_exclusion,055,Chatham,1988,1987-06-30,Dump Truck,PUBLIC WORKS & FACILITIES,13666,Pass,881,488
capital_exclusion,055,Chatham,1988,1987-06-30,Engineering,PUBLIC WORKS & FACILITIES,7500,Pass,880,468
capital_exclusion,055,Chatham,1988,1987-06-30,Police,PUBLIC SAFETY,18000,Pass,891,467
capital_exclusion,055,Chatham,1988,1987-06-30,Water,PUBLIC WORKS & FACILITIES,86000,Pass,893,469
capital_exclusion,055,Chatham,1988,1987-06-30,Road,PUBLIC WORKS & FACILITIES,65000,Pass,907,456
capital_exclusion,055,Chatham,1988,1987-06-30,Fire,PUBLIC SAFETY,57328,Pass,968,393
capital_exclusion,055,Chatham,1988,1987-06-30,Sewer,PUBLIC WORKS & FACILITIES,95000,Pass,985,374
capital_exclusion,055,Chatham,1988,1987-06-30,Roads,PUBLIC WORKS & FACILITIES,10000,Pass,990,381
capital_exclusion,055,Chatham,1988,1987-06-30,Sewers,PUBLIC WORKS & FACILITIES,10000,Pass,997,374
capital_exclusion,055,Chatham,1988,1987-06-30,Police And Fire,PUBLIC SAFETY,25000,Pass,1002,359
capital_exclusion,055,Chatham,1988,1987-06-30,Roads,PUBLIC WORKS & FACILITIES,10000,Pass,1013,353
capital_exclusion,055,Chatham,1988,1987-06-30,Fire,PUBLIC SAFETY,14420,Pass,1020,350
capital_exclusion,055,Chatham,1988,1987-06-30,Handicapped Ramp,HEALTH AND HUMAN SERVICE,2000,Pass,1040,334
debt_exclusion,081,Dunstable,1998,1987-07-01,Constr/Equip/Remodeling Three Schools,School,,Pass,137,129
debt_exclusion,145,Kingston,1990,1987-07-01,Land,General Government,,Pass,257,199
debt_exclusion,172,Mashpee,1990,1987-07-01,Land,General Government,,Pass,287,275
debt_exclusion,172,Mashpee,1990,1987-07-01,Well,Public Works and Facilities,,Pass,358,223
debt_exclusion,172,Mashpee,1994,1987-07-01,Land,General Government,,Pass,295,282
debt_exclusion,021,Barre,2000,1987-08-01,Remodel Ruggles Lane School,School,,Pass,254,194
debt_exclusion,123,Hanson,2000,1987-08-01,Purchase Stillman Property,General Government,,Pass,740,485
debt_exclusion,224,Orleans,1990,1987-08-01,Rennovate Police Station,Public Safety,,Pass,299,26
capital_exclusion,235,Phillipston,1988,1987-08-24,Carpeting For School,SCHOOL,6000,Pass,67,49
capital_exclusion,235,Phillipston,1988,1987-08-26,Hire Highway Department Employee,PUBLIC WORKS & FACILITIES,11500,Pass,74,41
debt_exclusion,062,Chilmark,1998,1987-09-01,Rehab  Of Bulkhead At M  Basin,Public Works and Facilities,,Pass,92,25
debt_exclusion,025,Bellingham,1996,1987-10-01,School,School,,Pass,1575,1433
debt_exclusion,025,Bellingham,2000,1987-10-01,Sewers,Public Works and Facilities,,Pass,1578,1442
debt_exclusion,025,Bellingham,2000,1987-10-01,Library,Culture and Recreation,,Pass,1693,1317
debt_exclusion,139,Hopkinton,1997,1987-10-01,Road,Public Works and Facilities,,Pass,407,379
debt_exclusion,224,Orleans,1990,1987-10-01,Land Acquis./Quigley Property,General Government,,Pass,333,100
debt_exclusion,036,Bourne,1997,1987-11-01,Land Acquisition,General Government,,Pass,1162,862
debt_exclusion,041,Brewster,1990,1987-11-01,Elementary School Improvements,School,,Pass,327,136
debt_exclusion,041,Brewster,1997,1987-11-01,Transfer Stat  Construction,Public Works and Facilities,,Pass,335,133
debt_exclusion,041,Brewster,2000,1987-11-01,Elem. Sch. Construction,School,,Pass,345,94
debt_exclusion,055,Chatham,1990,1987-11-01,Library,Culture and Recreation,,Pass,625,304
debt_exclusion,055,Chatham,2000,1987-11-01,Land Gaugher Prop. Mun.,General Government,,Pass,491,432
debt_exclusion,086,Eastham,1990,1987-11-01,School,School,,Pass,667,110
debt_exclusion,157,Lincoln,1997,1987-11-01,Library,Culture and Recreation,,Pass,1524,619
debt_exclusion,217,Northfield,1998,1987-11-01,Fy92 Over Appropriated Debt Exclusion,Public Works and Facilities,,Pass,0,0
debt_exclusion,217,Northfield,2000,1987-11-01,Sewers,Public Works and Facilities,,Pass,581,364
debt_exclusion,301,Tyngsborough,2000,1987-11-01,Sewers,Public Works and Facilities,,Pass,1136,1096
debt_exclusion,301,Tyngsborough,2000,1987-11-01,School,School,,Pass,1260,1003
capital_exclusion,326,West Stockbridge,1988,1987-11-17,Sewer,PUBLIC WORKS & FACILITIES,16000,Pass,247,200
debt_exclusion,254,Rowley,2000,1987-11-23,Schools Addition,School,,Pass,431,364
debt_exclusion,012,Ashby,1995,1987-12-01,Addition/Repair/Equip/Ashby Elem Schm Sch,School,,Pass,194,182
debt_exclusion,158,Littleton,1990,1987-12-01,School,School,,Pass,349,118
debt_exclusion,319,Wendell,1991,1987-12-01,Fire,Public Safety,,Pass,71,17
debt_exclusion,124,Hardwick,2000,1988-02-01,Construct/Equip Elementary School,School,,Pass,324,189
debt_exclusion,297,Tolland,2000,1988-02-01,Town Hall Expenses,General Government,,Pass,45,20
debt_exclusion,157,Lincoln,2000,1988-03-01,Transta,Public Works and Facilities,,Pass,504,192
debt_exclusion,175,Medfield,1990,1988-03-01,Land,General Government,,Pass,1165,574
debt_exclusion,175,Medfield,2000,1988-03-01,Sewers,Public Works and Facilities,,Pass,867,865
debt_exclusion,189,Milton,1990,1988-03-01,Multiple,General Operating,,Pass,3157,3078
debt_exclusion,288,Sudbury,1990,1988-03-01,Engineer/Archit. Fee'S,General Government,,Pass,1610,1306
debt_exclusion,288,Sudbury,2000,1988-03-01,Lin Sud Reg Sch Dist Bldg Improvements,School,,Pass,1533,1359
debt_exclusion,312,Warwick,1990,1988-03-01,Road Grader,Public Works and Facilities,,Pass,142,85
debt_exclusion,011,Ashburnham,1991,1988-04-01,Solid Waste Transfer Station,Public Works and Facilities,,Pass,242,150
debt_exclusion,011,Ashburnham,1996,1988-04-01,Landfill Sideslope Closure,Public Works and Facilities,,Pass,228,164
debt_exclusion,069,Cummington,2000,1988-04-01,Cummington School Addition,School,,Pass,109,42
capital_exclusion,089,Edgartown,1989,1988-04-01,Fire Truck,PUBLIC SAFETY,160000,Pass,469,188
capital_exclusion,089,Edgartown,1989,1988-04-01,Existing Town Hall Arch Services,GENERAL GOVERNMENT,128500,Pass,465,186
capital_exclusion,089,Edgartown,1989,1988-04-01,New Town Hall Arch Services,GENERAL GOVERNMENT,121200,Fail,114,491
capital_exclusion,089,Edgartown,1989,1988-04-01,School Bus,SCHOOL,30000,Pass,511,136
capital_exclusion,089,Edgartown,1989,1988-04-01,Police Station,PUBLIC SAFETY,89900,Pass,494,165
capital_exclusion,089,Edgartown,1989,1988-04-01,Cap Landfill,PUBLIC WORKS & FACILITIES,100000,Pass,483,149
capital_exclusion,089,Edgartown,1990,1988-04-01,Street Sweeper For Highway Department,PUBLIC WORKS & FACILITIES,50000,Fail,411,497
capital_exclusion,089,Edgartown,1990,1988-04-01,Electrical Generator For Truck,PUBLIC WORKS & FACILITIES,50000,Pass,574,324
capital_exclusion,089,Edgartown,1990,1988-04-01,Capping Sanitary Landfill,PUBLIC WORKS & FACILITIES,50000,Pass,611,283
debt_exclusion,169,Marion,1990,1988-04-01,Multiple,General Operating,,Pass,931,495
debt_exclusion,169,Marion,1990,1988-04-01,Eng/Cnl,Public Works and Facilities,,Pass,891,545
debt_exclusion,169,Marion,1990,1988-04-01,Fr/Equipment,Public Safety,,Pass,1038,415
debt_exclusion,169,Marion,1994,1988-04-01,Police-Fire,Public Safety,,Pass,921,530
capital_exclusion,221,Oak Bluffs,1989,1988-04-01,Capping Mat. Landfill,PUBLIC WORKS & FACILITIES,75000,Pass,261,225
capital_exclusion,221,Oak Bluffs,1989,1988-04-01,Country Road Construction,PUBLIC WORKS & FACILITIES,600000,Fail,190,300
capital_exclusion,221,Oak Bluffs,1989,1988-04-01,Boat&Motor For H.M. D.,PUBLIC WORKS & FACILITIES,9000,Fail,141,347
capital_exclusion,221,Oak Bluffs,1989,1988-04-01,Fire Station,PUBLIC SAFETY,55000,Fail,209,287
capital_exclusion,221,Oak Bluffs,1989,1988-04-01,Fire Truck,PUBLIC SAFETY,161000,Pass,264,232
capital_exclusion,221,Oak Bluffs,1989,1988-04-01,#2 Farm Plan Study,CULTURE AND RECREATION,20000,Fail,226,259
capital_exclusion,221,Oak Bluffs,1989,1988-04-01,Park Dept Truck,CULTURE AND RECREATION,18000,Fail,235,261
capital_exclusion,221,Oak Bluffs,1989,1988-04-01,Septage Lagoons,PUBLIC WORKS & FACILITIES,30000,Pass,298,192
capital_exclusion,221,Oak Bluffs,1989,1988-04-01,Computer Equipment,GENERAL OPERATING,9850,Pass,282,211
capital_exclusion,221,Oak Bluffs,1989,1988-04-01,Grading/Landscaping,PUBLIC WORKS & FACILITIES,30000,Fail,216,275
debt_exclusion,252,Rockport,1992,1988-04-01,Curtis Land Acquisition,General Government,,Pass,701,455
debt_exclusion,265,Seekonk,2000,1988-04-01,Land,General Government,,Pass,841,773
debt_exclusion,331,Westhampton,1990,1988-04-01,Hywy Truck,Public Works and Facilities,,Pass,144,84
capital_exclusion,131,Hingham,1989,1988-04-30,Dam Foundry,PUBLIC WORKS & FACILITIES,105000,Pass,2498,2188
capital_exclusion,131,Hingham,1989,1988-04-30,Dam Triphammer,PUBLIC WORKS & FACILITIES,135000,Pass,2510,2172
debt_exclusion,022,Becket,1990,1988-05-01,Fire Truck,Public Safety,,Pass,150,68
debt_exclusion,022,Becket,1991,1988-05-01,Loader,Public Works and Facilities,,Pass,136,80
debt_exclusion,022,Becket,1991,1988-05-01,Computer Equipment,General Government,,Pass,138,85
debt_exclusion,028,Berlin,1990,1988-05-01,Ambulance,Public Safety,,Pass,351,85
debt_exclusion,039,Boylston,1990,1988-05-01,Purchase Tanker Tr./Fire Dept.,Public Safety,,Pass,297,151
debt_exclusion,039,Boylston,1994,1988-05-01,Purchase Pump Engine/Fire Dept,Public Safety,,Pass,294,155
debt_exclusion,041,Brewster,1990,1988-05-01,Construct 3m.Gal.Standpipe,Public Works and Facilities,,Pass,753,215
debt_exclusion,041,Brewster,1991,1988-05-01,Land Purchase Mcgowan/Drummer B,General Government,,Pass,807,198
debt_exclusion,041,Brewster,1999,1988-05-01,Garage Construct/Office Facilities,General Operating,,Pass,687,284
debt_exclusion,041,Brewster,2000,1988-05-01,Land Purchase Re:Art 53-68/Pukp,General Government,,Pass,720,262
debt_exclusion,055,Chatham,1990,1988-05-01,Fire,Public Safety,,Pass,1322,721
debt_exclusion,055,Chatham,1999,1988-05-01,Water,Public Works and Facilities,,Pass,1517,531
debt_exclusion,055,Chatham,1999,1988-05-01,Land Water Mains,General Government,,Pass,1237,747
debt_exclusion,055,Chatham,2000,1988-05-01,Dredge,Public Safety,,Pass,1428,618
debt_exclusion,055,Chatham,2000,1988-05-01,Sludge De-Watering,Public Works and Facilities,,Pass,1428,578
debt_exclusion,059,Chester,1990,1988-05-01,Backhoe,Public Works and Facilities,,Pass,199,131
debt_exclusion,065,Cohasset,1990,1988-05-01,Rennovate Two Science Labs,School,,Pass,1004,845
debt_exclusion,065,Cohasset,1990,1988-05-01,School Bus,School,,Pass,1004,849
debt_exclusion,065,Cohasset,1993,1988-05-01,Transfer Station,Public Works and Facilities,,Pass,1050,793
debt_exclusion,065,Cohasset,2001,1988-05-01,Sewer/Waste Water Disposal System,Public Works and Facilities,,Pass,980,876
debt_exclusion,078,Dover,1990,1988-05-01,Multiple,General Operating,,Pass,745,391
debt_exclusion,090,Egremont,1991,1988-05-01,Garage/Fire House,Public Safety,,Pass,265,185
debt_exclusion,090,Egremont,1991,1988-05-01,Purchase Truck W/Plow,Public Works and Facilities,,Pass,284,164
debt_exclusion,096,Falmouth,1990,1988-05-01,Land,General Government,,Pass,4360,2274
debt_exclusion,096,Falmouth,1999,1988-05-01,Roads,Public Works and Facilities,,Pass,3933,2619
debt_exclusion,096,Falmouth,2000,1988-05-01,Schools,School,,Pass,4608,2234
debt_exclusion,099,Foxborough,1990,1988-05-01,Land Purchase/Lane Estate Property,General Government,,Pass,1400,510
debt_exclusion,115,Groton,1990,1988-05-01,Garage,Public Works and Facilities,,Pass,695,314
debt_exclusion,115,Groton,1990,1988-05-01,Land,General Government,,Pass,704,310
debt_exclusion,115,Groton,1990,1988-05-01,Sewer,Public Works and Facilities,,Pass,716,290
debt_exclusion,115,Groton,2000,1988-05-01,Garage,Public Works and Facilities,,Pass,684,323
debt_exclusion,115,Groton,2000,1988-05-01,Sewer,Public Works and Facilities,,Pass,728,283
debt_exclusion,119,Hamilton,2000,1988-05-01,Schools,School,,Pass,883,715
debt_exclusion,140,Hubbardston,1991,1988-05-01,Forestry Truck,Public Safety,,Pass,268,206
debt_exclusion,154,Leverett,1990,1988-05-01,Dump Truck,Public Works and Facilities,,Pass,200,101
debt_exclusion,172,Mashpee,2000,1988-05-01,Ld/21.3 Acres,General Government,,Pass,927,491
debt_exclusion,187,Millis,1990,1988-05-01,Water,Public Works and Facilities,,Pass,562,545
debt_exclusion,187,Millis,1999,1988-05-01,Transfer Station,Public Works and Facilities,,Pass,568,534
capital_exclusion,203,New Marlborough,1989,1988-05-01,So. Berkshire Reg. Sch. Cap.,SCHOOL,31968,Pass,175,88
capital_exclusion,203,New Marlborough,1989,1988-05-01,Photocopy Machine,GENERAL OPERATING,2300,Pass,172,93
capital_exclusion,203,New Marlborough,1989,1988-05-01,Police Dept. Vehicle,PUBLIC SAFETY,16000,Pass,145,125
capital_exclusion,203,New Marlborough,1989,1988-05-01,Dump Truck,PUBLIC WORKS & FACILITIES,33000,Pass,168,94
debt_exclusion,213,North Reading,2000,1988-05-01,Schools,School,,Pass,1704,1478
debt_exclusion,224,Orleans,1990,1988-05-01,Construct Water Supply Well,Public Works and Facilities,,Pass,661,213
debt_exclusion,224,Orleans,1990,1988-05-01,Corrosion Control Facility,Public Works and Facilities,,Pass,602,244
debt_exclusion,224,Orleans,1990,1988-05-01,Land Acquis./Murray Property,General Government,,Pass,556,307
debt_exclusion,224,Orleans,2000,1988-05-01,Land Acquis./Corrigan Property,General Government,,Pass,590,278
debt_exclusion,266,Sharon,1990,1988-05-01,Landfill Closing,Public Works and Facilities,,Pass,2471,1905
debt_exclusion,272,Shutesbury,1990,1988-05-01,Fire Truck,Public Safety,,Pass,170,103
debt_exclusion,272,Shutesbury,1991,1988-05-01,Highway Shed,Public Works and Facilities,,Pass,169,102
debt_exclusion,276,Southampton,1990,1988-05-01,Ambulance,Public Safety,,Pass,279,236
debt_exclusion,276,Southampton,1992,1988-05-01,Water,Public Works and Facilities,,Pass,274,241
debt_exclusion,286,Stow,1990,1988-05-01,Schools,School,,Pass,809,383
debt_exclusion,286,Stow,1990,1988-05-01,Library,Culture and Recreation,,Pass,729,471
debt_exclusion,286,Stow,1990,1988-05-01,Schools,School,,Pass,628,574
debt_exclusion,286,Stow,1990,1988-05-01,Police,Public Safety,,Pass,625,552
debt_exclusion,287,Sturbridge,1990,1988-05-01,Constr.Cell#2/Capcell#1at Landfill,Public Works and Facilities,,Pass,113,45
debt_exclusion,294,Templeton,2000,1988-05-01,Sewer Extension,Public Works and Facilities,,Pass,429,342
debt_exclusion,296,Tisbury,1990,1988-05-01,Revaluation,General Government,,Pass,420,345
debt_exclusion,296,Tisbury,2000,1988-05-01,Waterim,Public Works and Facilities,,Pass,485,294
debt_exclusion,302,Tyringham,1990,1988-05-01,Grader,Public Works and Facilities,,Pass,48,3
debt_exclusion,318,Wellfleet,1990,1988-05-01,Add'L Funds To Rennovate Fact/L,General Government,,Pass,678,546
debt_exclusion,320,Wenham,2000,1988-05-01,Wenham'S Share Of Reg Sch Improvmts Vmts,School,,Pass,341,152
debt_exclusion,320,Wenham,2001,1988-05-01,Land,General Government,,Pass,351,139
capital_exclusion,320,Wenham,1989,1988-05-01,Multi Improve,GENERAL OPERATING,36000,Pass,328,165
capital_exclusion,320,Wenham,1989,1988-05-01,Road Construction,PUBLIC WORKS & FACILITIES,150000,Pass,343,149
debt_exclusion,330,Westford,2000,1988-05-01,Schools/New Middle School,School,,Pass,2000,1209
debt_exclusion,333,Weston,1995,1988-05-01,Refuse,Public Works and Facilities,,Pass,845,367
debt_exclusion,333,Weston,2000,1988-05-01,School,School,,Pass,825,422
debt_exclusion,345,Windsor,2000,1988-05-01,School Addition,School,,Pass,60,22
debt_exclusion,120,Hampden,1997,1988-05-02,Making Repairs To School,School,,Pass,202,177
capital_exclusion,277,Southborough,1989,1988-05-09,Multi Purpose,GENERAL OPERATING,223400,Pass,890,630
capital_exclusion,296,Tisbury,1989,1988-05-10,Wall Pkg Lot,PUBLIC WORKS & FACILITIES,1900,Fail,326,443
capital_exclusion,296,Tisbury,1989,1988-05-10,Equip Room,GENERAL OPERATING,10000,Pass,426,350
capital_exclusion,296,Tisbury,1989,1988-05-10,Land Impovements,GENERAL GOVERNMENT,22728,Pass,502,283
capital_exclusion,296,Tisbury,1989,1988-05-10,Ventilators,GENERAL OPERATING,18000,Pass,552,226
capital_exclusion,296,Tisbury,1989,1988-05-10,Heating System,GENERAL OPERATING,39000,Pass,556,224
capital_exclusion,296,Tisbury,1989,1988-05-10,Sweeper,PUBLIC WORKS & FACILITIES,13826,Pass,407,366
capital_exclusion,296,Tisbury,1989,1988-05-10,Wall Tennis Court,CULTURE AND RECREATION,24800,Fail,231,510
capital_exclusion,296,Tisbury,1989,1988-05-10,Wall Cemetary,PUBLIC WORKS & FACILITIES,18800,Fail,335,436
capital_exclusion,296,Tisbury,1989,1988-05-10,Cemetary Truck,PUBLIC WORKS & FACILITIES,18000,Fail,356,407
capital_exclusion,296,Tisbury,1989,1988-05-10,Rub Truck,PUBLIC WORKS & FACILITIES,50000,Pass,397,385
capital_exclusion,296,Tisbury,1989,1988-05-10,Fire Alarm,PUBLIC SAFETY,8000,Pass,655,124
capital_exclusion,065,Cohasset,1989,1988-05-14,Multiple,GENERAL OPERATING,220890,Pass,1062,781
capital_exclusion,028,Berlin,1989,1988-05-16,Exhaust Fans,GENERAL OPERATING,3600,Pass,245,168
capital_exclusion,028,Berlin,1989,1988-05-16,Truck-Sander Body,PUBLIC WORKS & FACILITIES,7885,Pass,224,202
capital_exclusion,028,Berlin,1989,1988-05-16,Pick-Up Truck,PUBLIC WORKS & FACILITIES,17150,Pass,233,198
capital_exclusion,028,Berlin,1989,1988-05-16,Fire Equipment,PUBLIC SAFETY,5000,Pass,265,150
capital_exclusion,028,Berlin,1989,1988-05-16,School Roof,SCHOOL,10000,Pass,273,151
debt_exclusion,123,Hanson,2000,1988-05-16,Remodel And Repair Indian Head School,School,,Pass,452,189
capital_exclusion,038,Boxford,1989,1988-05-17,Conservation Fund,FUNDS,100000,Pass,452,436
capital_exclusion,326,West Stockbridge,1989,1988-05-17,Duct Work For Town Hall,GENERAL OPERATING,5000,Pass,102,29
capital_exclusion,326,West Stockbridge,1989,1988-05-17,For Culverts,PUBLIC WORKS & FACILITIES,12000,Pass,102,39
capital_exclusion,326,West Stockbridge,1989,1988-05-17,Fire Dept. Equipment,PUBLIC SAFETY,7000,Pass,104,37
capital_exclusion,326,West Stockbridge,1989,1988-05-17,Regional School Budget,SCHOOL,32879,Pass,107,35
capital_exclusion,326,West Stockbridge,1989,1988-05-17,Fire Dept. Equipment,PUBLIC SAFETY,2500,Pass,114,27
capital_exclusion,326,West Stockbridge,1989,1988-05-17,Fire Dept. Equipment,PUBLIC SAFETY,6000,Pass,115,26
capital_exclusion,327,West Tisbury,1989,1988-05-19,Police/Fire,PUBLIC SAFETY,20000,Fail,89,251
capital_exclusion,327,West Tisbury,1989,1988-05-19,Pond Study,CULTURE AND RECREATION,9000,Pass,218,125
capital_exclusion,300,Truro,1989,1988-05-24,Trans Station,PUBLIC WORKS & FACILITIES,75000,Pass,340,154
capital_exclusion,300,Truro,1989,1988-05-24,Equipment,GENERAL OPERATING,85000,Pass,340,152
capital_exclusion,300,Truro,1989,1988-05-24,Dump Truck,PUBLIC WORKS & FACILITIES,41187,Pass,289,202
debt_exclusion,001,Abington,2000,1988-06-01,Sewers,Public Works and Facilities,,Pass,1799,943
debt_exclusion,006,Alford,1990,1988-06-01,Fire Truck/Pumper,Public Safety,,Pass,29,12
debt_exclusion,006,Alford,1991,1988-06-01,Truck,Public Works and Facilities,,Pass,28,13
debt_exclusion,006,Alford,1992,1988-06-01,Dump Truck,Public Works and Facilities,,Pass,23,18
debt_exclusion,060,Chesterfield,1990,1988-06-01,Highway/4 Wheel Drive Truck,Public Works and Facilities,,Pass,102,81
debt_exclusion,070,Dalton,1990,1988-06-01,North Street Sewer,Public Works and Facilities,,Pass,74,42
debt_exclusion,070,Dalton,2000,1988-06-01,School Addition,School,,Pass,74,44
debt_exclusion,126,Harwich,1993,1988-06-01,Construct Transfer Station,Public Works and Facilities,,Pass,924,254
debt_exclusion,126,Harwich,2000,1988-06-01,Land/44 Acres Adjacent To Oliver'S Pond,General Government,,Pass,726,459
debt_exclusion,168,Marblehead,1990,1988-06-01,Schools,School,,Pass,2322,2167
debt_exclusion,172,Mashpee,1995,1988-06-01,Ld/18.5 Acres,General Government,,Pass,354,338
debt_exclusion,173,Mattapoisett,1990,1988-06-01,Police Station,Public Works and Facilities,,Pass,545,475
capital_exclusion,173,Mattapoisett,1989,1988-06-01,Windows Center School,SCHOOL,120000,Pass,530,481
capital_exclusion,173,Mattapoisett,1989,1988-06-01,Water Pipes,PUBLIC WORKS & FACILITIES,24450,Pass,502,498
capital_exclusion,173,Mattapoisett,1989,1988-06-01,Water Pipes,PUBLIC WORKS & FACILITIES,15225,Fail,476,522
capital_exclusion,173,Mattapoisett,1989,1988-06-01,Corr Fac,PUBLIC SAFETY,40000,Fail,436,559
capital_exclusion,173,Mattapoisett,1989,1988-06-01,W/S Truck,PUBLIC WORKS & FACILITIES,15000,Fail,408,608
capital_exclusion,173,Mattapoisett,1989,1988-06-01,Computer For High School,SCHOOL,9000,Fail,360,643
capital_exclusion,173,Mattapoisett,1989,1988-06-01,Pickup Truck,PUBLIC WORKS & FACILITIES,14000,Fail,281,722
capital_exclusion,173,Mattapoisett,1989,1988-06-01,Boat,PUBLIC WORKS & FACILITIES,29000,Fail,269,738
capital_exclusion,173,Mattapoisett,1989,1988-06-01,School Roof,SCHOOL,124800,Pass,627,386
capital_exclusion,173,Mattapoisett,1989,1988-06-01,Water Pipes,PUBLIC WORKS & FACILITIES,68360,Fail,487,513
capital_exclusion,173,Mattapoisett,1989,1988-06-01,Chapter 90,PUBLIC WORKS & FACILITIES,41176,Fail,490,499
capital_exclusion,173,Mattapoisett,1989,1988-06-01,Land Purchase,GENERAL GOVERNMENT,17000,Pass,745,278
capital_exclusion,197,Nantucket,1989,1988-06-01,Fire,PUBLIC SAFETY,12000,Pass,1130,667
capital_exclusion,197,Nantucket,1989,1988-06-01,Department Of Public Works Truck,PUBLIC WORKS & FACILITIES,140000,Fail,488,1268
capital_exclusion,197,Nantucket,1989,1988-06-01,Vehicle,GENERAL OPERATING,12000,Fail,506,1313
capital_exclusion,197,Nantucket,1989,1988-06-01,Energy Improvements,PUBLIC WORKS & FACILITIES,15000,Fail,677,1133
capital_exclusion,197,Nantucket,1989,1988-06-01,Bikepath,CULTURE AND RECREATION,158500,Fail,691,1142
capital_exclusion,197,Nantucket,1989,1988-06-01,Department Public Works Truck,PUBLIC WORKS & FACILITIES,40000,Fail,743,1043
capital_exclusion,197,Nantucket,1989,1988-06-01,Recreation,CULTURE AND RECREATION,5000,Fail,753,1027
capital_exclusion,197,Nantucket,1989,1988-06-01,Harbor/Motor,PUBLIC WORKS & FACILITIES,6000,Fail,806,985
capital_exclusion,197,Nantucket,1989,1988-06-01,New Bridge,PUBLIC WORKS & FACILITIES,300000,Fail,810,1034
capital_exclusion,197,Nantucket,1989,1988-06-01,Land,GENERAL GOVERNMENT,20000,Fail,838,948
capital_exclusion,197,Nantucket,1989,1988-06-01,Department Public Works Equipment,PUBLIC WORKS & FACILITIES,24000,Fail,841,932
capital_exclusion,197,Nantucket,1989,1988-06-01,Land - School,SCHOOL,5000,Fail,882,949
capital_exclusion,197,Nantucket,1989,1988-06-01,Handicap,HEALTH AND HUMAN SERVICE,50000,Fail,898,949
capital_exclusion,197,Nantucket,1989,1988-06-01,Fire,PUBLIC WORKS & FACILITIES,150000,Pass,995,803
capital_exclusion,197,Nantucket,1989,1988-06-01,Fire,PUBLIC SAFETY,15000,Pass,1076,733
capital_exclusion,197,Nantucket,1989,1988-06-01,Fire,PUBLIC SAFETY,35000,Pass,1275,542
debt_exclusion,223,Orange,2000,1988-06-01,Construct New Elementary School,School,,Pass,403,303
debt_exclusion,227,Palmer,2000,1988-06-01,Constr/Equip/New Elem/Hs/Rem/High School,School,,Pass,928,202
debt_exclusion,235,Phillipston,1991,1988-06-01,Sc Roof,School,,Pass,53,21
debt_exclusion,235,Phillipston,1991,1988-06-01,Th Flor,General Government,,Pass,49,25
debt_exclusion,235,Phillipston,1991,1988-06-01,Fence,Public Works and Facilities,,Pass,48,26
debt_exclusion,235,Phillipston,1991,1988-06-01,Sc Carp,School,,Pass,41,33
debt_exclusion,299,Townsend,2000,1988-06-01,Construct Police/Comm Center,Public Safety,,Pass,482,358
capital_exclusion,119,Hamilton,1989,1988-07-01,Repair Bridge,PUBLIC WORKS & FACILITIES,162000,Pass,859,721
debt_exclusion,155,Lexington,1990,1988-08-01,Land(Lots: 63&64 From Map 66),General Government,,Pass,5643,5007
debt_exclusion,089,Edgartown,1991,1988-09-01,Purchase Computer System,General Government,,Pass,273,111
debt_exclusion,089,Edgartown,1999,1988-09-01,Construc. Police Station,Public Safety,,Pass,302,93
debt_exclusion,089,Edgartown,2000,1988-09-01,Town Hall Addition/Renovations,General Government,,Pass,298,94
capital_exclusion,089,Edgartown,1989,1988-09-01,Clean Lakes Program,CULTURE AND RECREATION,33000,Pass,300,86
capital_exclusion,173,Mattapoisett,1989,1988-09-01,Corr Fac,PUBLIC SAFETY,40000,Pass,375,237
capital_exclusion,173,Mattapoisett,1989,1988-09-01,Chapter 90,PUBLIC WORKS & FACILITIES,41176,Pass,413,200
capital_exclusion,173,Mattapoisett,1989,1988-09-01,Pipes Gran.,PUBLIC WORKS & FACILITIES,15225,Pass,425,204
capital_exclusion,173,Mattapoisett,1989,1988-09-01,Pipes Eld.,PUBLIC WORKS & FACILITIES,68360,Pass,427,202
debt_exclusion,261,Sandwich,1990,1988-09-01,Engineer Up-Date/W.W.Facil.Plan,Public Works and Facilities,,Pass,677,416
capital_exclusion,240,Plympton,1989,1988-09-15,Landfill,PUBLIC WORKS & FACILITIES,60000,Pass,279,145
debt_exclusion,167,Mansfield,1992,1988-10-01,Land Aquisition Re:Well Site,Public Works and Facilities,,Pass,2305,767
debt_exclusion,167,Mansfield,2000,1988-10-01,Proposed Elementary School,School,,Pass,1833,1249
debt_exclusion,199,Needham,1990,1988-10-01,Purch.73 Acres Ld.For Conservation,General Government,,Pass,4021,3045
debt_exclusion,199,Needham,1998,1988-10-01,3 Acre Land Purchase/From N.H.S,General Government,,Pass,3763,3303
debt_exclusion,199,Needham,2000,1988-10-01,Renno Ned P H Sch/Constr Transt,General Operating,,Pass,4248,2827
debt_exclusion,199,Needham,2000,1988-10-01,Renno.Pol/Firdepthdqtrs/First#2,Public Safety,,Pass,3773,3280
debt_exclusion,239,Plymouth,2000,1988-10-01,Library,Culture and Recreation,,Pass,2094,1973
debt_exclusion,324,West Newbury,1990,1988-10-01,Fire Tr.& Related Apparatus,Public Safety,,Pass,473,448
debt_exclusion,011,Ashburnham,1991,1988-11-01,Sch.Expansion Plans,School,,Pass,1431,731
debt_exclusion,011,Ashburnham,2000,1988-11-01,Repair Dam At Naukeag Lake,Public Works and Facilities,,Pass,1270,877
debt_exclusion,020,Barnstable,1990,1988-11-01,Land,General Government,,Pass,12831,6162
debt_exclusion,033,Blandford,2000,1988-11-01,Regional School/Gateway Renovations,School,,Pass,117,43
debt_exclusion,037,Boxborough,1990,1988-11-01,Fire Dept.Aerial Apparatus,Public Safety,,Pass,1083,523
debt_exclusion,150,Lee,1990,1988-11-01,Memorial Hall/Repairs/Renovations,General Government,,Pass,1207,1026
debt_exclusion,180,Merrimac,2001,1988-11-01,Reconstruct/Repair/2 Elem Schools,School,,Pass,1226,1143
debt_exclusion,224,Orleans,1990,1988-11-01,Land Purchase/Kent Property,General Government,,Pass,750,719
debt_exclusion,224,Orleans,2000,1988-11-01,Construct Elem  School,School,,Pass,1140,331
debt_exclusion,269,Sherborn,1990,1988-11-01,Multiple,General Operating,,Pass,1813,700
debt_exclusion,251,Rockland,2000,1988-11-08,Construct Sewer Lines In All Non-Sew Area,Public Works and Facilities,,Pass,3450,2755
debt_exclusion,332,Westminster,1993,1988-11-09,School Building Construction,School,,Pass,1510,1289
debt_exclusion,007,Amesbury,2000,1988-12-01,Woodsom Farm Lands Acquision,General Government,,Pass,1146,410
debt_exclusion,086,Eastham,2000,1988-12-01,Horton Land,General Government,,Pass,562,400
debt_exclusion,172,Mashpee,1990,1988-12-01,Construct Transfer Station,Public Works and Facilities,,Pass,225,63
debt_exclusion,205,Newbury,2000,1988-12-01,Newbury Elementary School,School,,Pass,518,475
debt_exclusion,273,Somerset,1990,1988-12-01,Const/Sewer Trmt Pl/Rebld W.Road,Public Works and Facilities,,Pass,4948,3803
debt_exclusion,349,Worthington,1993,1988-12-01,Remodel/Repair School Buildings,School,,Pass,53,16
debt_exclusion,075,Dennis,1990,1989-02-01,Transfer Station,Public Works and Facilities,,Pass,533,82
debt_exclusion,123,Hanson,1996,1989-02-01,Construct New Library/Senior Center,General Government,,Pass,410,199
debt_exclusion,151,Leicester,2001,1989-02-01,Design/Construct/New High School,School,,Pass,1182,581
debt_exclusion,172,Mashpee,1999,1989-02-01,Reconstruct Roof/Mashpee Middle School,School,,Pass,170,45
debt_exclusion,116,Groveland,1999,1989-03-01,"Const Furnish, Remodel Bagnall",School,,Pass,548,358
debt_exclusion,167,Mansfield,2000,1989-03-01,Capping Of East St Muni Landfill,Public Works and Facilities,,Pass,1074,1061
debt_exclusion,288,Sudbury,2000,1989-03-01,Senior Ctr. Bldg.Renovations,Health and Human Service,,Pass,2447,2062
debt_exclusion,296,Tisbury,1992,1989-03-01,Comp Hw,General Government,,Pass,374,339
capital_exclusion,343,Winchendon,1990,1989-03-01,New Police Cruiser,PUBLIC SAFETY,13377,Fail,332,1062
capital_exclusion,343,Winchendon,1990,1989-03-01,Asbestos Removal At Schools,SCHOOL,117325,Fail,563,830
capital_exclusion,012,Ashby,1990,1989-04-01,Dump Truck,PUBLIC WORKS & FACILITIES,23500,Fail,168,461
capital_exclusion,012,Ashby,1990,1989-04-01,Police Cruiser,PUBLIC SAFETY,14900,Pass,186,47
capital_exclusion,012,Ashby,1990,1989-04-01,Radios,PUBLIC SAFETY,6000,Fail,268,379
capital_exclusion,012,Ashby,1990,1989-04-01,Ambulance,PUBLIC SAFETY,25000,Fail,273,368
capital_exclusion,012,Ashby,1990,1989-04-01,Emergency Radio,PUBLIC SAFETY,2500,Fail,285,352
capital_exclusion,012,Ashby,1990,1989-04-01,Front End Loader,PUBLIC WORKS & FACILITIES,75000,Fail,140,485
debt_exclusion,051,Carlisle,1991,1989-04-01,Tank Truck For Fire Dept.,Public Safety,,Pass,495,388
capital_exclusion,051,Carlisle,1990,1989-04-01,Public Works Bldg Repair And Fire Alarm,PUBLIC WORKS & FACILITIES,15000,Fail,227,647
capital_exclusion,051,Carlisle,1990,1989-04-01,Dump Truck,PUBLIC WORKS & FACILITIES,50000,Fail,170,706
capital_exclusion,051,Carlisle,1990,1989-04-01,Road Construction,PUBLIC WORKS & FACILITIES,75000,Fail,228,650
debt_exclusion,053,Charlemont,2000,1989-04-01,Repairs/Improvmts/Regional High School,School,,Pass,84,60
debt_exclusion,114,Greenfield,2000,1989-04-01,Rehab /Improvmts/Exsisting Schools,School,,Pass,3031,1323
debt_exclusion,115,Groton,1991,1989-04-01,Reconstruction Of Roads,Public Works and Facilities,,Pass,566,438
debt_exclusion,115,Groton,1998,1989-04-01,Land Townsend Road,General Government,,Pass,496,494
debt_exclusion,115,Groton,2000,1989-04-01,Public Safety Building,Public Safety,,Pass,589,412
capital_exclusion,145,Kingston,1990,1989-04-01,Computer System,GENERAL OPERATING,200000,Fail,788,1119
debt_exclusion,157,Lincoln,2000,1989-04-01,17 Acres Ld Owned By Warren Flt,General Government,,Pass,828,231
debt_exclusion,164,Lynnfield,2000,1989-04-01,Cap. Improvmts/Various Facilities,General Operating,,Pass,1415,852
debt_exclusion,169,Marion,1990,1989-04-01,"Wastewaterplan/Improvmts,Treatment Plant",Public Works and Facilities,,Pass,547,228
debt_exclusion,169,Marion,1991,1989-04-01,Paint Library,Culture and Recreation,,Pass,470,295
debt_exclusion,169,Marion,1991,1989-04-01,Dpw/Engineer/Pub.Util.Rep./Fr Street,Public Works and Facilities,,Pass,407,345
debt_exclusion,169,Marion,1991,1989-04-01,Fund Cemetary Improvmt. Account,Public Works and Facilities,,Pass,430,325
debt_exclusion,169,Marion,1992,1989-04-01,Purchase 28.8 Acres Of Land,General Government,,Pass,556,204
debt_exclusion,169,Marion,1993,1989-04-01,Repair Town Hall Entrance,General Government,,Pass,441,322
debt_exclusion,169,Marion,1993,1989-04-01,Puchase Dump Tr & 2 Pickup Trucks,Public Works and Facilities,,Pass,433,340
debt_exclusion,169,Marion,1993,1989-04-01,Paint Water Tank,Public Works and Facilities,,Pass,397,360
debt_exclusion,169,Marion,1993,1989-04-01,Police And Fire Station Repairs,Public Safety,,Pass,514,247
debt_exclusion,169,Marion,1993,1989-04-01,Removal Of Asbestos At School,School,,Pass,548,221
debt_exclusion,169,Marion,2002,1989-04-01,Reconstruct Regional High School,School,,Pass,495,275
capital_exclusion,232,Pepperell,1990,1989-04-01,Basketball Court,CULTURE AND RECREATION,15000,Fail,775,1463
capital_exclusion,232,Pepperell,1990,1989-04-01,Fire Department Equipment,PUBLIC SAFETY,100000,Fail,690,1518
capital_exclusion,232,Pepperell,1990,1989-04-01,Computer System,GENERAL OPERATING,45000,Fail,619,1604
debt_exclusion,290,Sutton,1991,1989-04-01,Rehab/Constr/S. Middle H. School,School,,Pass,914,501
debt_exclusion,315,Wayland,2000,1989-04-01,Rennov Various Sch 'S/Town Building,General Operating,,Pass,2306,1535
debt_exclusion,315,Wayland,2000,1989-04-01,Design/Construct Landfill Site,Public Works and Facilities,,Pass,2330,1489
debt_exclusion,331,Westhampton,2000,1989-04-01,New Elementary School,School,,Pass,283,188
debt_exclusion,346,Winthrop,1990,1989-04-01,Asbestos Re./Refurbish School Building,School,,Pass,1214,1113
debt_exclusion,351,Yarmouth,2000,1989-04-01,Construct Septage Plant,Public Works and Facilities,,Pass,1971,887
capital_exclusion,335,Westwood,1990,1989-04-24,Multi Capital Purposes,GENERAL OPERATING,298000,Pass,1534,1405
capital_exclusion,012,Ashby,1990,1989-04-25,Purchase Fire Department Hose,PUBLIC SAFETY,3625,Pass,350,298
capital_exclusion,012,Ashby,1990,1989-04-25,Repairing Lyman Bldg For Town Hall,GENERAL OPERATING,150000,Pass,353,301
capital_exclusion,012,Ashby,1990,1989-04-25,4 Self-Contained Breathing Apparatus,PUBLIC SAFETY,4200,Pass,355,292
capital_exclusion,012,Ashby,1990,1989-04-25,Purchase A Waste Oil Furnace,PUBLIC WORKS & FACILITIES,8750,Pass,390,255
capital_exclusion,012,Ashby,1990,1989-04-25,Purchase Attack Nozzles Fire Department,PUBLIC SAFETY,1600,Pass,333,303
debt_exclusion,006,Alford,2000,1989-05-01,Construct So Reg Berk Sch/Mt Evertt Sch,School,,Pass,34,12
debt_exclusion,104,Aquinnah,1990,1989-05-01,Fund Add'L Approp.For Constr.Town Office,General Government,,Pass,62,16
debt_exclusion,013,Ashfield,1991,1989-05-01,Purchase Tanker/Fire Truck,Public Safety,,Pass,218,132
debt_exclusion,037,Boxborough,1991,1989-05-01,Asbestos Removal At School,School,,Pass,318,227
debt_exclusion,041,Brewster,1990,1989-05-01,Equip.For Transfer Station,Public Works and Facilities,,Pass,971,534
debt_exclusion,041,Brewster,2000,1989-05-01,Brewsters Share/Water Treat.Plant,Public Works and Facilities,,Pass,1059,461
debt_exclusion,055,Chatham,1994,1989-05-01,Sewersystm Evaluationstudy/A.68,Public Works and Facilities,,Pass,1094,828
debt_exclusion,055,Chatham,1995,1989-05-01,Dredging Of Chatham Harbor,Public Safety,,Pass,1446,562
debt_exclusion,055,Chatham,2000,1989-05-01,Land For Rec /Conserva/Purposes,Culture and Recreation,,Pass,1233,749
debt_exclusion,055,Chatham,2000,1989-05-01,Relaying Water Mains/Art.62,Public Works and Facilities,,Pass,1281,646
debt_exclusion,055,Chatham,2000,1989-05-01,Construct A Waste Transfer Station #2,Public Works and Facilities,,Pass,1518,467
debt_exclusion,059,Chester,1990,1989-05-01,Revaluation Expenses,General Government,,Pass,86,73
debt_exclusion,059,Chester,1990,1989-05-01,Grader,Public Works and Facilities,,Pass,100,64
debt_exclusion,059,Chester,1990,1989-05-01,Pickup Truck,Public Works and Facilities,,Pass,97,66
debt_exclusion,059,Chester,1990,1989-05-01,Gateway Regional School,School,,Pass,92,69
debt_exclusion,059,Chester,1991,1989-05-01,Town Hall Improvements,General Government,,Pass,121,41
debt_exclusion,063,Clarksburg,1993,1989-05-01,Sewer Project (Mass.Wpc Coll Sy),Public Works and Facilities,,Pass,200,127
debt_exclusion,065,Cohasset,2000,1989-05-01,New Roof At Osgood School,School,,Pass,1241,987
capital_exclusion,065,Cohasset,1990,1989-05-01,Purchase Add'L Equip.Fire Truck,PUBLIC SAFETY,60000,Fail,809,1395
capital_exclusion,065,Cohasset,1990,1989-05-01,Purchase Truck/Van/Various Equipment,PUBLIC WORKS & FACILITIES,58235,Fail,607,1575
debt_exclusion,075,Dennis,2000,1989-05-01,Sewer-Dennis/Yarmouth Regional,General Operating,,Pass,1929,811
debt_exclusion,075,Dennis,2001,1989-05-01,Schools/Wixon,School,,Pass,806,286
debt_exclusion,078,Dover,1991,1989-05-01,Repairs To Do.Sh.Reg.Sch/&Equipment,School,,Pass,918,513
debt_exclusion,078,Dover,1991,1989-05-01,Pur.Dept.Equip/Close Landfill,Public Works and Facilities,,Pass,881,548
debt_exclusion,078,Dover,1997,1989-05-01,Remod/Repairs Car /Chicker School,School,,Pass,927,506
debt_exclusion,083,East Bridgewater,2000,1989-05-01,Construct Town Hall And Police Station,General Operating,,Pass,451,377
debt_exclusion,090,Egremont,1991,1989-05-01,Purchase Fire Dept. Tanker Truck,Public Safety,,Pass,280,121
debt_exclusion,090,Egremont,1996,1989-05-01,Construct New Sch./Remodel Mt E,School,,Pass,295,101
capital_exclusion,090,Egremont,1990,1989-05-01,Wood Chipper,PUBLIC WORKS & FACILITIES,15000,Fail,190,204
debt_exclusion,096,Falmouth,1999,1989-05-01,Construct Blk/Hds&Expand Marina,Public Safety,,Pass,2123,2073
capital_exclusion,096,Falmouth,1990,1989-05-01,Street Lighting,PUBLIC WORKS & FACILITIES,35000,Fail,2083,2178
capital_exclusion,096,Falmouth,1990,1989-05-01,Purchase Of Conservation Land,GENERAL GOVERNMENT,300000,Pass,2428,1847
debt_exclusion,099,Foxborough,1995,1989-05-01,Asbestos Removal From Schools,School,,Pass,1084,824
debt_exclusion,113,Great Barrington,1990,1989-05-01,Bhrschool Distr/Equip/Supp/Improvements,School,,Pass,811,484
debt_exclusion,113,Great Barrington,1990,1989-05-01,Pre-Debt,Pre-Proposition 2 1/2 Debt,,Pass,779,416
debt_exclusion,113,Great Barrington,1990,1989-05-01,Fire Truck,Public Safety,,Pass,824,416
debt_exclusion,120,Hampden,1991,1989-05-01,Reroof Minnechaug Reg.High School,School,,Pass,543,246
debt_exclusion,134,Holden,1995,1989-05-01,Close Landfill,Public Works and Facilities,,Pass,1538,1307
debt_exclusion,134,Holden,1996,1989-05-01,Addition To Mountview School,School,,Pass,1633,1215
debt_exclusion,134,Holden,2000,1989-05-01,Addition To Gail Free Library,Culture and Recreation,,Pass,1580,1274
debt_exclusion,139,Hopkinton,2000,1989-05-01,Schools/Repair Elmwood,School,,Pass,1247,1195
capital_exclusion,139,Hopkinton,1990,1989-05-01,Purchase Fire Truck,PUBLIC SAFETY,169000,Fail,1135,1296
debt_exclusion,143,Huntington,2000,1989-05-01,Gateway Reg  Sch Dist  Debt Service,School,,Pass,155,126
debt_exclusion,158,Littleton,2000,1989-05-01,Landfill,Public Works and Facilities,,Pass,634,283
debt_exclusion,193,Monterey,1990,1989-05-01,So.Berk.Reg.Sch/Exsis.Debt Expenditures,School,,Pass,160,64
debt_exclusion,193,Monterey,2000,1989-05-01,          /Construct/Equipment,School,,Pass,148,70
capital_exclusion,193,Monterey,1990,1989-05-01,Sch. Capital Expenditures,SCHOOL,16003,Pass,171,60
capital_exclusion,193,Monterey,1990,1989-05-01,Computer Hardware/Software,GENERAL OPERATING,12900,Pass,126,105
capital_exclusion,193,Monterey,1990,1989-05-01,Revaluation Expenses,GENERAL OPERATING,43800,Fail,114,116
capital_exclusion,193,Monterey,1990,1989-05-01,Grader/Highway Department,PUBLIC WORKS & FACILITIES,100000,Pass,127,101
debt_exclusion,194,Montgomery,1990,1989-05-01,Repairs/Gat.Reg.School Buildings,School,,Pass,101,82
debt_exclusion,203,New Marlborough,1990,1989-05-01,Purchase New Salem Academy,School,,Pass,64,37
debt_exclusion,203,New Marlborough,1990,1989-05-01,So.Berksh.Reg.Sch.Dist.Cap Improvemnts,School,,Pass,143,52
debt_exclusion,203,New Marlborough,1991,1989-05-01,Loader,Public Works and Facilities,,Pass,166,38
debt_exclusion,203,New Marlborough,1991,1989-05-01,New Fire Truck Tank,Public Safety,,Pass,164,44
debt_exclusion,203,New Marlborough,2000,1989-05-01,Remodel/Repairs/Mt Everett School,School,,Pass,141,65
debt_exclusion,204,New Salem,2000,1989-05-01,Swift River Sch.Constuct  Projects,School,,Pass,73,29
debt_exclusion,204,New Salem,2000,1989-05-01,Purchase New Salem Academy,School,,Pass,64,37
capital_exclusion,221,Oak Bluffs,1990,1989-05-01,Repairs To Oak Bluffs School Building,SCHOOL,140000,Pass,334,195
debt_exclusion,225,Otis,1990,1989-05-01,School/Asbestos Removal,School,,Pass,156,55
capital_exclusion,225,Otis,1990,1989-05-01,Highway Dept./Pickup Truck,PUBLIC WORKS & FACILITIES,11300,Pass,125,86
capital_exclusion,254,Rowley,1990,1989-05-01,Purchase Of Equipment,GENERAL OPERATING,37442,Fail,377,812
capital_exclusion,254,Rowley,1990,1989-05-01,Water Mains,PUBLIC WORKS & FACILITIES,30000,Fail,431,739
debt_exclusion,260,Sandisfield,1990,1989-05-01,Fire Truck Purchase,Public Safety,,Pass,58,32
debt_exclusion,267,Sheffield,2000,1989-05-01,Construct Middle Sch/Remodel High School,School,,Pass,400,198
debt_exclusion,269,Sherborn,1991,1989-05-01,Sch Repairs,School,,Pass,722,378
debt_exclusion,276,Southampton,2000,1989-05-01,Addition To School,School,,Pass,457,362
debt_exclusion,277,Southborough,1991,1989-05-01,Margret Neary School/Repairs,School,,Pass,730,450
debt_exclusion,277,Southborough,1991,1989-05-01,Alg.Reg.H.S./Repairs/Roof/Lab/H,School,,Pass,693,478
debt_exclusion,286,Stow,1991,1989-05-01,Reducing Lead Contam/Sch Bld,School,,Pass,986,806
debt_exclusion,286,Stow,1991,1989-05-01,Asbestos Mgmt/P.C.H.Sch'S&Admbl,School,,Pass,1052,774
debt_exclusion,286,Stow,1991,1989-05-01,Reconstruct Ctr.Sch.Chimney,School,,Pass,971,840
debt_exclusion,296,Tisbury,2000,1989-05-01,Waterproof School,School,,Pass,598,217
debt_exclusion,296,Tisbury,2000,1989-05-01,Restrooms In School For Handicapped,School,,Pass,643,184
debt_exclusion,296,Tisbury,2000,1989-05-01,Cap Landfill,Public Works and Facilities,,Pass,634,193
debt_exclusion,296,Tisbury,2000,1989-05-01,Construct Senior Center,Health and Human Service,,Pass,621,234
debt_exclusion,296,Tisbury,2000,1989-05-01,Handicapped Restrooms,General Government,,Pass,615,202
debt_exclusion,296,Tisbury,2000,1989-05-01,Reconstruct Septage Lagoons,Public Works and Facilities,,Pass,579,226
debt_exclusion,296,Tisbury,2000,1989-05-01,Construct Municipal Septage System Boats,Public Works and Facilities,,Pass,518,298
debt_exclusion,296,Tisbury,2000,1989-05-01,Purchase Pumper Truck,Public Safety,,Pass,502,321
capital_exclusion,300,Truro,1990,1989-05-01,Constr.Transfer Station,PUBLIC WORKS & FACILITIES,89000,Pass,463,184
capital_exclusion,300,Truro,1990,1989-05-01,Truro Share Re:201 Facility (Sewer),PUBLIC WORKS & FACILITIES,92000,Pass,405,225
debt_exclusion,307,Walpole,2000,1989-05-01,Refurbish Boyden School,School,,Pass,2612,1579
debt_exclusion,318,Wellfleet,2000,1989-05-01,Schools/Wellfleet Ele Furnish,School,,Pass,599,510
capital_exclusion,320,Wenham,1990,1989-05-01,Road Construc/Resurfacing,PUBLIC WORKS & FACILITIES,150000,Pass,266,115
debt_exclusion,323,West Brookfield,2000,1989-05-01,Regional Elementary School Renovations,School,,Pass,442,380
debt_exclusion,324,West Newbury,2000,1989-05-01,Pentucket Reg Sch/Repairs/Equipment,School,,Pass,375,374
debt_exclusion,333,Weston,2000,1989-05-01,Public Building Repairs,General Operating,,Pass,1293,580
debt_exclusion,333,Weston,2000,1989-05-01,Water Mains,Public Works and Facilities,,Pass,1254,599
debt_exclusion,333,Weston,2000,1989-05-01,Recreational/Athletic Facility,Culture and Recreation,,Pass,1081,779
capital_exclusion,028,Berlin,1990,1989-05-08,A New Sander Body For Highway,PUBLIC WORKS & FACILITIES,15000,Fail,234,278
capital_exclusion,028,Berlin,1990,1989-05-08,Roll-Off Container To Store,PUBLIC WORKS & FACILITIES,3500,Fail,189,328
capital_exclusion,028,Berlin,1990,1989-05-08,Aerial Mapping The Assessor',GENERAL OPERATING,50000,Fail,173,351
capital_exclusion,028,Berlin,1990,1989-05-08,Chairlift For Handicapped,HEALTH AND HUMAN SERVICE,12000,Pass,307,207
capital_exclusion,028,Berlin,1990,1989-05-08,Fire Dept. Equipment,PUBLIC SAFETY,7500,Pass,379,146
capital_exclusion,267,Sheffield,1990,1989-05-08,Cap.Exp.So.Berksh.Reg.School District,SCHOOL,56337,Pass,360,248
capital_exclusion,267,Sheffield,1990,1989-05-08,Purchase Sanders/Highway Department,PUBLIC WORKS & FACILITIES,8000,Pass,392,223
capital_exclusion,267,Sheffield,1990,1989-05-08,Base Radio Station Fire Department,PUBLIC SAFETY,2950,Pass,443,184
capital_exclusion,267,Sheffield,1990,1989-05-08,Cap. Improvmts/Town Hall,GENERAL OPERATING,15000,Pass,351,261
capital_exclusion,267,Sheffield,1990,1989-05-08,Radar Equip/Police Department,PUBLIC SAFETY,1200,Pass,314,299
capital_exclusion,203,New Marlborough,1990,1989-05-11,Town Hall Improvements,GENERAL OPERATING,2000,Pass,141,69
capital_exclusion,203,New Marlborough,1990,1989-05-11,So.Berksh.Reg.Sch.Capital Expenses,SCHOOL,22769,Pass,129,78
capital_exclusion,327,West Tisbury,1990,1989-05-18,Resurface Road,PUBLIC WORKS & FACILITIES,25000,Fail,210,239
debt_exclusion,020,Barnstable,1998,1989-06-01,To Acquire Burgess Land,General Government,,Pass,3462,2495
capital_exclusion,052,Carver,1990,1989-06-01,School Bus,SCHOOL,28000,Fail,393,1652
debt_exclusion,055,Chatham,2000,1989-06-01,Purchase Land For Recreation/Golf,Culture and Recreation,,Pass,1306,855
debt_exclusion,055,Chatham,2001,1989-06-01,Construct Solid/Waste Trans/Station #3,Public Works and Facilities,,Pass,1557,587
capital_exclusion,065,Cohasset,1990,1989-06-01,Removal Of Underground Gas Tank,PUBLIC WORKS & FACILITIES,10000,Fail,1023,1413
debt_exclusion,068,Conway,1991,1989-06-01,Fire Pumper Truck,Public Safety,,Pass,196,135
debt_exclusion,068,Conway,1991,1989-06-01,Renovate Old Bank Building,General Government,,Pass,180,149
debt_exclusion,086,Eastham,1992,1989-06-01,Renovate & Equip Highway Garage,Public Works and Facilities,,Pass,410,325
debt_exclusion,086,Eastham,1994,1989-06-01,To Fund Town'S Share/Sewer Plan,Public Works and Facilities,,Pass,561,174
debt_exclusion,086,Eastham,2000,1989-06-01,Construct New Police Station,Public Safety,,Pass,454,281
debt_exclusion,159,Longmeadow,2000,1989-06-01,Refurbish Storrs Library,Culture and Recreation,,Pass,937,523
capital_exclusion,173,Mattapoisett,1990,1989-06-01,Land/New Well Site,PUBLIC WORKS & FACILITIES,86000,Pass,480,377
capital_exclusion,173,Mattapoisett,1990,1989-06-01,Schools/Remove Asbestos,SCHOOL,44180,Pass,530,330
capital_exclusion,173,Mattapoisett,1990,1989-06-01,Schools/Remove Asbestos,SCHOOL,74500,Pass,558,302
capital_exclusion,173,Mattapoisett,1990,1989-06-01,Schools/Remove Asbestos,SCHOOL,64800,Pass,559,303
capital_exclusion,173,Mattapoisett,1990,1989-06-01,Drain Cleaner,PUBLIC WORKS & FACILITIES,22500,Fail,313,539
capital_exclusion,197,Nantucket,1990,1989-06-01,Building Recycling Facility,PUBLIC WORKS & FACILITIES,150000,Fail,462,842
capital_exclusion,197,Nantucket,1990,1989-06-01,Handicapped Accessibility Sidewalks,PUBLIC WORKS & FACILITIES,50000,Fail,391,862
capital_exclusion,197,Nantucket,1990,1989-06-01,Rake Purchase For Roads,PUBLIC WORKS & FACILITIES,5000,Fail,435,872
capital_exclusion,197,Nantucket,1990,1989-06-01,Purchase Equipment For Firefighters,PUBLIC SAFETY,35500,Fail,521,735
capital_exclusion,197,Nantucket,1990,1989-06-01,Purchase Packer For Landfill,PUBLIC WORKS & FACILITIES,60000,Fail,384,917
capital_exclusion,197,Nantucket,1990,1989-06-01,Soil Remediation,PUBLIC WORKS & FACILITIES,150000,Fail,366,880
capital_exclusion,197,Nantucket,1990,1989-06-01,Bike Path,CULTURE AND RECREATION,250000,Fail,362,895
capital_exclusion,197,Nantucket,1990,1989-06-01,Purchase Loader,PUBLIC WORKS & FACILITIES,150000,Fail,358,941
capital_exclusion,197,Nantucket,1990,1989-06-01,Replace Fire Engine,PUBLIC SAFETY,175000,Fail,302,943
capital_exclusion,197,Nantucket,1990,1989-06-01,Purchase Dump Truck,PUBLIC WORKS & FACILITIES,45000,Fail,289,1017
capital_exclusion,197,Nantucket,1990,1989-06-01,New Culverts,PUBLIC WORKS & FACILITIES,257000,Fail,286,1000
capital_exclusion,197,Nantucket,1990,1989-06-01,Tractor Broom Purchase,PUBLIC WORKS & FACILITIES,40000,Fail,253,1054
capital_exclusion,197,Nantucket,1990,1989-06-01,Purchase Cruiser For Fire Department,PUBLIC SAFETY,20000,Fail,245,999
capital_exclusion,197,Nantucket,1990,1989-06-01,Replace Fire Department Furnaces,PUBLIC SAFETY,20000,Fail,416,831
capital_exclusion,197,Nantucket,1990,1989-06-01,Addition To Fire Station,PUBLIC SAFETY,600000,Fail,152,1095
capital_exclusion,197,Nantucket,1990,1989-06-01,Pickup Truck,PUBLIC WORKS & FACILITIES,15562,Fail,206,1052
debt_exclusion,213,North Reading,2000,1989-06-01,Construct  Flint Memor  Library,Culture and Recreation,,Pass,864,667
capital_exclusion,221,Oak Bluffs,1990,1989-06-01,Harbor Improvement Phase Iii,PUBLIC WORKS & FACILITIES,6900,Fail,300,527
capital_exclusion,221,Oak Bluffs,1990,1989-06-01,Police Cruiser,PUBLIC SAFETY,10500,Fail,236,592
capital_exclusion,221,Oak Bluffs,1990,1989-06-01,Revaluation,GENERAL OPERATING,77000,Fail,370,477
capital_exclusion,221,Oak Bluffs,1990,1989-06-01,School/Repair Downs Building,SCHOOL,4550,Fail,363,471
capital_exclusion,221,Oak Bluffs,1990,1989-06-01,Revaluation,GENERAL OPERATING,18000,Fail,325,523
capital_exclusion,221,Oak Bluffs,1990,1989-06-01,Wastewater Facility,PUBLIC WORKS & FACILITIES,106000,Fail,324,511
capital_exclusion,221,Oak Bluffs,1990,1989-06-01,Street Sweeper,PUBLIC WORKS & FACILITIES,18629,Fail,235,597
debt_exclusion,235,Phillipston,1991,1989-06-01,Phillip.Mem.Sch.Roof,School,,Pass,154,80
debt_exclusion,266,Sharon,2000,1989-06-01,Mountain St Landfill Improvments,Public Works and Facilities,,Pass,3162,1761
debt_exclusion,280,Spencer,2000,1989-06-01,Addition To Library,Culture and Recreation,,Pass,677,429
debt_exclusion,280,Spencer,2000,1989-06-01,New Regional Junior High School,School,,Pass,703,388
debt_exclusion,292,Swansea,2000,1989-06-01,Design/Construct New Elementary School,School,,Pass,885,428
debt_exclusion,294,Templeton,2000,1989-06-01,To Close Landfill,Public Works and Facilities,,Pass,423,202
capital_exclusion,296,Tisbury,1990,1989-06-01,Purchase Computers,GENERAL OPERATING,110913,Fail,64,298
capital_exclusion,296,Tisbury,1990,1989-06-01,Purchase Mailing Machine,GENERAL OPERATING,6500,Fail,104,253
capital_exclusion,296,Tisbury,1990,1989-06-01,Purchase Paper Shredder,GENERAL OPERATING,2000,Fail,123,232
capital_exclusion,296,Tisbury,1990,1989-06-01,Relocate Wiring For Holiday Lights,PUBLIC WORKS & FACILITIES,5000,Fail,163,195
capital_exclusion,296,Tisbury,1990,1989-06-01,Repairs To School Admin. Building,SCHOOL,5250,Fail,167,191
capital_exclusion,296,Tisbury,1990,1989-06-01,Replace Value Of Cruiser,PUBLIC SAFETY,3500,Fail,175,181
capital_exclusion,296,Tisbury,1990,1989-06-01,Repairs To Town Hall Annex,GENERAL OPERATING,20000,Fail,176,184
capital_exclusion,296,Tisbury,1990,1989-06-01,Sand Truck Body,PUBLIC WORKS & FACILITIES,10000,Pass,183,175
capital_exclusion,296,Tisbury,1990,1989-06-01,Fire Dept.Air Compressor,PUBLIC SAFETY,3500,Pass,254,108
capital_exclusion,296,Tisbury,1990,1989-06-01,Tisbury School Drainage,SCHOOL,8000,Pass,185,174
debt_exclusion,300,Truro,2000,1989-06-01,Plans/Rennovate/Tr Central School,School,,Pass,331,104
debt_exclusion,311,Warren,2000,1989-06-01,Construct/Equip/New Elem School,School,,Pass,425,267
debt_exclusion,326,West Stockbridge,1992,1989-06-01,Payloader,Public Works and Facilities,,Pass,152,75
capital_exclusion,326,West Stockbridge,1990,1989-06-13,Computer/Software For Fire Department,PUBLIC SAFETY,5935,Pass,125,99
capital_exclusion,326,West Stockbridge,1990,1989-06-13,Purch.Materials Spreader Hw,PUBLIC WORKS & FACILITIES,18600,Pass,125,98
capital_exclusion,326,West Stockbridge,1990,1989-06-13,Refurbish Equip.@Trans.Station,PUBLIC WORKS & FACILITIES,4000,Pass,124,103
capital_exclusion,326,West Stockbridge,1990,1989-06-13,Purchase 2 Two-Way Radios,PUBLIC SAFETY,2000,Pass,124,100
capital_exclusion,326,West Stockbridge,1990,1989-06-13,Purchase Liquid Calcium Equipment,PUBLIC WORKS & FACILITIES,2500,Pass,133,90
capital_exclusion,326,West Stockbridge,1990,1989-06-13,Rehabilitate The Salt Shed,PUBLIC WORKS & FACILITIES,3000,Pass,133,92
capital_exclusion,326,West Stockbridge,1990,1989-06-13,Purch. Culverts & Guardrail,PUBLIC WORKS & FACILITIES,7500,Pass,141,82
capital_exclusion,326,West Stockbridge,1990,1989-06-13,Berkshire Hills Reg. School Budget,SCHOOL,32879,Pass,146,80
capital_exclusion,326,West Stockbridge,1990,1989-06-13,Fire Dept.  Stand Pipes,PUBLIC SAFETY,2500,Pass,149,77
capital_exclusion,326,West Stockbridge,1990,1989-06-13,Repaving Pad/Town Garage,PUBLIC WORKS & FACILITIES,2800,Pass,116,108
capital_exclusion,065,Cohasset,1990,1989-06-28,Defibrillation Equipment,PUBLIC SAFETY,7500,Pass,1334,1109
debt_exclusion,116,Groveland,1991,1989-07-01,Fire Truck,Public Safety,,Pass,522,303
debt_exclusion,116,Groveland,2000,1989-07-01,Pentucket Regional School,School,,Pass,422,402
capital_exclusion,148,Lanesborough,1990,1989-07-01,Fire Dept Ambulance,PUBLIC SAFETY,74188,Fail,120,394
capital_exclusion,148,Lanesborough,1990,1989-07-01,Dump Truck For Highway Department,PUBLIC WORKS & FACILITIES,54193,Fail,126,387
capital_exclusion,148,Lanesborough,1990,1989-07-01,Police Crusier,PUBLIC SAFETY,14600,Fail,106,405
capital_exclusion,249,Richmond,1990,1989-07-01,Asbestos Removal/School,SCHOOL,25000,Pass,179,139
debt_exclusion,146,Lakeville,2007,1989-07-17,Remodel And Construct An Addition To The Assawompset Elem.School,School,,Fail,436,688
capital_exclusion,334,Westport,1990,1989-08-01,Water Main,PUBLIC WORKS & FACILITIES,200000,Fail,1197,2021
debt_exclusion,081,Dunstable,1991,1989-09-01,Close Town Landfill Area,Public Works and Facilities,,Pass,148,132
debt_exclusion,322,West Bridgewater,2000,1989-09-01,Schools Rf /Macdonald And High,School,,Pass,498,342
debt_exclusion,343,Winchendon,1990,1989-09-01,Street Reconstruction,Public Works and Facilities,,Pass,409,270
debt_exclusion,343,Winchendon,1990,1989-09-01,Rehab Town Garage,Public Works and Facilities,,Pass,365,303
capital_exclusion,277,Southborough,1990,1989-09-23,For Funding Woodward Handicapped Access,SCHOOL,59000,Pass,792,532
debt_exclusion,146,Lakeville,2007,1989-09-30,Remodel And Construct An Addition Toe The Assawompset Elem.School,School,,Fail,982,1061
capital_exclusion,020,Barnstable,1991,1989-10-01,Building And Road Repair,PUBLIC WORKS & FACILITIES,3000000,Fail,2307,4340
debt_exclusion,058,Cheshire,1990,1989-10-01,Payloader,Public Works and Facilities,,Pass,379,240
debt_exclusion,058,Cheshire,1990,1989-10-01,Four Wheel Drive Truck,Public Works and Facilities,,Pass,382,237
capital_exclusion,105,Georgetown,1990,1989-10-01,Roadway Maintainance,PUBLIC WORKS & FACILITIES,40000,Fail,962,1143
debt_exclusion,224,Orleans,2000,1989-10-01,Transfer Station,Public Works and Facilities,,Pass,183,98
debt_exclusion,241,Princeton,2000,1989-10-01,Schools/Thomas Prince,School,,Pass,146,79
debt_exclusion,318,Wellfleet,1990,1989-10-01,Solid Waste Transfer Station,Public Works and Facilities,,Pass,832,354
debt_exclusion,318,Wellfleet,1990,1989-10-01,Fire Tanker,Public Safety,,Pass,317,180
debt_exclusion,318,Wellfleet,2000,1989-10-01,Land For Landfill,Public Works and Facilities,,Pass,290,199
debt_exclusion,324,West Newbury,2000,1989-10-01,Purchase A P R  Rights For L H,General Government,,Pass,592,326
capital_exclusion,133,Holbrook,1990,1989-10-16,Water Treatment Facility Improvements,PUBLIC WORKS & FACILITIES,500000,Pass,965,901
debt_exclusion,080,Dudley,1990,1989-11-01,To Pay For Work Re:3 School Roofs,School,,Pass,836,433
debt_exclusion,080,Dudley,2000,1989-11-01,To Fund Opera./Ldfill&Recy Program,Public Works and Facilities,,Pass,873,391
debt_exclusion,112,Granville,1997,1989-11-01,Schools/Village School,School,,Pass,174,83
debt_exclusion,128,Haverhill,1997,1989-11-01,Four New Elementary Schools,School,,Pass,6928,6053
debt_exclusion,191,Monson,1992,1989-11-01,Construct New Elem. School,School,,Pass,952,345
debt_exclusion,288,Sudbury,2000,1989-11-01,Extra.Repairs Nixon/Noyes Sch B,School,,Pass,1327,1217
debt_exclusion,312,Warwick,1990,1989-11-01,Fire Truck,Public Safety,,Pass,165,159
debt_exclusion,312,Warwick,1990,1989-11-01,Dump Truck/Sander,Public Works and Facilities,,Pass,172,152
debt_exclusion,342,Wilmington,2000,1989-11-01,Recon And Repair Heating Syst High School,School,,Pass,856,726
debt_exclusion,068,Conway,1992,1989-12-01,Construct/Furnish New Elementary School,School,,Pass,327,83
debt_exclusion,068,Conway,2000,1989-12-01,Purchase Land & Bldgs Located On Rte  116,General Government,,Pass,333,78
debt_exclusion,145,Kingston,2000,1989-12-01,Acquire At & T Land And Building,Culture and Recreation,,Pass,334,296
debt_exclusion,311,Warren,2000,1989-12-01,Close Ldfill Site/ Open New One,Public Works and Facilities,,Pass,290,43
debt_exclusion,325,West Springfield,2007,1989-12-09,Construct-Furnish- And Equip A New Middle School,School,,Fail,1949,3584
debt_exclusion,104,Aquinnah,2000,1990-01-01,Renovate Town Hall,General Government,,Pass,22,6
debt_exclusion,043,Brimfield,2000,1990-02-01,Construct/Equip/Add Elem School,School,,Pass,348,183
debt_exclusion,045,Brookfield,1994,1990-02-01,Construct Elem  School,School,,Pass,211,84
debt_exclusion,172,Mashpee,2000,1990-02-01,Addition/Police Station,Public Safety,,Pass,438,284
debt_exclusion,217,Northfield,2000,1990-02-01,Sch  Construct/No & Ctr  Elem  School,School,,Pass,417,122
debt_exclusion,272,Shutesbury,2000,1990-02-01,Refurbish/Addition Re:Elementary School,School,,Pass,183,84
debt_exclusion,337,Whately,1991,1990-02-01,Purchase Land For Elementary School,School,,Pass,249,96
debt_exclusion,337,Whately,1991,1990-02-01,Purchase Fire Truck,Public Safety,,Pass,252,88
debt_exclusion,337,Whately,2000,1990-02-01,Construct/Furnish New Elementary School,School,,Pass,251,95
capital_exclusion,023,Bedford,1991,1990-03-01,Dredging & Improv.Fawn Lake,CULTURE AND RECREATION,583778,Fail,384,488
debt_exclusion,086,Eastham,2000,1990-03-01,Archit /Enginr.Plans Re:Middle School,School,,Pass,1117,904
debt_exclusion,154,Leverett,1991,1990-03-01,Architect Fee'S/Re: School Plans,School,,Pass,188,40
debt_exclusion,168,Marblehead,1993,1990-03-01,Remodel/Repair H  Sch Sci Labs,School,,Pass,3593,1404
debt_exclusion,168,Marblehead,2000,1990-03-01,Remodel/Equip Exsisting Library,Culture and Recreation,,Pass,3468,1526
debt_exclusion,224,Orleans,1991,1990-03-01,Re:Reg.Sch.Dist/Mid/Sch/Repairs,School,,Pass,1559,1060
debt_exclusion,224,Orleans,2000,1990-03-01,Re:Reg Sch Dist/Mid/Sch/Remodel,School,,Pass,1650,1141
debt_exclusion,234,Petersham,1991,1990-03-01,Ctr.Sch.Hcap.Ramp/Fire D.Tanker,General Operating,,Pass,198,156
debt_exclusion,245,Raynham,1991,1990-03-01,Extend Town'S Sewer Line,Public Works and Facilities,,Pass,342,268
debt_exclusion,245,Raynham,2000,1990-03-01,To Complete Exten Of Sewer Line,Public Works and Facilities,,Pass,333,278
capital_exclusion,251,Rockland,1991,1990-03-01,Various Capital Purchases,GENERAL OPERATING,482132,Fail,1032,1998
debt_exclusion,288,Sudbury,1991,1990-03-01,Construct New Fire Dept.Headquarters,Public Safety,,Pass,1565,1235
debt_exclusion,300,Truro,2000,1990-03-01,Reconstruct/Remod/T Centr  School,School,,Pass,480,179
debt_exclusion,334,Westport,1990,1990-03-01,Pre-Debt,Pre-Proposition 2 1/2 Debt,,Pass,1992,1838
debt_exclusion,334,Westport,2000,1990-03-01,Remodel/Repair Various School Building,School,,Pass,2176,1707
debt_exclusion,343,Winchendon,1992,1990-03-01,Rehab Heat/Vent.Syst./Mem.School,School,,Pass,702,642
debt_exclusion,343,Winchendon,1992,1990-03-01,Renonate Town Water Station,Public Works and Facilities,,Pass,673,654
capital_exclusion,011,Ashburnham,1991,1990-04-01,Repaving 3 Miles Of Town Roads,PUBLIC WORKS & FACILITIES,88000,Fail,486,903
debt_exclusion,015,Athol,1994,1990-04-01,Sewer/Fire/Parking/Police/Dpw,General Government,,Pass,801,698
debt_exclusion,062,Chilmark,2000,1990-04-01,Community Ctr  Rennovations,General Government,,Pass,252,35
debt_exclusion,065,Cohasset,1992,1990-04-01,Rep Septic,School,,Pass,1595,865
capital_exclusion,065,Cohasset,1991,1990-04-01,Lawn Maintenance Vehicle,PUBLIC WORKS & FACILITIES,16850,Fail,791,1698
capital_exclusion,065,Cohasset,1991,1990-04-01,Class 1 Ambulance,PUBLIC SAFETY,70000,Fail,1148,1363
debt_exclusion,074,Deerfield,2000,1990-04-01,Const,School,,Pass,685,478
capital_exclusion,089,Edgartown,1991,1990-04-01,Repair Roads/Infra-Red Method,PUBLIC WORKS & FACILITIES,30000,Fail,473,477
capital_exclusion,089,Edgartown,1991,1990-04-01,Repair Sidewalks/Catch Basin,PUBLIC WORKS & FACILITIES,30000,Pass,551,401
capital_exclusion,089,Edgartown,1991,1990-04-01,Resurfacing Various Roads,PUBLIC WORKS & FACILITIES,60000,Pass,525,427
capital_exclusion,089,Edgartown,1991,1990-04-01,Purchase Computer Equipment,GENERAL OPERATING,23500,Pass,627,327
capital_exclusion,089,Edgartown,1991,1990-04-01,Purchase School Bus,SCHOOL,32000,Pass,642,314
debt_exclusion,115,Groton,1992,1990-04-01,Road Constr/Improvemnts,Public Works and Facilities,,Pass,771,729
capital_exclusion,131,Hingham,1991,1990-04-01,Purchase Fire Truck,PUBLIC SAFETY,191250,Pass,4255,3610
capital_exclusion,131,Hingham,1991,1990-04-01,Purchase Ambulance,PUBLIC SAFETY,70000,Pass,5184,2720
capital_exclusion,131,Hingham,1991,1990-04-01,Purchase Roadsweeper,PUBLIC WORKS & FACILITIES,83500,Fail,3155,4679
capital_exclusion,144,Ipswich,1991,1990-04-01,Purchase Playground Equipment,CULTURE AND RECREATION,22500,Fail,1085,2367
capital_exclusion,144,Ipswich,1991,1990-04-01,Install Air Condition/Library,CULTURE AND RECREATION,65000,Fail,1111,2374
capital_exclusion,144,Ipswich,1991,1990-04-01,Repaint Town Hall/Expenses,GENERAL OPERATING,68000,Fail,1081,2357
debt_exclusion,169,Marion,1991,1990-04-01,Repairs To Sippican School,School,,Pass,890,545
debt_exclusion,169,Marion,1991,1990-04-01,Repairs/Town H./Fire/Pol/Lib/El,General Operating,,Pass,843,596
debt_exclusion,169,Marion,1991,1990-04-01,Reg.Wastewater Trmt.Plant Costs,Public Works and Facilities,,Pass,810,575
debt_exclusion,188,Millville,1999,1990-04-01,New Elem Sch/Re:B M Regional School Dist,School,,Pass,535,312
debt_exclusion,197,Nantucket,1992,1990-04-01,N/A,Public Works and Facilities,,Pass,1453,1278
debt_exclusion,197,Nantucket,2000,1990-04-01,Design Plan For Solid Waste Plant,Public Works and Facilities,,Pass,1506,1255
capital_exclusion,197,Nantucket,1991,1990-04-01,Purchase Vehicles/Dept.Pub/Safety,PUBLIC SAFETY,70000,Fail,647,2137
debt_exclusion,291,Swampscott,2000,1990-04-01,Construct Sewerage Treatment Plant,Public Works and Facilities,,Pass,1980,1470
capital_exclusion,299,Townsend,1991,1990-04-01,Fund A Study For Solid Waste Operations,PUBLIC WORKS & FACILITIES,40000,Fail,357,759
capital_exclusion,299,Townsend,1991,1990-04-01,Fund Closing Of The Landfill Site,PUBLIC WORKS & FACILITIES,130000,Fail,422,690
debt_exclusion,318,Wellfleet,1991,1990-04-01,Middle Sch.Expansion Architect,School,,Pass,538,431
debt_exclusion,318,Wellfleet,2000,1990-04-01,For Refurbishing Middle School,School,,Pass,531,433
capital_exclusion,331,Westhampton,1991,1990-04-01,Police Cruiser,PUBLIC SAFETY,14755,Fail,119,226
capital_exclusion,351,Yarmouth,1991,1990-04-09,Multi Capital Purposes,GENERAL OPERATING,336557,Pass,2614,2311
capital_exclusion,277,Southborough,1991,1990-04-15,Installing Telephone System,GENERAL GOVERNMENT,20000,Fail,734,1310
debt_exclusion,318,Wellfleet,2003,1990-04-30,Prepare For Repairs To The Middle School,School,,Pass,538,431
debt_exclusion,318,Wellfleet,2003,1990-04-30,Remodel Nauset Rsd Middle School,School,,Pass,531,433
debt_exclusion,004,Adams,2000,1990-05-01,Regional - Construction,School,,Pass,1266,1063
debt_exclusion,006,Alford,1992,1990-05-01,Rennovate Town Hall,General Government,,Pass,76,14
debt_exclusion,006,Alford,1992,1990-05-01,Reconstruct/East Rd./West Rd.,Public Works and Facilities,,Pass,67,23
debt_exclusion,006,Alford,1993,1990-05-01,Purchase Dump Truck/Sander,Public Works and Facilities,,Pass,56,32
capital_exclusion,014,Ashland,1991,1990-05-01,Roof Repair Ashland High,SCHOOL,398000,Fail,921,1294
capital_exclusion,028,Berlin,1991,1990-05-01,Rescue Squad Equipment,PUBLIC SAFETY,1600,Pass,300,205
capital_exclusion,028,Berlin,1991,1990-05-01,Road Repair Materials,PUBLIC WORKS & FACILITIES,12000,Pass,258,247
capital_exclusion,028,Berlin,1991,1990-05-01,Refurbishing Town Hall,GENERAL OPERATING,6500,Fail,251,266
capital_exclusion,028,Berlin,1991,1990-05-01,Police Cruiser,PUBLIC SAFETY,15800,Fail,233,280
capital_exclusion,028,Berlin,1991,1990-05-01,Assessor'S Maps,GENERAL OPERATING,20000,Fail,159,340
capital_exclusion,028,Berlin,1991,1990-05-01,Reval Expenses,GENERAL OPERATING,14000,Fail,115,375
capital_exclusion,028,Berlin,1991,1990-05-01,Fire Department Equipment,PUBLIC SAFETY,7500,Pass,340,169
capital_exclusion,033,Blandford,1991,1990-05-01,Cap Landfill,PUBLIC WORKS & FACILITIES,350000,Fail,76,260
capital_exclusion,033,Blandford,1991,1990-05-01,Improvements To Transfer Facilities,GENERAL OPERATING,70000,Fail,126,206
debt_exclusion,037,Boxborough,1991,1990-05-01,Purchase 31.4 Acres Of Conservation Land,General Government,,Pass,216,189
debt_exclusion,041,Brewster,1992,1990-05-01,Construct New Well/Punkhorn Par,Public Works and Facilities,,Pass,896,685
debt_exclusion,041,Brewster,2000,1990-05-01,Construct/Remodel/Re:Middle School,School,,Pass,924,660
capital_exclusion,041,Brewster,1991,1990-05-01,Land Purchase,GENERAL GOVERNMENT,80000,Fail,724,850
capital_exclusion,041,Brewster,1991,1990-05-01,Construct.Addition To Library,CULTURE AND RECREATION,102500,Fail,768,827
capital_exclusion,041,Brewster,1991,1990-05-01,Engineer/Design Services/School,SCHOOL,150000,Fail,701,878
debt_exclusion,054,Charlton,1999,1990-05-01,Construct Police Station,Public Safety,,Pass,794,759
debt_exclusion,055,Chatham,1997,1990-05-01,Design/Lay Water Mains Various,Public Works and Facilities,,Pass,723,618
debt_exclusion,055,Chatham,2000,1990-05-01,Repair Jr -Sr  High School Roof,School,,Pass,927,452
debt_exclusion,055,Chatham,2000,1990-05-01,Install/Design Alarm Syst./Water,General Government,,Pass,733,626
debt_exclusion,055,Chatham,2000,1990-05-01,Construct A Well Gravel Packed Well,Public Works and Facilities,,Pass,719,628
debt_exclusion,055,Chatham,2000,1990-05-01,Projects Re:Well Test./Well Station,Public Works and Facilities,,Pass,712,634
debt_exclusion,060,Chesterfield,1997,1990-05-01,Fire Truck,Public Safety,,Pass,113,96
debt_exclusion,066,Colrain,1992,1990-05-01,Modular Classrooms Central School,School,,Pass,208,90
capital_exclusion,090,Egremont,1991,1990-05-01,Capital Costs/So.Berk.Regional School,SCHOOL,54355,Pass,258,130
debt_exclusion,129,Hawley,2000,1990-05-01,Cap. Improvmts/H.Reg.Sch/C.H.School,School,,Pass,44,28
debt_exclusion,136,Holliston,2000,1990-05-01,Repairs Sch'S/Hywy/Tanks/Heat,General Operating,,Pass,1810,1678
debt_exclusion,136,Holliston,2000,1990-05-01,Extra.Repairs Sch  Roofs,School,,Pass,1902,1604
capital_exclusion,136,Holliston,1991,1990-05-01,Extra.Repairs Town Hall Exterior,GENERAL OPERATING,250000,Fail,1173,2315
capital_exclusion,136,Holliston,1991,1990-05-01,Purchase Of Land/For Senior Center,HEALTH AND HUMAN SERVICE,260000,Pass,1924,1605
debt_exclusion,140,Hubbardston,1998,1990-05-01,New Elem School,School,,Pass,366,365
capital_exclusion,142,Hull,1991,1990-05-01,Multiple Capital Purposes,GENERAL OPERATING,198000,Fail,894,1132
debt_exclusion,143,Huntington,1991,1990-05-01,Fire Dept. Vehicle,Public Safety,,Pass,191,176
debt_exclusion,143,Huntington,1991,1990-05-01,Hyway Dept. Sander,Public Works and Facilities,,Pass,192,179
debt_exclusion,147,Lancaster,1992,1990-05-01,Repair Middle School Roof,School,,Pass,889,790
debt_exclusion,150,Lee,1991,1990-05-01,Pre- 2 1/2,Pre-Proposition 2 1/2 Debt,,Pass,321,221
debt_exclusion,154,Leverett,1992,1990-05-01,Repairs/Maintenance/Elem.School,School,,Pass,311,167
debt_exclusion,162,Lunenburg,1992,1990-05-01,Purchase Fire Dept. Pumper,Public Safety,,Pass,481,398
debt_exclusion,162,Lunenburg,1993,1990-05-01,Traffic Signal Design Order,Public Safety,,Pass,500,387
capital_exclusion,174,Maynard,1991,1990-05-01,Fire Department Equipment,PUBLIC SAFETY,31625,Fail,1219,1508
capital_exclusion,174,Maynard,1991,1990-05-01,Purchase Police Cruiser,PUBLIC SAFETY,13950,Fail,671,2055
capital_exclusion,174,Maynard,1991,1990-05-01,Asbestos Mgmt./Removal,GENERAL OPERATING,115000,Fail,768,1950
capital_exclusion,180,Merrimac,1991,1990-05-01,Purchase New Ambulance,PUBLIC SAFETY,45000,Fail,482,718
capital_exclusion,180,Merrimac,1991,1990-05-01,Purchase New Highway Truck,PUBLIC WORKS & FACILITIES,41658,Fail,310,895
debt_exclusion,194,Montgomery,1991,1990-05-01,4x4 Highway Truck,Public Works and Facilities,,Pass,102,68
capital_exclusion,203,New Marlborough,1991,1990-05-01,Sander For Highway Department,PUBLIC WORKS & FACILITIES,3476,Pass,151,38
capital_exclusion,203,New Marlborough,1991,1990-05-01,Town Hall Roof Repairs,GENERAL OPERATING,18622,Pass,149,40
capital_exclusion,203,New Marlborough,1991,1990-05-01,2 Snow Plows,PUBLIC WORKS & FACILITIES,6400,Pass,146,41
capital_exclusion,203,New Marlborough,1991,1990-05-01,Repairs To Floor In Assessors Office,GENERAL OPERATING,5000,Pass,114,75
capital_exclusion,203,New Marlborough,1991,1990-05-01,Purchase 1-Ton Truck Highway Department,PUBLIC WORKS & FACILITIES,18619,Pass,108,56
capital_exclusion,203,New Marlborough,1991,1990-05-01,So.Berksh.Reg.Sch.Cap.Expenses,SCHOOL,20046,Pass,99,65
capital_exclusion,203,New Marlborough,1991,1990-05-01,Revaluation,GENERAL OPERATING,55000,Fail,76,110
capital_exclusion,216,Northbridge,1991,1990-05-01,Repair Library Roof,CULTURE AND RECREATION,16000,Fail,1095,1737
capital_exclusion,216,Northbridge,1991,1990-05-01,Replace School Roof,SCHOOL,125000,Fail,1050,1783
capital_exclusion,216,Northbridge,1991,1990-05-01,Purchase 2 Police Crusiers,PUBLIC SAFETY,30000,Fail,632,2195
capital_exclusion,221,Oak Bluffs,1991,1990-05-01,Construct New Street Signs,PUBLIC WORKS & FACILITIES,2000,Fail,249,433
capital_exclusion,221,Oak Bluffs,1991,1990-05-01,Preparing Plans Re:Reg.High School,SCHOOL,12756,Fail,290,396
capital_exclusion,221,Oak Bluffs,1991,1990-05-01,Preparing Plans Re:O.B.School,SCHOOL,20000,Pass,344,342
debt_exclusion,225,Otis,1992,1990-05-01,Purchase Erbe Property On Main Str. Str.,General Government,,Pass,162,98
debt_exclusion,225,Otis,1992,1990-05-01,Purchase Fire Truck,Public Safety,,Pass,185,78
capital_exclusion,254,Rowley,1991,1990-05-01,Street Improvments,PUBLIC WORKS & FACILITIES,165000,Fail,386,1016
capital_exclusion,254,Rowley,1991,1990-05-01,Road Improvments,PUBLIC WORKS & FACILITIES,175000,Fail,181,1216
capital_exclusion,254,Rowley,1991,1990-05-01,Engineering Study/Re:Streets,PUBLIC WORKS & FACILITIES,40000,Fail,201,1190
capital_exclusion,270,Shirley,1990,1990-05-01,Road Paving,PUBLIC WORKS & FACILITIES,100000,Fail,245,768
capital_exclusion,277,Southborough,1991,1990-05-01,Purchase Equipmt.Fire Department,PUBLIC SAFETY,16000,Pass,1163,898
capital_exclusion,277,Southborough,1991,1990-05-01,Capital Improvmts Ww.School,SCHOOL,11000,Pass,1426,632
capital_exclusion,277,Southborough,1991,1990-05-01,Purchase Two Police Cruisers,PUBLIC SAFETY,29000,Pass,1378,688
capital_exclusion,282,Sterling,1991,1990-05-01,Replace Roof Butterick School,SCHOOL,21500,Pass,830,506
capital_exclusion,282,Sterling,1991,1990-05-01,Replace Oil Tank Butterick School,SCHOOL,50000,Pass,763,577
debt_exclusion,286,Stow,1991,1990-05-01,Various Imprmts/Ctr/Hale/Po.School,General Operating,,Pass,754,749
debt_exclusion,296,Tisbury,1991,1990-05-01,Remodel/Repairs/Tisbury School,School,,Pass,498,291
debt_exclusion,296,Tisbury,1991,1990-05-01,Handicap Imprmts/Corn.Thr/Town Hall,General Government,,Pass,368,366
debt_exclusion,296,Tisbury,1991,1990-05-01,Repairs/Imprmts/Tn.Hall/Com.Sta,General Government,,Pass,504,252
debt_exclusion,296,Tisbury,1991,1990-05-01,Engineer Services Re:Septic System,Public Works and Facilities,,Pass,445,312
debt_exclusion,296,Tisbury,1992,1990-05-01,Conduct Groundwater Analysis,Public Works and Facilities,,Pass,487,268
debt_exclusion,296,Tisbury,1992,1990-05-01,Remodel/Repairs/Sch.Restrooms,School,,Pass,542,237
capital_exclusion,296,Tisbury,1991,1990-05-01,Digitizing Town Atlas,GENERAL OPERATING,17000,Fail,199,515
capital_exclusion,296,Tisbury,1991,1990-05-01,Replace Motorcycle Pol.Department,PUBLIC SAFETY,10000,Fail,202,531
capital_exclusion,296,Tisbury,1991,1990-05-01,Fund Study Of Sch. Space Needs,SCHOOL,15780,Fail,309,460
capital_exclusion,296,Tisbury,1991,1990-05-01,New Mower Tractor/Department Of Pub.Works,PUBLIC WORKS & FACILITIES,15000,Fail,312,438
capital_exclusion,296,Tisbury,1991,1990-05-01,Replacing Mooring Tackle In Harbor,PUBLIC WORKS & FACILITIES,5000,Pass,398,340
capital_exclusion,296,Tisbury,1991,1990-05-01,Replace Equip./Police Department,PUBLIC SAFETY,6000,Pass,458,292
capital_exclusion,296,Tisbury,1991,1990-05-01,Repair Stairs/Sign/Tisb.School,SCHOOL,8000,Pass,491,283
capital_exclusion,296,Tisbury,1991,1990-05-01,Construct Limestone L.Basin,PUBLIC WORKS & FACILITIES,7000,Pass,530,249
capital_exclusion,296,Tisbury,1991,1990-05-01,Fund Road Resurfacing,PUBLIC WORKS & FACILITIES,7500,Pass,544,227
capital_exclusion,296,Tisbury,1991,1990-05-01,Connect Tn Hall/Centrex Syst,GENERAL OPERATING,9900,Fail,198,527
debt_exclusion,300,Truro,1991,1990-05-01,Purchase Land/Lema'S Motel Property,General Government,,Pass,377,277
debt_exclusion,303,Upton,2000,1990-05-01,Repairs/Improvmts Various Schools,School,,Pass,575,512
debt_exclusion,317,Wellesley,2000,1990-05-01,Constr/Repair/Senior High School,School,,Pass,4481,3266
capital_exclusion,317,Wellesley,1991,1990-05-01,Restoration/Rockridge Pond,PUBLIC WORKS & FACILITIES,97450,Fail,2595,5084
capital_exclusion,324,West Newbury,1991,1990-05-01,Repairing Page Elementary School,SCHOOL,150000,Fail,571,679
capital_exclusion,324,West Newbury,1991,1990-05-01,Road Improvement,PUBLIC WORKS & FACILITIES,50000,Fail,504,748
capital_exclusion,327,West Tisbury,1991,1990-05-01,Fund Water Quality Study,PUBLIC WORKS & FACILITIES,16500,Pass,318,265
capital_exclusion,327,West Tisbury,1991,1990-05-01,Construct Sch.Playground,SCHOOL,10000,Pass,319,271
capital_exclusion,327,West Tisbury,1991,1990-05-01,Road Improvments,PUBLIC WORKS & FACILITIES,25000,Fail,287,299
capital_exclusion,327,West Tisbury,1991,1990-05-01,Install Alarm Systm/Elementary School,SCHOOL,5000,Pass,339,252
capital_exclusion,327,West Tisbury,1991,1990-05-01,Make Improvmts/School Classroom,SCHOOL,10700,Pass,347,238
capital_exclusion,327,West Tisbury,1991,1990-05-01,Engineering Services,GENERAL OPERATING,3000,Pass,431,161
capital_exclusion,327,West Tisbury,1991,1990-05-01,Cap Landfill,PUBLIC WORKS & FACILITIES,26000,Pass,434,159
capital_exclusion,327,West Tisbury,1991,1990-05-01,Purchase Ambulance,PUBLIC SAFETY,23000,Pass,446,152
debt_exclusion,333,Weston,1992,1990-05-01,Purchase Of Departmental Equipment,General Operating,,Pass,1204,936
debt_exclusion,333,Weston,2000,1990-05-01,Close Landfill Site,Public Works and Facilities,,Pass,1446,699
debt_exclusion,333,Weston,2000,1990-05-01,Water Main Extension Project,Public Works and Facilities,,Pass,1445,783
debt_exclusion,333,Weston,2000,1990-05-01,Remodel/Repairts/Munic/Buildings,General Government,,Pass,1305,926
debt_exclusion,333,Weston,2001,1990-05-01,Constr./Sewer System Projects,Public Works and Facilities,,Pass,1411,793
debt_exclusion,345,Windsor,1992,1990-05-01,Front End Loader,Public Works and Facilities,,Pass,162,64
capital_exclusion,193,Monterey,1991,1990-05-05,School Capital Expenditures,SCHOOL,14089,Pass,138,64
capital_exclusion,307,Walpole,1991,1990-05-05,To Retain Architech Re:Sch,SCHOOL,140000,Fail,2424,2962
capital_exclusion,277,Southborough,1991,1990-05-14,Purchase Utility Truck For Highway Dept.,PUBLIC WORKS & FACILITIES,25000,Fail,754,1279
capital_exclusion,277,Southborough,1991,1990-05-14,Purchase Brush Chipper,PUBLIC WORKS & FACILITIES,16000,Fail,769,1270
capital_exclusion,277,Southborough,1991,1990-05-14,Purchase Fron End Loader,PUBLIC WORKS & FACILITIES,75000,Fail,797,1254
debt_exclusion,088,Easton,2019,1990-05-21,Repairs To Town Road,General Government,,Fail,2671,3894
capital_exclusion,062,Chilmark,1991,1990-06-01,Police Cruiser,PUBLIC SAFETY,16200,Pass,87,49
capital_exclusion,062,Chilmark,1991,1990-06-01,Road Reconstruction,PUBLIC WORKS & FACILITIES,45800,Pass,100,38
capital_exclusion,062,Chilmark,1991,1990-06-01,Ambulance Purchase,PUBLIC SAFETY,23000,Pass,106,34
debt_exclusion,120,Hampden,1996,1990-06-01,Purchase Fire Dept Tanker,Public Safety,,Pass,620,465
capital_exclusion,120,Hampden,1991,1990-06-01,Purchase Computer & Periphe,GENERAL OPERATING,17500,Fail,469,615
capital_exclusion,135,Holland,1991,1990-06-01,Road Paving/Repair,PUBLIC WORKS & FACILITIES,13250,Fail,112,292
capital_exclusion,135,Holland,1991,1990-06-01,Architectual Services/Re:School,SCHOOL,10000,Fail,154,247
capital_exclusion,135,Holland,1991,1990-06-01,Furnace Replacemt,GENERAL OPERATING,2500,Fail,167,232
capital_exclusion,135,Holland,1991,1990-06-01,Asbestos Removal,GENERAL OPERATING,22000,Fail,175,225
capital_exclusion,135,Holland,1991,1990-06-01,Drainage Improvements,PUBLIC WORKS & FACILITIES,6500,Fail,126,277
capital_exclusion,145,Kingston,1991,1990-06-01,Purchase Various Capital Equipment,GENERAL OPERATING,128000,Fail,76,223
debt_exclusion,168,Marblehead,1991,1990-06-01,Remodel/Repair Mid.Sch Heat System,School,,Pass,3904,3241
capital_exclusion,173,Mattapoisett,1991,1990-06-01,Construct A Vault At Town Hall For Secur.,GENERAL OPERATING,72000,Fail,319,947
capital_exclusion,173,Mattapoisett,1991,1990-06-01,Fund Public Library Expenses,CULTURE AND RECREATION,6000,Fail,552,716
capital_exclusion,173,Mattapoisett,1991,1990-06-01,Fund Expenses Re: Town Hall Repairs,GENERAL OPERATING,6000,Fail,545,719
capital_exclusion,173,Mattapoisett,1991,1990-06-01,Chimney Repair Expenses At Public Library,CULTURE AND RECREATION,3000,Fail,595,672
capital_exclusion,173,Mattapoisett,1991,1990-06-01,Fund Prelim.Expenses Re:Sewer Constr.Prj.,PUBLIC WORKS & FACILITIES,112500,Fail,402,870
capital_exclusion,173,Mattapoisett,1991,1990-06-01,Fund Sewer Construct. Project,PUBLIC WORKS & FACILITIES,40000,Fail,451,817
capital_exclusion,191,Monson,1991,1990-06-01,Fire Department Roof Repair,PUBLIC SAFETY,20000,Fail,1024,1133
capital_exclusion,191,Monson,1991,1990-06-01,Selectmen'S Computer System,GENERAL OPERATING,15345,Fail,582,1560
capital_exclusion,191,Monson,1991,1990-06-01,Highways Department To Resurface Roads,PUBLIC WORKS & FACILITIES,35000,Fail,1075,1084
capital_exclusion,191,Monson,1991,1990-06-01,4 Wheel Drive And 1 Ton Dump Truck Hyw De,PUBLIC WORKS & FACILITIES,28000,Fail,595,1567
capital_exclusion,191,Monson,1991,1990-06-01,Ambulance,PUBLIC SAFETY,75000,Fail,851,1310
capital_exclusion,250,Rochester,1991,1990-06-01,Police Crusier,PUBLIC SAFETY,14275,Fail,300,558
capital_exclusion,250,Rochester,1991,1990-06-01,Two New Furnaces For Town Hall,GENERAL OPERATING,6300,Fail,291,565
capital_exclusion,299,Townsend,1991,1990-06-01,"Fund Closing Of Landfill Cells  1,22,3",PUBLIC WORKS & FACILITIES,130000,Pass,862,819
debt_exclusion,326,West Stockbridge,1991,1990-06-01,Fund Reg.Sch. Dist. Bud./Re:Cap.Items,School,,Pass,233,178
capital_exclusion,326,West Stockbridge,1991,1990-06-01,Stand Pipes For Fire Department,PUBLIC SAFETY,3000,Pass,270,139
capital_exclusion,326,West Stockbridge,1991,1990-06-01,Repairs To Town Buildings,GENERAL OPERATING,7270,Pass,252,143
capital_exclusion,326,West Stockbridge,1991,1990-06-01,Purchase Base Radio For Fire Department,PUBLIC SAFETY,5000,Pass,233,175
capital_exclusion,326,West Stockbridge,1991,1990-06-01,Purchase Portable Scales For Police Dept.,PUBLIC SAFETY,14000,Pass,208,196
debt_exclusion,335,Westwood,2002,1990-06-01,Remodel/Repair Junior High School,School,,Pass,1335,1250
debt_exclusion,335,Westwood,2002,1990-06-01,Road/Sidewalk Improvement Program,Public Works and Facilities,,Pass,1417,1170
debt_exclusion,339,Wilbraham,2000,1990-06-01,Repair Middle School Roof,School,,Pass,2299,1225
capital_exclusion,195,Mount Washington,1991,1990-06-06,Revaluation Update,GENERAL GOVERNMENT,8000,Pass,34,5
debt_exclusion,235,Phillipston,1991,1990-07-01,New Furnace For Town Hall,General Government,,Pass,159,107
debt_exclusion,235,Phillipston,1991,1990-07-01,Refuse Disposal Cement Pad,Public Works and Facilities,,Pass,136,131
debt_exclusion,260,Sandisfield,1991,1990-07-01,Purchase Police Cruiser,Public Safety,,Pass,63,39
debt_exclusion,260,Sandisfield,1991,1990-07-01,Purchase Dump Truck With Sander,Public Works and Facilities,,Pass,67,35
capital_exclusion,012,Ashby,1991,1990-08-01,Fire Dept/Rescue Tool,PUBLIC SAFETY,3600,Fail,220,347
capital_exclusion,012,Ashby,1991,1990-08-01,Purchase 2k Gal/Tank For Highway Depart.,PUBLIC WORKS & FACILITIES,11217,Fail,115,448
capital_exclusion,012,Ashby,1991,1990-08-01,Purchase Fire Department Equipment,PUBLIC SAFETY,11600,Fail,116,449
capital_exclusion,012,Ashby,1991,1990-08-01,Purchase New Police Cruiser,PUBLIC SAFETY,15000,Fail,121,441
capital_exclusion,012,Ashby,1991,1990-08-01,Seal/Resurface Town Roads,PUBLIC WORKS & FACILITIES,50000,Fail,167,398
capital_exclusion,012,Ashby,1991,1990-08-01,Constr.A Waste Oil Holding Shed/Fire Dept,PUBLIC SAFETY,4600,Fail,190,369
capital_exclusion,300,Truro,1991,1990-08-01,Truck/Crusier/Copier,GENERAL OPERATING,67255,Fail,118,133
debt_exclusion,117,Hadley,2000,1990-10-01,Purchase Land For Open Space Etc Purposes,General Government,,Pass,647,579
debt_exclusion,142,Hull,1999,1990-10-01,Fund Sewer Construction Phase 3,Public Works and Facilities,,Pass,469,371
debt_exclusion,166,Manchester By The Sea,1991,1990-10-01,Multiple Purposes,General Operating,,Pass,1159,1045
debt_exclusion,295,Tewksbury,2000,1990-10-01,Addition/H Sch /Construc/Sewer,General Operating,,Pass,2388,1652
debt_exclusion,014,Ashland,1992,1990-11-01,Repair High School Roof,School,,Pass,3172,1870
debt_exclusion,110,Grafton,1996,1990-11-01,"Add To Grafton Mem Sr High,Ren Midd Sch",School,,Pass,2857,2327
debt_exclusion,179,Mendon,1992,1990-11-01,Repair Roofs At Distict Schools,School,,Pass,1155,692
debt_exclusion,179,Mendon,2000,1990-11-01,Replace Doorways/Repair Gym Floor/At Sch,School,,Pass,1049,790
debt_exclusion,278,Southbridge,2000,1990-11-01,Additions And Renov To 3 Elem Schools,School,,Pass,2760,2448
capital_exclusion,327,West Tisbury,1991,1990-11-01,Purchase Highway Sander,PUBLIC WORKS & FACILITIES,6000,Fail,314,590
capital_exclusion,327,West Tisbury,1991,1990-11-01,Purchase Hydraulic Rescue Unit,PUBLIC SAFETY,9500,Pass,558,354
debt_exclusion,343,Winchendon,2002,1990-11-01,Construct/Equip New High/Middle School,School,,Pass,855,781
debt_exclusion,046,Brookline,2000,1990-12-01,Construct Lincoln School On Hedge Rd,School,,Pass,5919,2963
debt_exclusion,111,Granby,2000,1991-01-01,Replace Roof/Repairs/Granby Jr - Sr H.Sch,School,,Pass,160,94
debt_exclusion,118,Halifax,2001,1991-01-01,Constr/Rennov/Addition To Elem Sch/Librar,General Operating,,Pass,681,277
debt_exclusion,332,Westminster,1993,1991-01-29,Hway,Public Works and Facilities,,Pass,517,198
debt_exclusion,173,Mattapoisett,1995,1991-02-07,Rehab Expansion Of Sewer Treatment,Public Works and Facilities,,Pass,475,167
debt_exclusion,011,Ashburnham,1992,1991-03-01,Construct Roof Briggs Elementary School,School,,Pass,822,659
capital_exclusion,011,Ashburnham,1992,1991-03-06,Highway Truck,PUBLIC WORKS & FACILITIES,47000,Fail,515,969
debt_exclusion,232,Pepperell,1993,1991-03-25,Renovation And Adding To Elementary Sch,School,,Pass,758,445
debt_exclusion,232,Pepperell,1993,1991-03-25,Renovating And Equipping Middle School,School,,Pass,650,549
debt_exclusion,156,Leyden,2000,1991-03-26,Remodel Elementary School,School,,Pass,136,79
debt_exclusion,089,Edgartown,1992,1991-04-01,Connect Sewer System To New Restrm Facil.,Public Works and Facilities,,Pass,680,150
capital_exclusion,089,Edgartown,1992,1991-04-01,Resurface Town Roads,PUBLIC WORKS & FACILITIES,45000,Pass,495,324
capital_exclusion,089,Edgartown,1992,1991-04-01,Repair/Paint Town Clock Structure,GENERAL OPERATING,83000,Fail,402,418
capital_exclusion,089,Edgartown,1992,1991-04-01,Purchase Tractor For Highway Department,PUBLIC WORKS & FACILITIES,18000,Pass,412,394
capital_exclusion,089,Edgartown,1992,1991-04-01,Repair/Clean Various Sidewalks/Catch Basi,PUBLIC WORKS & FACILITIES,20000,Pass,521,302
capital_exclusion,131,Hingham,1992,1991-04-01,Purchase A Fire Department Truck,PUBLIC SAFETY,217444,Fail,3085,3434
capital_exclusion,131,Hingham,1992,1991-04-01,Purchase Granulator/Conveyor,PUBLIC WORKS & FACILITIES,31000,Pass,3269,3224
capital_exclusion,131,Hingham,1992,1991-04-01,Purchase A Road Sweeper,PUBLIC WORKS & FACILITIES,83500,Fail,2034,4381
debt_exclusion,169,Marion,1992,1991-04-01,"Paint And Fix Town House,Lib,Pol,Other",General Operating,,Pass,843,596
debt_exclusion,169,Marion,1992,1991-04-01,Repair Sippican School,School,,Pass,890,545
debt_exclusion,169,Marion,1996,1991-04-01,Restore Town Vital Records Inc Microfilm,General Government,,Pass,694,609
capital_exclusion,199,Needham,1992,1991-04-01,Fund Town Recycling Program,PUBLIC WORKS & FACILITIES,50000,Pass,7021,3741
capital_exclusion,300,Truro,1992,1991-04-01,Purchase Two Police Cruisers,PUBLIC SAFETY,29000,Fail,234,296
capital_exclusion,300,Truro,1992,1991-04-01,Purchase Dump Truck/Sander,PUBLIC WORKS & FACILITIES,36000,Pass,273,254
capital_exclusion,300,Truro,1992,1991-04-01,Purchace Misc. Fire Equipment,PUBLIC SAFETY,3500,Pass,352,180
capital_exclusion,300,Truro,1992,1991-04-01,Replace Exterior Cobb Library Front,CULTURE AND RECREATION,4050,Pass,325,209
capital_exclusion,144,Ipswich,1992,1991-04-08,Install Handicap Toilets In School,SCHOOL,150000,Pass,968,880
capital_exclusion,144,Ipswich,1993,1991-04-08,Const & Maintain Roads & Bridges,PUBLIC WORKS & FACILITIES,116801,Fail,738,1085
capital_exclusion,011,Ashburnham,1992,1991-04-29,Purchase Highway Truck With Plow,PUBLIC WORKS & FACILITIES,47000,Fail,515,969
capital_exclusion,017,Auburn,1992,1991-05-01,School Maintenance,SCHOOL,1000000,Pass,1532,1139
capital_exclusion,028,Berlin,1992,1991-05-01,Dump Body For Highway Department,PUBLIC WORKS & FACILITIES,6700,Fail,122,338
capital_exclusion,028,Berlin,1992,1991-05-01,Cab And Chassis For Highway Department,PUBLIC WORKS & FACILITIES,37000,Fail,122,340
capital_exclusion,028,Berlin,1992,1991-05-01,Sander Body For Highway Department,PUBLIC WORKS & FACILITIES,9500,Fail,147,317
capital_exclusion,028,Berlin,1992,1991-05-01,Snow Plow For Highway Department,PUBLIC WORKS & FACILITIES,4800,Fail,157,305
capital_exclusion,028,Berlin,1992,1991-05-01,Smoke Alarm System For Fire Department,PUBLIC SAFETY,1500,Fail,160,301
capital_exclusion,028,Berlin,1992,1991-05-01,Air Conditioner For Accountant And Assess,GENERAL OPERATING,300,Fail,169,295
capital_exclusion,028,Berlin,1992,1991-05-01,Bituminous Concrete For Highway Departmen,PUBLIC WORKS & FACILITIES,12000,Fail,174,293
capital_exclusion,028,Berlin,1992,1991-05-01,Dry Hydrants For Fire Department,PUBLIC SAFETY,1500,Pass,240,225
capital_exclusion,028,Berlin,1992,1991-05-01,Fire Department Equipment,PUBLIC SAFETY,7500,Pass,242,227
capital_exclusion,028,Berlin,1992,1991-05-01,Defribrilator For Rescue Squad,PUBLIC SAFETY,6800,Pass,265,198
capital_exclusion,028,Berlin,1992,1991-05-01,Central Hydrolic For Highway Department,PUBLIC WORKS & FACILITIES,8000,Fail,108,350
debt_exclusion,041,Brewster,1994,1991-05-01,Develop Recreational Fields Freeman'S Way,Culture and Recreation,,Pass,870,817
debt_exclusion,055,Chatham,1996,1991-05-01,Water Main Project/Final Phase,Public Works and Facilities,,Pass,1034,768
debt_exclusion,058,Cheshire,1992,1991-05-01,Asbestos Removal/Cheshire Elementary,School,,Pass,445,353
debt_exclusion,058,Cheshire,2000,1991-05-01,Roof Repairs/Cheshire Elementary School,School,,Pass,460,341
debt_exclusion,065,Cohasset,1993,1991-05-01,Glass Repairs/H Sch/Floor/Light/J Os Sch,School,,Pass,1069,849
debt_exclusion,078,Dover,1993,1991-05-01,Remodel Town House For Handicapped,General Government,,Pass,673,616
capital_exclusion,078,Dover,1992,1991-05-01,Replacement Of Dump Truck,PUBLIC WORKS & FACILITIES,75000,Fail,493,789
capital_exclusion,078,Dover,1992,1991-05-01,Tractor For Parks Department,CULTURE AND RECREATION,8200,Fail,549,733
capital_exclusion,078,Dover,1992,1991-05-01,Computer For Police Department,PUBLIC SAFETY,19353,Pass,782,510
capital_exclusion,078,Dover,1992,1991-05-01,Const Shop For Recycling At Transfer Stat,PUBLIC WORKS & FACILITIES,7500,Pass,718,566
capital_exclusion,096,Falmouth,1992,1991-05-01,Voting Equipment,GENERAL OPERATING,64300,Fail,879,3240
capital_exclusion,096,Falmouth,1992,1991-05-01,Lease Purchase Fire Ladder Truck,PUBLIC SAFETY,343984,Fail,1728,2375
capital_exclusion,096,Falmouth,1992,1991-05-01,Crooked Pond Municipal Well,PUBLIC WORKS & FACILITIES,100000,Fail,1907,2158
capital_exclusion,096,Falmouth,1992,1991-05-01,New Chasis Rescue 37,PUBLIC SAFETY,45000,Pass,2120,2012
capital_exclusion,096,Falmouth,1992,1991-05-01,School Maintenance Projects,SCHOOL,400000,Pass,2304,1881
capital_exclusion,096,Falmouth,1992,1991-05-01,"Town Roads Widening,Resurfacing,Etc.",PUBLIC WORKS & FACILITIES,300000,Fail,1801,2338
capital_exclusion,123,Hanson,1992,1991-05-01,Replace Heating Plant/Indian Head School,SCHOOL,130000,Pass,551,532
debt_exclusion,143,Huntington,1993,1991-05-01,1990 Gmc Dump Truck,Public Works and Facilities,,Pass,199,68
debt_exclusion,166,Manchester By The Sea,2000,1991-05-01,Equip Wastew Fac/Const/Reprs M Sch/Wat Me,General Operating,,Pass,853,646
debt_exclusion,177,Medway,1992,1991-05-01,Multiple Projects/Purchases,General Operating,,Pass,1681,1629
capital_exclusion,184,Middleton,1992,1991-05-01,Replace Roof At Howe Manning School,SCHOOL,90000,Pass,411,407
debt_exclusion,208,Norfolk,2000,1991-05-01,Roof For A J  Freeman Elem School,School,,Pass,1603,966
debt_exclusion,208,Norfolk,2000,1991-05-01,Replace Reg Shs Roof + Repairs To Sch Bld,School,,Pass,1373,1185
debt_exclusion,208,Norfolk,2000,1991-05-01,New Elem School,School,,Pass,1288,1268
debt_exclusion,224,Orleans,2000,1991-05-01,Design/Construct Drainage Facilities,Public Works and Facilities,,Pass,831,659
capital_exclusion,269,Sherborn,1992,1991-05-01,Purchase Emergency Radio Equipment,PUBLIC SAFETY,178850,Pass,486,268
capital_exclusion,277,Southborough,1992,1991-05-01,Purchase 2 Police Cruisers,PUBLIC SAFETY,30000,Pass,812,767
capital_exclusion,277,Southborough,1992,1991-05-01,Heating System Repairs/Woodward School,SCHOOL,25000,Pass,1044,533
capital_exclusion,277,Southborough,1992,1991-05-01,Purchase 4 Wheel Dr.Truck/Hywy Dept.,PUBLIC WORKS & FACILITIES,25000,Fail,489,1070
capital_exclusion,277,Southborough,1992,1991-05-01,Purchase New Brush Chipper/Tree Warden,PUBLIC WORKS & FACILITIES,16000,Fail,537,1029
capital_exclusion,277,Southborough,1992,1991-05-01,Purchase Front End Loader/Hywy Department,PUBLIC WORKS & FACILITIES,75000,Fail,566,1007
debt_exclusion,282,Sterling,1993,1991-05-01,Design And Construct Well For Town Water,Public Works and Facilities,,Pass,636,538
debt_exclusion,286,Stow,1992,1991-05-01,Handicapped Access Hale School,School,,Pass,606,554
debt_exclusion,288,Sudbury,1992,1991-05-01,Land Aquisition/Melone Property,General Government,,Pass,1546,1542
debt_exclusion,296,Tisbury,1992,1991-05-01,Purchase Of A Front End Loader,Public Works and Facilities,,Pass,382,316
debt_exclusion,296,Tisbury,1992,1991-05-01,Renovations To The Town Hall Annex,General Government,,Pass,436,299
debt_exclusion,296,Tisbury,2000,1991-05-01,For Acquifer Protection Purposes,Public Works and Facilities,,Pass,546,174
debt_exclusion,296,Tisbury,2000,1991-05-01,Additions  To Tisbury School,School,,Pass,518,199
debt_exclusion,296,Tisbury,2000,1991-05-01,Install Elevator For Handicap Access,General Government,,Pass,513,221
debt_exclusion,296,Tisbury,2000,1991-05-01,Renovations To Town Hall,General Government,,Pass,496,253
debt_exclusion,296,Tisbury,2000,1991-05-01,Payment Of Engineering Fees,General Government,,Pass,496,208
debt_exclusion,296,Tisbury,2000,1991-05-01,For Affordable Hous.Or Res.Homesite Purp.,Health and Human Service,,Pass,457,254
debt_exclusion,296,Tisbury,2000,1991-05-01,Purchase Of Land Off Crocker Avenue,General Government,,Pass,391,335
debt_exclusion,296,Tisbury,2000,1991-05-01,For The Laying Of A Water Main,Public Works and Facilities,,Pass,387,308
capital_exclusion,296,Tisbury,1991,1991-05-01,Purchasing Equipment In Certain Depts.,GENERAL OPERATING,15345,Fail,277,406
capital_exclusion,296,Tisbury,1992,1991-05-01,Digitizing Towns Atlas (Assess.Maps),GENERAL OPERATING,17000,Fail,255,427
capital_exclusion,296,Tisbury,1992,1991-05-01,Making A Composite Map Of The Town,GENERAL OPERATING,3565,Fail,286,389
capital_exclusion,296,Tisbury,1992,1991-05-01,Replacing Motorcycle For Police Dept.,PUBLIC SAFETY,9000,Fail,286,435
capital_exclusion,296,Tisbury,1992,1991-05-01,Replacing Equipment In Some Departments,GENERAL OPERATING,24450,Pass,362,348
capital_exclusion,296,Tisbury,1992,1991-05-01,Purchasing 76 X 4 Brick Sidewalk,PUBLIC WORKS & FACILITIES,4055,Pass,368,365
capital_exclusion,296,Tisbury,1992,1991-05-01,Replacing One Cruiser For Police Dept.,PUBLIC SAFETY,17000,Pass,399,331
capital_exclusion,296,Tisbury,1992,1991-05-01,Purch. & Installing Security System,GENERAL OPERATING,4120,Pass,406,291
capital_exclusion,296,Tisbury,1992,1991-05-01,Const. 8 X 12 Shed For Harbormaster,PUBLIC WORKS & FACILITIES,3000,Pass,420,321
capital_exclusion,296,Tisbury,1992,1991-05-01,Harbor Dredging,PUBLIC WORKS & FACILITIES,20000,Pass,563,188
capital_exclusion,296,Tisbury,1992,1991-05-01,Purchase Two Computers For Public Library,CULTURE AND RECREATION,6000,Pass,381,324
debt_exclusion,307,Walpole,2000,1991-05-01,Construct Addition To Old Post Rd  School,School,,Pass,2177,1701
debt_exclusion,327,West Tisbury,1993,1991-05-01,Purchase And Equip New Fire Truck,Public Safety,,Pass,391,270
debt_exclusion,327,West Tisbury,2000,1991-05-01,Addition To Senior Center At Howes House,Health and Human Service,,Pass,411,245
debt_exclusion,327,West Tisbury,2000,1991-05-01,Construct New Library,Culture and Recreation,,Pass,424,240
debt_exclusion,333,Weston,1994,1991-05-01,Departmental Equipment,General Government,,Pass,1341,863
debt_exclusion,333,Weston,2000,1991-05-01,Construct,Culture and Recreation,,Pass,1632,668
debt_exclusion,333,Weston,2000,1991-05-01,Energy Cons And Imp To Pub Build Or Facil,General Government,,Pass,1514,733
debt_exclusion,066,Colrain,1993,1991-05-06,Principal & Interest On Modular Classrms,School,,Pass,206,106
capital_exclusion,140,Hubbardston,1992,1991-05-06,Funding Fire Department Equipment,PUBLIC SAFETY,7500,Fail,349,432
capital_exclusion,140,Hubbardston,1992,1991-05-06,Purchase Police Cruiser,PUBLIC SAFETY,17000,Fail,173,602
capital_exclusion,187,Millis,1992,1991-05-06,Fire And Police Expenses,PUBLIC SAFETY,15300,Fail,520,1086
capital_exclusion,187,Millis,1992,1991-05-06,Hazardous Waste Collection Day,PUBLIC WORKS & FACILITIES,10000,Fail,485,1116
capital_exclusion,187,Millis,1992,1991-05-06,Landfill Assessment,PUBLIC WORKS & FACILITIES,30000,Fail,439,1158
capital_exclusion,187,Millis,1992,1991-05-06,Funding For Computer Equipment,GENERAL OPERATING,2000,Fail,425,1180
debt_exclusion,092,Essex,2000,1991-05-13,Fire Pumper,Public Safety,,Pass,384,356
capital_exclusion,203,New Marlborough,1992,1991-05-13,Buy New Dump Truck For Highway Department,PUBLIC WORKS & FACILITIES,36000,Pass,139,109
capital_exclusion,203,New Marlborough,1992,1991-05-13,Buy New Sander For Higheay Department,PUBLIC WORKS & FACILITIES,4487,Pass,157,90
debt_exclusion,221,Oak Bluffs,1993,1991-05-14,Purchase Pumper & Addition To Fire Dept,Public Safety,,Pass,442,222
capital_exclusion,221,Oak Bluffs,1992,1991-05-14,Painting Exterior On Oak Bluffs School,SCHOOL,15000,Fail,286,370
capital_exclusion,221,Oak Bluffs,1992,1991-05-14,Purchase Police Cruiser,PUBLIC SAFETY,15000,Fail,233,427
capital_exclusion,221,Oak Bluffs,1992,1991-05-14,Reshingling Roof On School,SCHOOL,15000,Pass,375,279
capital_exclusion,221,Oak Bluffs,1992,1991-05-14,Purchase Voting Booths,GENERAL OPERATING,2450,Fail,143,506
capital_exclusion,260,Sandisfield,1992,1991-05-20,Buy Computer System For Town,GENERAL OPERATING,12000,Pass,102,88
debt_exclusion,022,Becket,1993,1991-06-01,Purchase A Dump Truck With Sander,Public Works and Facilities,,Pass,139,112
debt_exclusion,059,Chester,1992,1991-06-01,Fund Reval Service Expenses Fy91,General Government,,Pass,35,32
capital_exclusion,089,Edgartown,1992,1991-06-01,Repair/Paint Town Clock Structure,GENERAL OPERATING,85000,Pass,170,87
capital_exclusion,111,Granby,1992,1991-06-01,Purchase Pol.Cruiser/Sander Body/Equip.,GENERAL OPERATING,47700,Fail,778,851
capital_exclusion,123,Hanson,1992,1991-06-01,Build New Roof/Main St. Fire Station,PUBLIC SAFETY,15000,Fail,755,1446
capital_exclusion,123,Hanson,1992,1991-06-01,Purchase 2 Police Cruisers,PUBLIC SAFETY,34000,Fail,836,1369
capital_exclusion,123,Hanson,1992,1991-06-01,Funding Road Maintainance,PUBLIC WORKS & FACILITIES,75000,Fail,1026,1181
capital_exclusion,123,Hanson,1992,1991-06-01,Purchase Highway Dept. Pick-Up Truck,PUBLIC WORKS & FACILITIES,14500,Fail,676,1528
capital_exclusion,123,Hanson,1992,1991-06-01,Purchase Overhead Doors/Town Buildings,GENERAL OPERATING,18000,Fail,571,1619
debt_exclusion,154,Leverett,1997,1991-06-01,Remove/Replace Oil Tank At Elem. School,School,,Pass,566,231
debt_exclusion,154,Leverett,2000,1991-06-01,Purchase Portable Elem Sch Classrooms,School,,Pass,517,283
debt_exclusion,173,Mattapoisett,1998,1991-06-01,Refurbish Blds/Grounds/Old Htn & Ctr Scho,School,,Pass,753,719
debt_exclusion,173,Mattapoisett,2000,1991-06-01,Refurbish Roof/Tower/Clock Of Ctr School,School,,Pass,747,719
debt_exclusion,204,New Salem,2000,1991-06-01,Repairs To Swift River Elem.School Roof,School,,Pass,96,72
debt_exclusion,208,Norfolk,2000,1991-06-01,Const And Equip 25 Classroom School,School,,Pass,1162,790
debt_exclusion,228,Paxton,1992,1991-06-01,Multi Purpose,General Operating,,Pass,624,370
debt_exclusion,235,Phillipston,1993,1991-06-01,Purchase Fire Dept  Equipment,Public Safety,,Pass,79,76
debt_exclusion,235,Phillipston,1993,1991-06-01,Purchase Dump Tr /Sander For Hywy Dept,Public Works and Facilities,,Pass,74,70
debt_exclusion,287,Sturbridge,1994,1991-06-01,Repair/Replace Elem  Sch  Roof,School,,Pass,974,363
capital_exclusion,289,Sunderland,1992,1991-06-01,Refurbish Fire Truck,PUBLIC SAFETY,27500,Pass,488,416
debt_exclusion,309,Ware,1997,1991-06-01,Purchase/Install Boiler/Ware Midd.School,School,,Pass,1463,1181
debt_exclusion,309,Ware,2000,1991-06-01,Remodel/Repairs/Ware Elem Sch Roof & Bldg,School,,Pass,1783,870
capital_exclusion,310,Wareham,1992,1991-06-01,School Buses,SCHOOL,60000,Fail,350,1856
capital_exclusion,310,Wareham,1992,1991-06-01,Lease Purchase Commitments,GENERAL OPERATING,132000,Fail,336,1865
capital_exclusion,310,Wareham,1992,1991-06-01,Police Cruisers,PUBLIC SAFETY,119000,Fail,310,1890
capital_exclusion,310,Wareham,1992,1991-06-01,Brushbreaker,PUBLIC WORKS & FACILITIES,125000,Fail,298,1907
capital_exclusion,310,Wareham,1992,1991-06-01,Assessors Maps,GENERAL OPERATING,110000,Fail,281,1919
capital_exclusion,310,Wareham,1992,1991-06-01,Sander/Municipal Maint/Computer Hadware,GENERAL OPERATING,45000,Fail,278,1920
capital_exclusion,339,Wilbraham,1992,1991-06-01,Police Radio System,PUBLIC SAFETY,110000,Pass,1292,1104
capital_exclusion,339,Wilbraham,1992,1991-06-01,Department Of Public Works Equipment,PUBLIC WORKS & FACILITIES,110000,Fail,883,1472
debt_exclusion,340,Williamsburg,1994,1991-06-04,Construction Of Sewer System,Public Works and Facilities,,Pass,592,378
capital_exclusion,012,Ashby,1992,1991-06-18,Resurface Rown Roads,PUBLIC WORKS & FACILITIES,70000,Fail,90,327
capital_exclusion,012,Ashby,1992,1991-06-18,Build A Waste Oil Holding Shed -Fire Sta,PUBLIC SAFETY,5800,Fail,176,251
capital_exclusion,012,Ashby,1992,1991-06-18,Purchase Police Cruiser,PUBLIC SAFETY,15000,Fail,95,333
capital_exclusion,012,Ashby,1992,1991-06-18,Sealing Town Roads,PUBLIC WORKS & FACILITIES,30000,Fail,117,309
capital_exclusion,012,Ashby,1992,1991-06-18,Purchase Equipment For Fire Department,PUBLIC SAFETY,12900,Fail,137,290
capital_exclusion,012,Ashby,1992,1991-06-18,Purchase Ambulance,PUBLIC SAFETY,70000,Fail,175,254
capital_exclusion,012,Ashby,1992,1991-06-18,Purchase Cutting Tool For Fire Dept.,PUBLIC SAFETY,3600,Pass,228,198
capital_exclusion,012,Ashby,1993,1991-06-18,Purchase Loader For Highway Dept,PUBLIC WORKS & FACILITIES,16210,Fail,208,216
debt_exclusion,309,Ware,2003,1991-06-20,Renovations Of The Church St. School For Senior Center,School,,Pass,592,355
debt_exclusion,312,Warwick,1992,1991-06-20,Repair Regional School,School,,Pass,94,91
capital_exclusion,145,Kingston,1992,1991-07-01,Purchase Pol.Crus/Hywy Sweeper/Fix Fire T,GENERAL OPERATING,267000,Fail,331,830
capital_exclusion,055,Chatham,1992,1991-07-16,Construct Pedestrian Walkway,PUBLIC WORKS & FACILITIES,16385,Fail,505,1173
capital_exclusion,055,Chatham,1992,1991-07-16,Exhaust System For Fire Department,PUBLIC SAFETY,14500,Fail,580,1096
capital_exclusion,055,Chatham,1992,1991-07-16,Reverement At End Of Holloway Street,PUBLIC WORKS & FACILITIES,35000,Fail,789,877
capital_exclusion,299,Townsend,1992,1991-07-29,"Pur And Inst Pipes,Pump For Landfill",PUBLIC WORKS & FACILITIES,10000,Fail,657,716
capital_exclusion,299,Townsend,1992,1991-07-29,Fire Truck And Equipment,PUBLIC SAFETY,150000,Fail,468,899
capital_exclusion,299,Townsend,1992,1991-07-29,Compost Program,PUBLIC WORKS & FACILITIES,5000,Fail,619,749
debt_exclusion,041,Brewster,2000,1991-08-01,Land Acquisition Frey Property,General Government,,Pass,477,225
capital_exclusion,146,Lakeville,1992,1991-09-01,Purchase Police Cruisers,PUBLIC SAFETY,29500,Fail,737,1115
capital_exclusion,146,Lakeville,1992,1991-09-01,Purchase Emergency Equipment,PUBLIC SAFETY,6000,Fail,860,990
debt_exclusion,089,Edgartown,2000,1991-10-01,Purchase Edgartown Water Co./+Cap.Imprmts,Public Works and Facilities,,Pass,275,74
debt_exclusion,296,Tisbury,2002,1991-10-01,General Multi Purpose Exclusion,General Government,,Pass,532,390
capital_exclusion,296,Tisbury,1992,1991-10-01,Reappraisal Of All Real And Per. Property,GENERAL OPERATING,25000,Fail,137,145
capital_exclusion,296,Tisbury,1992,1991-10-01,Supp.Previous Approp. For Security System,GENERAL OPERATING,3780,Fail,130,152
debt_exclusion,080,Dudley,1997,1991-10-21,Exempt 21/2 Amts.Require To Pay Bond,General Operating,,Pass,376,121
debt_exclusion,332,Westminster,1993,1991-10-30,School Land Acquisition,School,,Pass,221,6
debt_exclusion,167,Mansfield,1996,1991-11-14,Construct Sewer Interceptor,Public Works and Facilities,,Pass,1041,496
debt_exclusion,288,Sudbury,2000,1991-12-01,Acquire Unisys Prop (Parcel 300),General Government,,Pass,1067,343
debt_exclusion,324,West Newbury,2000,1991-12-03,Remodeling Of School,School,,Pass,302,161
debt_exclusion,055,Chatham,2000,1991-12-10,Construct Revetment Along Main Street,Public Works and Facilities,,Pass,980,260
debt_exclusion,327,West Tisbury,2000,1992-03-03,Fin  Costs Of Recon  Mv Reg High School,School,,Pass,523,147
debt_exclusion,012,Ashby,1994,1992-03-10,Purchase New Town Ambulance,Public Safety,,Pass,538,247
capital_exclusion,012,Ashby,1993,1992-03-10,Sealing Town Roads,PUBLIC WORKS & FACILITIES,30000,Fail,336,439
capital_exclusion,012,Ashby,1993,1992-03-10,Construct Facilities At Allen Field,PUBLIC WORKS & FACILITIES,2700,Fail,290,486
capital_exclusion,012,Ashby,1993,1992-03-10,Resurfacing Town Roads,PUBLIC WORKS & FACILITIES,70000,Fail,271,487
capital_exclusion,012,Ashby,1993,1992-03-10,Purchase New Police Cruisere,PUBLIC SAFETY,15000,Fail,365,417
capital_exclusion,012,Ashby,1993,1992-03-10,Build Shed Behind Fire Department,PUBLIC SAFETY,3900,Fail,391,394
debt_exclusion,089,Edgartown,2000,1992-03-10,Fin Costs Of Const Marth Vin Reg High Sch,School,,Pass,728,208
debt_exclusion,221,Oak Bluffs,2000,1992-03-10,Const  Martha Vine Regional High School,School,,Pass,753,405
debt_exclusion,221,Oak Bluffs,2000,1992-03-10,Construction Of New Elementary School,School,,Pass,782,377
debt_exclusion,221,Oak Bluffs,2000,1992-03-10,Cost Design For Disposal Of Solid Waste,Public Works and Facilities,,Pass,629,463
capital_exclusion,221,Oak Bluffs,1993,1992-03-10,Cruiser For Police Department,PUBLIC SAFETY,15000,Fail,405,728
capital_exclusion,221,Oak Bluffs,1993,1992-03-10,Bath House Facility At The Harbor,PUBLIC WORKS & FACILITIES,40000,Pass,582,552
capital_exclusion,221,Oak Bluffs,1993,1992-03-10,Cost Transp  Treatment And Disp Facility,PUBLIC WORKS & FACILITIES,15000,Pass,602,511
capital_exclusion,221,Oak Bluffs,1993,1992-03-10,Providing Septic System Harbor Bath Fac,PUBLIC WORKS & FACILITIES,35000,Pass,642,480
capital_exclusion,221,Oak Bluffs,1993,1992-03-10,Prov Engin Costs To Trans Treat Facility,PUBLIC WORKS & FACILITIES,83325,Fail,406,679
debt_exclusion,296,Tisbury,2000,1992-03-10,Addit Funds For Regional School,School,,Pass,724,314
debt_exclusion,296,Tisbury,2000,1992-03-10,Funding Cost Of Const.Disposal Facility,Public Works and Facilities,,Pass,697,295
debt_exclusion,296,Tisbury,2002,1992-03-10,Dredging Corner Of Harbor,Public Works and Facilities,,Pass,743,268
debt_exclusion,296,Tisbury,1995,1992-03-11,Addit Funds For Regional School,School,,Pass,75,10
debt_exclusion,062,Chilmark,2000,1992-03-16,Finance Cost Of Const.Marth.Vin.Reg.High,School,,Pass,180,17
debt_exclusion,157,Lincoln,2000,1992-03-30,Renovations For Public School Buildings,School,,Pass,671,521
debt_exclusion,067,Concord,1997,1992-03-31,Reconst & Repairing Con-Carl Reg High,School,,Pass,2399,1753
debt_exclusion,251,Rockland,2000,1992-04-04,Improve And Expand Sanitary Landfill,Public Works and Facilities,,Pass,2063,928
debt_exclusion,265,Seekonk,2000,1992-04-06,Fund & Equip Addition To North School,School,,Pass,2337,1031
debt_exclusion,145,Kingston,1999,1992-04-11,Repair Renovate Elementary School Heat,School,,Pass,1158,880
debt_exclusion,020,Barnstable,2000,1992-04-14,Design And Construct New Middle School,School,,Pass,3386,2780
debt_exclusion,051,Carlisle,1993,1992-04-14,Reconstion,School,,Pass,698,355
capital_exclusion,089,Edgartown,1993,1992-04-16,Repair Sidewalks And Clean Catch Basins,PUBLIC WORKS & FACILITIES,20000,Pass,553,253
capital_exclusion,089,Edgartown,1993,1992-04-16,Repair Pavement Using Infra Red Heater,PUBLIC WORKS & FACILITIES,25000,Pass,523,275
capital_exclusion,089,Edgartown,1993,1992-04-16,Designing Purchase Equip Wastewater Comm,PUBLIC WORKS & FACILITIES,50000,Pass,500,291
capital_exclusion,089,Edgartown,1993,1992-04-16,Purchase Equipment For Wastewater Comm,PUBLIC WORKS & FACILITIES,175000,Pass,511,276
capital_exclusion,221,Oak Bluffs,1993,1992-04-16,Cost To Determine Wastewater Volumes,PUBLIC WORKS & FACILITIES,50000,Pass,402,357
debt_exclusion,300,Truro,2000,1992-04-22,Finance Plans Fire/Rescue/Police Bldg,Public Safety,,Pass,342,274
capital_exclusion,300,Truro,1993,1992-04-22,Purchase Police 4x4 Vehicle,PUBLIC SAFETY,22000,Fail,228,384
capital_exclusion,300,Truro,1993,1992-04-22,Highway Garage Addition,PUBLIC WORKS & FACILITIES,25000,Fail,251,353
capital_exclusion,300,Truro,1993,1992-04-22,Purchase Police Computer,PUBLIC SAFETY,6000,Fail,269,350
capital_exclusion,300,Truro,1993,1992-04-22,Purchase Fire Dept  Computer,PUBLIC SAFETY,4000,Fail,289,324
capital_exclusion,300,Truro,1993,1992-04-22,Closing Septic Lagoons,PUBLIC WORKS & FACILITIES,5000,Pass,399,207
capital_exclusion,300,Truro,1993,1992-04-22,Purchasing Highway Pickup Truck,PUBLIC WORKS & FACILITIES,15000,Pass,312,296
debt_exclusion,069,Cummington,1997,1992-04-25,Upgrade Unpaved Official Town Roads,Public Works and Facilities,,Pass,59,12
debt_exclusion,062,Chilmark,1998,1992-04-27,Renovating Public Library,Culture and Recreation,,Pass,91,11
capital_exclusion,327,West Tisbury,1993,1992-04-30,Computers For Elementary School,SCHOOL,10000,Pass,155,122
capital_exclusion,327,West Tisbury,1993,1992-04-30,Facility To Treat Disposal Of Septage,PUBLIC WORKS & FACILITIES,27500,Pass,177,96
debt_exclusion,169,Marion,1993,1992-05-01,Repairs Building,General Operating,,Pass,672,245
debt_exclusion,169,Marion,1997,1992-05-01,Wastewater Eng  Facilities Plan,Public Works and Facilities,,Pass,609,307
debt_exclusion,169,Marion,2000,1992-05-01,Construct Pumping Station,Public Works and Facilities,,Pass,579,326
debt_exclusion,169,Marion,2000,1992-05-01,"Paint,Repair,Alarm System For Town House",General Operating,,Pass,589,274
capital_exclusion,169,Marion,1993,1992-05-01,Engineering And Arch Studies At Reg Sch,SCHOOL,16430,Pass,509,346
capital_exclusion,131,Hingham,1993,1992-05-02,Purchasing A Fire Engine,PUBLIC SAFETY,217444,Fail,1768,2212
capital_exclusion,131,Hingham,1993,1992-05-02,Const Recycling Fac  & Equipment & Mater,PUBLIC WORKS & FACILITIES,317000,Pass,2254,1687
capital_exclusion,289,Sunderland,1993,1992-05-02,Repairing Graves Mem Library Roof,CULTURE AND RECREATION,15000,Pass,296,170
capital_exclusion,289,Sunderland,1993,1992-05-02,Repairing Windows At Graves Mem Library,CULTURE AND RECREATION,7500,Pass,274,193
capital_exclusion,053,Charlemont,1993,1992-05-04,Purchasing A Police Cruiser,PUBLIC SAFETY,12000,Fail,105,193
capital_exclusion,053,Charlemont,1993,1992-05-04,Purchase Prot Clothing &Weather Instru,PUBLIC SAFETY,1500,Fail,114,183
capital_exclusion,053,Charlemont,1993,1992-05-04,Purchase Nets And Sealer For Tennis Court,CULTURE AND RECREATION,2500,Fail,114,186
capital_exclusion,053,Charlemont,1993,1992-05-04,"Purchase Heater,Radio For Fire Dept",PUBLIC SAFETY,2900,Fail,116,182
capital_exclusion,066,Colrain,1993,1992-05-04,Addit Taxes For Used Auto Police Depart,PUBLIC SAFETY,5060,Fail,144,158
capital_exclusion,066,Colrain,1993,1992-05-04,Purchase Hose For Fire Department,PUBLIC SAFETY,640,Pass,180,119
capital_exclusion,066,Colrain,1993,1992-05-04,Purchase Equipment For Fire Department,PUBLIC SAFETY,1120,Pass,181,120
capital_exclusion,066,Colrain,1993,1992-05-04,Purchasing Gear For Fire Department,PUBLIC SAFETY,4610,Pass,171,129
capital_exclusion,066,Colrain,1993,1992-05-04,Pick-Up Truck For Highway Department,PUBLIC WORKS & FACILITIES,12040,Fail,142,159
capital_exclusion,066,Colrain,1993,1992-05-04,Pumper Truck For Fire Department,PUBLIC SAFETY,28530,Fail,127,165
debt_exclusion,179,Mendon,1994,1992-05-04,Purchase Front Line Pumper Fire Truck,Public Safety,,Pass,480,318
capital_exclusion,318,Wellfleet,1993,1992-05-04,Making Town Hall Handicapped Assessible,HEALTH AND HUMAN SERVICE,100000,Fail,525,661
capital_exclusion,318,Wellfleet,1993,1992-05-04,Remodeling Town Hall,GENERAL OPERATING,166000,Fail,296,885
debt_exclusion,105,Georgetown,1993,1992-05-05,School Computer,School,,Pass,1117,1114
capital_exclusion,261,Sandwich,1993,1992-05-07,Purchasing Fire Dept  Automobile,PUBLIC SAFETY,17300,Fail,1600,3106
debt_exclusion,172,Mashpee,2000,1992-05-09,Const,School,,Pass,1111,645
debt_exclusion,320,Wenham,2000,1992-05-09,Finance Cost Of Road Construction,Public Works and Facilities,,Pass,197,101
debt_exclusion,333,Weston,1995,1992-05-09,Departmental Equipment,General Government,,Pass,1020,418
capital_exclusion,028,Berlin,1993,1992-05-11,Fire Department Expenses,PUBLIC SAFETY,62230,Fail,167,249
debt_exclusion,180,Merrimac,2000,1992-05-11,Constructing,School,,Pass,584,517
debt_exclusion,203,New Marlborough,2000,1992-05-11,New Fire Truck,Public Safety,,Pass,261,174
capital_exclusion,254,Rowley,1993,1992-05-11,Surv Of Highways To Buy New Pick-Up-Truck,PUBLIC WORKS & FACILITIES,20500,Fail,433,482
capital_exclusion,254,Rowley,1993,1992-05-11,Surveyor Of Highways To Buy Backhoe/Load,PUBLIC WORKS & FACILITIES,55000,Fail,457,468
capital_exclusion,254,Rowley,1993,1992-05-11,Construct Baseball In Field,CULTURE AND RECREATION,8500,Fail,447,481
capital_exclusion,254,Rowley,1993,1992-05-11,Repairs And Renovat  To Town Hall,GENERAL OPERATING,10000,Fail,433,490
debt_exclusion,277,Southborough,1994,1992-05-11,Remove Or Replace Reg High Storage Tanks,School,,Pass,910,460
debt_exclusion,277,Southborough,2000,1992-05-11,Remove Town Owned Fuel Storage Tanks,General Operating,,Pass,877,494
debt_exclusion,286,Stow,1994,1992-05-11,Remove Tank At Center School,School,,Pass,621,456
debt_exclusion,286,Stow,1994,1992-05-11,Equip And Purchase Ambulance,Public Safety,,Pass,652,433
capital_exclusion,077,Douglas,1993,1992-05-12,"Design And Reconstruct, Old North Street",PUBLIC WORKS & FACILITIES,70000,Fail,101,427
debt_exclusion,022,Becket,1994,1992-05-16,One Ton Dump Truck With Sander,Public Works and Facilities,,Pass,202,118
debt_exclusion,022,Becket,2000,1992-05-16,Construct New Town Hall,General Government,,Pass,231,92
debt_exclusion,065,Cohasset,1994,1992-05-16,Repairs On Selected School Buildings,School,,Pass,1322,694
debt_exclusion,065,Cohasset,1995,1992-05-16,Purchasing And Equipping An Ambulance,Public Safety,,Pass,1259,750
capital_exclusion,065,Cohasset,1993,1992-05-16,Purchase Hydraulic Sand Spreader,PUBLIC WORKS & FACILITIES,9000,Pass,1054,940
capital_exclusion,041,Brewster,1993,1992-05-18,Relocate Modular Classrooms -Reg High Sc,SCHOOL,42712,Pass,1366,737
capital_exclusion,041,Brewster,1993,1992-05-18,Remove Undergrd Fuel Tanks,PUBLIC WORKS & FACILITIES,100000,Pass,1155,931
capital_exclusion,041,Brewster,1993,1992-05-18,"Fund,Design & Engineer Const Of Ele Sch",SCHOOL,100000,Pass,1156,964
debt_exclusion,078,Dover,1993,1992-05-18,Purchase Fire Truck,Public Safety,,Pass,633,350
debt_exclusion,078,Dover,2000,1992-05-18,Cemetery Land,Public Works and Facilities,,Pass,685,296
capital_exclusion,078,Dover,1993,1992-05-18,Buy New Dump Truck For Plow & Sanding Rd,PUBLIC WORKS & FACILITIES,67000,Pass,499,473
debt_exclusion,143,Huntington,1995,1992-05-18,Bond Issued For Reloc Transfer Station,Public Works and Facilities,,Pass,175,163
capital_exclusion,184,Middleton,1993,1992-05-18,Replace Floors In Cafeteria And School,SCHOOL,90000,Fail,420,446
debt_exclusion,260,Sandisfield,1993,1992-05-18,Purchase An Ambulance,Public Safety,,Pass,187,81
capital_exclusion,055,Chatham,1993,1992-05-19,School Renovations And Employ Architect,SCHOOL,50000,Pass,1242,802
capital_exclusion,055,Chatham,1993,1992-05-19,Funding Capital Items For School Depart,SCHOOL,74757,Pass,1286,763
capital_exclusion,075,Dennis,1993,1992-05-19,Purchase A Beach Cleaning Machine,PUBLIC WORKS & FACILITIES,72784,Pass,1640,1190
debt_exclusion,224,Orleans,1996,1992-05-19,Landfill Capping,Public Works and Facilities,,Pass,592,268
debt_exclusion,224,Orleans,2000,1992-05-19,Water Well On Quanset Road,Public Works and Facilities,,Pass,567,297
debt_exclusion,224,Orleans,2000,1992-05-19,Mapping System Including Maps,General Government,,Pass,504,356
debt_exclusion,269,Sherborn,1993,1992-05-19,Multiple,General Operating,,Pass,679,324
debt_exclusion,224,Orleans,1993,1992-05-20,Mapping System Including Maps,General Government,,Pass,504,356
debt_exclusion,168,Marblehead,1997,1992-06-01,School Renovations,School,,Pass,2481,1631
debt_exclusion,326,West Stockbridge,1992,1992-06-01,To Refurbish A Fire Truck,Public Safety,,Pass,205,203
debt_exclusion,326,West Stockbridge,1992,1992-06-01,Purchase Police Cruiser,Public Safety,,Pass,227,179
debt_exclusion,296,Tisbury,1994,1992-06-02,Purchase Computer For School Dept,School,,Pass,411,342
debt_exclusion,340,Williamsburg,2002,1992-06-04,Funding Equipment For Fire Department,Public Safety,,Pass,642,338
capital_exclusion,120,Hampden,1993,1992-06-08,Dump Truck For Highway Department,PUBLIC WORKS & FACILITIES,65000,Pass,105,79
debt_exclusion,151,Leicester,2000,1992-06-08,Engin. Work To Close Gap And Landfill,Public Works and Facilities,,Pass,507,491
debt_exclusion,175,Medfield,1996,1992-06-09,Remodel And Equipment For High School,School,,Pass,1967,1073
capital_exclusion,282,Sterling,1993,1992-06-15,Replacing Face Masks For Fire Department,PUBLIC SAFETY,5000,Pass,813,418
capital_exclusion,282,Sterling,1993,1992-06-15,Purchase Telecomm  Device For Deaf,HEALTH AND HUMAN SERVICE,900,Pass,869,371
capital_exclusion,282,Sterling,1993,1992-06-15,Replacing Fire Department Hoses,PUBLIC SAFETY,9000,Pass,912,344
capital_exclusion,282,Sterling,1993,1992-06-15,Battery Conditioner For Fire Department,PUBLIC SAFETY,1000,Pass,802,419
capital_exclusion,282,Sterling,1993,1992-06-15,Replacing Portable Radios And Equipment,PUBLIC SAFETY,5000,Pass,724,498
capital_exclusion,282,Sterling,1993,1992-06-15,Purchase Items For School,SCHOOL,11500,Pass,662,591
capital_exclusion,282,Sterling,1993,1992-06-15,Purchase New Police Cruiser,PUBLIC SAFETY,16900,Fail,595,658
capital_exclusion,282,Sterling,1993,1992-06-15,Installing Smoke Detectors In School,SCHOOL,6750,Pass,956,304
capital_exclusion,282,Sterling,1993,1992-06-15,Computer Printer Software For Fire Dept,PUBLIC SAFETY,2500,Fail,529,672
capital_exclusion,282,Sterling,1993,1992-06-15,Purchase Computer For Police Department,PUBLIC SAFETY,2000,Fail,556,688
debt_exclusion,085,East Longmeadow,2000,1992-06-16,Repairs To School And  Town Roofs,General Government,,Pass,1298,1196
capital_exclusion,085,East Longmeadow,1993,1992-06-16,Upgrading Town Communication System,GENERAL OPERATING,120000,Fail,799,1704
debt_exclusion,101,Franklin,1998,1992-06-16,Replace High School Roof,School,,Pass,1171,639
capital_exclusion,086,Eastham,1993,1992-06-18,Relocate Modular Classrooms,SCHOOL,21000,Pass,789,474
capital_exclusion,086,Eastham,1993,1992-06-18,Funding For Capital Items,GENERAL OPERATING,89950,Fail,639,647
debt_exclusion,126,Harwich,1999,1992-06-22,Construct Wellfield Off Westgate Road,Public Works and Facilities,,Pass,1070,226
debt_exclusion,126,Harwich,2000,1992-06-22,Purchase New Fire Truck,Public Safety,,Pass,996,291
capital_exclusion,235,Phillipston,1993,1992-06-22,Purchase Weapons For Police Department,PUBLIC SAFETY,1200,Fail,99,115
debt_exclusion,250,Rochester,1994,1992-06-23,Purchase New Ambulance,Public Safety,,Pass,688,291
capital_exclusion,028,Berlin,1993,1992-07-01,Equipment For Town Water Holes & Fire La,PUBLIC SAFETY,10000,Pass,146,130
debt_exclusion,349,Worthington,2000,1992-08-01,Bond Issued To Pay For Fire Truck,Public Safety,,Pass,49,45
debt_exclusion,011,Ashburnham,1996,1992-08-03,Finance For Ambulance,Public Safety,,Pass,498,397
capital_exclusion,300,Truro,1993,1992-08-12,Road Construction And Site Preparation,PUBLIC WORKS & FACILITIES,10000,Pass,113,108
capital_exclusion,195,Mount Washington,1993,1992-08-17,Purchasing 4-Wheel Drive Backhoe,PUBLIC WORKS & FACILITIES,71081,Pass,19,17
debt_exclusion,333,Weston,2000,1992-09-05,Energy Conservation - School Buildings,Public Works and Facilities,,Pass,1112,342
capital_exclusion,066,Colrain,1993,1992-09-15,Pickup Truck Used By Highway Department,PUBLIC WORKS & FACILITIES,12040,Pass,185,154
capital_exclusion,066,Colrain,1993,1992-09-15,Refurbished Used Pumper Truck-Fire Dept,PUBLIC SAFETY,28530,Pass,199,139
capital_exclusion,066,Colrain,1993,1992-09-15,Refurbished Car For Police Cruiser,PUBLIC SAFETY,5060,Pass,191,148
debt_exclusion,078,Dover,1998,1992-09-15,David Mackintosh Land Purchase,General Government,,Pass,598,410
debt_exclusion,221,Oak Bluffs,2000,1992-09-15,Reconstruct The Wharf,Public Works and Facilities,,Pass,745,218
debt_exclusion,059,Chester,1996,1992-09-28,Purchase Dump And Pickup Truck-High Dept,Public Works and Facilities,,Pass,99,85
debt_exclusion,152,Lenox,1997,1992-11-03,Renovate And Equip School Bldgs,School,,Pass,1546,1236
debt_exclusion,199,Needham,2000,1992-11-03,Making Repairs To Pollard School Bldg,School,,Pass,8362,7326
debt_exclusion,290,Sutton,2000,1992-11-03,Cap Landfill At Stone School Road,Public Works and Facilities,,Pass,1930,1543
debt_exclusion,290,Sutton,2000,1992-11-03,Build Transfer Station,Public Works and Facilities,,Pass,1977,1526
capital_exclusion,296,Tisbury,1993,1992-11-12,Purchase Defribillator For Ambulance,PUBLIC SAFETY,4500,Pass,645,136
capital_exclusion,296,Tisbury,1993,1992-11-12,Replacing Appartus For Fire Dept,PUBLIC SAFETY,13500,Pass,622,165
capital_exclusion,296,Tisbury,1993,1992-11-12,Constructing Sidewalks And Curbs,PUBLIC WORKS & FACILITIES,10000,Pass,515,218
capital_exclusion,296,Tisbury,1993,1992-11-12,Leasing Portable Classroom For School,SCHOOL,10000,Pass,474,301
capital_exclusion,296,Tisbury,1993,1992-11-12,Additional Monies To Repaint Town Hall,GENERAL OPERATING,10000,Pass,445,323
capital_exclusion,296,Tisbury,1993,1992-11-12,New Van To Transport School Students,SCHOOL,26000,Pass,420,334
capital_exclusion,296,Tisbury,1993,1992-11-12,Septage Treatment,PUBLIC WORKS & FACILITIES,15000,Pass,415,296
capital_exclusion,296,Tisbury,1993,1992-11-12,Replacing Cruiser For Police Dept,PUBLIC SAFETY,17500,Pass,386,385
capital_exclusion,296,Tisbury,1993,1992-11-12,Replace Lawn Mower Tractors,PUBLIC WORKS & FACILITIES,18000,Fail,344,424
capital_exclusion,296,Tisbury,1993,1992-11-12,Replacing Truck For Public Works Dept,PUBLIC WORKS & FACILITIES,40000,Fail,328,432
capital_exclusion,296,Tisbury,1993,1992-11-12,Replace Pick-Up Truck,PUBLIC WORKS & FACILITIES,14000,Fail,305,465
debt_exclusion,117,Hadley,1994,1992-12-01,Equip A Handicapped Van,Public Safety,,Pass,351,262
debt_exclusion,117,Hadley,1994,1992-12-01,Bonds To Pay For New School Bus,School,,Pass,328,285
debt_exclusion,117,Hadley,1998,1992-12-01,Bring Storage Tanks Into Compliance,Public Works and Facilities,,Pass,320,288
debt_exclusion,221,Oak Bluffs,1994,1992-12-15,Towns Share Of Sengekontacket,Public Works and Facilities,,Pass,200,48
debt_exclusion,221,Oak Bluffs,1994,1992-12-15,Hardware To Pay For Hardware And Softwar,General Government,,Pass,149,98
debt_exclusion,221,Oak Bluffs,1994,1992-12-15,Bonds Issued To Pay For Cap  Projects,Public Works and Facilities,,Pass,190,58
debt_exclusion,296,Tisbury,2000,1992-12-15,Construct Housing On Town Land,Public Works and Facilities,,Pass,154,95
debt_exclusion,042,Bridgewater,2000,1992-12-19,Addition To Public Library,Culture and Recreation,,Pass,669,396
capital_exclusion,334,Westport,1994,1993-03-08,Purchase Snow Equip  For Highway Dept,PUBLIC WORKS & FACILITIES,57000,Fail,84,85
capital_exclusion,334,Westport,1994,1993-03-08,Purchase Front-End Loader For High Dept,PUBLIC WORKS & FACILITIES,115000,Fail,79,80
capital_exclusion,334,Westport,1994,1993-03-08,Purchase Pumper For Fire Department,PUBLIC SAFETY,165000,Fail,72,73
capital_exclusion,334,Westport,1994,1993-03-08,Maintaining Ambulance And Fire Services,PUBLIC SAFETY,60000,Fail,89,90
debt_exclusion,202,New Braintree,1994,1993-03-15,Construct Elementary School Quabbin,School,,Pass,159,88
debt_exclusion,157,Lincoln,1995,1993-03-29,Renovate Public School Buildings,School,,Pass,619,243
debt_exclusion,162,Lunenburg,1995,1993-04-01,Replace Steam Pipes In School,School,,Pass,343,206
debt_exclusion,162,Lunenburg,1996,1993-04-01,Middle School Roof,School,,Pass,345,203
debt_exclusion,015,Athol,2000,1993-04-05,Closure Of Exis.Landfill & Other Improv.,Public Works and Facilities,,Pass,605,384
debt_exclusion,087,Easthampton,1994,1993-04-05,Water Pump Station Improvements,Public Works and Facilities,,Pass,2199,1732
debt_exclusion,087,Easthampton,1996,1993-04-05,Water Ground Resevoir Improvements,Public Works and Facilities,,Pass,2149,1754
debt_exclusion,087,Easthampton,2000,1993-04-05,Street And Highway Improvements,Public Works and Facilities,,Pass,2202,1709
debt_exclusion,284,Stoneham,2000,1993-04-06,School Construction,General Operating,,Pass,2197,1805
debt_exclusion,284,Stoneham,2003,1993-04-06,Renovate Fire Station,Public Safety,,Pass,2164,1778
debt_exclusion,321,West Boylston,1995,1993-04-06,Cap The Landfill,Public Works and Facilities,,Pass,861,424
capital_exclusion,144,Ipswich,1994,1993-04-07,Purchase A Fire Pumper,PUBLIC SAFETY,196401,Pass,1179,1167
debt_exclusion,051,Carlisle,1994,1993-04-13,Remodel Fire Department,Public Safety,,Pass,708,387
debt_exclusion,089,Edgartown,2001,1993-04-15,Construct Town Maintenance Building,General Government,,Pass,534,459
capital_exclusion,089,Edgartown,1994,1993-04-15,Purchase New School Bus,SCHOOL,37000,Pass,733,275
debt_exclusion,069,Cummington,1999,1993-04-24,Highway Department Equipment,Public Works and Facilities,,Pass,98,25
debt_exclusion,011,Ashburnham,1994,1993-04-26,Purchase Front End Loader,Public Works and Facilities,,Pass,518,447
debt_exclusion,011,Ashburnham,1994,1993-04-26,Reconstruct Town Roads,Public Works and Facilities,,Pass,660,337
debt_exclusion,062,Chilmark,2000,1993-04-26,Purchase Parcels Of Land -Kirth Property,General Government,,Pass,91,13
debt_exclusion,062,Chilmark,2000,1993-04-26,Purchase Parcels Of Land -Peaked Hill,General Government,,Pass,92,11
debt_exclusion,169,Marion,1994,1993-04-30,Purchase New Fire Truck,Public Safety,,Pass,881,614
debt_exclusion,169,Marion,1994,1993-04-30,Chlorination Station At Wastwater Facil.,Public Works and Facilities,,Pass,959,523
capital_exclusion,169,Marion,1994,1993-04-30,Relocation Of Pub  Works  Dept (Study),PUBLIC WORKS & FACILITIES,5000,Fail,461,991
capital_exclusion,169,Marion,1994,1993-04-30,Climate Control At Library,CULTURE AND RECREATION,25000,Fail,546,894
capital_exclusion,169,Marion,1994,1993-04-30,Playground & Park At Recreational Facil,CULTURE AND RECREATION,10000,Pass,816,658
capital_exclusion,169,Marion,1994,1993-04-30,Police Cruiser,PUBLIC SAFETY,20000,Pass,768,725
capital_exclusion,169,Marion,1994,1993-04-30,Restore Town Records Include Microfilmin,GENERAL GOVERNMENT,10000,Pass,768,696
capital_exclusion,169,Marion,1994,1993-04-30,Study Space Requirements At School,SCHOOL,13400,Fail,629,828
capital_exclusion,119,Hamilton,1994,1993-05-01,Purchase Of Truck,PUBLIC WORKS & FACILITIES,34000,Fail,454,1077
capital_exclusion,119,Hamilton,1994,1993-05-01,Parking Areas For Recreation Center,CULTURE AND RECREATION,5000,Fail,610,947
capital_exclusion,119,Hamilton,1994,1993-05-01,Street Improvements,PUBLIC WORKS & FACILITIES,188000,Pass,833,727
debt_exclusion,230,Pelham,2000,1993-05-01,Purchase Land Surrounding Fire Station,Public Safety,,Pass,213,76
capital_exclusion,119,Hamilton,1994,1993-05-03,Maintenance And Repair Of Town Hall,GENERAL GOVERNMENT,20000,Fail,669,877
debt_exclusion,180,Merrimac,1995,1993-05-03,Truck For Highway Department,Public Works and Facilities,,Pass,456,342
debt_exclusion,276,Southampton,1995,1993-05-03,Purchase Truck For Highway Department,Public Works and Facilities,,Pass,397,320
debt_exclusion,280,Spencer,1995,1993-05-03,Replace Memorial Hall Boiler,General Government,,Pass,1341,789
debt_exclusion,280,Spencer,1995,1993-05-03,Purchase Firefighters Protective Gear,Public Safety,,Pass,1283,874
capital_exclusion,318,Wellfleet,1994,1993-05-03,School Renovation And Addition Project,SCHOOL,85000,Pass,462,396
debt_exclusion,324,West Newbury,1995,1993-05-03,Purchase Rescue Truck,Public Safety,,Pass,473,282
debt_exclusion,266,Sharon,2000,1993-05-04,Renovations To Elementary School,School,,Pass,1932,1355
debt_exclusion,286,Stow,1995,1993-05-05,Install Handicap.Assess. At Library,Culture and Recreation,,Pass,407,284
debt_exclusion,286,Stow,1995,1993-05-05,Provide Handicap Assess. At School,School,,Pass,402,286
debt_exclusion,286,Stow,1995,1993-05-05,Install Computerize Record Keeping System,General Government,,Pass,398,289
debt_exclusion,286,Stow,1995,1993-05-05,Purchase Backhoe For Highway Department,Public Works and Facilities,,Pass,381,299
debt_exclusion,286,Stow,1995,1993-05-05,Replace Roof At School,School,,Pass,412,272
capital_exclusion,047,Buckland,1994,1993-05-06,Capital Improvements For Recrea Pavillio,CULTURE AND RECREATION,6000,Pass,83,78
debt_exclusion,261,Sandwich,2000,1993-05-06,Purchase Rescue Engine Truck,Public Safety,,Pass,1796,1435
debt_exclusion,261,Sandwich,2000,1993-05-06,Perform Services Cap Sandwich Landfill,Public Works and Facilities,,Pass,1801,1395
debt_exclusion,333,Weston,1995,1993-05-08,Departmental Equipment,General Government,,Pass,1167,873
debt_exclusion,333,Weston,1995,1993-05-08,Lay And Relay Water Mains,Public Works and Facilities,,Pass,1296,731
debt_exclusion,333,Weston,2000,1993-05-08,Construction Of Refuse Transfer Facilitie,Public Works and Facilities,,Pass,1364,718
debt_exclusion,333,Weston,2000,1993-05-08,Purchase & Install Computer Equipment,General Government,,Pass,1216,850
debt_exclusion,152,Lenox,1994,1993-05-10,Renovations To High School,School,,Pass,639,529
debt_exclusion,203,New Marlborough,1995,1993-05-10,New Grader For Highway Department,Public Works and Facilities,,Pass,257,118
capital_exclusion,254,Rowley,1994,1993-05-10,Install Water Line,PUBLIC WORKS & FACILITIES,15000,Pass,651,647
capital_exclusion,254,Rowley,1994,1993-05-10,Convert Costs Of Repairs To Town Office,GENERAL OPERATING,10000,Fail,428,851
capital_exclusion,257,Rutland,1994,1993-05-10,Maintenance  And Repairs Of Roads,PUBLIC WORKS & FACILITIES,60000,Fail,427,599
debt_exclusion,077,Douglas,2000,1993-05-11,"Repair, Reconstruct School Roof",School,,Pass,750,601
debt_exclusion,166,Manchester By The Sea,1997,1993-05-11,Purchase Selected Operating Items,General Government,,Pass,623,263
debt_exclusion,269,Sherborn,2000,1993-05-11,General Operating Expenses,General Operating,,Pass,572,304
debt_exclusion,104,Aquinnah,2000,1993-05-12,Repairs For Regional School,School,,Pass,48,16
debt_exclusion,113,Great Barrington,1998,1993-05-13,Finance Landfill Expansion Improvements,Public Works and Facilities,,Pass,907,569
debt_exclusion,113,Great Barrington,2000,1993-05-13,Finance Improve To Wastewater Plant,Public Works and Facilities,,Pass,868,572
debt_exclusion,083,East Bridgewater,2000,1993-05-15,"Construct,Equip,Addition To Middle School",School,,Pass,957,721
debt_exclusion,037,Boxborough,2000,1993-05-17,Purchase Portable Classrooms For School,School,,Pass,474,292
debt_exclusion,041,Brewster,1994,1993-05-17,Capping Landfill And Septage Lagoon,Public Works and Facilities,,Pass,761,491
capital_exclusion,041,Brewster,1994,1993-05-17,Addition To Ladies Library,CULTURE AND RECREATION,50000,Pass,788,488
capital_exclusion,041,Brewster,1994,1993-05-17,Repairs To Regional High School,SCHOOL,39069,Pass,743,490
debt_exclusion,139,Hopkinton,1996,1993-05-17,Reconstruction Of Secondary Roads,Public Works and Facilities,,Pass,1146,889
debt_exclusion,150,Lee,2000,1993-05-17,Repairs To School Roof,School,,Pass,977,268
debt_exclusion,184,Middleton,2000,1993-05-17,"Repair, Renovate Manning School",School,,Pass,253,223
debt_exclusion,192,Montague,2000,1993-05-17,Close-Cap Existing Sanitary Landfill,Public Works and Facilities,,Pass,873,499
debt_exclusion,283,Stockbridge,2002,1993-05-17,Construction Of Water Filitration Plant,Public Works and Facilities,,Pass,387,111
capital_exclusion,053,Charlemont,1994,1993-05-18,Purchasing Cap Equip For Fire Department,PUBLIC SAFETY,3500,Fail,121,136
capital_exclusion,053,Charlemont,1994,1993-05-18,Purchase Equip For Mgmt Dept,GENERAL GOVERNMENT,3000,Fail,67,184
capital_exclusion,053,Charlemont,1994,1993-05-18,Purchasing Cap Equip For Ambulance Dept,PUBLIC SAFETY,600,Pass,149,105
debt_exclusion,075,Dennis,1998,1993-05-18,Resurfacing Town Roads,Public Works and Facilities,,Pass,1469,1111
debt_exclusion,075,Dennis,1998,1993-05-18,Fund Cost Of Dredging Swan River,Public Works and Facilities,,Pass,1535,1021
capital_exclusion,096,Falmouth,1994,1993-05-18,Const Extension Of Drive To Road,GENERAL OPERATING,400000,Fail,1683,4197
debt_exclusion,216,Northbridge,2000,1993-05-18,Repair And/Or Replace Roof Of School,School,,Pass,1534,856
debt_exclusion,300,Truro,2000,1993-05-18,Construction Of Water Main,Public Works and Facilities,,Pass,334,248
capital_exclusion,300,Truro,1994,1993-05-18,Const  Washrooom Facility At Transfer St,PUBLIC WORKS & FACILITIES,10000,Pass,371,236
capital_exclusion,300,Truro,1994,1993-05-18,Fire Department Furnishing,PUBLIC WORKS & FACILITIES,20000,Fail,208,380
capital_exclusion,300,Truro,1994,1993-05-18,Police Department Equipment,PUBLIC SAFETY,17500,Fail,267,322
capital_exclusion,300,Truro,1994,1993-05-18,Purchase Dump Truck,PUBLIC SAFETY,55000,Pass,343,257
capital_exclusion,119,Hamilton,1994,1993-05-20,Equipment For Fire Dept.,PUBLIC SAFETY,23000,Fail,769,770
debt_exclusion,327,West Tisbury,1994,1993-05-20,Repairs To Regional High School,School,,Pass,481,181
debt_exclusion,327,West Tisbury,2000,1993-05-20,Purch. Land On Agricultural Society,General Government,,Pass,374,290
debt_exclusion,327,West Tisbury,2000,1993-05-20,Construct & Design Addit. To School,School,,Pass,387,276
capital_exclusion,327,West Tisbury,1994,1993-05-20,Install Fire Alarm System,PUBLIC SAFETY,3600,Pass,383,270
capital_exclusion,327,West Tisbury,1994,1993-05-20,Computers For Elementary School,SCHOOL,11000,Pass,377,282
capital_exclusion,327,West Tisbury,1994,1993-05-20,Photocopier For School,SCHOOL,7000,Pass,355,306
debt_exclusion,169,Marion,2002,1993-05-21,Construction - Reconstruction - Equipment Old Rochester,School,,Pass,294,84
debt_exclusion,173,Mattapoisett,2000,1993-05-21,Remodel-Equip-Repairs To Dist. High Sch.,School,,Pass,655,570
capital_exclusion,173,Mattapoisett,1994,1993-05-21,Cap.Outlay And Operating Budget - School,SCHOOL,10000,Fail,526,701
debt_exclusion,250,Rochester,2000,1993-05-21,Construct And Equip High School,School,,Pass,271,190
debt_exclusion,296,Tisbury,2000,1993-06-01,Construct & Remodel & Repair School,School,,Pass,690,214
debt_exclusion,296,Tisbury,2000,1993-06-01,Design-Equip-Construct Transfer Station,Public Works and Facilities,,Pass,614,276
debt_exclusion,296,Tisbury,2000,1993-06-01,Construct-Equip-Sewerage System,Public Works and Facilities,,Pass,577,348
debt_exclusion,296,Tisbury,2000,1993-06-01,Design-Equip-Constr.Police & Amb.Facility,Public Safety,,Pass,532,390
capital_exclusion,296,Tisbury,1994,1993-06-01,Replacing Radar Unit For Police Dept,PUBLIC SAFETY,1800,Fail,382,529
capital_exclusion,296,Tisbury,1994,1993-06-01,Replace Copier In Town Hall Annex,GENERAL GOVERNMENT,4600,Fail,406,494
capital_exclusion,296,Tisbury,1994,1993-06-01,Replacing Dump Truck,PUBLIC WORKS & FACILITIES,40000,Pass,472,415
capital_exclusion,296,Tisbury,1994,1993-06-01,Purchasing And Installing Fire Alarm Sys,PUBLIC SAFETY,6450,Pass,482,423
capital_exclusion,296,Tisbury,1994,1993-06-01,Leasing Portable Classroom At High School,SCHOOL,9480,Pass,644,255
capital_exclusion,296,Tisbury,1994,1993-06-01,Close Towns Septage Lagoon,PUBLIC WORKS & FACILITIES,15000,Pass,673,209
capital_exclusion,296,Tisbury,1994,1993-06-01,Equipment For Fire Department,PUBLIC SAFETY,13500,Pass,725,207
capital_exclusion,296,Tisbury,1994,1993-06-01,Hiring Bound Setting Servi For Committee,GENERAL OPERATING,7000,Fail,349,531
capital_exclusion,120,Hampden,1994,1993-06-07,Repairing Roof At Middle School,SCHOOL,25000,Pass,679,466
debt_exclusion,241,Princeton,1994,1993-06-14,Funding For Road Project,Public Works and Facilities,,Pass,178,26
capital_exclusion,345,Windsor,1994,1993-06-14,"Comm.System For Police,Fire Highway Dept",GENERAL OPERATING,12000,Pass,93,21
debt_exclusion,047,Buckland,1995,1993-06-15,Recreation Facility For Septic System,Culture and Recreation,,Pass,145,143
debt_exclusion,325,West Springfield,2007,1993-06-15,"Construction Of New Middle School, Including Original Equipment And Furnishings",School,,Fail,2556,3861
capital_exclusion,245,Raynham,1994,1993-06-19,"Design,Bid,Construct Addition On Build.",GENERAL GOVERNMENT,150000,Pass,1318,1108
debt_exclusion,028,Berlin,1995,1993-06-21,Replace School Roof,School,,Pass,355,128
debt_exclusion,028,Berlin,2000,1993-06-21,Buy Fire Engine And Equipment For Dept.,Public Safety,,Pass,261,225
capital_exclusion,028,Berlin,1994,1993-06-21,Purchase Firefighter Safety Gear,PUBLIC SAFETY,4000,Pass,283,195
capital_exclusion,028,Berlin,1994,1993-06-21,Replace & Remove Oil Tanker At School,SCHOOL,16950,Pass,250,220
capital_exclusion,028,Berlin,1994,1993-06-21,Fund Repairs To Town Hall,GENERAL OPERATING,8000,Pass,244,231
capital_exclusion,028,Berlin,1994,1993-06-21,Replacing Hoses And Ladders For Fire Dep,PUBLIC SAFETY,6800,Pass,241,240
debt_exclusion,126,Harwich,1995,1993-06-21,Develop Plans For Landfil,Public Works and Facilities,,Pass,856,520
debt_exclusion,126,Harwich,1995,1993-06-21,Upgrade Irrigation System - Golf Course,Culture and Recreation,,Pass,713,696
debt_exclusion,126,Harwich,1995,1993-06-21,Renovate Fire Pumper,Public Safety,,Pass,750,640
debt_exclusion,126,Harwich,2000,1993-06-21,Water System Maintenance,Public Works and Facilities,,Pass,898,492
debt_exclusion,007,Amesbury,2000,1993-06-22,"Operation,Sale,Transfer,Closing Hospital",Health and Human Service,,Pass,2432,2055
capital_exclusion,055,Chatham,1994,1993-06-22,Paving Parking Lot At Beach,CULTURE AND RECREATION,137000,Fail,671,964
capital_exclusion,055,Chatham,1994,1993-06-22,Construct A Sidewalk,PUBLIC WORKS & FACILITIES,20257,Pass,869,770
capital_exclusion,055,Chatham,1994,1993-06-22,Purchase Defribillator For Fire Dept,PUBLIC SAFETY,10000,Pass,1197,447
capital_exclusion,055,Chatham,1994,1993-06-22,Repairing Gym Floor At School,SCHOOL,14190,Pass,1160,478
debt_exclusion,339,Wilbraham,2000,1993-06-22,Fire Pumper Truck,Public Safety,,Pass,815,573
debt_exclusion,339,Wilbraham,2000,1993-06-22,Remove Storage Tanks From Road & Schools,General Operating,,Pass,710,674
debt_exclusion,204,New Salem,2000,1993-06-28,Chassis And Pumper Truck For Fire Dept.,Public Safety,,Pass,72,61
debt_exclusion,013,Ashfield,2001,1993-06-30,Design And Const. Comm.Wastewater System,Public Works and Facilities,,Pass,312,18
capital_exclusion,282,Sterling,1994,1993-07-01,Hepatitis B Vaccinations,HEALTH AND HUMAN SERVICE,5000,Pass,1007,493
capital_exclusion,282,Sterling,1994,1993-07-01,Roof For Houghton School,SCHOOL,62820,Pass,933,574
capital_exclusion,282,Sterling,1994,1993-07-01,Battery Backup System For Emerg  Comm,PUBLIC SAFETY,2500,Pass,963,536
capital_exclusion,282,Sterling,1994,1993-07-01,Ladder Truck For The Fire Dept,PUBLIC SAFETY,48351,Pass,1071,436
debt_exclusion,269,Sherborn,2000,1993-07-15,Improve Roads - Repairs,Public Works and Facilities,,Pass,572,304
debt_exclusion,263,Savoy,1995,1993-07-19,Purchase New Dump Truck,Public Works and Facilities,,Pass,37,21
capital_exclusion,012,Ashby,1994,1993-07-20,Rebuild Motor For Tractor,PUBLIC WORKS & FACILITIES,2000,Fail,128,261
capital_exclusion,012,Ashby,1994,1993-07-20,New Truck For Highway Department,PUBLIC WORKS & FACILITIES,46000,Fail,107,329
capital_exclusion,012,Ashby,1994,1993-07-20,Repair Gal.Tank On Fire Engine 4,PUBLIC SAFETY,6700,Fail,178,259
capital_exclusion,332,Westminster,1994,1993-07-20,Repairs To High School,SCHOOL,62617,Fail,182,352
capital_exclusion,332,Westminster,1994,1993-07-20,Dump Truck,PUBLIC WORKS & FACILITIES,66000,Fail,155,378
capital_exclusion,332,Westminster,1994,1993-07-20,Pickup Truck,PUBLIC WORKS & FACILITIES,25000,Fail,141,391
debt_exclusion,255,Royalston,2000,1993-07-26,Construction Of New Elementary School,School,,Pass,108,90
debt_exclusion,309,Ware,1994,1993-07-26,Repairing Roof On High School,School,,Pass,368,84
debt_exclusion,059,Chester,1997,1993-08-02,Purchase Four Wheel Drive Cruiser,Public Safety,,Pass,149,79
debt_exclusion,130,Heath,1995,1993-08-09,Design Services For Elem.School,School,,Pass,114,89
capital_exclusion,250,Rochester,1994,1993-08-25,Repairing Mary'S Pond Brideg,PUBLIC WORKS & FACILITIES,100000,Pass,148,95
debt_exclusion,154,Leverett,1996,1993-10-05,Equipment For Transfer Station,Public Works and Facilities,,Pass,287,148
debt_exclusion,154,Leverett,2000,1993-10-05,Chairlift For Elementary School,School,,Pass,223,215
capital_exclusion,154,Leverett,1994,1993-10-05,Repairing Dump Truck-Highway Department,PUBLIC WORKS & FACILITIES,5000,Pass,280,155
capital_exclusion,154,Leverett,1994,1993-10-05,Painting Town Hall,GENERAL GOVERNMENT,2100,Pass,225,206
capital_exclusion,154,Leverett,1994,1993-10-05,Repair Garage Door At Highway Department,PUBLIC WORKS & FACILITIES,9000,Pass,239,195
capital_exclusion,154,Leverett,1994,1993-10-05,Making Entrance To Library Handicap Asse,CULTURE AND RECREATION,2500,Pass,233,204
debt_exclusion,235,Phillipston,1996,1993-10-18,New Roof On Town Barn,General Government,,Pass,143,114
debt_exclusion,222,Oakham,2000,1993-10-20,Addit. And Renovations To High School,School,,Pass,182,99
debt_exclusion,068,Conway,1997,1993-10-23,Const.Equip-Frontier Regional School,School,,Pass,161,122
debt_exclusion,289,Sunderland,2000,1993-10-23,Reconstruct And Equip Regional School,School,,Pass,201,146
debt_exclusion,175,Medfield,2000,1993-11-01,Remodel And Reconstruct High School,School,,Pass,1042,625
debt_exclusion,173,Mattapoisett,2000,1993-11-02,Expanding Sewer Treatment Plant,Public Works and Facilities,,Pass,458,122
debt_exclusion,086,Eastham,1999,1993-11-16,Acquire Two Duplex Units For Hous.Auth.,General Government,,Pass,304,251
debt_exclusion,124,Hardwick,1998,1993-11-20,Equip And Renovate Quabin Jr.-Sr.Reg.Sch,School,,Pass,247,176
debt_exclusion,140,Hubbardston,2000,1993-11-20,Addition & Renovations To Quabbin Reg.Sc,School,,Pass,212,98
debt_exclusion,202,New Braintree,2000,1993-11-20,Const.Equip-Repair Reg.Jun.High School,School,,Pass,85,82
debt_exclusion,117,Hadley,1997,1993-11-23,Design & Reconst.Dike Along Con.River,Public Works and Facilities,,Pass,325,170
debt_exclusion,117,Hadley,2000,1993-11-23,"Design,Install Heat System In Town Hall",General Government,,Pass,246,243
debt_exclusion,145,Kingston,2000,1993-12-04,Complete Renovations For Library,Culture and Recreation,,Pass,473,393
debt_exclusion,042,Bridgewater,2001,1993-12-11,"Construct,Design,Equip School",School,,Pass,1503,425
debt_exclusion,172,Mashpee,2000,1993-12-11,High School,School,,Pass,562,274
debt_exclusion,117,Hadley,2000,1993-12-21,Construct And Furnish New School,School,,Pass,827,547
debt_exclusion,186,Millbury,1997,1993-12-28,Construction On Sewer Systems,Public Works and Facilities,,Pass,536,401
debt_exclusion,321,West Boylston,2000,1994-01-18,Renovations And Equipping Middle School,School,,Pass,630,380
debt_exclusion,101,Franklin,2000,1994-02-12,Construct And Equip New School,School,,Pass,3001,2209
debt_exclusion,177,Medway,1995,1994-03-01,Furnish-Equip-Construct School,School,,Pass,713,581
debt_exclusion,177,Medway,2000,1994-03-01,Equip And Furnish New Elementary School,School,,Pass,239,217
debt_exclusion,189,Milton,2000,1994-03-05,Remodel Labs At High School,School,,Pass,3058,2313
debt_exclusion,021,Barre,2000,1994-03-07,"Equipment, Renovate School",School,,Pass,591,500
debt_exclusion,230,Pelham,2000,1994-03-16,Reconstructing Junior High School,School,,Pass,53,14
debt_exclusion,154,Leverett,1996,1994-03-19,Reconstruct Reg.Junior High School Roof,School,,Pass,47,18
debt_exclusion,130,Heath,1997,1994-03-28,Construct New Elementary School,School,,Pass,132,99
debt_exclusion,175,Medfield,2000,1994-03-28,Acquire Land For Towns Water Supply,Public Works and Facilities,,Pass,1415,593
debt_exclusion,272,Shutesbury,2000,1994-03-29,Reconstructing School Roof,School,,Pass,39,4
capital_exclusion,026,Belmont,1995,1994-04-04,Joint Public Safety Commun.System,PUBLIC SAFETY,500000,Fail,2213,2241
debt_exclusion,008,Amherst,2000,1994-04-05,Reconstruct Regional School,School,,Pass,1734,1066
capital_exclusion,051,Carlisle,1995,1994-04-12,Dump Truck For Dept. Of Public Works,PUBLIC WORKS & FACILITIES,26000,Pass,752,414
debt_exclusion,159,Longmeadow,2000,1994-04-12,Repair-Remodel-Equip School($10.4m),School,,Pass,1855,766
capital_exclusion,159,Longmeadow,1995,1994-04-12,Replacing Roof At School And Park Center,GENERAL OPERATING,515000,Pass,1858,748
debt_exclusion,089,Edgartown,2000,1994-04-14,Construct Wastewater For Treatment Facil,Public Works and Facilities,,Pass,366,163
debt_exclusion,089,Edgartown,2000,1994-04-14,New Ladder For Fire Department,Public Safety,,Pass,345,196
debt_exclusion,089,Edgartown,2000,1994-04-14,Repair Main Street Parking Lot Bulkhead,Public Works and Facilities,,Pass,386,135
debt_exclusion,089,Edgartown,2000,1994-04-14,Install And Replace Water System,Public Works and Facilities,,Pass,380,161
capital_exclusion,089,Edgartown,1995,1994-04-14,Install Climate Control System In Librar,CULTURE AND RECREATION,51000,Pass,423,117
capital_exclusion,089,Edgartown,1995,1994-04-14,Repair And Clean Catch Basins,PUBLIC WORKS & FACILITIES,60000,Pass,405,136
capital_exclusion,089,Edgartown,1995,1994-04-14,Resurface Town Roads,PUBLIC WORKS & FACILITIES,175000,Pass,397,138
capital_exclusion,089,Edgartown,1995,1994-04-14,Construct A-Shape Roof Over Library Roof,CULTURE AND RECREATION,122000,Pass,466,79
debt_exclusion,019,Ayer,1997,1994-04-25,Construct Water Treatment Plant,Public Works and Facilities,,Pass,482,278
debt_exclusion,019,Ayer,2000,1994-04-25,Provide New Water Meters,Public Works and Facilities,,Pass,388,369
debt_exclusion,019,Ayer,2000,1994-04-25,Construct Equip And Furnish Library Proj,Culture and Recreation,,Pass,538,268
debt_exclusion,335,Westwood,2002,1994-04-25,Redesign & Recostruct Town Roads,Public Works and Facilities,,Pass,545,453
debt_exclusion,315,Wayland,2000,1994-04-26,Acquire Paine State Property,General Government,,Pass,2671,1171
capital_exclusion,169,Marion,1995,1994-04-29,Providing Climate Control For Library,CULTURE AND RECREATION,20000,Pass,760,665
capital_exclusion,169,Marion,1995,1994-04-29,New Basketball Facility At Beach,CULTURE AND RECREATION,15500,Fail,656,842
capital_exclusion,169,Marion,1995,1994-04-29,Smoke-Fire And Sec.System For School,SCHOOL,20000,Pass,1005,488
capital_exclusion,169,Marion,1995,1994-04-29,Handicap Utilization For School,SCHOOL,15000,Pass,787,692
capital_exclusion,169,Marion,1995,1994-04-29,Revegetating Roadway,PUBLIC WORKS & FACILITIES,14000,Fail,635,781
debt_exclusion,131,Hingham,2000,1994-04-30,Refurbish Jhs/Civic Center,School,,Pass,2568,782
debt_exclusion,322,West Bridgewater,2000,1994-04-30,"Equip,Furnish-Remodel Howard School",School,,Pass,638,457
debt_exclusion,045,Brookfield,1995,1994-05-02,Tanker Truck For Fire Department,Public Safety,,Pass,417,211
debt_exclusion,099,Foxborough,2000,1994-05-02,"Renovate,Construction,Equip-School",School,,Pass,2082,1316
debt_exclusion,120,Hampden,2000,1994-05-02,Close The Landfill,Public Works and Facilities,,Pass,667,353
debt_exclusion,120,Hampden,2000,1994-05-02,Replace Roof On The Middle School,School,,Pass,753,272
capital_exclusion,120,Hampden,1995,1994-05-02,Paving Twon Roads,PUBLIC WORKS & FACILITIES,108298,Fail,458,569
debt_exclusion,276,Southampton,1996,1994-05-02,Repair Fire Truck For Fire Department,Public Safety,,Pass,687,443
debt_exclusion,280,Spencer,1996,1994-05-02,Pumper Tanker For Fire Department,Public Safety,,Pass,1170,761
debt_exclusion,294,Templeton,1997,1994-05-02,Aeration System To Purify Water,Public Works and Facilities,,Pass,388,384
capital_exclusion,303,Upton,1995,1994-05-02,Five-Ton Vehicle For Highway Dept.,PUBLIC WORKS & FACILITIES,30000,Fail,440,1123
capital_exclusion,303,Upton,1995,1994-05-02,Brush Fire -Fire Combination Vehicle,PUBLIC SAFETY,115000,Fail,512,1045
capital_exclusion,303,Upton,1995,1994-05-02,Needs Asses-Arch.Design Handicap.Assess.,HEALTH AND HUMAN SERVICE,70000,Fail,410,1151
debt_exclusion,318,Wellfleet,2000,1994-05-02,Renovate Town Hall,General Government,,Pass,559,444
debt_exclusion,023,Bedford,2000,1994-05-04,Construction And Renovations To School,School,,Pass,1261,1115
debt_exclusion,025,Bellingham,2001,1994-05-04,Construction And Renovations To School,School,,Pass,1261,1115
debt_exclusion,171,Marshfield,2001,1994-05-04,Construction And Renovations To School,School,,Pass,1261,1115
debt_exclusion,318,Wellfleet,2003,1994-05-04,Renovate Town Hall,General Government,,Pass,559,444
debt_exclusion,186,Millbury,2000,1994-05-05,Second And Third Phase Of Sewage Systems,Public Works and Facilities,,Pass,1303,1097
debt_exclusion,235,Phillipston,1996,1994-05-06,Pick Up Truck For Highway Department,Public Works and Facilities,,Pass,79,65
debt_exclusion,162,Lunenburg,2000,1994-05-07,Various Purposes,General Operating,,Pass,577,355
debt_exclusion,333,Weston,1996,1994-05-07,Lay And Relay Water Mains,Public Works and Facilities,,Pass,440,151
debt_exclusion,333,Weston,2000,1994-05-07,Cost Of Departmental Equipment,General Government,,Pass,432,158
debt_exclusion,333,Weston,2000,1994-05-07,Reconst.Of Recreational Facilities,Culture and Recreation,,Pass,431,172
debt_exclusion,333,Weston,2000,1994-05-07,Cost Of Departmental Equipment,General Government,,Pass,428,173
debt_exclusion,333,Weston,2000,1994-05-07,Renovations To Field School,School,,Pass,421,187
debt_exclusion,034,Bolton,1998,1994-05-09,Purchase New Fire Truck,Public Safety,,Pass,484,321
debt_exclusion,034,Bolton,2000,1994-05-09,Pay Agric.Preserv.Rest.Of Valley Winery,Culture and Recreation,,Pass,549,169
debt_exclusion,034,Bolton,2000,1994-05-09,Purchase New Salt Shed,Public Works and Facilities,,Pass,519,198
capital_exclusion,092,Essex,1995,1994-05-09,Supplies For Youth Commission,CULTURE AND RECREATION,1000,Pass,652,397
capital_exclusion,092,Essex,1995,1994-05-09,Eleven Foot Plow For Pub.Works Dept.,PUBLIC WORKS & FACILITIES,4000,Pass,528,522
debt_exclusion,105,Georgetown,2000,1994-05-09,Reconstruct And Equip Schools,School,,Pass,1016,720
debt_exclusion,166,Manchester By The Sea,2000,1994-05-09,Renovate Wastewater Facility,Public Works and Facilities,,Pass,864,385
capital_exclusion,022,Becket,1995,1994-05-14,Build Recreational Park,CULTURE AND RECREATION,40000,Pass,49,45
debt_exclusion,065,Cohasset,2000,1994-05-14,Land For New Playing Field On Mil.Field,Culture and Recreation,,Pass,534,193
capital_exclusion,123,Hanson,1995,1994-05-14,"Resurface, Sealcoat Streets",PUBLIC WORKS & FACILITIES,500000,Pass,687,369
debt_exclusion,024,Belchertown,2000,1994-05-16,Equip And Furnish New Elementary School,School,,Pass,556,376
debt_exclusion,037,Boxborough,2000,1994-05-16,Land On Middle Rd. 36.19 Acres,General Government,,Pass,456,369
debt_exclusion,041,Brewster,2003,1994-05-16,Bonds For Nauset Rsd Repairs,School,,Fail,612,843
debt_exclusion,078,Dover,2000,1994-05-16,Library Services,Culture and Recreation,,Pass,525,396
debt_exclusion,106,Gill,2000,1994-05-16,Purchase New Fire Truck,Public Safety,,Pass,114,112
debt_exclusion,106,Gill,2001,1994-05-16,Remodel-Construct-Elementary School,School,,Pass,171,55
debt_exclusion,009,Andover,1999,1994-05-17,Equip-Construct Furnish Schools,School,,Pass,4205,3543
debt_exclusion,075,Dennis,1997,1994-05-17,Golf Course Purposes,Culture and Recreation,,Pass,897,893
capital_exclusion,096,Falmouth,1995,1994-05-17,Acquiring Land On Stagecoach Way,GENERAL GOVERNMENT,67000,Pass,3112,1743
debt_exclusion,300,Truro,2000,1994-05-17,Towns Share Of Dredging Entrance Channel,Public Works and Facilities,,Pass,199,94
capital_exclusion,300,Truro,1995,1994-05-17,Public Works Tractor,PUBLIC WORKS & FACILITIES,40000,Pass,201,92
capital_exclusion,300,Truro,1995,1994-05-17,Town Hall Computer System,GENERAL GOVERNMENT,45000,Pass,196,97
capital_exclusion,119,Hamilton,1995,1994-05-19,Street Improvements,PUBLIC WORKS & FACILITIES,188000,Pass,402,269
capital_exclusion,327,West Tisbury,1995,1994-05-19,Landfill Assessment Process,PUBLIC WORKS & FACILITIES,5300,Pass,216,138
debt_exclusion,154,Leverett,1996,1994-05-21,Mini-Pumper For Fire Department,Public Safety,,Pass,249,128
debt_exclusion,154,Leverett,2000,1994-05-21,Reconstruct-Equip Regional High School,School,,Pass,246,133
capital_exclusion,154,Leverett,1995,1994-05-21,Replacing Old Fuel Oil Tank-Underground,PUBLIC WORKS & FACILITIES,2200,Pass,281,98
capital_exclusion,154,Leverett,1995,1994-05-21,Building New Ramp At Transfer Station,PUBLIC WORKS & FACILITIES,1200,Pass,244,131
capital_exclusion,154,Leverett,1995,1994-05-21,Sweeper For Highway Department Tractor,PUBLIC WORKS & FACILITIES,2500,Pass,229,149
capital_exclusion,154,Leverett,1995,1994-05-21,Exhaust Fan At Fire Station,PUBLIC WORKS & FACILITIES,1000,Pass,256,121
debt_exclusion,216,Northbridge,1996,1994-05-21,Purchase Fire Dept. Rescue Truck,Public Safety,,Pass,1348,634
debt_exclusion,216,Northbridge,1997,1994-05-21,Public Works Truck,Public Works and Facilities,,Pass,1034,913
debt_exclusion,216,Northbridge,2000,1994-05-21,Purchase Fire Truck,Public Safety,,Pass,1307,688
debt_exclusion,339,Wilbraham,2000,1994-05-21,Resurface Roadways,Public Works and Facilities,,Pass,1331,708
debt_exclusion,288,Sudbury,2001,1994-05-23,Construct Roadway Drainage Systems,Public Works and Facilities,,Pass,1829,1041
capital_exclusion,011,Ashburnham,1995,1994-05-24,Replace Flooring At Regional School,SCHOOL,9520,Fail,166,336
capital_exclusion,011,Ashburnham,1995,1994-05-24,Repairs To Fire Station,PUBLIC SAFETY,50000,Fail,179,317
capital_exclusion,011,Ashburnham,1995,1994-05-24,Hot Water Heater At Regional School,SCHOOL,6591,Fail,199,305
capital_exclusion,011,Ashburnham,1995,1994-05-24,Pumper Engine,PUBLIC SAFETY,160000,Fail,223,275
capital_exclusion,011,Ashburnham,1995,1994-05-24,Replacing Oil Burner At Elemen. School,SCHOOL,12000,Fail,250,254
capital_exclusion,011,Ashburnham,1995,1994-05-24,Highwat Dept. Four Wheel Truck,PUBLIC WORKS & FACILITIES,97000,Pass,261,235
capital_exclusion,011,Ashburnham,1995,1994-05-24,Fire Alarm Equipment For Regional School,PUBLIC SAFETY,16274,Pass,268,229
capital_exclusion,011,Ashburnham,1995,1994-05-24,Aerial Apparatus,PUBLIC SAFETY,40000,Fail,166,334
capital_exclusion,011,Ashburnham,1995,1994-05-24,Engineering Study At Regional School,SCHOOL,7323,Fail,165,337
capital_exclusion,011,Ashburnham,1995,1994-05-24,Replace Lighting In Regional School,SCHOOL,2685,Fail,149,355
capital_exclusion,011,Ashburnham,1995,1994-05-24,Purchase Mats For Gym Walls,SCHOOL,6000,Fail,196,303
debt_exclusion,104,Aquinnah,1995,1994-05-25,Beach Property,Culture and Recreation,,Pass,14,10
capital_exclusion,011,Ashburnham,1995,1994-05-26,Reconstructing Town Roads,PUBLIC WORKS & FACILITIES,100000,Pass,298,203
capital_exclusion,286,Stow,1995,1994-05-31,Replace Roof At School,SCHOOL,54756,Pass,450,214
debt_exclusion,341,Williamstown,2000,1994-05-31,Improvements To Schools,School,,Pass,1107,1001
capital_exclusion,341,Williamstown,1995,1994-05-31,Repairing Road And Replace Boc Culvert,PUBLIC WORKS & FACILITIES,200000,Fail,995,1112
debt_exclusion,168,Marblehead,2000,1994-06-01,Surface-Drains Construction,Public Works and Facilities,,Pass,1058,506
debt_exclusion,168,Marblehead,2000,1994-06-01,School Renovation,School,,Pass,993,575
debt_exclusion,302,Tyringham,2000,1994-06-01,Pumper Fire Truck,Public Safety,,Pass,40,23
debt_exclusion,286,Stow,1996,1994-06-02,Recreational Projects,Culture and Recreation,,Pass,345,315
debt_exclusion,286,Stow,1998,1994-06-02,Highway Dept. Equipment,Public Works and Facilities,,Pass,438,223
debt_exclusion,286,Stow,2000,1994-06-02,Construct New Police Station,Public Safety,,Pass,370,295
debt_exclusion,146,Lakeville,2000,1994-06-04,Reconstruct Town Roads,Public Works and Facilities,,Pass,866,852
debt_exclusion,331,Westhampton,1995,1994-06-04,Purchase Tank Truck For Fire Dept.,Public Safety,,Pass,127,76
debt_exclusion,331,Westhampton,1997,1994-06-04,Construct Addition To The Fire Dept.,Public Safety,,Pass,106,97
debt_exclusion,331,Westhampton,2000,1994-06-04,Purchase Backhoe For Highway Dept.,Public Works and Facilities,,Pass,105,98
debt_exclusion,270,Shirley,1995,1994-06-07,Repairs To School Roof,School,,Pass,533,478
capital_exclusion,270,Shirley,1995,1994-06-07,Repairs To School,SCHOOL,18000,Fail,391,619
capital_exclusion,296,Tisbury,1995,1994-06-07,Sealcoating Town Roads,PUBLIC WORKS & FACILITIES,25000,Pass,429,413
capital_exclusion,296,Tisbury,1995,1994-06-07,Digitizer For Planning Board,GENERAL GOVERNMENT,1995,Fail,165,665
capital_exclusion,296,Tisbury,1995,1994-06-07,Purchaser A Plotter For Planning Board,GENERAL GOVERNMENT,4695,Fail,193,645
capital_exclusion,296,Tisbury,1995,1994-06-07,Master Plan Update,GENERAL GOVERNMENT,20000,Fail,214,591
capital_exclusion,296,Tisbury,1995,1994-06-07,Mapping Contract,GENERAL GOVERNMENT,7200,Fail,231,579
capital_exclusion,296,Tisbury,1995,1994-06-07,Appraisal And Surveys By Planning Board,GENERAL GOVERNMENT,6000,Fail,233,579
capital_exclusion,296,Tisbury,1995,1994-06-07,Acquiring An Interest In Cromwell Lane,GENERAL GOVERNMENT,17000,Fail,283,538
capital_exclusion,296,Tisbury,1995,1994-06-07,Replacing Garage Fence In Pw Dept.,PUBLIC WORKS & FACILITIES,5000,Fail,288,559
capital_exclusion,296,Tisbury,1995,1994-06-07,Field Light.And Softball Field For Dpw,PUBLIC WORKS & FACILITIES,42500,Fail,328,520
capital_exclusion,296,Tisbury,1995,1994-06-07,Purchase Vehicle Lift,PUBLIC WORKS & FACILITIES,8000,Fail,339,514
capital_exclusion,296,Tisbury,1995,1994-06-07,Purchasing Compressor,PUBLIC WORKS & FACILITIES,13000,Fail,352,500
capital_exclusion,296,Tisbury,1995,1994-06-07,Radio For Civil Defense Dept.,GENERAL GOVERNMENT,1500,Fail,362,512
capital_exclusion,296,Tisbury,1995,1994-06-07,Replacing Police Cruiser,PUBLIC SAFETY,17500,Fail,366,507
capital_exclusion,296,Tisbury,1995,1994-06-07,Replacing Photo Machine In Police Dept.,PUBLIC SAFETY,2400,Fail,400,458
capital_exclusion,296,Tisbury,1995,1994-06-07,Install Cable For School,SCHOOL,85000,Fail,400,473
capital_exclusion,296,Tisbury,1995,1994-06-07,Replacing Portable Radios And Radar,PUBLIC SAFETY,4400,Fail,410,457
capital_exclusion,296,Tisbury,1995,1994-06-07,Sander For Public Works Dept.,PUBLIC WORKS & FACILITIES,9600,Pass,439,425
capital_exclusion,296,Tisbury,1995,1994-06-07,Keyboard And Monitor For Library,CULTURE AND RECREATION,750,Pass,473,405
capital_exclusion,296,Tisbury,1995,1994-06-07,Upgrade Computer Software For Police Dept.,PUBLIC SAFETY,1600,Pass,529,358
capital_exclusion,296,Tisbury,1995,1994-06-07,Equipment For Fire Department,PUBLIC SAFETY,13500,Pass,615,269
capital_exclusion,296,Tisbury,1995,1994-06-07,Three Pagers For Town Ambulance,PUBLIC SAFETY,1050,Pass,617,278
debt_exclusion,013,Ashfield,1996,1994-06-08,New Loader For Highway Department,Public Works and Facilities,,Pass,44,10
capital_exclusion,069,Cummington,1995,1994-06-08,Police Department Equipment,PUBLIC SAFETY,1600,Fail,27,107
capital_exclusion,069,Cummington,1995,1994-06-08,Remodel Reconst.Exist. Fire Apparatus,PUBLIC SAFETY,17565,Fail,66,68
capital_exclusion,069,Cummington,1995,1994-06-08,Repairs To Library Steps,CULTURE AND RECREATION,2000,Pass,87,47
capital_exclusion,069,Cummington,1995,1994-06-08,Construct. Outdoor Recreational Facility,CULTURE AND RECREATION,2000,Fail,57,77
debt_exclusion,094,Fairhaven,2000,1994-06-13,School Remodeling And Reconstruction,School,,Pass,2765,959
debt_exclusion,135,Holland,2000,1994-06-13,Close Solid Waste Landfill,Public Works and Facilities,,Pass,267,263
capital_exclusion,008,Amherst,1995,1994-06-14,Purchase Pumper Truck,PUBLIC SAFETY,200000,Pass,1943,1942
debt_exclusion,053,Charlemont,2000,1994-06-14,"Replace Town Highway Garage(Up To 110,000",Public Works and Facilities,,Pass,88,50
debt_exclusion,230,Pelham,2000,1994-06-15,"Reconstruct, Add, Equipt Regional High",School,,Pass,60,39
debt_exclusion,058,Cheshire,1999,1994-06-16,Construct New Town Garage,General Government,,Pass,105,83
debt_exclusion,126,Harwich,1996,1994-06-20,Reconstruct Town Roads,Public Works and Facilities,,Pass,1340,417
debt_exclusion,126,Harwich,1998,1994-06-20,Five Year Capital Plan,General Operating,,Pass,1201,543
capital_exclusion,012,Ashby,1995,1994-06-21,Equipment For Highway Department,PUBLIC WORKS & FACILITIES,85000,Fail,103,338
capital_exclusion,012,Ashby,1995,1994-06-21,Radar Equipment For Police Department,PUBLIC SAFETY,1500,Fail,83,356
capital_exclusion,012,Ashby,1995,1994-06-21,Tractor And Mower,PUBLIC WORKS & FACILITIES,30000,Fail,70,369
capital_exclusion,012,Ashby,1995,1994-06-21,New Hose For Fire Dept. (600 Feet),PUBLIC SAFETY,5800,Fail,206,235
capital_exclusion,012,Ashby,1995,1994-06-21,Bullet Proof Vests For Police Department,PUBLIC SAFETY,7000,Fail,154,285
capital_exclusion,012,Ashby,1995,1994-06-21,Equipment For Highway Department,PUBLIC WORKS & FACILITIES,25000,Fail,138,304
capital_exclusion,022,Becket,1995,1994-06-21,Addition To Fire Station,PUBLIC SAFETY,66000,Pass,60,33
debt_exclusion,055,Chatham,1996,1994-06-21,Engineering Plans For Renovations To Sch.,School,,Pass,643,398
debt_exclusion,055,Chatham,2000,1994-06-21,Closing Towns Landfill,Public Works and Facilities,,Pass,652,373
debt_exclusion,055,Chatham,2000,1994-06-21,Conduct Tests Well Explor.Re:Towns Water,Public Works and Facilities,,Pass,629,390
debt_exclusion,055,Chatham,2001,1994-06-21,Constructing Mill Pond Sewer Pump Station,Public Works and Facilities,,Pass,648,369
capital_exclusion,223,Orange,1995,1994-06-22,New Pumper Tanker For Fire Department,PUBLIC SAFETY,140000,Fail,120,327
debt_exclusion,037,Boxborough,1997,1994-06-24,Engineer.Schematic Design Ser.For School,School,,Pass,507,376
debt_exclusion,037,Boxborough,1997,1994-06-27,Purchase Modular Classrooms,School,,Pass,594,289
debt_exclusion,271,Shrewsbury,2000,1994-06-27,Build School-Includ-Arch.Fees & Furnish,School,,Pass,1548,1461
debt_exclusion,013,Ashfield,2000,1994-06-30,Renovate Town Hall,General Government,,Pass,91,22
debt_exclusion,086,Eastham,2000,1994-06-30,Construction And Addition To Town Hall,General Government,,Pass,433,419
debt_exclusion,313,Washington,2001,1994-07-09,Construct Highway Department Garage,Public Works and Facilities,,Pass,53,34
debt_exclusion,237,Plainfield,2000,1994-07-11,Equip. For High.Dept.(Trucks-Fire Trucks,Public Works and Facilities,,Pass,56,42
debt_exclusion,251,Rockland,1998,1994-07-16,Reconstruct School Roofs,School,,Pass,820,334
debt_exclusion,332,Westminster,2000,1994-08-02,Addition To Police/Fire Department,Public Safety,,Pass,310,167
capital_exclusion,332,Westminster,1996,1994-08-02,Work On Town Roads,PUBLIC WORKS & FACILITIES,50000,Pass,262,207
debt_exclusion,038,Boxford,1996,1994-08-16,Land For Conservation Purposes,General Government,,Pass,263,223
capital_exclusion,054,Charlton,1995,1994-09-10,War Memorial,GENERAL GOVERNMENT,3000,Fail,516,1482
capital_exclusion,054,Charlton,1995,1994-09-10,Mower For Cemetary Department,PUBLIC WORKS & FACILITIES,3000,Fail,639,1315
capital_exclusion,054,Charlton,1995,1994-09-10,Scott Air Tanks For Fire Department,PUBLIC SAFETY,28000,Pass,1010,995
capital_exclusion,054,Charlton,1995,1994-09-10,Fund Two Cruisers For Police Dept.,PUBLIC SAFETY,24000,Fail,925,1072
capital_exclusion,054,Charlton,1995,1994-09-10,Four Spreader Motors And Two Plows,PUBLIC WORKS & FACILITIES,46000,Fail,883,1125
capital_exclusion,054,Charlton,1995,1994-09-10,Town Hall Improvements,GENERAL GOVERNMENT,50000,Fail,765,1229
capital_exclusion,054,Charlton,1995,1994-09-10,Voting Machine,GENERAL GOVERNMENT,6500,Fail,465,1536
debt_exclusion,041,Brewster,1997,1994-10-04,Construct-Equip-Furnish Elem.School,School,,Pass,910,350
debt_exclusion,117,Hadley,2000,1994-10-11,Construct And Equip. Safety Building,Public Safety,,Pass,617,293
debt_exclusion,086,Eastham,2000,1994-10-13,Remodel-Design-Engineer Repair-Reg School,School,,Pass,378,335
debt_exclusion,277,Southborough,2000,1994-10-15,Department Of Public Works Facility,Public Works and Facilities,,Pass,312,269
capital_exclusion,277,Southborough,1995,1994-10-15,Handicap Access To Town House,HEALTH AND HUMAN SERVICE,170800,Pass,367,214
debt_exclusion,295,Tewksbury,2000,1994-10-15,Construct New Police Station,Public Safety,,Pass,1054,560
debt_exclusion,318,Wellfleet,2000,1994-10-17,Remodel And Reconstruct High School,School,,Pass,227,215
debt_exclusion,265,Seekonk,2000,1994-10-26,Landfill Closure,Public Works and Facilities,,Pass,2310,2156
capital_exclusion,125,Harvard,1995,1994-10-27,General Govt. Equipment,GENERAL GOVERNMENT,237000,Pass,226,134
debt_exclusion,126,Harwich,2000,1994-11-01,Equip-Construct Fire Dept.Headquarters,Public Safety,,Pass,1078,314
debt_exclusion,008,Amherst,2000,1994-11-04,Renovations To Regional High School,School,,Pass,2786,2161
debt_exclusion,026,Belmont,2000,1994-11-08,Construct And Furnish Replace.For School,School,,Pass,7357,4649
debt_exclusion,078,Dover,2000,1994-11-08,Design And Construction Of Fields At Scho,School,,Pass,1535,1067
debt_exclusion,214,Northampton,2000,1994-11-08,Expand And Renovate Middle School,School,,Pass,6238,4780
debt_exclusion,337,Whately,2000,1994-11-08,Const. And Add To -Equip Regional School,School,,Pass,529,285
debt_exclusion,126,Harwich,2000,1994-11-15,Acquire Land,General Government,,Pass,1110,714
debt_exclusion,210,North Andover,2000,1994-11-26,Improvements To Boston Univ. Conf.Center,School,,Pass,2588,1719
debt_exclusion,034,Bolton,2000,1994-11-29,Construction Of School Facilities,School,,Pass,468,421
debt_exclusion,034,Bolton,2000,1994-11-29,Clean-Up Of Contaminated Land,General Government,,Pass,594,293
debt_exclusion,117,Hadley,1998,1994-12-01,Removal Of Tanks From School Sites,School,,Pass,296,255
debt_exclusion,117,Hadley,2000,1994-12-01,Construct And Design Draining System,Public Works and Facilities,,Pass,303,248
debt_exclusion,117,Hadley,2000,1994-12-01,Install Elevator At Hopkins Academy,School,,Pass,285,267
debt_exclusion,167,Mansfield,1998,1994-12-06,General Operating Expenses,General Operating,,Pass,2183,1458
debt_exclusion,167,Mansfield,2000,1994-12-06,Construct-Equip-Furnish New Fire Station,Public Safety,,Pass,2129,1511
debt_exclusion,167,Mansfield,2000,1994-12-06,"Repave Roadways,Sidewalks-Relat.Constr.",Public Works and Facilities,,Pass,2021,1616
debt_exclusion,167,Mansfield,2000,1994-12-06,Construct And Equip Elementary School,School,,Pass,1953,1690
debt_exclusion,130,Heath,2000,1994-12-09,Equip And Construct Reg.High School,School,,Pass,57,32
debt_exclusion,048,Burlington,2007,1994-12-10,"Renovate And Open Francis Wyman Elem. School, And Renovate Memorial Elem. School",School,,Fail,1941,2003
debt_exclusion,037,Boxborough,2000,1994-12-12,School Construction,School,,Pass,542,321
debt_exclusion,179,Mendon,2000,1994-12-12,Reconstruct Regional School,School,,Pass,654,262
debt_exclusion,303,Upton,2000,1994-12-12,Regional School,School,,Pass,1035,180
capital_exclusion,028,Berlin,1995,1994-12-14,Generating System For Town Hall,GENERAL GOVERNMENT,12000,Pass,260,189
capital_exclusion,028,Berlin,1995,1994-12-14,Funding Hot Top,PUBLIC WORKS & FACILITIES,32000,Pass,228,223
capital_exclusion,028,Berlin,1995,1994-12-14,Replacement Roof For Fire Station,PUBLIC SAFETY,20000,Pass,227,225
capital_exclusion,028,Berlin,1995,1994-12-14,Pagers For Rescue Department,PUBLIC SAFETY,10000,Pass,226,225
capital_exclusion,028,Berlin,1995,1994-12-14,Drainage Work,PUBLIC WORKS & FACILITIES,16000,Fail,175,278
capital_exclusion,028,Berlin,1995,1994-12-14,Widen Corners On Allen Road,PUBLIC WORKS & FACILITIES,10000,Fail,92,353
capital_exclusion,028,Berlin,1995,1994-12-14,Consultant-Plans To Construct School,SCHOOL,25000,Fail,212,245
debt_exclusion,087,Easthampton,2000,1994-12-29,"Landfill Closing, Phase 27",Public Works and Facilities,,Pass,1783,1707
capital_exclusion,087,Easthampton,1995,1994-12-29,One Ton Truck For Parks & Rec. Department,CULTURE AND RECREATION,25675,Fail,1441,2051
capital_exclusion,087,Easthampton,1995,1994-12-29,Street Sweeper,PUBLIC WORKS & FACILITIES,90000,Fail,1751,1781
capital_exclusion,087,Easthampton,1995,1994-12-29,Handicap Assess. To School,SCHOOL,25000,Fail,1612,1898
capital_exclusion,087,Easthampton,1995,1994-12-29,Purchase Pumper Truck For Fire Department,PUBLIC SAFETY,200000,Pass,1882,1652
capital_exclusion,087,Easthampton,1995,1994-12-29,Bucket Loader With Front End Snow Blower,PUBLIC WORKS & FACILITIES,165000,Pass,2054,1492
capital_exclusion,087,Easthampton,1995,1994-12-29,Dump Truck And Sander With Plow,PUBLIC WORKS & FACILITIES,85000,Pass,2088,1451
debt_exclusion,074,Deerfield,1998,1995-01-07,Frontier Regional School District,School,,Pass,713,386
debt_exclusion,066,Colrain,2000,1995-01-09,Reconst. And Equip.School,School,,Pass,174,171
debt_exclusion,013,Ashfield,1998,1995-01-10,Design Services For Regional School,School,,Pass,166,27
debt_exclusion,013,Ashfield,2000,1995-01-10,"Design,Construct,Equip New Reg.Ele.School",School,,Pass,169,24
debt_exclusion,029,Bernardston,2000,1995-01-10,Remodeling Elementary School,School,,Pass,233,79
debt_exclusion,101,Franklin,2000,1995-01-31,Repair School Roof,School,,Pass,341,203
debt_exclusion,028,Berlin,1998,1995-02-15,Architectural Services For School,School,,Pass,270,125
debt_exclusion,028,Berlin,2000,1995-02-15,Renov. And Expansion Of Memorial School,School,,Pass,154,92
debt_exclusion,177,Medway,2000,1995-02-27,Purchase Of Land/Recreation And Open,General Government,,Pass,526,327
debt_exclusion,054,Charlton,2000,1995-03-04,Sewage Systems-Reconstruct-Disposal,Public Works and Facilities,,Pass,424,199
debt_exclusion,192,Montague,2000,1995-03-13,Remodel-Reconstruct School Roof,School,,Pass,417,57
debt_exclusion,157,Lincoln,2000,1995-03-27,Renovations To Safety Building,Public Safety,,Pass,461,259
capital_exclusion,157,Lincoln,1996,1995-03-27,Pumper Truck,PUBLIC SAFETY,160000,Fail,188,480
debt_exclusion,067,Concord,2000,1995-03-28,Equip-Repair-Construct.Reg.High School,School,,Pass,572,370
debt_exclusion,225,Otis,2000,1995-03-31,Construct And Equip New Elem. School,School,,Pass,225,172
debt_exclusion,133,Holbrook,2000,1995-04-04,Capping And Monitoring Of Town Landfill,Public Works and Facilities,,Pass,1127,865
debt_exclusion,133,Holbrook,2000,1995-04-04,Replacing Roof In Junior And High School,School,,Pass,1315,702
debt_exclusion,252,Rockport,1996,1995-04-04,Plans For Constr.Of Water Supply Plant,Public Works and Facilities,,Pass,964,608
debt_exclusion,252,Rockport,1996,1995-04-04,Construction Of Water Supply Standpipe,Public Works and Facilities,,Pass,996,583
debt_exclusion,252,Rockport,2000,1995-04-04,Additional Cost Of Land Acquisition,General Government,,Pass,907,662
debt_exclusion,252,Rockport,2000,1995-04-04,Services For Closing Sanitary Landfill,Public Works and Facilities,,Pass,931,623
debt_exclusion,132,Hinsdale,2000,1995-04-08,Renovate Construct Kitteredge School,School,,Pass,154,85
debt_exclusion,314,Watertown,2000,1995-04-08,Upgrade And Equip Elementary Schools,School,,Pass,3029,2027
debt_exclusion,351,Yarmouth,2000,1995-04-10,Capping Landfill,Public Works and Facilities,,Pass,1394,1073
debt_exclusion,351,Yarmouth,2000,1995-04-10,New Elementary School,School,,Pass,1328,1159
debt_exclusion,007,Amesbury,1997,1995-04-11,Equip & Reconstruct Addit.To Middle Sch.,School,,Pass,1343,1314
debt_exclusion,051,Carlisle,1998,1995-04-11,Reconst.-Equip Concord Carlisle Reg H.S.,School,,Pass,488,200
debt_exclusion,080,Dudley,2000,1995-04-11,Repairs To Regional School,School,,Pass,372,193
capital_exclusion,089,Edgartown,1996,1995-04-11,Rebuild And Resurface Town Streets,PUBLIC WORKS & FACILITIES,150000,Pass,266,147
debt_exclusion,089,Edgartown,1998,1995-04-13,Purchase Dredge And Other Related Equip.,Public Works and Facilities,,Pass,209,198
debt_exclusion,089,Edgartown,2000,1995-04-13,Improvement To Towns' Water System,Public Works and Facilities,,Pass,307,108
capital_exclusion,089,Edgartown,1996,1995-04-13,Repair Sidewalks,PUBLIC WORKS & FACILITIES,60000,Pass,289,127
capital_exclusion,089,Edgartown,1996,1995-04-13,Repair Pavements,PUBLIC WORKS & FACILITIES,25000,Pass,252,152
debt_exclusion,233,Peru,2000,1995-04-17,Const.-Equip-Furn. Kittredge School,School,,Pass,72,64
capital_exclusion,069,Cummington,1996,1995-04-22,Repairs To Community House Roof-Balcony,HEALTH AND HUMAN SERVICE,15000,Pass,69,30
debt_exclusion,019,Ayer,2000,1995-04-24,Equip And Const. Police Station,Public Safety,,Pass,526,330
debt_exclusion,088,Easton,2000,1995-04-24,Const. Of Roadways Abutting School,Public Works and Facilities,,Pass,2134,1766
debt_exclusion,088,Easton,2000,1995-04-24,Furnish School On Town Owned Land,School,,Pass,2222,1676
debt_exclusion,175,Medfield,1999,1995-04-24,Land For Water Supply,Public Works and Facilities,,Pass,2045,657
capital_exclusion,169,Marion,1996,1995-04-25,Purchase Protective Clothing For Fire De,PUBLIC SAFETY,40000,Pass,844,307
capital_exclusion,169,Marion,1996,1995-04-25,Purchase Air Compressor Breathing Equip.,PUBLIC SAFETY,15000,Pass,875,269
capital_exclusion,169,Marion,1996,1995-04-25,Replacemnet Of Police Cruiser,PUBLIC SAFETY,22000,Pass,636,570
capital_exclusion,169,Marion,1996,1995-04-25,Resurface Roads And Sidewalks,PUBLIC WORKS & FACILITIES,30000,Pass,818,330
debt_exclusion,186,Millbury,2000,1995-04-25,Engineer. Serv. For Const. Of Sewerage,Public Works and Facilities,,Pass,981,934
debt_exclusion,186,Millbury,2000,1995-04-25,"Replace Roofs Of Jhs, Hs, And Elem.Schls",School,,Pass,1210,747
debt_exclusion,350,Wrentham,2007,1995-04-26,School Additions And Renovations; Public Library; Building And Community Center,General Government,,Fail,685,1373
debt_exclusion,169,Marion,1997,1995-04-28,Construct And Equip Fire Station,Public Safety,,Pass,1073,335
debt_exclusion,169,Marion,2000,1995-04-28,Purchase Backhoe For Dpw,Public Works and Facilities,,Pass,782,622
debt_exclusion,169,Marion,2000,1995-04-28,Renovate Music Hall,Culture and Recreation,,Pass,828,582
capital_exclusion,169,Marion,1996,1995-04-28,Bike Path Planning For Engineering,PUBLIC WORKS & FACILITIES,28800,Pass,801,609
capital_exclusion,169,Marion,1996,1995-04-28,Provide Handicap Access To Town House,HEALTH AND HUMAN SERVICE,10000,Pass,850,519
capital_exclusion,169,Marion,1996,1995-04-28,Repair Boiler At School,SCHOOL,14000,Pass,1149,231
debt_exclusion,131,Hingham,2000,1995-04-29,South Junior High Renovations,School,,Pass,2652,1094
debt_exclusion,219,Norwell,2000,1995-04-29,School-Library-Pol.Station -Etc.Repairs,General Operating,,Pass,1067,403
debt_exclusion,290,Sutton,2000,1995-04-29,Rescue Truck For Fire Department,Public Safety,,Pass,771,650
capital_exclusion,014,Ashland,1996,1995-05-01,General Operating Expenditures,GENERAL OPERATING,160800,Pass,1258,1193
debt_exclusion,039,Boylston,2001,1995-05-01,Fire Engine For Fire Department,Public Safety,,Pass,642,413
debt_exclusion,066,Colrain,1997,1995-05-01,Fire Dept. Tanker Truck,Public Safety,,Pass,153,106
debt_exclusion,066,Colrain,1997,1995-05-01,Construct And Equip Regional High School,School,,Pass,149,109
capital_exclusion,066,Colrain,1996,1995-05-01,Library Handicap Assessibility Project,CULTURE AND RECREATION,7500,Pass,197,72
capital_exclusion,066,Colrain,1996,1995-05-01,Sanitary Landfill,PUBLIC WORKS & FACILITIES,11500,Pass,174,84
debt_exclusion,116,Groveland,2000,1995-05-01,Purchase Of Two Fire Trucks,Public Safety,,Pass,317,222
capital_exclusion,120,Hampden,1996,1995-05-01,Purchase -Axle-Plow-Sander-Plow Hitch,PUBLIC WORKS & FACILITIES,112967,Fail,220,220
capital_exclusion,120,Hampden,1996,1995-05-01,Police Computer Management Systems,PUBLIC SAFETY,29000,Fail,192,247
capital_exclusion,120,Hampden,1996,1995-05-01,Upgrading Fire Dept. Pager System,PUBLIC SAFETY,12000,Pass,298,148
debt_exclusion,129,Hawley,2000,1995-05-01,Reconstruct And Equip Reg.High School,School,,Pass,26,8
debt_exclusion,187,Millis,2000,1995-05-01,Renovate And Convert Millis Mem.School,School,,Pass,1153,884
debt_exclusion,276,Southampton,2000,1995-05-01,Construct New Library Building,Culture and Recreation,,Pass,472,465
debt_exclusion,280,Spencer,1996,1995-05-01,One Ton Plow For Highway Department,Public Works and Facilities,,Pass,951,853
capital_exclusion,286,Stow,1996,1995-05-01,Install Chair Lift In Library,CULTURE AND RECREATION,29000,Pass,260,203
debt_exclusion,303,Upton,1997,1995-05-01,Fire Vehicle,Public Safety,,Pass,919,799
debt_exclusion,303,Upton,1997,1995-05-01,Land In Northern Section Of Town,General Government,,Pass,999,721
debt_exclusion,318,Wellfleet,2003,1995-05-01,Remodel Nauset Rsd,School,,Pass,401,342
capital_exclusion,318,Wellfleet,1996,1995-05-01,Pick Up Truck,PUBLIC WORKS & FACILITIES,22000,Fail,287,450
capital_exclusion,318,Wellfleet,1996,1995-05-01,Front End Loader,PUBLIC WORKS & FACILITIES,95000,Fail,273,466
debt_exclusion,330,Westford,2000,1995-05-02,Additions And Constr.To Elem.School,School,,Pass,2801,2428
debt_exclusion,023,Bedford,1998,1995-05-04,Construction And Reno.To Police Station,Public Safety,,Pass,1274,1102
debt_exclusion,023,Bedford,2000,1995-05-04,Construction Of Library,Culture and Recreation,,Pass,1228,1151
capital_exclusion,298,Topsfield,1996,1995-05-04,Cab And Chassis For Highway Dept.,PUBLIC WORKS & FACILITIES,65000,Fail,272,854
capital_exclusion,298,Topsfield,1996,1995-05-04,Road And Bridge Reconstruction,PUBLIC WORKS & FACILITIES,100000,Pass,588,559
capital_exclusion,298,Topsfield,1996,1995-05-04,Install And Equip Class Computers,SCHOOL,97208,Pass,684,492
debt_exclusion,013,Ashfield,2000,1995-05-06,New Fire Truck,Public Safety,,Pass,112,83
debt_exclusion,013,Ashfield,2000,1995-05-06,Construct And Equip Regional School,School,,Pass,163,31
debt_exclusion,193,Monterey,1999,1995-05-06,Purchase New Fire Truck,Public Safety,,Pass,155,57
debt_exclusion,333,Weston,2000,1995-05-06,Const. Repair Public Buildings,General Government,,Pass,841,598
debt_exclusion,028,Berlin,1996,1995-05-08,"Furnish, Const.Equip. New Elemen.School",School,,Pass,430,268
debt_exclusion,028,Berlin,1997,1995-05-08,Fire Engine And Equip. For Fire Dept.,Public Safety,,Pass,486,216
capital_exclusion,028,Berlin,1996,1995-05-08,Dry Hydrant Equipment,PUBLIC WORKS & FACILITIES,4000,Pass,490,199
capital_exclusion,028,Berlin,1996,1995-05-08,Air Packs And Spare Bottles-Fire Depart.,PUBLIC SAFETY,5001,Pass,388,296
debt_exclusion,092,Essex,1997,1995-05-08,Legal Services -Environmental Protection,General Government,,Pass,534,297
debt_exclusion,092,Essex,2000,1995-05-08,Replace Roof On Elementary School,School,,Pass,660,176
capital_exclusion,092,Essex,1996,1995-05-08,Skid/Steer Loader With Backhoe,PUBLIC WORKS & FACILITIES,30000,Fail,325,505
debt_exclusion,166,Manchester By The Sea,2000,1995-05-08,Const. Of Water Treatment Plant,Public Works and Facilities,,Pass,1212,454
debt_exclusion,203,New Marlborough,2000,1995-05-08,Bring Library Into Compliance,Culture and Recreation,,Pass,258,185
capital_exclusion,267,Sheffield,1996,1995-05-08,Tractor For Regional School,SCHOOL,9657,Fail,152,393
debt_exclusion,286,Stow,1997,1995-05-08,Installing A Chair Lift Randall Library,Culture and Recreation,,Pass,260,203
debt_exclusion,345,Windsor,1997,1995-05-08,Dump Truck For Highway Department,Public Works and Facilities,,Pass,130,70
debt_exclusion,077,Douglas,2000,1995-05-09,Repair Library And Municipal Center Roof,General Government,,Pass,620,414
debt_exclusion,090,Egremont,2000,1995-05-09,Pumper Truck For Volunteer Fire Dept.,Public Safety,,Pass,190,45
capital_exclusion,254,Rowley,1996,1995-05-09,Alarms For Firefighters,PUBLIC SAFETY,6000,Pass,520,319
debt_exclusion,065,Cohasset,2000,1995-05-13,Construct Public Works Garage,Public Works and Facilities,,Pass,1584,1116
debt_exclusion,037,Boxborough,1997,1995-05-15,Addition To Memorial School,School,,Pass,630,455
debt_exclusion,037,Boxborough,2000,1995-05-15,Equipment For Police Dept.,Public Safety,,Pass,537,528
debt_exclusion,037,Boxborough,2000,1995-05-15,Permanent Transfer Station,Public Works and Facilities,,Pass,746,327
debt_exclusion,047,Buckland,2000,1995-05-15,Purchase Highway Dept. Loader,Public Works and Facilities,,Pass,110,49
debt_exclusion,115,Groton,2000,1995-05-15,Equip-Furnish-Addition To Public Library,Culture and Recreation,,Pass,972,354
debt_exclusion,115,Groton,2001,1995-05-15,Const-Repair Regional And Selected Schoo,School,,Pass,852,450
debt_exclusion,150,Lee,2000,1995-05-15,Fire Engine For Fire Department,Public Safety,,Pass,668,428
debt_exclusion,184,Middleton,2000,1995-05-15,Construction To Fuller Meadow School,School,,Pass,751,318
debt_exclusion,268,Shelburne,1996,1995-05-15,Construct And Equip. Elem. Regional Sch.,School,,Pass,79,26
debt_exclusion,268,Shelburne,2000,1995-05-15,Equip And Construct Reg.High School,School,,Pass,76,29
debt_exclusion,038,Boxford,2000,1995-05-16,Land For Elementary Schoool,School,,Pass,980,623
capital_exclusion,038,Boxford,1996,1995-05-16,Mowing Machine For Dpw,PUBLIC WORKS & FACILITIES,45000,Fail,444,1118
capital_exclusion,038,Boxford,1996,1995-05-16,Repairs Surrounding Johnson Field,PUBLIC WORKS & FACILITIES,60000,Pass,924,657
capital_exclusion,038,Boxford,1996,1995-05-16,New Pumper For Fire Department,PUBLIC SAFETY,190000,Pass,1117,471
debt_exclusion,041,Brewster,2000,1995-05-16,Repairs To Brewster Ladies Library,Culture and Recreation,,Pass,1358,635
debt_exclusion,041,Brewster,2000,1995-05-16,Remodel-Reconstruct-Regional School,School,,Pass,1257,730
debt_exclusion,047,Buckland,2000,1995-05-16,Equip-Reconst. Regional School,School,,Pass,99,61
debt_exclusion,047,Buckland,2000,1995-05-16,Equip-Reconst. Elementary School,School,,Pass,100,60
debt_exclusion,075,Dennis,2000,1995-05-16,Reconst. And Repaving Town Roads,Public Works and Facilities,,Pass,1150,869
debt_exclusion,075,Dennis,2000,1995-05-16,Capping Of Landfill,Public Works and Facilities,,Pass,1280,754
debt_exclusion,086,Eastham,2001,1995-05-16,Repairs Nauset Regional High School,School,,Pass,790,446
debt_exclusion,096,Falmouth,1997,1995-05-16,Land Purchase,General Government,,Pass,5396,2269
debt_exclusion,096,Falmouth,2000,1995-05-16,Equipping And Repairing Schools,School,,Pass,5252,2349
debt_exclusion,221,Oak Bluffs,2000,1995-05-16,Expend-Design-Const.Wastewater Facility,Public Works and Facilities,,Pass,247,161
debt_exclusion,224,Orleans,2000,1995-05-16,Equip And Construct Regional High School,School,,Pass,1106,520
debt_exclusion,053,Charlemont,1999,1995-05-17,Purchase A Fire Truck,Public Safety,,Pass,76,44
debt_exclusion,053,Charlemont,2000,1995-05-17,Equip And Reconstruct Mohawk Trail Reg.,School,,Pass,62,57
debt_exclusion,288,Sudbury,2000,1995-05-17,Construction -Renovate Library*,Culture and Recreation,,Pass,1103,1043
capital_exclusion,119,Hamilton,1996,1995-05-18,Street Improvements,PUBLIC WORKS & FACILITIES,188000,Pass,740,445
debt_exclusion,143,Huntington,2000,1995-05-20,Purchase Fire Truck,Public Safety,,Pass,148,66
debt_exclusion,210,North Andover,2000,1995-05-22,Renovate North Andover Middle School,School,,Pass,2477,2292
capital_exclusion,238,Plainville,1996,1995-05-22,Selected Capital Expenditures,GENERAL GOVERNMENT,42959,Fail,522,846
debt_exclusion,135,Holland,2001,1995-05-31,Remodel-Reconst-Repair High School,School,,Pass,179,101
debt_exclusion,168,Marblehead,1999,1995-06-05,Repairs To Schools,School,,Pass,3237,1785
debt_exclusion,168,Marblehead,2000,1995-06-05,Computers For School Department,School,,Pass,3028,1973
debt_exclusion,168,Marblehead,2000,1995-06-05,Const. Building For Council On Aging,Health and Human Service,,Pass,2994,2032
debt_exclusion,168,Marblehead,2000,1995-06-05,Repairs To Police And Inspectors Build.,Public Safety,,Pass,2946,2064
debt_exclusion,168,Marblehead,2000,1995-06-05,Surface Storm Drains,Public Works and Facilities,,Pass,3386,1607
debt_exclusion,230,Pelham,2000,1995-06-05,Design-Const-Equip- New Buildings,General Government,,Pass,214,157
debt_exclusion,282,Sterling,1997,1995-06-05,Renovate Butterick School To Office Space,School,,Pass,709,538
debt_exclusion,282,Sterling,2000,1995-06-05,Computerize Town Operations,General Government,,Pass,725,511
capital_exclusion,282,Sterling,1996,1995-06-05,"Renovating Bathrooms, Repair Bathhouses",PUBLIC WORKS & FACILITIES,12600,Pass,903,350
capital_exclusion,282,Sterling,1996,1995-06-05,Sander Dumper For Dept. Of Public Works,PUBLIC WORKS & FACILITIES,14000,Pass,649,576
debt_exclusion,173,Mattapoisett,2000,1995-06-06,Resurfacing Streets,Public Works and Facilities,,Pass,463,451
debt_exclusion,173,Mattapoisett,2000,1995-06-06,Repairs At Center School,School,,Pass,521,397
debt_exclusion,173,Mattapoisett,2001,1995-06-06,Purchasing A New Fire Truck,Public Safety,,Pass,464,454
debt_exclusion,117,Hadley,2000,1995-06-07,Repair School Parking Lot,School,,Pass,212,204
debt_exclusion,117,Hadley,2000,1995-06-07,Assessment Of Landfill-Dept. Environment,Public Works and Facilities,,Pass,205,203
debt_exclusion,290,Sutton,1997,1995-06-10,"Archit.Services To Design, Plan School",School,,Pass,665,543
debt_exclusion,189,Milton,2000,1995-06-12,Capital Items For Selected Departments,General Government,,Pass,3529,2636
capital_exclusion,012,Ashby,1996,1995-06-13,New Dump Truck With Plow,PUBLIC WORKS & FACILITIES,60000,Fail,59,163
capital_exclusion,012,Ashby,1996,1995-06-13,Shredder/Vacuum For Town Common,PUBLIC WORKS & FACILITIES,8500,Fail,69,151
capital_exclusion,012,Ashby,1996,1995-06-13,Renovations To Town Buildings,GENERAL GOVERNMENT,25000,Fail,70,149
capital_exclusion,012,Ashby,1996,1995-06-13,Fire Dept. 600 Feet Of 5 Inch Hose,PUBLIC SAFETY,6000,Fail,82,138
capital_exclusion,012,Ashby,1996,1995-06-13,Replacing Roof On Fire Station,PUBLIC SAFETY,9500,Fail,83,137
debt_exclusion,114,Greenfield,2000,1995-06-13,Repairs To Middle School,School,,Pass,2138,785
debt_exclusion,073,Dedham,2000,1995-06-17,Sewer,School,,Pass,949,639
debt_exclusion,014,Ashland,2000,1995-06-19,School Facilities Expansion And Equipment,School,,Pass,963,827
debt_exclusion,126,Harwich,1998,1995-06-19,Road Repair,Public Works and Facilities,,Pass,1007,529
debt_exclusion,126,Harwich,1998,1995-06-19,Construct Storage Shed,Public Works and Facilities,,Pass,931,619
debt_exclusion,126,Harwich,1999,1995-06-19,Rehab Water Meters-Pump Stations,Public Works and Facilities,,Pass,891,659
debt_exclusion,126,Harwich,2000,1995-06-19,Rescue Vehicle,Public Safety,,Pass,855,662
capital_exclusion,126,Harwich,1996,1995-06-19,Equipment For Highway Dept,PUBLIC WORKS & FACILITIES,93500,Fail,602,939
capital_exclusion,126,Harwich,1996,1995-06-19,Upgrading Storage Tanks,PUBLIC WORKS & FACILITIES,12400,Pass,869,647
capital_exclusion,126,Harwich,1996,1995-06-19,"Cruisers,Dump Trucks,Vans, Service Truck",GENERAL OPERATING,195560,Fail,657,907
capital_exclusion,011,Ashburnham,1996,1995-06-20,Reconstructing Town Roads,PUBLIC WORKS & FACILITIES,100000,Pass,458,305
capital_exclusion,011,Ashburnham,1996,1995-06-20,Construct New Sidewalk For Mun. Plant,PUBLIC WORKS & FACILITIES,18000,Fail,198,566
capital_exclusion,011,Ashburnham,1996,1995-06-20,Construct Building To Highway Garage,PUBLIC WORKS & FACILITIES,60000,Fail,255,507
capital_exclusion,011,Ashburnham,1996,1995-06-20,Renovations-Equipping School,SCHOOL,100000,Fail,288,474
capital_exclusion,011,Ashburnham,1996,1995-06-20,Athletic Field-Construction,CULTURE AND RECREATION,25000,Fail,328,427
capital_exclusion,011,Ashburnham,1996,1995-06-20,Repairs To Drill Tower-Alarm System,PUBLIC SAFETY,6500,Fail,341,417
capital_exclusion,011,Ashburnham,1996,1995-06-20,Repairs In South Fire Station,PUBLIC SAFETY,17580,Fail,343,419
capital_exclusion,011,Ashburnham,1996,1995-06-20,Purchase Equipment For Fire Department,PUBLIC SAFETY,191128,Fail,362,401
capital_exclusion,011,Ashburnham,1996,1995-06-20,Replace Boilers At Regional High School,SCHOOL,7300,Pass,395,370
capital_exclusion,011,Ashburnham,1996,1995-06-20,Repairs For Central Fire Station,PUBLIC SAFETY,21475,Pass,396,367
capital_exclusion,011,Ashburnham,1996,1995-06-20,Purchase A Sander Body,PUBLIC WORKS & FACILITIES,16000,Pass,413,352
capital_exclusion,011,Ashburnham,1996,1995-06-20,Repairs To Adams Building,GENERAL GOVERNMENT,30000,Pass,418,345
capital_exclusion,011,Ashburnham,1996,1995-06-20,Purchase A Plow,PUBLIC WORKS & FACILITIES,4500,Pass,463,300
debt_exclusion,055,Chatham,2000,1995-06-20,Design-Construct-Sewer Treat.Plant,Public Works and Facilities,,Pass,726,489
debt_exclusion,055,Chatham,2000,1995-06-20,Land Control Systems,General Government,,Pass,664,550
capital_exclusion,055,Chatham,1996,1995-06-20,Dump Truck For Highway Department,PUBLIC WORKS & FACILITIES,55000,Fail,558,664
capital_exclusion,055,Chatham,1996,1995-06-20,Purchase Ambulance For Town,PUBLIC SAFETY,96600,Pass,812,419
capital_exclusion,055,Chatham,1996,1995-06-20,Install Fire Doors At Elementary School,SCHOOL,42000,Pass,791,440
debt_exclusion,245,Raynham,2000,1995-06-24,Const.Design Serv.Of Interceptor-Sewers,Public Works and Facilities,,Pass,673,244
capital_exclusion,223,Orange,1996,1995-07-31,Carbon Monoxide Detector For Fire Dept.,PUBLIC SAFETY,3000,Fail,276,454
capital_exclusion,223,Orange,1996,1995-07-31,Repair Bodies Of Pumpers For Fire Dept.,PUBLIC SAFETY,3500,Fail,293,436
capital_exclusion,223,Orange,1996,1995-07-31,Recondition Equip. For Highway Dept.,PUBLIC WORKS & FACILITIES,10000,Fail,246,490
capital_exclusion,223,Orange,1996,1995-07-31,"Repair,Upgrade Phone Line Recorder, Fire",PUBLIC SAFETY,5000,Fail,219,508
capital_exclusion,223,Orange,1996,1995-07-31,Asbestos Removal From Fire Station,PUBLIC SAFETY,3300,Fail,211,515
capital_exclusion,223,Orange,1996,1995-07-31,Install Elevator For Handicapped Armory,GENERAL GOVERNMENT,57400,Fail,203,533
capital_exclusion,223,Orange,1996,1995-07-31,Police Cruiser With Set-Up,PUBLIC SAFETY,22400,Fail,181,556
capital_exclusion,223,Orange,1996,1995-07-31,New Pumper Tanker For Fire Dept.,PUBLIC SAFETY,160000,Fail,144,585
capital_exclusion,223,Orange,1996,1995-07-31,Used Pick-Up Truck For Fire Dept.,PUBLIC SAFETY,15000,Fail,136,597
capital_exclusion,223,Orange,1996,1995-07-31,4 Wheel Drive Pick-Up With Plow,PUBLIC WORKS & FACILITIES,25702,Fail,137,594
debt_exclusion,343,Winchendon,1998,1995-07-31,Replacement Of Roof At Elementary School,School,,Pass,135,133
capital_exclusion,270,Shirley,1996,1995-08-03,Replace Protective Clothing-Firefighters,PUBLIC SAFETY,15000,Pass,275,273
debt_exclusion,038,Boxford,1997,1995-08-09,Land For Conservation Purposes,General Government,,Pass,601,198
debt_exclusion,193,Monterey,2000,1995-09-15,Purchase Cemetery Land,Public Works and Facilities,,Pass,66,11
debt_exclusion,120,Hampden,1997,1995-09-18,Close Out The Landfill,Public Works and Facilities,,Pass,129,88
capital_exclusion,120,Hampden,1996,1995-09-18,Police Computer Management System,PUBLIC SAFETY,16250,Fail,84,121
capital_exclusion,120,Hampden,1996,1995-09-18,Axle-Plow-Sander-Plow Hitch,PUBLIC WORKS & FACILITIES,112967,Fail,77,130
debt_exclusion,270,Shirley,2000,1995-09-26,"Design, Construct, Equipt Library",Culture and Recreation,,Pass,835,435
capital_exclusion,318,Wellfleet,1996,1995-09-26,Purchase Parcel Of Land,GENERAL GOVERNMENT,53000,Pass,491,255
debt_exclusion,173,Mattapoisett,2000,1995-10-03,Old Hammondtown School Renovations,School,,Pass,614,342
debt_exclusion,332,Westminster,2000,1995-10-17,Build Addition To Library,Culture and Recreation,,Pass,692,259
debt_exclusion,266,Sharon,2000,1995-10-24,Equip And Addition To High School,School,,Pass,942,900
debt_exclusion,060,Chesterfield,2000,1995-10-28,Land-Const.-Equip-Elem. & Reg. School,School,,Pass,299,135
debt_exclusion,001,Abington,1997,1995-11-04,Extension Of Sewer System,Public Works and Facilities,,Pass,2115,825
debt_exclusion,001,Abington,2000,1995-11-04,Constr.And Furnishings Of New Library,Culture and Recreation,,Pass,2188,784
debt_exclusion,295,Tewksbury,2000,1995-11-04,Construction Of Sanitary Sewers,Public Works and Facilities,,Pass,1207,1047
debt_exclusion,337,Whately,1996,1995-11-08,Furnish - Reconstruct Reg.School,School,,Pass,529,285
debt_exclusion,108,Goshen,2000,1995-11-10,Land For Const. And Equip. New School,School,,Pass,165,155
debt_exclusion,055,Chatham,1999,1995-11-14,Renovations To Depot Road School,School,,Pass,957,597
capital_exclusion,125,Harvard,1996,1995-11-15,General Operating Expenses,GENERAL OPERATING,186000,Fail,167,176
debt_exclusion,232,Pepperell,2000,1995-11-20,Reconstruct Classrooms,School,,Pass,578,370
debt_exclusion,232,Pepperell,2000,1995-11-20,Reconstruct And Equip Middle School,School,,Pass,539,407
debt_exclusion,272,Shutesbury,2000,1995-12-05,Purchase New Front End Loader,Public Works and Facilities,,Pass,193,134
debt_exclusion,272,Shutesbury,2000,1995-12-05,Purchase Fire Truck,Public Safety,,Pass,231,101
debt_exclusion,046,Brookline,2000,1995-12-12,Repars To High School Buildings,School,,Pass,4648,3038
debt_exclusion,085,East Longmeadow,2000,1995-12-19,Design And Construct Fire Station,Public Safety,,Pass,494,402
debt_exclusion,350,Wrentham,2002,1995-12-19,Equip And Construct New School Bldgs.,School,,Pass,1113,882
debt_exclusion,350,Wrentham,2002,1995-12-19,Equip And Construct New Public Library,Culture and Recreation,,Pass,1121,874
debt_exclusion,350,Wrentham,2007,1995-12-19,Construct And Equip A New Senior Citizen Center,Culture and Recreation,,Fail,807,1160
debt_exclusion,020,Barnstable,2000,1996-01-16,Design Reconstruct Equip Middle School,School,,Pass,3349,2402
debt_exclusion,020,Barnstable,2000,1996-01-16,Design Reconstruct Equip H.S. Facilities,School,,Pass,3463,2288
debt_exclusion,235,Phillipston,2000,1996-01-22,Renovations And Equiop Regional High Sch,School,,Pass,160,97
debt_exclusion,294,Templeton,2000,1996-01-22,Design-Const.Reno.Regional High School,School,,Pass,800,505
debt_exclusion,309,Ware,2000,1996-01-22,Equip And Const. New Junior-Sen. H.Sc.,School,,Pass,1026,1005
debt_exclusion,313,Washington,2000,1996-01-27,Highway Garage Building Account,Public Works and Facilities,,Pass,19,0
debt_exclusion,307,Walpole,2000,1996-02-03,Design New Elementry & Renovate High,School,,Pass,2634,2613
debt_exclusion,080,Dudley,2000,1996-02-06,Furnis-Equip-Construc-Elem.& Middle Sch.,School,,Pass,677,315
debt_exclusion,323,West Brookfield,2001,1996-02-06,Equip-Addition-Remodel Reg.Jun.Sen.H.S.,School,,Pass,414,350
debt_exclusion,069,Cummington,2000,1996-02-10,Const.-Equip-Furnish New Reg.Middle Scho,School,,Pass,99,26
debt_exclusion,313,Washington,2000,1996-02-10,Const. And Equipping A New Reg.School,School,,Pass,95,13
debt_exclusion,320,Wenham,2015,1996-02-12,"Constriction And Equipping A New Regional Middle School On The Hs Property; Design, Construction And Equipping An Additional Hs; Design, Construction And Equipping Of Renovations To The Buker School",School,,Pass,606,162
debt_exclusion,086,Eastham,1997,1996-02-14,Land In Eastham For M.F. Roach Company,General Government,,Pass,746,439
debt_exclusion,119,Hamilton,2000,1996-02-15,"Design, Construct. Varios School Project",School,,Pass,1243,754
debt_exclusion,169,Marion,2000,1996-02-16,1400 Ft. Of Shore Frontage On Hamm.Cove,General Government,,Pass,464,244
debt_exclusion,022,Becket,2000,1996-02-17,School Expenditures,School,,Pass,118,17
debt_exclusion,277,Southborough,2000,1996-02-17,Addit. And Repairs To Mary Finn School,School,,Pass,1364,1157
debt_exclusion,295,Tewksbury,2000,1996-02-17,Equip And Construct Library,Culture and Recreation,,Pass,1838,1102
debt_exclusion,311,Warren,2000,1996-02-21,Addit. Too Quaboag Reg.School,School,,Pass,357,148
debt_exclusion,027,Berkley,2000,1996-02-24,Purchase School Site And Oth Public Faci,School,,Pass,756,620
debt_exclusion,039,Boylston,1997,1996-02-26,Arch. Services For Reno. Of School,School,,Pass,304,39
debt_exclusion,070,Dalton,2001,1996-02-26,Construct And Equip Middle School,School,,Pass,1053,480
debt_exclusion,233,Peru,2000,1996-02-26,Equip And Construct New Middle School,School,,Pass,115,103
debt_exclusion,345,Windsor,2000,1996-02-26,Const.-Furnish-Equip New Middle School,School,,Pass,166,66
debt_exclusion,132,Hinsdale,1999,1996-03-02,Construct And Equip New Reg.School,School,,Pass,194,91
debt_exclusion,122,Hanover,2001,1996-03-05,Recons. And Repair J.Curtis Free Library,Culture and Recreation,,Pass,1495,679
debt_exclusion,064,Clinton,1997,1996-03-11,Equip And Additions To Middle School,School,,Pass,957,485
debt_exclusion,064,Clinton,2000,1996-03-11,Equip And Build New High School,School,,Pass,933,528
debt_exclusion,260,Sandisfield,2000,1996-03-31,Construct And Equip New Elementary Schoo,School,,Pass,142,54
debt_exclusion,015,Athol,1997,1996-04-01,Improvmement Of Town Highways,General Government,,Pass,1616,1094
debt_exclusion,015,Athol,1997,1996-04-01,Upgrading Roof On Memorial Bldg.,General Government,,Pass,1473,1191
debt_exclusion,015,Athol,1997,1996-04-01,Construction Of Bridge(River & Railway),Public Works and Facilities,,Pass,1460,1225
debt_exclusion,265,Seekonk,2000,1996-04-01,Design-Equip-Const.New Police &Fire Fac.,Public Safety,,Pass,1749,1089
capital_exclusion,125,Harvard,1997,1996-04-02,Purchase Fire Department Airpacks,PUBLIC SAFETY,44000,Pass,616,188
capital_exclusion,125,Harvard,1997,1996-04-02,Purchasing A Backhoe,PUBLIC WORKS & FACILITIES,83000,Pass,426,360
capital_exclusion,125,Harvard,1997,1996-04-02,Rehabilitating A Fire Truck,PUBLIC SAFETY,60000,Pass,580,227
debt_exclusion,197,Nantucket,1998,1996-04-02,6 Parcels Of Land,General Government,,Pass,1389,936
debt_exclusion,252,Rockport,2000,1996-04-02,Construction Of New Water Treatment Plan,Public Works and Facilities,,Pass,1061,777
debt_exclusion,261,Sandwich,2000,1996-04-04,Reconst. And Improve Town Roads,Public Works and Facilities,,Pass,789,542
debt_exclusion,065,Cohasset,1999,1996-04-06,Plan-Finance-Construct- Elemen.School,School,,Pass,1574,1494
debt_exclusion,144,Ipswich,2000,1996-04-08,Remodel Construct Equip Public Library,Culture and Recreation,,Pass,1713,669
capital_exclusion,199,Needham,1997,1996-04-08,Handicap Assess.Rehab. Center,HEALTH AND HUMAN SERVICE,66500,Fail,3852,3938
debt_exclusion,309,Ware,2004,1996-04-08,Purchase Ladder/Tower Truck For Fire Department,Public Safety,,Fail,110,679
debt_exclusion,312,Warwick,2000,1996-04-08,Hire Architect To Plan To Build New Sch.,School,,Pass,196,136
capital_exclusion,334,Westport,1997,1996-04-08,Pumper Truck For Fire Department,PUBLIC SAFETY,210000,Pass,1537,855
capital_exclusion,334,Westport,1997,1996-04-08,Truck With Plow-Loader For Highway Dept.,PUBLIC WORKS & FACILITIES,202000,Fail,1052,1259
debt_exclusion,304,Uxbridge,1997,1996-04-09,Renovations To School Buildings,School,,Pass,1183,550
debt_exclusion,304,Uxbridge,2001,1996-04-09,Const.Renov. To Selected Schools,School,,Pass,957,550
capital_exclusion,089,Edgartown,1997,1996-04-11,Purchase/Lease Dredgeing Equiptment,PUBLIC SAFETY,105400,Pass,575,363
capital_exclusion,089,Edgartown,1997,1996-04-11,"Resurface, Rebuild Town Streets",PUBLIC WORKS & FACILITIES,140000,Pass,602,327
capital_exclusion,089,Edgartown,1997,1996-04-11,Repair Concrete Roads,PUBLIC WORKS & FACILITIES,25000,Pass,588,311
capital_exclusion,089,Edgartown,1997,1996-04-11,"Build, Repair And Clean Sidewalks",PUBLIC WORKS & FACILITIES,45000,Pass,619,311
debt_exclusion,290,Sutton,2000,1996-04-20,Tanker Truck For Fire Department,Public Safety,,Pass,1098,714
debt_exclusion,019,Ayer,2000,1996-04-22,Cap Landfill Located On Harvard Road,Public Works and Facilities,,Pass,389,203
debt_exclusion,315,Wayland,2000,1996-04-23,Repair Park Facilities And School Ground,Culture and Recreation,,Pass,774,644
debt_exclusion,169,Marion,2000,1996-04-26,Rubbish Packer For Dpw,Public Works and Facilities,,Pass,709,421
capital_exclusion,169,Marion,1997,1996-04-26,Protective Clothing For Firefighters,PUBLIC SAFETY,40000,Pass,844,307
capital_exclusion,169,Marion,1997,1996-04-26,Breathing Equipment For Fire Department,PUBLIC SAFETY,22000,Pass,875,269
capital_exclusion,169,Marion,1997,1996-04-26,Resurface Public Roads,PUBLIC WORKS & FACILITIES,30000,Pass,818,330
debt_exclusion,069,Cummington,2000,1996-04-27,Replace Wahconah High School Roof,School,,Pass,68,24
capital_exclusion,069,Cummington,1997,1996-04-27,Repairs To Library Septic,CULTURE AND RECREATION,10000,Pass,66,29
debt_exclusion,318,Wellfleet,2000,1996-04-29,Purchase A New Safety Truck,Public Safety,,Pass,191,165
debt_exclusion,318,Wellfleet,2001,1996-04-29,Share Of Dredging Wellfleet Harbor,Public Works and Facilities,,Pass,276,81
debt_exclusion,294,Templeton,2000,1996-05-02,Install Corrosion Equip. On Water Wells,Public Works and Facilities,,Pass,399,375
debt_exclusion,059,Chester,1997,1996-05-04,Mack Truck Loan,Public Works and Facilities,,Pass,142,123
debt_exclusion,059,Chester,2000,1996-05-04,Communications System Loan,General Operating,,Pass,135,128
debt_exclusion,349,Worthington,2000,1996-05-04,Reconstruct School Roofs,School,,Pass,70,16
debt_exclusion,039,Boylston,2000,1996-05-06,Equip. And Renovate Elem.School & Ground,School,,Pass,645,358
capital_exclusion,116,Groveland,1997,1996-05-06,Rpair Of Public Roads,PUBLIC WORKS & FACILITIES,200000,Pass,613,531
capital_exclusion,120,Hampden,1997,1996-05-06,Pave Highway,PUBLIC WORKS & FACILITIES,110822,Pass,337,244
debt_exclusion,194,Montgomery,1998,1996-05-06,Construct School Roofs,School,,Pass,51,0
debt_exclusion,280,Spencer,1998,1996-05-06,Breathing Apparatus Sys. For Fire Dept.,Public Safety,,Pass,1430,1139
debt_exclusion,333,Weston,2000,1996-05-06,Developing Land For Burial Purposes,General Government,,Pass,811,609
debt_exclusion,002,Acton,1999,1996-05-07,Land-Construct Library,Culture and Recreation,,Pass,1729,1041
debt_exclusion,002,Acton,2000,1996-05-07,Const.Park And Multi Recreation Area,Culture and Recreation,,Pass,1745,1020
debt_exclusion,186,Millbury,1999,1996-05-07,Sewerage Construction,Public Works and Facilities,,Pass,2585,2521
debt_exclusion,244,Randolph,2007,1996-05-07,"Const.Repair-Remodel To North School And Kennedy School And Other Buildings-Stetson Halls, Fire Station",General Government,,Fail,1546,2413
debt_exclusion,317,Wellesley,2000,1996-05-07,Funds For Recycling Facility,Public Works and Facilities,,Pass,1006,643
debt_exclusion,317,Wellesley,2006,1996-05-07,Improvements To Recycling And Disposal Facility,Public Works and Facilities,,Pass,85,35
debt_exclusion,330,Westford,2000,1996-05-07,School Plans And Remodel-Police & Land,General Operating,,Pass,1504,1392
debt_exclusion,333,Weston,2000,1996-05-11,Equipping And Constructing High School,School,,Pass,820,279
debt_exclusion,333,Weston,2000,1996-05-11,Lay And Relay Water Mains,Public Works and Facilities,,Pass,808,261
debt_exclusion,333,Weston,2000,1996-05-11,Install Computers And Software For Town,General Operating,,Pass,788,292
debt_exclusion,039,Boylston,2000,1996-05-13,Purchase-Renovate Use Property -Digital,General Operating,,Pass,281,39
capital_exclusion,092,Essex,1997,1996-05-13,Purchase Utility Tractor,PUBLIC WORKS & FACILITIES,32000,Fail,357,538
capital_exclusion,092,Essex,1997,1996-05-13,Purchase Sander-Plow For Dpw,PUBLIC WORKS & FACILITIES,10000,Pass,489,418
debt_exclusion,150,Lee,2000,1996-05-13,Installation Of Computer Lab,School,,Pass,876,756
debt_exclusion,166,Manchester By The Sea,2000,1996-05-13,Design & Construct Upgrade Wastewater,Public Works and Facilities,,Pass,786,407
debt_exclusion,077,Douglas,2000,1996-05-14,Reconstruct Education Facility,School,,Pass,527,496
debt_exclusion,090,Egremont,1998,1996-05-14,Backhoe For Highway Department,Public Works and Facilities,,Pass,232,121
debt_exclusion,090,Egremont,2000,1996-05-14,Capital Costs Of Capping The Landfill,Public Works and Facilities,,Pass,260,86
debt_exclusion,205,Newbury,2000,1996-05-14,Const. Landfill-Landfill Mining,Public Works and Facilities,,Pass,987,604
capital_exclusion,254,Rowley,1997,1996-05-14,Renovation Of Rowley Police Station,PUBLIC SAFETY,12500,Fail,293,585
capital_exclusion,254,Rowley,1997,1996-05-14,Firearms For Police Dept.,PUBLIC SAFETY,10080,Fail,323,549
capital_exclusion,254,Rowley,1997,1996-05-14,Replace Storage Garage At Highway Dept.,PUBLIC WORKS & FACILITIES,15000,Pass,473,391
capital_exclusion,254,Rowley,1997,1996-05-14,Repowering Rescue Patrol Boat,PUBLIC SAFETY,10000,Fail,272,596
capital_exclusion,254,Rowley,1997,1996-05-14,Police Officers Uniforms,PUBLIC SAFETY,13490,Fail,289,584
debt_exclusion,269,Sherborn,2000,1996-05-14,Public Workks Equipment,Public Works and Facilities,,Pass,452,140
debt_exclusion,119,Hamilton,1997,1996-05-16,Joint Lib Bldg Const. Hamilton-Wenham,Culture and Recreation,,Pass,984,461
capital_exclusion,119,Hamilton,1997,1996-05-16,Street Improvements,PUBLIC WORKS & FACILITIES,188000,Pass,960,451
debt_exclusion,320,Wenham,1998,1996-05-16,Plan-Destryct-Design Library,Culture and Recreation,,Pass,309,54
debt_exclusion,022,Becket,1999,1996-05-18,Purchase Fire Truck,Public Safety,,Pass,121,82
debt_exclusion,123,Hanson,2000,1996-05-18,Reconstruct And Equiop New Middle School,School,,Pass,785,454
debt_exclusion,115,Groton,2000,1996-05-20,Land At 163 Main Street -West Groton,General Government,,Pass,702,304
debt_exclusion,115,Groton,2000,1996-05-20,Pumper Truck For Fire Department,Public Safety,,Pass,703,305
debt_exclusion,184,Middleton,2000,1996-05-20,Capping Of Landfill,Public Works and Facilities,,Pass,278,230
debt_exclusion,288,Sudbury,2000,1996-05-20,Remodel And Equip School,School,,Pass,1415,819
debt_exclusion,006,Alford,1999,1996-05-21,Purchase New Fire Truck,Public Safety,,Pass,27,2
capital_exclusion,038,Boxford,1997,1996-05-21,Recycling Center,PUBLIC WORKS & FACILITIES,25000,Pass,614,600
capital_exclusion,038,Boxford,1997,1996-05-21,Purchase One Ton Gvw Cab And Chassis,PUBLIC WORKS & FACILITIES,30000,Pass,638,553
capital_exclusion,038,Boxford,1997,1996-05-21,Funding Computer Equip. For Elem.School,SCHOOL,87090,Pass,726,514
debt_exclusion,051,Carlisle,2000,1996-05-21,Repair Septic System At Public Schools,School,,Pass,516,133
debt_exclusion,051,Carlisle,2000,1996-05-21,Equip-Construct-Site Prepare New Twn Hal,General Government,,Pass,445,197
debt_exclusion,051,Carlisle,2000,1996-05-21,Equip-Const.Public Schools,School,,Pass,405,237
debt_exclusion,051,Carlisle,2000,1996-05-21,Replace Roof And Floor Tile-Spalding Pro,General Government,,Pass,375,219
debt_exclusion,086,Eastham,2001,1996-05-21,Final Capping Of Eastham Town Landfill,Public Works and Facilities,,Pass,935,274
debt_exclusion,096,Falmouth,2000,1996-05-21,Parcels Of Land,General Government,,Pass,3636,1500
capital_exclusion,096,Falmouth,1997,1996-05-21,Const. Odor Control Facil. At Plant,PUBLIC WORKS & FACILITIES,300000,Pass,2801,2147
capital_exclusion,096,Falmouth,1997,1996-05-21,Const. And Design Crooked Pond Well,PUBLIC WORKS & FACILITIES,900000,Pass,2880,2060
debt_exclusion,127,Hatfield,2007,1996-05-21,Bridge Street Sewer,Public Works and Facilities,,Fail,206,348
debt_exclusion,127,Hatfield,2007,1996-05-21,Bridge Street Road Upgrade,Public Works and Facilities,,Fail,219,335
debt_exclusion,127,Hatfield,2007,1996-05-21,Library Addition,Culture and Recreation,,Fail,181,375
debt_exclusion,136,Holliston,1999,1996-05-21,Design & Const. Water Sewer,Public Works and Facilities,,Pass,1975,632
capital_exclusion,300,Truro,1997,1996-05-21,Dpw Trailer And Roll-Off Hoist,PUBLIC WORKS & FACILITIES,45000,Pass,169,101
capital_exclusion,200,New Ashford,1997,1996-05-23,New Ashford School House Restoration Pgt,GENERAL GOVERNMENT,5000,Pass,49,43
capital_exclusion,327,West Tisbury,1997,1996-05-23,Purchase 4x4 For Police Department,PUBLIC SAFETY,26000,Fail,268,360
capital_exclusion,327,West Tisbury,1997,1996-05-23,Purchase New Fire Truck,PUBLIC SAFETY,30000,Pass,374,264
capital_exclusion,327,West Tisbury,1997,1996-05-23,Prepare A Final Landfill Closer Plan,PUBLIC WORKS & FACILITIES,71486,Pass,379,248
debt_exclusion,154,Leverett,2000,1996-06-01,Close Landfill-Construct Cap-Services,Public Works and Facilities,,Pass,73,24
capital_exclusion,154,Leverett,1997,1996-06-01,Four-Wheel Drive Police Vehicle,PUBLIC SAFETY,18539,Pass,66,31
debt_exclusion,331,Westhampton,2000,1996-06-01,Purchase Truck For Highway Department,Public Works and Facilities,,Pass,111,77
debt_exclusion,175,Medfield,2000,1996-06-03,Renovating And Expanding Public Library,Culture and Recreation,,Pass,553,96
debt_exclusion,282,Sterling,2000,1996-06-03,Pumper Engine And Equip. For Fire Dept.,Public Safety,,Pass,606,529
capital_exclusion,282,Sterling,1997,1996-06-03,Replace Underground Oil Tank At School,SCHOOL,50000,Pass,728,393
capital_exclusion,282,Sterling,1997,1996-06-03,Breathing Equipment For Fire Department,PUBLIC SAFETY,55000,Pass,751,394
debt_exclusion,152,Lenox,1997,1996-06-10,Renovations To Lenox High School,School,,Pass,888,295
debt_exclusion,168,Marblehead,1998,1996-06-10,Surface Drain Construction,Public Works and Facilities,,Pass,3666,2363
debt_exclusion,168,Marblehead,2000,1996-06-10,Repair-Construct-Equip School Bldgs.,School,,Pass,3538,2530
debt_exclusion,168,Marblehead,2000,1996-06-10,Equipment For Fire Department,Public Safety,,Pass,3454,2594
debt_exclusion,168,Marblehead,2000,1996-06-10,Computer Equipment For School Dept.,School,,Pass,3394,2671
debt_exclusion,173,Mattapoisett,1998,1996-06-11,Rehabilitating 600 Feet Of Sewer Main,Public Works and Facilities,,Pass,267,166
debt_exclusion,173,Mattapoisett,2000,1996-06-11,Sewer Main Extension,Public Works and Facilities,,Pass,234,199
debt_exclusion,050,Canton,1998,1996-06-13,Purchase Parcel Of Land,General Government,,Pass,812,782
debt_exclusion,050,Canton,2008,1996-06-13,Purchase Parcel Of Land Adjacent To The Public Admin. Bldg,General Government,,Pass,841,804
debt_exclusion,033,Blandford,2000,1996-06-14,New Fire Truck,Public Safety,,Pass,133,31
debt_exclusion,126,Harwich,1999,1996-06-17,Fund Road Work,Public Works and Facilities,,Pass,1779,590
debt_exclusion,126,Harwich,1999,1996-06-17,Filter Facility For Elem. And Middle Sch,School,,Pass,1576,751
debt_exclusion,126,Harwich,2000,1996-06-17,Construct Addition To Library,Culture and Recreation,,Pass,1525,881
debt_exclusion,126,Harwich,2000,1996-06-17,Replace Old Pilings At Marina,Public Works and Facilities,,Pass,1323,1046
debt_exclusion,126,Harwich,2000,1996-06-17,Improve Allen Harbor Breakwater,Public Works and Facilities,,Pass,1295,1074
debt_exclusion,126,Harwich,2000,1996-06-17,Purchase Loader For Highway Department,Public Works and Facilities,,Pass,1255,1081
capital_exclusion,126,Harwich,1997,1996-06-17,Constructing Restroom Facility At Beach,CULTURE AND RECREATION,40000,Pass,1213,1077
capital_exclusion,126,Harwich,1997,1996-06-17,Const.Well At Brooks Park,CULTURE AND RECREATION,53000,Pass,1242,1034
debt_exclusion,139,Hopkinton,1999,1996-06-17,Reconst.-Equip-Const. Fire Dept.Headquar,Public Safety,,Pass,493,219
debt_exclusion,139,Hopkinton,2000,1996-06-17,Equip-Const.New Elementary School,School,,Pass,460,250
debt_exclusion,204,New Salem,2000,1996-06-17,Landfill Capping,Public Works and Facilities,,Pass,87,69
debt_exclusion,286,Stow,1997,1996-06-17,Purchase Shelbure Farm Property,General Government,,Pass,284,120
debt_exclusion,011,Ashburnham,2000,1996-06-18,Purchase And Equipt Fire Truck,Public Safety,,Pass,451,439
capital_exclusion,011,Ashburnham,1997,1996-06-18,Repairs In Vms Building,GENERAL GOVERNMENT,31700,Fail,314,574
capital_exclusion,011,Ashburnham,1997,1996-06-18,Design And Constr. Handicap Asses-Twnhall,GENERAL OPERATING,100000,Fail,324,563
capital_exclusion,011,Ashburnham,1997,1996-06-18,Improvements To Oakmont Reg.High School,SCHOOL,116889,Fail,338,547
capital_exclusion,011,Ashburnham,1997,1996-06-18,Landfill Closure,PUBLIC WORKS & FACILITIES,65000,Fail,342,539
capital_exclusion,011,Ashburnham,1997,1996-06-18,Reconstructing Town Roads,GENERAL GOVERNMENT,100000,Fail,438,452
capital_exclusion,011,Ashburnham,1997,1996-06-18,Construct Addition To Highway Garage,PUBLIC WORKS & FACILITIES,75000,Fail,204,680
capital_exclusion,011,Ashburnham,1997,1996-06-18,Ceme/Parks Tractor,PUBLIC WORKS & FACILITIES,10000,Fail,232,657
capital_exclusion,011,Ashburnham,1997,1996-06-18,Renovations And Repairs In Vms Building,GENERAL GOVERNMENT,68300,Fail,265,624
debt_exclusion,321,West Boylston,2000,1996-06-18,Remodel Library,Culture and Recreation,,Pass,354,159
debt_exclusion,129,Hawley,2000,1996-06-20,Equip-Const.Reconst.Hawlemont Reg.Sch.,School,,Pass,30,17
capital_exclusion,313,Washington,1997,1996-06-22,Snow Plow For Truck,PUBLIC WORKS & FACILITIES,3800,Pass,29,9
debt_exclusion,235,Phillipston,2000,1996-07-25,School Expenditures,School,,Pass,200,89
capital_exclusion,196,Nahant,1997,1996-08-10,Fire Department Apparatus,PUBLIC SAFETY,20000,Pass,688,478
capital_exclusion,047,Buckland,1997,1996-09-10,Voting Machine,GENERAL OPERATING,6200,Fail,88,96
debt_exclusion,231,Pembroke,2000,1996-10-26,Equip And Construct New Library,Culture and Recreation,,Pass,1322,522
debt_exclusion,144,Ipswich,2000,1996-10-28,Design-Survey-Const.New Middle School,School,,Pass,1996,1593
debt_exclusion,298,Topsfield,2000,1996-10-30,Renovate Town Library Building,Culture and Recreation,,Pass,458,157
debt_exclusion,228,Paxton,1999,1996-11-03,Renovations To Paxton Center School,School,,Pass,354,266
debt_exclusion,027,Berkley,2000,1996-11-05,Design-Equip-Construct Pub. Safety Facil,Public Safety,,Pass,1300,923
debt_exclusion,027,Berkley,2001,1996-11-05,Design-Equip-Construct New School,School,,Pass,1186,1063
debt_exclusion,087,Easthampton,2001,1996-11-05,Public Safety Facility,Public Works and Facilities,,Pass,4265,2885
debt_exclusion,199,Needham,2000,1996-11-05,Repairs To Newman School,School,,Pass,8682,6565
debt_exclusion,208,Norfolk,2000,1996-11-05,Purchase  Ladder Truck,Public Safety,,Pass,2182,1737
debt_exclusion,214,Northampton,2000,1996-11-05,Build A New Fire Station,Public Safety,,Pass,7407,5825
debt_exclusion,247,Rehoboth,2000,1996-11-05,Equipt. Additions To Middle School,School,,Pass,2545,1720
debt_exclusion,255,Royalston,2002,1996-11-05,Purchase Land For Construction Of Middle School,School,,Pass,247,222
debt_exclusion,262,Saugus,2008,1996-11-05,Safety Building,Public Safety,,Pass,4265,2885
debt_exclusion,280,Spencer,2000,1996-11-05,Bring Schools Up To Date-Disability Act,School,,Pass,2296,1946
debt_exclusion,299,Townsend,1999,1996-11-05,Purchase Farmland,General Government,,Pass,2225,1466
capital_exclusion,327,West Tisbury,1997,1996-11-05,Purchse Emergency Generator,PUBLIC SAFETY,20000,Pass,762,498
capital_exclusion,327,West Tisbury,1997,1996-11-05,Purchase A New Police Crusier,PUBLIC SAFETY,24940,Fail,552,710
debt_exclusion,341,Williamstown,2000,1996-11-05,Construct Public Works Garage,Public Works and Facilities,,Pass,2330,1148
debt_exclusion,148,Lanesborough,1998,1996-11-19,Repairs And Reconst. Elem. School,School,,Pass,431,189
debt_exclusion,213,North Reading,2000,1996-11-19,Construct And Repair Middle School,School,,Pass,1539,766
debt_exclusion,282,Sterling,2000,1996-11-20,Repairs To Schools,School,,Pass,761,393
debt_exclusion,300,Truro,2000,1996-11-20,Design Services For New Public Library,Culture and Recreation,,Pass,282,183
debt_exclusion,300,Truro,2000,1996-11-20,Adding Classrooms To Central School,School,,Pass,264,196
debt_exclusion,175,Medfield,1999,1996-12-02,Constructing Collector Sewers-Phase 1,Public Works and Facilities,,Pass,474,270
debt_exclusion,055,Chatham,2000,1996-12-03,Taking Plan Of Golf Course At Inn,Culture and Recreation,,Pass,642,286
debt_exclusion,219,Norwell,2000,1996-12-14,Land And Houses Donovans Property,Culture and Recreation,,Pass,1324,694
debt_exclusion,158,Littleton,1998,1996-12-17,Parcels Of Land- Frost/Whitcomb Property,General Government,,Pass,599,558
debt_exclusion,089,Edgartown,2000,1996-12-19,Purchase Land - Marine Issue,Public Works and Facilities,,Pass,263,33
debt_exclusion,147,Lancaster,2000,1997-01-06,Renovation To Library,Culture and Recreation,,Pass,698,422
debt_exclusion,303,Upton,2000,1997-01-07,Fund Engin.Design Services For Upgrade,Public Works and Facilities,,Pass,267,181
debt_exclusion,286,Stow,2000,1997-02-01,Renovate And Expand Hale Middle School,School,,Pass,509,293
debt_exclusion,182,Middleborough,1999,1997-02-08,Const. And Equip New Middle School,School,,Pass,1257,741
debt_exclusion,027,Berkley,2000,1997-02-24,Additions To Berkley School,School,,Pass,704,674
debt_exclusion,177,Medway,1999,1997-03-01,Addition To Public Library,Culture and Recreation,,Pass,770,747
debt_exclusion,102,Freetown,1998,1997-03-03,Order Pumper For Fire Department,Public Safety,,Pass,611,531
debt_exclusion,102,Freetown,1998,1997-03-03,Make Improvements And Upgrades-School,School,,Pass,652,496
debt_exclusion,082,Duxbury,2008,1997-03-08,Community Septic System Management,Public Works and Facilities,,Pass,210,67
debt_exclusion,295,Tewksbury,2000,1997-03-08,Const.-Equip-New Elementary Sch.Bldg.,School,,Pass,2039,1563
debt_exclusion,334,Westport,2000,1997-03-10,Cap And Close Landfill And Procure Desig,Public Works and Facilities,,Pass,1013,990
debt_exclusion,134,Holden,1999,1997-03-24,Const. New Elem.School On Bullard Street,School,,Pass,2752,2040
debt_exclusion,134,Holden,2000,1997-03-24,Repair Mtview School,School,,Pass,3127,1693
debt_exclusion,264,Scituate,2000,1997-03-29,Upgrade Treatment Plant,Public Works and Facilities,,Pass,2159,1367
debt_exclusion,015,Athol,2001,1997-04-07,Const.-Equip Furnish New Middle School,School,,Pass,1415,1335
debt_exclusion,351,Yarmouth,2000,1997-04-07,Land-Watershed Protection And/Or Drainag,Public Works and Facilities,,Pass,1646,1566
capital_exclusion,351,Yarmouth,1998,1997-04-07,Bass Hole Pavil.& Engineer.-Dredging,PUBLIC WORKS & FACILITIES,60000,Fail,1492,1760
capital_exclusion,351,Yarmouth,1998,1997-04-07,Packet Landing Marina Replace And Upgrad,PUBLIC WORKS & FACILITIES,90000,Fail,1112,2109
capital_exclusion,351,Yarmouth,1998,1997-04-07,Const. Bathhouse And Concession At Beach,CULTURE AND RECREATION,275000,Fail,1446,1841
capital_exclusion,125,Harvard,1998,1997-04-08,Computer Equipment For Bromfield Sch.Lib,CULTURE AND RECREATION,40000,Pass,738,240
capital_exclusion,125,Harvard,1998,1997-04-08,Repairs To Various Public Buildings,GENERAL OPERATING,62000,Pass,711,253
capital_exclusion,125,Harvard,1998,1997-04-08,Highway Dept. 1 Ton Pick Up Truck,PUBLIC WORKS & FACILITIES,31000,Pass,547,395
capital_exclusion,125,Harvard,1998,1997-04-08,Purchase Highway Dept. Dump Truck,PUBLIC WORKS & FACILITIES,94200,Pass,533,420
debt_exclusion,244,Randolph,2000,1997-04-09,Addit. And Remodel North School,School,,Pass,2828,2727
debt_exclusion,244,Randolph,2000,1997-04-09,Drainage Improvements,Public Works and Facilities,,Pass,2779,2748
debt_exclusion,244,Randolph,2000,1997-04-09,Repair Roofs To Elem. And Secondary Sch.,School,,Pass,3119,2479
debt_exclusion,244,Randolph,2000,1997-04-09,Remodel And Equip Fire Station,Public Safety,,Pass,3168,2419
debt_exclusion,244,Randolph,2000,1997-04-09,Replace Water Mains,Public Works and Facilities,,Pass,3001,2501
debt_exclusion,089,Edgartown,2000,1997-04-10,Repair Roof-Main Street Parking Loct,General Operating,,Pass,340,222
capital_exclusion,089,Edgartown,1998,1997-04-10,Repair Sidewalks And Clean Catch Basins,PUBLIC WORKS & FACILITIES,63000,Pass,409,194
capital_exclusion,089,Edgartown,1998,1997-04-10,Repair Pavements By Infra-Heat-Method,PUBLIC WORKS & FACILITIES,30000,Pass,408,188
capital_exclusion,089,Edgartown,1998,1997-04-10,Resurface Certain Town Streets,PUBLIC WORKS & FACILITIES,140000,Pass,395,205
capital_exclusion,089,Edgartown,1998,1997-04-10,Improving Town Hall Computer System,GENERAL OPERATING,30000,Pass,388,205
capital_exclusion,089,Edgartown,1998,1997-04-10,Pickup Truck And Snow Plow -Highway Dept,PUBLIC WORKS & FACILITIES,25000,Pass,316,277
capital_exclusion,089,Edgartown,1998,1997-04-10,Pave Seventh Street North,PUBLIC WORKS & FACILITIES,92000,Fail,126,456
capital_exclusion,089,Edgartown,1998,1997-04-10,Replace Town Owned Transient Moorings,GENERAL OPERATING,25000,Pass,414,174
capital_exclusion,327,West Tisbury,1998,1997-04-10,Oper.Budget For Reg.Housing Authority,GENERAL OPERATING,9310,Pass,319,212
capital_exclusion,327,West Tisbury,1998,1997-04-10,Tanker Truck For Fire Dept.,PUBLIC SAFETY,30000,Pass,317,216
capital_exclusion,327,West Tisbury,1998,1997-04-10,Vehile For Police Dept.,PUBLIC SAFETY,26000,Pass,310,229
capital_exclusion,327,West Tisbury,1998,1997-04-10,New Vehicle For Police Dept.,PUBLIC SAFETY,26000,Pass,364,176
debt_exclusion,083,East Bridgewater,2000,1997-04-12,Fund Closure Of Remediation Costs,General Government,,Pass,1058,930
debt_exclusion,083,East Bridgewater,2001,1997-04-12,Purchase Parcel Of Land,General Government,,Pass,1096,905
debt_exclusion,251,Rockland,2003,1997-04-12,Capping And Closing Of Sanitary Landfill,Public Works and Facilities,,Fail,783,785
debt_exclusion,251,Rockland,2003,1997-04-12,Underground Fuel-School Repairs-Town Hall Repairs-Highway Bldg,General Operating,,Fail,705,859
capital_exclusion,089,Edgartown,1998,1997-04-17,Purchase Dredge And Related Equipment,PUBLIC WORKS & FACILITIES,50000,Pass,433,164
debt_exclusion,342,Wilmington,2000,1997-04-19,Const. New Mid.School And Public.Saf.Bldg,School,,Pass,2123,2008
capital_exclusion,062,Chilmark,1998,1997-04-28,Purchase Fire Engine,PUBLIC SAFETY,175000,Pass,327,115
debt_exclusion,131,Hingham,2000,1997-04-28,Addit. And Renova. To High And Elem.Sch.,School,,Pass,619,35
debt_exclusion,335,Westwood,2002,1997-04-28,Construct Gymnasium To Middle School,School,,Pass,2150,1983
debt_exclusion,335,Westwood,2002,1997-04-28,Const. And Equip Addition To Middle Sch.,School,,Pass,2223,1928
debt_exclusion,169,Marion,2000,1997-05-02,Pumper For Fire Dept.,Public Safety,,Pass,634,304
debt_exclusion,169,Marion,2002,1997-05-02,Repairs To Junior High School,School,,Pass,678,285
debt_exclusion,169,Marion,2002,1997-05-02,Renovting And Repairing To District High School,School,,Pass,569,386
debt_exclusion,065,Cohasset,2000,1997-05-03,Design-Const. Staraits/Pond Hull Street,Public Works and Facilities,,Pass,1325,1269
debt_exclusion,053,Charlemont,2000,1997-05-05,Reconst.-Equip. Const.Hawlmont Reg.Sch.,School,,Pass,128,115
capital_exclusion,116,Groveland,1998,1997-05-05,Road Improvment Projects,PUBLIC WORKS & FACILITIES,190000,Pass,342,209
debt_exclusion,187,Millis,2000,1997-05-06,Cap Island Road Sanitary Landfill,Public Works and Facilities,,Pass,541,511
capital_exclusion,208,Norfolk,1998,1997-05-06,Construct Senior Center,CULTURE AND RECREATION,50000,Pass,258,254
capital_exclusion,208,Norfolk,1998,1997-05-06,Equip Ladder Truck,PUBLIC SAFETY,11000,Pass,271,232
debt_exclusion,210,North Andover,2000,1997-05-06,"Construct,Equip New Elem.School",School,,Pass,2313,2250
debt_exclusion,266,Sharon,1999,1997-05-06,Equip And Remodel High School,School,,Pass,2588,1575
debt_exclusion,330,Westford,2001,1997-05-06,School Addition,School,,Pass,2076,1377
debt_exclusion,330,Westford,2001,1997-05-06,Construct Police Station,Public Safety,,Pass,1870,1561
debt_exclusion,298,Topsfield,2000,1997-05-08,Masconomet Rsd - School Plans,School,,Pass,569,520
debt_exclusion,298,Topsfield,2000,1997-05-08,"School Design, Renovation,Expansion",School,,Pass,657,441
debt_exclusion,122,Hanover,2000,1997-05-10,Construct New Town Police Station,Public Safety,,Pass,1667,1589
debt_exclusion,145,Kingston,2000,1997-05-10,Remodel-Construct-Equip. Elem. School,School,,Pass,1462,606
debt_exclusion,162,Lunenburg,2000,1997-05-10,Parcel Of Land,General Government,,Pass,745,523
debt_exclusion,333,Weston,2000,1997-05-10,Lay And Relay Water Mains,Public Works and Facilities,,Pass,1007,601
debt_exclusion,333,Weston,2000,1997-05-10,Equip And Furnish Middle School,School,,Pass,909,755
capital_exclusion,203,New Marlborough,1998,1997-05-12,Placing Of Dry Hydrants In Town,PUBLIC SAFETY,5000,Pass,291,91
capital_exclusion,203,New Marlborough,1998,1997-05-12,Reshingle Roof On Fire House,PUBLIC SAFETY,7000,Pass,258,123
debt_exclusion,215,Northborough,2000,1997-05-12,Building Known As Zeh Elementary School,School,,Pass,924,528
debt_exclusion,345,Windsor,2000,1997-05-12,Purchase New Fire Truck For Volunteer Fd,Public Safety,,Pass,130,32
debt_exclusion,002,Acton,2000,1997-05-13,Acquire Land For General Operating Exp.,General Operating,,Pass,1735,530
debt_exclusion,002,Acton,2001,1997-05-13,Repair And Equip Selected Town Schools,School,,Pass,1527,729
debt_exclusion,077,Douglas,1999,1997-05-13,Build And Equip Emerg. Med. Station,Public Safety,,Pass,974,415
capital_exclusion,077,Douglas,1998,1997-05-13,New Fire Engine,PUBLIC SAFETY,150000,Pass,996,387
debt_exclusion,203,New Marlborough,1998,1997-05-13,New Cruiser For Police Department,Public Safety,,Pass,281,211
debt_exclusion,254,Rowley,2000,1997-05-13,Reconstruct And Add To Reg. High School,School,,Pass,680,469
debt_exclusion,269,Sherborn,1998,1997-05-13,Addit.To Sch.-Pw Equipment-Purchase Land,General Operating,,Pass,355,47
capital_exclusion,119,Hamilton,1998,1997-05-15,Street Improvements - 10 Year Plan,PUBLIC WORKS & FACILITIES,188000,Pass,257,112
capital_exclusion,022,Becket,1998,1997-05-17,Purchase Pick-Up Truck For Highway Dept.,PUBLIC WORKS & FACILITIES,26374,Fail,92,133
debt_exclusion,288,Sudbury,2000,1997-05-17,Const. And Equip Middle School,School,,Pass,2636,2202
debt_exclusion,078,Dover,2000,1997-05-19,Water Capacity-Treatmt Of Septage,Public Works and Facilities,,Pass,945,192
debt_exclusion,078,Dover,2000,1997-05-19,Cons. Purpose-Parcel Of Land,General Government,,Pass,885,268
debt_exclusion,078,Dover,2000,1997-05-19,New Garage Facility At Dedham Street,General Government,,Pass,953,209
debt_exclusion,081,Dunstable,1998,1997-05-19,Cap Landfill For Construction Of Library,Culture and Recreation,,Pass,98,68
debt_exclusion,081,Dunstable,2000,1997-05-19,Construct New Library,Culture and Recreation,,Pass,101,64
debt_exclusion,115,Groton,2008,1997-05-19,Town Hall Renovations,General Government,,Pass,1168,695
debt_exclusion,288,Sudbury,2000,1997-05-19,Make Repairs To Fire Station,Public Safety,,Pass,2658,2146
debt_exclusion,038,Boxford,2000,1997-05-20,Land For Conservation Purposes,General Government,,Pass,843,754
capital_exclusion,038,Boxford,1998,1997-05-20,Jaws Extraction Tool For Fire Dept.,PUBLIC SAFETY,11400,Pass,1247,357
capital_exclusion,038,Boxford,1998,1997-05-20,Purchase A Police Cruiser,PUBLIC SAFETY,24725,Pass,1000,635
capital_exclusion,038,Boxford,1998,1997-05-20,Computer Equip For School,SCHOOL,127000,Pass,932,688
capital_exclusion,038,Boxford,1998,1997-05-20,Replace 17 Scba'S For Fire Department,PUBLIC SAFETY,33700,Pass,1249,355
capital_exclusion,038,Boxford,1998,1997-05-20,Fund Road Maintenance,PUBLIC WORKS & FACILITIES,100000,Pass,906,715
debt_exclusion,075,Dennis,2000,1997-05-20,Pay Cost For Land Acquis. Legal - Title,Public Works and Facilities,,Pass,1171,926
debt_exclusion,096,Falmouth,2000,1997-05-20,Lay Out Water Mains,Public Works and Facilities,,Pass,3867,3300
debt_exclusion,096,Falmouth,2000,1997-05-20,Renov. & Reconst. Upper Cape Reg.School,School,,Pass,4059,3215
capital_exclusion,096,Falmouth,1998,1997-05-20,Resurface Town Roads,PUBLIC WORKS & FACILITIES,300000,Pass,3746,3604
debt_exclusion,136,Holliston,2000,1997-05-20,Architect Services -Addit School Buildgs,School,,Pass,1733,850
debt_exclusion,300,Truro,1998,1997-05-20,Arch. Design And Devel. Plan -Town Hall,General Operating,,Pass,307,198
debt_exclusion,300,Truro,2000,1997-05-20,Fire Engine Pumper,Public Safety,,Pass,276,229
debt_exclusion,300,Truro,2000,1997-05-20,Engin. Plans And Const. Cap-Remed. Landf,Public Works and Facilities,,Pass,371,133
capital_exclusion,300,Truro,1998,1997-05-20,Dpw Dump Truck,PUBLIC WORKS & FACILITIES,36000,Pass,262,242
capital_exclusion,300,Truro,1998,1997-05-20,Repair Town Hall Roofs,GENERAL OPERATING,16000,Pass,362,146
capital_exclusion,300,Truro,1998,1997-05-20,Install New Fire Hydrant-Providence Wtr,PUBLIC WORKS & FACILITIES,2500,Pass,356,149
debt_exclusion,096,Falmouth,1999,1997-05-28,"Renov. & Recibst, Upper Cape Reg. School",School,,Pass,4059,3215
debt_exclusion,197,Nantucket,2000,1997-05-29,Nantucket Island Land Bank Fund,General Government,,Pass,879,756
debt_exclusion,282,Sterling,2000,1997-06-02,Purchase Track Packer,Public Works and Facilities,,Pass,589,274
debt_exclusion,168,Marblehead,2000,1997-06-09,Remodeling Of Several Town Schools,School,,Pass,1797,1702
capital_exclusion,168,Marblehead,1998,1997-06-09,Improvements To Skateboard Park,CULTURE AND RECREATION,20000,Fail,941,2550
debt_exclusion,175,Medfield,2000,1997-06-10,Constructing Sewers,Public Works and Facilities,,Pass,277,126
debt_exclusion,011,Ashburnham,2000,1997-06-17,Close And Cap Existing Landfill,Public Works and Facilities,,Pass,321,171
capital_exclusion,011,Ashburnham,1998,1997-06-17,Consultant And Planner For Schools,SCHOOL,29192,Fail,229,267
capital_exclusion,011,Ashburnham,1998,1997-06-17,Consultant For Ndac,GENERAL GOVERNMENT,15000,Fail,181,306
capital_exclusion,011,Ashburnham,1998,1997-06-17,Refurbish  Truck For Fire Department,PUBLIC SAFETY,15000,Fail,243,247
capital_exclusion,011,Ashburnham,1998,1997-06-17,Wing Attachment For Snow Removal Grader,PUBLIC WORKS & FACILITIES,17000,Fail,228,263
capital_exclusion,011,Ashburnham,1998,1997-06-17,Install Fire Alarm Panel,PUBLIC SAFETY,14500,Fail,221,270
capital_exclusion,011,Ashburnham,1998,1997-06-17,General Operating Expenditures,GENERAL OPERATING,15000,Fail,171,319
capital_exclusion,011,Ashburnham,1998,1997-06-17,Architect Expenses For Handicap Asses-Th,GENERAL GOVERNMENT,100000,Pass,259,232
capital_exclusion,011,Ashburnham,1998,1997-06-17,Reconstructing Town Roads,PUBLIC WORKS & FACILITIES,100000,Pass,282,209
capital_exclusion,011,Ashburnham,1998,1997-06-17,Const. Addition To Highway Garage,PUBLIC WORKS & FACILITIES,90000,Fail,166,326
debt_exclusion,047,Buckland,2000,1997-06-17,Caping And Closing Land Fill,Public Works and Facilities,,Pass,54,8
debt_exclusion,050,Canton,2000,1997-06-17,Fund 5 Year Technol.Plan For School Dept,School,,Pass,2138,1647
debt_exclusion,050,Canton,2000,1997-06-17,Remodel-Landscape-Repair School Bldg.,School,,Pass,2232,1558
debt_exclusion,050,Canton,2000,1997-06-17,Remodel And Reconst. School Bldg.,School,,Pass,2318,1505
debt_exclusion,050,Canton,2000,1997-06-17,Repairs And Equipment For Elemen. School,School,,Pass,2449,1341
debt_exclusion,050,Canton,2000,1997-06-17,Purchase Parcel Of Land,General Government,,Pass,2364,1505
capital_exclusion,050,Canton,1998,1997-06-17,Repairs To School Building,SCHOOL,500000,Pass,2271,1554
debt_exclusion,173,Mattapoisett,2002,1997-06-17,Remodel And Reconstruct Regional And Junior High School,School,,Pass,297,251
capital_exclusion,173,Mattapoisett,1998,1997-06-17,Purchase Unmarked Police Cruiser,PUBLIC SAFETY,22000,Fail,159,387
capital_exclusion,173,Mattapoisett,1998,1997-06-17,Purchase And Install Raft For Beach,CULTURE AND RECREATION,8500,Fail,236,312
capital_exclusion,173,Mattapoisett,1998,1997-06-17,Purchase And Equip A Fire Chiefs Car,PUBLIC SAFETY,23000,Pass,291,263
capital_exclusion,173,Mattapoisett,1998,1997-06-17,Purchase Scott Airpac Smoke Masks,PUBLIC SAFETY,19600,Pass,365,172
capital_exclusion,173,Mattapoisett,1998,1997-06-17,Purchase Defibrillator For Cardiac Emer.,PUBLIC SAFETY,15256,Pass,383,164
debt_exclusion,223,Orange,2000,1997-06-23,Purchase Pumper Truck For Fire Dept.,Public Safety,,Pass,123,122
debt_exclusion,126,Harwich,2000,1997-06-24,Construct Pumping Station,Public Works and Facilities,,Pass,1165,385
capital_exclusion,126,Harwich,1998,1997-06-24,Design And Prepare Bid Docu.For Com.Ctr.,CULTURE AND RECREATION,275000,Pass,1004,563
capital_exclusion,126,Harwich,1998,1997-06-24,Const.Wastewater Treat. System For Schoo,SCHOOL,323000,Pass,1086,468
debt_exclusion,251,Rockland,2000,1997-06-28,Capping And Closing Of Sanitary Landfill,Public Works and Facilities,,Pass,1037,574
capital_exclusion,069,Cummington,1998,1997-07-01,Roof Repairs - Municipal,GENERAL OPERATING,20000,Pass,91,47
capital_exclusion,120,Hampden,1998,1997-07-01,Pave Highway,PUBLIC WORKS & FACILITIES,110822,Pass,337,244
debt_exclusion,340,Williamsburg,2002,1997-07-14,Equipment For Highway Department,Public Safety,,Pass,215,150
debt_exclusion,340,Williamsburg,2002,1997-07-14,Equipment For Police Department,Public Safety,,Fail,154,211
debt_exclusion,340,Williamsburg,2002,1997-07-14,Equipment For Fire Department,Public Safety,,Pass,214,153
capital_exclusion,340,Williamsburg,1998,1997-07-14,Environ. Prot. (Capping And Wetlands),GENERAL GOVERNMENT,20000,Pass,218,147
debt_exclusion,343,Winchendon,2002,1997-07-14,Repairs And Improvement To Elem.School,School,,Pass,303,160
capital_exclusion,184,Middleton,1998,1997-07-22,Technology Equipment,SCHOOL,60919,Pass,429,269
capital_exclusion,331,Westhampton,1998,1997-07-28,Landfill Closure Expenses,PUBLIC WORKS & FACILITIES,17500,Pass,126,106
debt_exclusion,001,Abington,2001,1997-07-29,Ext. Sewer System - Phase Iii,Public Works and Facilities,,Pass,819,342
debt_exclusion,116,Groveland,2000,1997-07-31,Aerial Ladder Truck For Fire Department,Public Safety,,Pass,485,367
capital_exclusion,116,Groveland,1998,1997-07-31,Installing Modular Classrooms,SCHOOL,160000,Pass,496,356
debt_exclusion,294,Templeton,2002,1997-08-01,Mwpat Sewer Project,Public Works and Facilities,,Pass,278,165
capital_exclusion,250,Rochester,1998,1997-08-06,Purchasing Open Space,GENERAL GOVERNMENT,100000,Pass,361,336
debt_exclusion,294,Templeton,1998,1997-08-18,Complete Design And Const. Of Route 68,Public Works and Facilities,,Pass,278,165
debt_exclusion,089,Edgartown,2000,1997-09-25,Const. Of Solid Waste Landfill Cap,Public Works and Facilities,,Pass,123,37
debt_exclusion,089,Edgartown,2012,1997-09-25,Martha'S Vineyard Regional Refuse District,General Operating,,Pass,123,37
debt_exclusion,247,Rehoboth,2000,1997-10-06,Renovations And Addit. To Palmer Riv.Sch,School,,Pass,697,204
debt_exclusion,299,Townsend,2000,1997-10-21,Restoration-Renovation Of Memorial Hall,General Government,,Pass,207,193
debt_exclusion,231,Pembroke,2000,1997-11-01,Renovate And Remodel Hobomock Elem.Schoo,School,,Pass,1248,851
debt_exclusion,067,Concord,2000,1997-11-04,Purchase Land,General Government,,Pass,2131,854
debt_exclusion,206,Newburyport,2001,1997-11-04,Addition -Renovation To Library,Culture and Recreation,,Pass,3734,2462
debt_exclusion,259,Salisbury,2000,1997-11-07,Furnish New Elementary School,School,,Pass,831,525
debt_exclusion,307,Walpole,2000,1997-11-15,Purchase Adams Farm,General Operating,,Pass,3056,1992
debt_exclusion,309,Ware,2005,1997-11-17,Grant For Property To Be Used As A Senior Citizen Center And All Costs And Fees That Pertain,Culture and Recreation,,Fail,1067,1096
debt_exclusion,312,Warwick,2000,1997-11-17,Equip-Remodel-Repairs-Pio.Vall.Reg.Sch.,School,,Pass,134,69
debt_exclusion,038,Boxford,2000,1997-11-18,Masconomet Expansion,School,,Pass,1033,623
capital_exclusion,038,Boxford,1998,1997-11-18,New Gvw Cab And Chassis-Sander-Dpw,PUBLIC WORKS & FACILITIES,60000,Pass,1062,584
capital_exclusion,038,Boxford,1998,1997-11-18,Baseball/Soccer Field For Elem. School,SCHOOL,30000,Pass,944,703
debt_exclusion,184,Middleton,2000,1997-11-18,Fund Services For Dist.School Bldgs,School,,Pass,465,216
debt_exclusion,217,Northfield,2000,1997-11-18,Repairs-Remodel-Pioneer Valley Reg.Sch.,School,,Pass,432,229
debt_exclusion,330,Westford,2000,1997-11-18,Equip And Furnishing Of New Fire Substat,Public Safety,,Pass,2561,2464
debt_exclusion,330,Westford,2000,1997-11-18,Picking Land,General Government,,Pass,1414,463
debt_exclusion,261,Sandwich,2000,1997-11-20,Recons. And Remodel Sandwich High School,School,,Pass,2080,1701
debt_exclusion,051,Carlisle,2000,1997-12-02,Acquire Land,Public Works and Facilities,,Pass,442,104
debt_exclusion,349,Worthington,2000,1997-12-06,Obtain Prop.Owned By Moran Fam. Trust,General Government,,Pass,42,4
debt_exclusion,288,Sudbury,2000,1997-12-08,Acuire Land Known As Meachen-Meggs. Prop,General Government,,Pass,1492,930
debt_exclusion,259,Salisbury,2000,1997-12-09,Const.-Reconst.Equip  Tinton Reg. School,School,,Pass,721,517
debt_exclusion,284,Stoneham,2000,1997-12-09,Const.And Renovate Selected Schools,School,,Pass,1185,688
debt_exclusion,029,Bernardston,2002,1997-12-16,Reconstruction Bond Elementary School,School,,Pass,87,25
debt_exclusion,029,Bernardston,2002,1997-12-16,Reconstruction Bond Pioneer Regional School,School,,Pass,87,27
debt_exclusion,280,Spencer,2000,1998-01-05,Pumper And Equipment For Fire Dept.,Public Safety,,Pass,325,97
debt_exclusion,192,Montague,2002,1998-01-13,Center And Sheffield School Repairs,School,,Pass,184,83
debt_exclusion,192,Montague,2002,1998-01-13,Town Hall Repairs,General Government,,Pass,177,90
debt_exclusion,208,Norfolk,2000,1998-01-15,Const. And Addition To Olive Day School,School,,Pass,750,499
debt_exclusion,249,Richmond,2000,1998-01-27,Addit. And Remodel-Repair Richmond Schoo,School,,Pass,420,230
debt_exclusion,139,Hopkinton,2000,1998-02-09,Desig.& Const. And Plans Build New H.S.,School,,Pass,1078,1029
debt_exclusion,346,Winthrop,2002,1998-02-09,Equip And Furnish New Elem. School,School,,Pass,2851,2606
debt_exclusion,320,Wenham,2000,1998-02-15,Hamilton-Wenham Reg.Sch.Dist.Bldg.Projec,School,,Pass,606,162
debt_exclusion,317,Wellesley,2000,1998-03-03,School Const.-Equipment And Repairs,School,,Pass,4184,2973
debt_exclusion,010,Arlington,2000,1998-03-07,Const. And Remodel Schools,School,,Pass,8004,5539
debt_exclusion,339,Wilbraham,2000,1998-03-07,Const. And Equip Hampden-Wilbra.Reg.Sch.,School,,Pass,979,722
debt_exclusion,054,Charlton,2000,1998-03-14,Const. Of Sewer Systems And Dis.Faciliti,Public Works and Facilities,,Pass,706,506
debt_exclusion,338,Whitman,2000,1998-03-14,Equip And Const. Schools In Town,School,,Pass,893,693
debt_exclusion,085,East Longmeadow,2000,1998-03-20,Const.-Equip-Furnish New Middle School,School,,Pass,1306,1280
debt_exclusion,161,Ludlow,2001,1998-03-23,Const. And Equip Ludlow High School,School,,Pass,3416,2391
debt_exclusion,175,Medfield,2000,1998-03-30,Repairing School Roofs,School,,Pass,2330,785
debt_exclusion,175,Medfield,2008,1998-03-30,Designing And Constructing Collector Sewers And Laterals In Selected Town Streets,Public Works and Facilities,,Pass,1755,1268
debt_exclusion,125,Harvard,2000,1998-03-31,Develop Property For Recreation Purposes,Culture and Recreation,,Pass,728,682
debt_exclusion,125,Harvard,2001,1998-03-31,Upgrade Fuel Tanks At Pw Facility,Public Works and Facilities,,Pass,945,463
debt_exclusion,125,Harvard,2005,1998-03-31,Purchase And Install Town Wide Networked Computer System,General Government,,Pass,716,687
debt_exclusion,125,Harvard,2005,1998-03-31,Acquire Property For Conservation Purposes,General Government,,Pass,842,572
capital_exclusion,125,Harvard,1999,1998-03-31,Purchase New Fire Engine,PUBLIC SAFETY,265000,Pass,820,591
debt_exclusion,344,Winchester,2000,1998-03-31,Remodel-Reconst.Mccall Middle School,School,,Pass,2621,2273
capital_exclusion,288,Sudbury,2000,1998-04-05,Ladder Truck-Mower-Sweeper,GENERAL OPERATING,782500,Pass,1325,613
debt_exclusion,072,Dartmouth,2007,1998-04-06,"Constructing, Equipping And Furnishing A New High School",School,,Pass,2644,2605
debt_exclusion,238,Plainville,2000,1998-04-06,Const.Repair Schools,School,,Pass,956,375
debt_exclusion,275,South Hadley,2000,1998-04-06,Repairs To Middle And High School,School,,Pass,3142,1471
debt_exclusion,133,Holbrook,2008,1998-04-07,"Fund Design, Construction, Engineering, Etc Associated With Extenionsof Towns Sewerage System",Public Works and Facilities,,Pass,1052,817
debt_exclusion,062,Chilmark,2000,1998-04-08,Equip-Const. New Menemsha Schoolhouse,School,,Pass,332,80
debt_exclusion,072,Dartmouth,2000,1998-04-09,"Design Construct, Etc New High School",School,,Pass,2644,2605
debt_exclusion,251,Rockland,2001,1998-04-11,Purchase Arial Ladder For Fire Departmen,Public Safety,,Pass,1261,1033
debt_exclusion,018,Avon,2000,1998-04-13,Const. Of Corrosion Control-Town Wells,Public Works and Facilities,,Pass,1007,352
debt_exclusion,018,Avon,2000,1998-04-13,Construction Of New Water Main,General Operating,,Pass,978,386
debt_exclusion,096,Falmouth,2000,1998-04-13,Parcel Of Land For Open Space,General Government,,Pass,5837,1817
debt_exclusion,096,Falmouth,2000,1998-04-13,Parcel Of Land For Open Space,General Government,,Pass,5802,1983
debt_exclusion,096,Falmouth,2000,1998-04-13,Architectural Services-Sch.Const.Project,School,,Pass,5470,2271
debt_exclusion,199,Needham,2000,1998-04-13,Landfill,Public Works and Facilities,,Pass,1574,858
debt_exclusion,119,Hamilton,2000,1998-04-14,Construct Water Treatment Facilities,Public Works and Facilities,,Pass,650,302
debt_exclusion,089,Edgartown,2000,1998-04-16,Purchase Parcel Land On Main Street,General Government,,Pass,563,368
debt_exclusion,089,Edgartown,2000,1998-04-16,Upgrade Heating System In Edgartown Sch.,School,,Pass,650,298
debt_exclusion,089,Edgartown,2000,1998-04-16,Replace Windows In Edgartown School,School,,Pass,656,296
debt_exclusion,089,Edgartown,2000,1998-04-16,Closure And Const. Of Landfill Cap,Public Works and Facilities,,Pass,709,222
capital_exclusion,089,Edgartown,1999,1998-04-16,Lease-Purchase Dredge Equipment,PUBLIC WORKS & FACILITIES,100000,Pass,646,297
capital_exclusion,089,Edgartown,1999,1998-04-16,Purchase School Bus With Handicapp Lift,SCHOOL,55000,Pass,641,257
capital_exclusion,089,Edgartown,1999,1998-04-16,Repair And Clean Catch Basins,PUBLIC WORKS & FACILITIES,85000,Pass,617,323
capital_exclusion,089,Edgartown,1999,1998-04-16,"Repair-Concrete Cracks, Etc. Town Roads",PUBLIC WORKS & FACILITIES,45000,Pass,601,330
capital_exclusion,089,Edgartown,1999,1998-04-16,Resurface Town Roads,PUBLIC WORKS & FACILITIES,145000,Pass,585,354
capital_exclusion,089,Edgartown,1999,1998-04-16,Purchase New Police Cruiser,PUBLIC SAFETY,26000,Pass,498,442
capital_exclusion,089,Edgartown,1999,1998-04-16,Purchase Street Sweeper For Highway Dept,PUBLIC WORKS & FACILITIES,90000,Fail,391,539
capital_exclusion,327,West Tisbury,1999,1998-04-16,New Vehicle -Animal Control Officer,PUBLIC WORKS & FACILITIES,25000,Pass,475,184
capital_exclusion,327,West Tisbury,1999,1998-04-16,Stabilization Fund -New Tank Truck,GENERAL GOVERNMENT,30000,Pass,450,196
capital_exclusion,069,Cummington,1999,1998-04-25,Replace Bryant Free Library Septic Syste,PUBLIC WORKS & FACILITIES,10390,Pass,95,31
debt_exclusion,186,Millbury,2000,1998-04-28,Design And Const. Pumper Station,Public Works and Facilities,,Pass,1443,1226
debt_exclusion,186,Millbury,2000,1998-04-28,Equip-Const. Addit. To Public Library,Culture and Recreation,,Pass,1605,1125
debt_exclusion,186,Millbury,2000,1998-04-28,Renova. And Additon To Hs And Elmwood Sc,School,,Pass,1892,868
debt_exclusion,315,Wayland,2000,1998-04-28,"Construct,Design, Equip Publ Safety Bldg",Public Safety,,Pass,704,386
debt_exclusion,169,Marion,2000,1998-05-01,Hire Engineers And Archit. For School,School,,Pass,575,320
debt_exclusion,169,Marion,2001,1998-05-01,Hire Architecture For Plan And Des. Sch.,School,,Pass,577,312
capital_exclusion,169,Marion,1999,1998-05-01,Self-Contained Breathing Apparatus,PUBLIC SAFETY,65000,Pass,687,207
capital_exclusion,169,Marion,1999,1998-05-01,Town House Tennis Courts,CULTURE AND RECREATION,27000,Fail,410,480
capital_exclusion,169,Marion,1999,1998-05-01,Repair Rest Rooms -Amer.Disability Act,PUBLIC SAFETY,30000,Pass,585,310
capital_exclusion,169,Marion,1999,1998-05-01,Handicapped Council On Aging Van,CULTURE AND RECREATION,8000,Pass,656,235
capital_exclusion,169,Marion,1999,1998-05-01,Legal Services For Cape Cod Islands,GENERAL OPERATING,1500,Fail,362,516
debt_exclusion,033,Blandford,2000,1998-05-02,Close Existing Landfill At Trans.Station,Public Works and Facilities,,Pass,87,82
debt_exclusion,054,Charlton,2000,1998-05-02,Equip-Const.-New Middle School,School,,Pass,968,614
debt_exclusion,054,Charlton,2000,1998-05-02,Vehicles For Highway Department,Public Works and Facilities,,Pass,831,744
debt_exclusion,054,Charlton,2000,1998-05-02,Purchase Equip For Use By Ambulance Dept,Public Safety,,Pass,943,633
debt_exclusion,054,Charlton,2001,1998-05-02,Equip. And Vehicles For Fire Department,Public Safety,,Pass,899,687
debt_exclusion,171,Marshfield,2000,1998-05-02,Remodel And Repair Elem. School,School,,Pass,3516,1613
debt_exclusion,349,Worthington,2002,1998-05-02,Pumper Truck For Fire Department,Public Safety,,Pass,85,50
capital_exclusion,091,Erving,1999,1998-05-04,Sewer Line Replacement,PUBLIC WORKS & FACILITIES,300000,Pass,186,126
debt_exclusion,099,Foxborough,2000,1998-05-04,Close And Cap Landfill On E.Belcher St.,Public Works and Facilities,,Pass,1468,1289
capital_exclusion,116,Groveland,1999,1998-05-04,Groveland Rd.Manag.Prog.For Road Improve,PUBLIC WORKS & FACILITIES,190000,Pass,640,435
debt_exclusion,120,Hampden,2000,1998-05-04,Const.And Design Water System,Public Works and Facilities,,Pass,552,344
debt_exclusion,120,Hampden,2001,1998-05-04,Design Const.Senior Citizen Center,Culture and Recreation,,Pass,736,199
debt_exclusion,187,Millis,2000,1998-05-04,Casidy Land- Portion,General Government,,Pass,1114,771
debt_exclusion,187,Millis,2001,1998-05-04,Stanton Land,General Government,,Pass,976,875
debt_exclusion,318,Wellfleet,2000,1998-05-04,Const.Equip A New Dpw Facility,Public Works and Facilities,,Pass,562,362
debt_exclusion,324,West Newbury,2000,1998-05-04,Dredge Mill Pond,Public Works and Facilities,,Pass,638,371
debt_exclusion,298,Topsfield,2000,1998-05-07,Landfill-Grading For Park,Public Works and Facilities,,Pass,838,651
debt_exclusion,298,Topsfield,2000,1998-05-07,"Landfill-Closure, Capping",Public Works and Facilities,,Pass,1003,493
debt_exclusion,130,Heath,1999,1998-05-08,Comp. Tech. And Playground Equp.For Sch.,School,,Pass,77,28
debt_exclusion,001,Abington,2000,1998-05-09,Land Known As Griffins Dairy,General Government,,Pass,1269,658
debt_exclusion,333,Weston,2000,1998-05-09,Lay Water Mains 6-16 Inches In Diameter,Public Works and Facilities,,Pass,795,157
debt_exclusion,333,Weston,2000,1998-05-09,Land For Conservation Purchases,Culture and Recreation,,Pass,784,174
debt_exclusion,333,Weston,2002,1998-05-09,Remodel Middle School,School,,Pass,779,199
debt_exclusion,051,Carlisle,2000,1998-05-11,Purchase New Ambulance And Related Equip,Public Safety,,Pass,759,152
debt_exclusion,051,Carlisle,2000,1998-05-11,Construct New Athletic Fields,Culture and Recreation,,Pass,538,371
debt_exclusion,277,Southborough,2000,1998-05-11,Middle School Construction Project,School,,Pass,978,520
debt_exclusion,277,Southborough,2001,1998-05-11,Purchasing Real Property,General Government,,Pass,981,533
debt_exclusion,277,Southborough,2001,1998-05-11,Development Of Athletic Fields,General Government,,Pass,995,511
debt_exclusion,205,Newbury,2000,1998-05-12,Const. New Facility For Town Library,Culture and Recreation,,Pass,681,391
capital_exclusion,254,Rowley,1999,1998-05-12,Purchase Land,GENERAL GOVERNMENT,50000,Pass,495,395
capital_exclusion,254,Rowley,1999,1998-05-12,Underground Storage Tank,PUBLIC WORKS & FACILITIES,25000,Pass,461,423
capital_exclusion,254,Rowley,1999,1998-05-12,Install Montoring Device At Landfills,PUBLIC WORKS & FACILITIES,33000,Fail,409,477
capital_exclusion,269,Sherborn,1999,1998-05-12,Computer Hardware And Software-Pol.Dept.,PUBLIC SAFETY,33400,Pass,321,84
capital_exclusion,296,Tisbury,1999,1998-05-12,Constructing New Sidewalks,PUBLIC WORKS & FACILITIES,25000,Pass,556,348
debt_exclusion,104,Aquinnah,2000,1998-05-13,Cap Landfill,Public Works and Facilities,,Pass,84,24
debt_exclusion,205,Newbury,2000,1998-05-13,Reconst. Jun-Sen Reg. High School,School,,Pass,987,604
debt_exclusion,250,Rochester,2000,1998-05-13,Repair-Equip Old Roch.Reg.School Distric,School,,Pass,637,564
capital_exclusion,119,Hamilton,1999,1998-05-14,10 Year Street Improvement Plan,PUBLIC WORKS & FACILITIES,188000,Pass,675,288
debt_exclusion,073,Dedham,2000,1998-05-16,Purchase Property For Soccer Field,Culture and Recreation,,Pass,742,517
debt_exclusion,146,Lakeville,2007,1998-05-16,Remodel Reconst And Repair Equip And Furnish An Addition Toe Existing District High School,School,,Pass,817,441
debt_exclusion,037,Boxborough,2005,1998-05-18,Purchase Stuart Land On Flagg Hill Road,General Government,,Pass,661,105
debt_exclusion,078,Dover,2000,1998-05-18,Renovate Town House,General Government,,Pass,542,326
debt_exclusion,078,Dover,2000,1998-05-18,Replacement Of Elementary Schools,School,,Pass,627,250
debt_exclusion,126,Harwich,2000,1998-05-18,Construct New Community Center,Culture and Recreation,,Pass,1827,1505
debt_exclusion,126,Harwich,2002,1998-05-18,Parcel Of Land Located Off Church Street,General Government,,Pass,1945,1288
debt_exclusion,139,Hopkinton,2001,1998-05-18,Const. And Develp. Of Buildings,School,,Pass,2291,1582
capital_exclusion,139,Hopkinton,1999,1998-05-18,Land For Recreation,CULTURE AND RECREATION,250000,Pass,2574,1232
debt_exclusion,038,Boxford,2000,1998-05-19,Police Communications Building,Public Safety,,Pass,738,582
capital_exclusion,038,Boxford,1999,1998-05-19,Networking Systems For Various Depts.,GENERAL OPERATING,6000,Pass,667,634
capital_exclusion,038,Boxford,1999,1998-05-19,Computer Equip-Hardware-Drives-Stations,SCHOOL,54000,Pass,765,563
capital_exclusion,038,Boxford,1999,1998-05-19,Install. Computer System For Fire Dept.,PUBLIC SAFETY,22000,Pass,769,559
capital_exclusion,038,Boxford,1999,1998-05-19,Road Reconstruction And Drainage,PUBLIC WORKS & FACILITIES,25000,Pass,790,523
debt_exclusion,063,Clarksburg,2000,1998-05-19,Landfill Closure,Public Works and Facilities,,Pass,101,54
debt_exclusion,075,Dennis,2000,1998-05-19,Fund Const. Of Sesuit Haarbor,Public Works and Facilities,,Pass,1949,1448
debt_exclusion,075,Dennis,2000,1998-05-19,Build New Fire Station,Public Safety,,Pass,2435,1020
capital_exclusion,075,Dennis,1999,1998-05-19,Capital Items,GENERAL OPERATING,481000,Pass,2278,1144
debt_exclusion,136,Holliston,2000,1998-05-19,Reno-Equip-Additions To Middle School,School,,Pass,1619,811
debt_exclusion,224,Orleans,2000,1998-05-19,Acquire Land Adjoining Landfill,Public Works and Facilities,,Pass,1242,277
debt_exclusion,224,Orleans,2000,1998-05-19,Repairs To Senior Citizen Center,Culture and Recreation,,Pass,1098,429
debt_exclusion,224,Orleans,2001,1998-05-19,Repair And Reconst. Harbor And Pier,Public Works and Facilities,,Pass,1278,253
capital_exclusion,300,Truro,1999,1998-05-19,Central School Painting,SCHOOL,25000,Pass,373,301
capital_exclusion,300,Truro,1999,1998-05-19,Permanent Boardwalk-Northside Landing,PUBLIC WORKS & FACILITIES,8000,Pass,391,290
debt_exclusion,174,Maynard,2000,1998-05-21,Furnish=Const.-Equip New Middle School,School,,Pass,1774,1342
debt_exclusion,221,Oak Bluffs,2000,1998-05-21,Capping Landfill And Closure-Sept.Lagoon,Public Works and Facilities,,Pass,473,222
debt_exclusion,011,Ashburnham,2000,1998-05-26,Purchase Pumper Engine For Fire Dept.,Public Safety,,Pass,214,181
capital_exclusion,011,Ashburnham,1999,1998-05-26,Reconstructing Town Roads,PUBLIC WORKS & FACILITIES,100000,Pass,260,134
capital_exclusion,011,Ashburnham,1999,1998-05-26,Removal Of Underground Storage Tank,PUBLIC WORKS & FACILITIES,50750,Pass,225,172
capital_exclusion,011,Ashburnham,1999,1998-05-26,Constructing A Multi-Use Athletic Field,PUBLIC WORKS & FACILITIES,35000,Pass,203,190
capital_exclusion,011,Ashburnham,1999,1998-05-26,Removal Two Portable Struct. From School,SCHOOL,16726,Pass,199,197
debt_exclusion,288,Sudbury,2000,1998-05-27,Land Acquirements,General Government,,Pass,1718,1152
debt_exclusion,331,Westhampton,2000,1998-06-06,Cap Westhampton Landfill,Public Works and Facilities,,Pass,87,11
debt_exclusion,168,Marblehead,2000,1998-06-08,Repairs To Several Schools,School,,Pass,2569,1267
debt_exclusion,168,Marblehead,2000,1998-06-08,Computers And Software For School Dept.,School,,Pass,2323,1503
capital_exclusion,168,Marblehead,1999,1998-06-08,Purchase Voting Machines And Voting Boot,GENERAL OPERATING,56000,Fail,1367,2463
debt_exclusion,117,Hadley,2000,1998-06-09,Close And Cap Landfill,Culture and Recreation,,Pass,168,75
debt_exclusion,117,Hadley,2000,1998-06-09,Reconstruct Water Lines,Public Works and Facilities,,Pass,142,97
debt_exclusion,210,North Andover,2000,1998-06-09,Real Estate Known As Foster Farm,General Government,,Pass,1089,842
debt_exclusion,332,Westminster,2000,1998-06-09,Purchase New Fire Engine,Public Safety,,Pass,474,426
debt_exclusion,332,Westminster,2000,1998-06-09,Install Sewer Ext. On West Main Street,Public Works and Facilities,,Pass,480,417
debt_exclusion,300,Truro,2000,1998-06-11,Town Hall Construction Project,General Government,,Pass,78,62
capital_exclusion,296,Tisbury,1999,1998-06-12,Resurfacing Streets,PUBLIC WORKS & FACILITIES,95000,Fail,453,459
debt_exclusion,082,Duxbury,1999,1998-06-13,Acquire Land Known As Camp Wing,Culture and Recreation,,Pass,794,61
debt_exclusion,082,Duxbury,2003,1998-06-13,Land Known As Mayflower Street Parcel,General Government,,Pass,786,64
debt_exclusion,082,Duxbury,2003,1998-06-13,Land Known As Camp Wing,General Government,,Pass,796,61
debt_exclusion,082,Duxbury,2003,1998-06-13,Land Known As Union Street Parcel,General Government,,Pass,788,62
debt_exclusion,082,Duxbury,2003,1998-06-13,Land Described As Summer Street Parcel,General Government,,Pass,787,64
debt_exclusion,192,Montague,2000,1998-06-15,Remodel Gill-Montague School,School,,Pass,438,291
debt_exclusion,192,Montague,2001,1998-06-15,Repairs To High School Track,School,,Pass,382,344
debt_exclusion,192,Montague,2002,1998-06-15,Gfms And Tfhs Remodel And Repair,School,,Pass,416,312
debt_exclusion,340,Williamsburg,2000,1998-06-15,Remover Underground Storage Tanks F,Public Works and Facilities,,Pass,213,140
debt_exclusion,126,Harwich,2000,1998-06-16,Maintain Lothrop Ave. Storage Tank,Public Works and Facilities,,Pass,313,108
debt_exclusion,173,Mattapoisett,2002,1998-06-16,Architectual Design On Regional And High School,School,,Pass,860,699
capital_exclusion,173,Mattapoisett,1999,1998-06-16,Repair Fire Alarm Bucket Truck,PUBLIC SAFETY,6500,Pass,891,667
capital_exclusion,173,Mattapoisett,1999,1998-06-16,Plans And Scal Model Of Plan-Library,CULTURE AND RECREATION,40000,Pass,792,759
debt_exclusion,315,Wayland,2001,1998-06-25,Acquire Dow Chem.Company Property,General Government,,Pass,634,628
debt_exclusion,033,Blandford,2000,1998-06-27,Purchase A New Loader,Public Works and Facilities,,Pass,38,20
capital_exclusion,208,Norfolk,1999,1998-07-07,Purchase Land Off Marshall Street,GENERAL GOVERNMENT,320000,Pass,778,250
debt_exclusion,122,Hanover,2000,1998-09-15,"Equip-Remodel-Repair,Etc Several Schools",School,,Pass,2418,1909
debt_exclusion,075,Dennis,2000,1998-09-29,Fund Cost Of New Golf Course Maint.Bldg.,Culture and Recreation,,Pass,1031,464
debt_exclusion,075,Dennis,2000,1998-09-29,Irrig.Systems At Dennis Golf Clubs,Culture and Recreation,,Pass,1036,465
debt_exclusion,154,Leverett,2000,1998-10-03,Renovations To Elememtary School,School,,Pass,56,25
debt_exclusion,154,Leverett,2000,1998-10-03,Design Pub.Safety-Public Works Complex,Public Safety,,Pass,57,24
debt_exclusion,173,Mattapoisett,2000,1998-10-06,Design Sewers -Engineering Costs,Public Works and Facilities,,Pass,753,289
debt_exclusion,173,Mattapoisett,2001,1998-10-06,Engineering Design For Sewers,Public Works and Facilities,,Pass,744,295
debt_exclusion,175,Medfield,2000,1998-10-19,Design And Const. Sewers For Streets,Public Works and Facilities,,Pass,232,63
debt_exclusion,034,Bolton,2000,1998-11-03,Closure And Cap Of Bolton Landfill-Recyc,Public Works and Facilities,,Pass,1037,502
debt_exclusion,034,Bolton,2001,1998-11-03,Replace Public Safety Commun. System,Public Safety,,Pass,911,606
debt_exclusion,038,Boxford,2000,1998-11-03,Closure Of Boxford Sanitary Landfill,Public Works and Facilities,,Pass,1876,1211
capital_exclusion,038,Boxford,1999,1998-11-03,Const. And Expansion Of Spofford Parklot,PUBLIC WORKS & FACILITIES,90000,Fail,1170,1950
debt_exclusion,072,Dartmouth,2000,1998-11-03,Agricultural Preservation Trust Fund,Culture and Recreation,,Pass,4815,3555
debt_exclusion,072,Dartmouth,2007,1998-11-03,Agricultural Preservation Trust Fund,General Government,,Fail,2817,3555
debt_exclusion,107,Gloucester,2000,1998-11-03,Land Parcels Known As Poll'S Hill,General Government,,Pass,5638,3713
debt_exclusion,187,Millis,2001,1998-11-03,Acquire Property For Water Well Site,General Government,,Pass,1844,933
debt_exclusion,214,Northampton,2000,1998-11-03,Reconst.-Equip-Repair High School,School,,Pass,8073,2727
debt_exclusion,231,Pembroke,2000,1998-11-03,Reno And Expansion Of Elementary Schools,School,,Pass,3581,1944
debt_exclusion,245,Raynham,2000,1998-11-03,Remodel-Equip-Const.Middle School,School,,Pass,2345,1802
debt_exclusion,307,Walpole,2001,1998-11-03,Equip-Const-Refurbish Addit To High Sch.,School,,Pass,5577,4405
debt_exclusion,173,Mattapoisett,2002,1998-11-06,Engineering Design For Sewers,Public Works and Facilities,,Pass,744,295
debt_exclusion,332,Westminster,2006,1998-11-09,Repair Westminster Elementary,School,,Pass,515,465
debt_exclusion,172,Mashpee,2001,1998-11-14,Portion Of A Certain Parcel Of Land,General Government,,Pass,1016,907
debt_exclusion,286,Stow,2000,1998-11-16,Reconst-Equip-Nashoba Regional High Sch.,School,,Pass,963,157
debt_exclusion,147,Lancaster,2000,1998-11-17,Renov.-Const.Equip-Nashobra Reg.High Sch,School,,Pass,437,193
debt_exclusion,147,Lancaster,2001,1998-11-17,Const. And Equip New Elementary School,School,,Pass,398,232
debt_exclusion,286,Stow,2000,1998-11-17,Surveys-Parcels-Appraisals-Flagg Hill,General Operating,,Pass,882,240
debt_exclusion,154,Leverett,2000,1998-11-21,Design Drawings For Renova.To Elem.Schoo,School,,Pass,166,29
debt_exclusion,086,Eastham,2001,1998-11-23,Construct Fire Station,Public Safety,,Pass,790,440
debt_exclusion,034,Bolton,2002,1998-11-30,Reconstruct And Renovate Nashoba Regional High School,School,,Pass,251,45
debt_exclusion,117,Hadley,2000,1998-12-01,Purchase And Equip Pumbper/Ladder,Public Safety,,Pass,233,65
debt_exclusion,263,Savoy,2000,1998-12-03,Pumper Truck,Public Safety,,Pass,70,11
capital_exclusion,120,Hampden,1999,1998-12-04,Paving Town Roads,PUBLIC WORKS & FACILITIES,110822,Pass,576,349
debt_exclusion,264,Scituate,2000,1998-12-06,Design And Const.New Elem School-Equip.,School,,Pass,3600,2041
debt_exclusion,155,Lexington,2000,1998-12-07,Plan-Const.Equip-Remodel To Schools,School,,Pass,6327,3191
debt_exclusion,002,Acton,2000,1998-12-08,Construct And Equip New Twin School,School,,Pass,2853,2471
debt_exclusion,002,Acton,2001,1998-12-08,Repair And Reconst.Acton-Box.Reg.School,School,,Pass,2981,2361
debt_exclusion,037,Boxborough,2005,1998-12-08,Addition To Rj Grey Junior High & Remodel Blanchard Auditorium,School,,Pass,380,184
debt_exclusion,298,Topsfield,2000,1998-12-12,Renovations To Steward School,School,,Pass,313,176
debt_exclusion,216,Northbridge,2000,1998-12-15,Const.Equip. New High School,School,,Pass,1198,618
debt_exclusion,216,Northbridge,2000,1998-12-15,Acquiring New High School,School,,Pass,1187,623
debt_exclusion,102,Freetown,2001,1998-12-21,"Computers,Related Construction Costs",School,,Pass,826,693
debt_exclusion,146,Lakeville,2007,1998-12-21,Repair-Const-Equip And Furnish An Addition And Treatment Facility And Resurface Roadways In Connection With High Aschool Project,Public Works and Facilities,,Pass,501,159
debt_exclusion,287,Sturbridge,2001,1998-12-21,Equip And Furnish New High School,School,,Pass,605,287
debt_exclusion,018,Avon,2000,1998-12-23,Acquisition Of Land,General Government,,Pass,492,115
capital_exclusion,208,Norfolk,1999,1998-12-29,Const.-Furnish-Design Senior Center,CULTURE AND RECREATION,550000,Pass,286,229
debt_exclusion,290,Sutton,2000,1998-12-29,Wastewater Treatment Plant-Sewers,Public Works and Facilities,,Pass,392,246
debt_exclusion,150,Lee,2001,1999-01-12,Const.Equip And Furnish New Elem.School,School,,Pass,795,692
debt_exclusion,219,Norwell,2000,1999-01-23,Purchase Land,General Government,,Pass,2141,1218
debt_exclusion,219,Norwell,2000,1999-01-23,Renovate-Reconstruct Schools,School,,Pass,1733,1649
debt_exclusion,290,Sutton,2000,1999-01-25,Design Construct New School Edition,School,,Pass,1212,998
debt_exclusion,028,Berlin,2001,1999-01-30,Public Safety And Munic.Office Building,Public Safety,,Pass,196,64
debt_exclusion,078,Dover,2008,1999-02-09,"Design, Const. Remodel, Equipping And Furnishing Of Expanded School Facilities - Chickering School Or The Existing Caryl School",School,,Pass,1029,310
debt_exclusion,134,Holden,2003,1999-02-11,Debt Issued For New Elementary School Projects,School,,Pass,772,613
debt_exclusion,003,Acushnet,2002,1999-02-22,Construction And Repair Middle School,School,,Fail,665,1870
debt_exclusion,024,Belchertown,2000,1999-02-22,Equip-Furnish-Construct New High School,School,,Pass,1013,565
debt_exclusion,328,Westborough,2000,1999-03-02,Equip-Addition To Westboro High School,School,,Pass,1316,687
debt_exclusion,191,Monson,2000,1999-03-08,New High School & Renovate Jr.Sr.School,School,,Pass,869,817
debt_exclusion,099,Foxborough,2000,1999-03-09,Remodel-Expand-Ahern Middle School,School,,Pass,1815,751
debt_exclusion,271,Shrewsbury,2000,1999-03-09,Ourchase Land For New Senior High School,General Government,,Pass,3672,1859
debt_exclusion,271,Shrewsbury,2001,1999-03-09,Construct Senior High School,School,,Pass,3656,1879
debt_exclusion,039,Boylston,2000,1999-03-15,Cons.Equip-Addit.Renovate Elem.School,School,,Pass,339,106
debt_exclusion,213,North Reading,2001,1999-03-16,Repair-Reconst. Repair J.T. Hood School,School,,Pass,866,537
debt_exclusion,261,Sandwich,2000,1999-03-25,Modular Classrooms And Remodel Schools,School,,Pass,1364,515
debt_exclusion,175,Medfield,2000,1999-03-29,Collecting Sewers And Laterals-Streets,Public Works and Facilities,,Pass,870,556
debt_exclusion,175,Medfield,2000,1999-03-29,Collecting Sewers & Laterals-Sel.Streets,Public Works and Facilities,,Pass,865,554
debt_exclusion,175,Medfield,2001,1999-03-29,Repair Roof-Renovat To Memorial School,School,,Pass,1042,411
debt_exclusion,344,Winchester,2001,1999-03-30,Equip And Repair-Several Schools,School,,Pass,2753,2607
debt_exclusion,228,Paxton,2000,1999-04-05,Const. And Addit. To Paxton Ctr.School,School,,Pass,255,224
debt_exclusion,262,Saugus,2000,1999-04-06,Construct Veterans Memorial School,School,,Pass,1833,1383
debt_exclusion,166,Manchester By The Sea,2003,1999-04-10,Fund Const. Necessary To Close Existing Landfill-Upper Pine Street,Public Works and Facilities,,Pass,1068,231
debt_exclusion,351,Yarmouth,2001,1999-04-12,Construction Of Police Station,Public Safety,,Pass,2085,1453
debt_exclusion,037,Boxborough,2000,1999-04-13,Land For Conservation Purposes,Culture and Recreation,,Pass,478,118
debt_exclusion,051,Carlisle,2001,1999-04-13,Addit.To Public Library Building,Culture and Recreation,,Pass,509,103
capital_exclusion,300,Truro,2000,1999-04-13,Replace Dpw Dump Truck,PUBLIC WORKS & FACILITIES,69000,Pass,229,193
capital_exclusion,300,Truro,2000,1999-04-13,Instal Light And Surge Protec.System,GENERAL OPERATING,30000,Pass,248,175
capital_exclusion,300,Truro,2000,1999-04-13,Painting And Repair Central Sch.Bldgs.,SCHOOL,25000,Pass,263,159
capital_exclusion,089,Edgartown,2000,1999-04-15,Purchase New School Bus,SCHOOL,57000,Pass,360,129
capital_exclusion,089,Edgartown,2000,1999-04-15,Acquire A Dredge And Equipment,PUBLIC WORKS & FACILITIES,105000,Pass,354,124
capital_exclusion,089,Edgartown,2000,1999-04-15,Repair And Clean Catch Basins,PUBLIC WORKS & FACILITIES,65000,Pass,347,136
capital_exclusion,089,Edgartown,2000,1999-04-15,Purchasing A New Ambulance,PUBLIC SAFETY,120000,Pass,345,141
capital_exclusion,089,Edgartown,2000,1999-04-15,Resurface And Rebuild Town Roads,PUBLIC WORKS & FACILITIES,145000,Pass,320,160
capital_exclusion,089,Edgartown,2000,1999-04-15,Repair Concrete Pavement,PUBLIC WORKS & FACILITIES,85000,Pass,314,163
capital_exclusion,327,West Tisbury,2000,1999-04-15,Stab Fund Toward Purchase Of Tank Truck,GENERAL GOVERNMENT,40000,Pass,455,180
capital_exclusion,327,West Tisbury,2000,1999-04-15,Renovations Of Town Hall,GENERAL GOVERNMENT,40000,Pass,352,266
debt_exclusion,012,Ashby,2001,1999-04-26,Const.New Roof At N.Middle. Reg.School,School,,Pass,117,71
debt_exclusion,019,Ayer,2001,1999-04-26,Pumper Engine For Fire Department,Public Safety,,Pass,594,240
debt_exclusion,019,Ayer,2001,1999-04-26,Const. And Re-Roofing Of H.S.& Mid-Sch.,School,,Pass,549,271
debt_exclusion,335,Westwood,2000,1999-04-26,Renovate-Equip-Expand Downey School,School,,Pass,2052,1724
debt_exclusion,315,Wayland,2000,1999-04-27,Repairs And Const.Middle School,School,,Pass,1407,514
debt_exclusion,169,Marion,2001,1999-04-30,Repair And Const.Sippican Sch.Bldg.,School,,Pass,874,658
debt_exclusion,169,Marion,2002,1999-04-30,Costs Repair Remodel High School,School,,Pass,926,587
debt_exclusion,045,Brookfield,2001,1999-05-01,Const.And Equip Tantasqua Reg.Sch.Dist.,School,,Pass,334,226
debt_exclusion,034,Bolton,2001,1999-05-03,Purchase Of Property (Bonnazoli0,General Government,,Pass,348,99
debt_exclusion,084,East Brookfield,2002,1999-05-03,Equip And Construct New Elementary School,School,,Pass,295,183
capital_exclusion,116,Groveland,2000,1999-05-03,Road Management Program-Road Improvement,PUBLIC WORKS & FACILITIES,190000,Pass,316,138
capital_exclusion,120,Hampden,2000,1999-05-03,Paving Town Roads,PUBLIC WORKS & FACILITIES,110822,Fail,333,373
debt_exclusion,194,Montgomery,2000,1999-05-03,4x4 Wd Highway Department Truck,Public Works and Facilities,,Pass,33,12
debt_exclusion,318,Wellfleet,2003,1999-05-03,Purchase Equipment For Dpw Operation Of Transfer Station,Public Works and Facilities,,Pass,163,57
debt_exclusion,318,Wellfleet,2003,1999-05-03,Pay For Capping & Final Closure Of The Landfill,Public Works and Facilities,,Pass,185,44
debt_exclusion,335,Westwood,2002,1999-05-03,Renovate-Equip-Expand Downey School,School,,Pass,2052,1724
debt_exclusion,125,Harvard,2001,1999-05-05,Professional Services For Expan.-Schools,School,,Pass,403,252
debt_exclusion,125,Harvard,2005,1999-05-05,Professional Consulting Services For The Construction Of Public Safety Facilities,Public Safety,,Pass,429,226
debt_exclusion,125,Harvard,2005,1999-05-05,Building Repairs To Old Bromfield School Upgrade Lighting At Harvard Elementary School,General Government,,Pass,483,178
debt_exclusion,125,Harvard,2005,1999-05-05,Acquire 8.7 Acres Of Land On Still River Depot Road,General Government,,Pass,431,232
debt_exclusion,125,Harvard,2005,1999-05-05,Acquire 1.5 Acres Of Land Owned By Elray Trust On Ayer Road For Public Safety Purposes,Public Safety,,Pass,463,197
capital_exclusion,069,Cummington,2000,1999-05-07,General Repairs To Library And Lib.House,CULTURE AND RECREATION,10000,Pass,66,25
capital_exclusion,069,Cummington,2000,1999-05-07,Survey To Determine Elig.-Grant Funding,GENERAL OPERATING,5000,Pass,58,32
debt_exclusion,172,Mashpee,2003,1999-05-08,Renovate And Construct The Mashpee Fire Station,Public Safety,,Pass,1014,889
debt_exclusion,333,Weston,2000,1999-05-08,Const.Building For Council On Aging,Culture and Recreation,,Pass,660,177
debt_exclusion,333,Weston,2000,1999-05-08,Equip-Furnish Addit. To Weston High Scho,School,,Pass,636,188
debt_exclusion,333,Weston,2000,1999-05-08,Departmental Equipment,General Government,,Pass,605,201
debt_exclusion,333,Weston,2000,1999-05-08,Departmental Equipment,General Government,,Pass,577,222
debt_exclusion,333,Weston,2002,1999-05-08,Const. Sewage Treatment & Disp.Facilitie,Public Works and Facilities,,Pass,646,164
capital_exclusion,011,Ashburnham,2000,1999-05-11,Multi-Use Field On Williams Road,CULTURE AND RECREATION,30000,Pass,327,308
capital_exclusion,011,Ashburnham,2000,1999-05-11,Air Conditioning Unit For Mem.Library,CULTURE AND RECREATION,24000,Fail,247,392
capital_exclusion,011,Ashburnham,2000,1999-05-11,New Dump Truck-Plow-Plow Frame-Sander,PUBLIC WORKS & FACILITIES,75000,Pass,342,295
capital_exclusion,011,Ashburnham,2000,1999-05-11,Constructing Town Roads,GENERAL GOVERNMENT,100000,Pass,391,245
debt_exclusion,077,Douglas,2001,1999-05-11,Equip And Finance Two Modular Classrooms,School,,Pass,906,611
debt_exclusion,254,Rowley,2001,1999-05-11,Purchase 10 Wheel Truck/Saner,Public Works and Facilities,,Pass,485,405
debt_exclusion,254,Rowley,2003,1999-05-11,Const And Equip A New Public Library,Culture and Recreation,,Pass,483,417
capital_exclusion,254,Rowley,2000,1999-05-11,County Mosquitto Procedures,GENERAL OPERATING,33000,Pass,583,322
capital_exclusion,296,Tisbury,2000,1999-05-11,Design And Repair Lagoon Pond Rd.Creed,PUBLIC WORKS & FACILITIES,50000,Pass,548,338
capital_exclusion,296,Tisbury,2000,1999-05-11,Dredging Of The Tashmoo Entrance Channel,PUBLIC WORKS & FACILITIES,31350,Pass,622,264
capital_exclusion,296,Tisbury,2000,1999-05-11,Construct Sidewalks,PUBLIC WORKS & FACILITIES,25000,Pass,542,351
capital_exclusion,296,Tisbury,2000,1999-05-11,Purchase Pick-Up Truck With Plow,PUBLIC WORKS & FACILITIES,31000,Pass,472,408
capital_exclusion,296,Tisbury,2000,1999-05-11,Dredging Of The Vineyard Haven Harbor,PUBLIC WORKS & FACILITIES,36000,Pass,598,305
debt_exclusion,317,Wellesley,2000,1999-05-11,Construct And Repairs Selected Schools,School,,Pass,3410,1316
debt_exclusion,119,Hamilton,2001,1999-05-13,Design-Const.Equip New Joint Library,Culture and Recreation,,Pass,1406,616
capital_exclusion,119,Hamilton,2000,1999-05-13,Ten-Year Street Improvement Plan,PUBLIC WORKS & FACILITIES,188000,Pass,1522,593
debt_exclusion,022,Becket,2001,1999-05-15,Purchase Backhoe For Highway Department,Public Works and Facilities,,Pass,139,85
debt_exclusion,118,Halifax,2002,1999-05-15,Repairs To Police Station,Public Safety,,Pass,318,210
debt_exclusion,078,Dover,2001,1999-05-17,Design-Reno-Expand Prot.Agency Bldg.,General Government,,Pass,637,375
debt_exclusion,126,Harwich,2002,1999-05-17,Road Construction Projects Under Chapter 90,Public Works and Facilities,,Pass,1923,928
debt_exclusion,126,Harwich,2003,1999-05-17,School Expansion And Renovation,School,,Pass,2079,825
debt_exclusion,126,Harwich,2004,1999-05-17,Architure Fees For Cranberry Values,General Government,,Pass,1529,1368
capital_exclusion,126,Harwich,2000,1999-05-17,Police Radio Commun.Equipment,PUBLIC SAFETY,64700,Pass,2069,853
capital_exclusion,038,Boxford,2000,1999-05-18,Purchase Of Topsoil-Chadwick Field,CULTURE AND RECREATION,18000,Pass,707,663
capital_exclusion,038,Boxford,2000,1999-05-18,Ton Truck,PUBLIC WORKS & FACILITIES,36412,Pass,716,634
capital_exclusion,038,Boxford,2000,1999-05-18,Install Fences Backstops-Johnson Field,CULTURE AND RECREATION,22600,Pass,723,641
capital_exclusion,038,Boxford,2000,1999-05-18,Pumper Truck For Fire Department,PUBLIC SAFETY,226600,Pass,1032,339
capital_exclusion,038,Boxford,2000,1999-05-18,Police Cruiser For Police Department,PUBLIC SAFETY,26000,Pass,805,559
capital_exclusion,038,Boxford,2000,1999-05-18,Install Water Cannons At Johnsons Field,CULTURE AND RECREATION,10100,Pass,743,628
capital_exclusion,038,Boxford,2000,1999-05-18,Computer Equipment,GENERAL OPERATING,47300,Pass,857,500
debt_exclusion,051,Carlisle,2000,1999-05-18,Land Known As The Wang-Coombs Land,General Government,,Pass,726,300
debt_exclusion,051,Carlisle,2000,1999-05-18,Improve-Vent & Heating Of Sch.& Gov.Bldg,School,,Pass,794,233
debt_exclusion,051,Carlisle,2000,1999-05-18,Purchase And Equip Pumper Truck,Public Safety,,Pass,795,230
debt_exclusion,075,Dennis,2001,1999-05-18,Building New Dept.Of Pub.Works Complex,Public Works and Facilities,,Pass,1478,1358
capital_exclusion,075,Dennis,2000,1999-05-18,Capital Items-Fire Truck-Cruisers-Etc.,GENERAL OPERATING,961500,Pass,1877,1007
debt_exclusion,096,Falmouth,2003,1999-05-18,Equip And Furnish Additions To Mullen School,School,,Pass,1699,1574
debt_exclusion,224,Orleans,2001,1999-05-18,New Office Building Expenditures,General Government,,Pass,1274,659
debt_exclusion,129,Hawley,2003,1999-05-19,Construct New Town Highway Garage,Public Works and Facilities,,Pass,19,17
debt_exclusion,295,Tewksbury,2001,1999-05-22,"Design,Develop,Equip Furnish Fire Statio",Public Safety,,Pass,737,626
debt_exclusion,282,Sterling,2000,1999-05-24,Griffin Road Parcels-Land,General Government,,Pass,607,314
capital_exclusion,331,Westhampton,2000,1999-06-05,Police Cruiser,PUBLIC SAFETY,23865,Pass,122,93
capital_exclusion,331,Westhampton,2000,1999-06-05,Equipment For Fire Department,PUBLIC SAFETY,60000,Pass,160,159
debt_exclusion,102,Freetown,2001,1999-06-07,Const.Equip.Furnish New Middle School,School,,Pass,773,713
debt_exclusion,120,Hampden,2001,1999-06-07,School Improvements,School,,Pass,186,170
debt_exclusion,146,Lakeville,2001,1999-06-07,Const.Equip New District Middle School,School,,Pass,568,200
debt_exclusion,117,Hadley,2001,1999-06-08,New School Bus,School,,Pass,159,123
debt_exclusion,332,Westminster,2004,1999-06-08,Construction Of Sewers Extensions In The Ellis Road Area,Public Works and Facilities,,Pass,574,513
debt_exclusion,001,Abington,2005,1999-06-12,Run Extension To Sewer System,Public Works and Facilities,,Pass,583,128
capital_exclusion,139,Hopkinton,2000,1999-06-14,Land Acquisition,GENERAL GOVERNMENT,250000,Pass,2047,900
debt_exclusion,168,Marblehead,2000,1999-06-14,Const.Equip-Furnish New High School,School,,Pass,4659,2976
debt_exclusion,204,New Salem,2000,1999-06-14,Remodel-Recon-Repair Old Academy Bldg,General Government,,Pass,42,26
debt_exclusion,173,Mattapoisett,2002,1999-06-15,Construction And Equipment To Remodel Old Rochester Regional School,School,,Pass,523,347
debt_exclusion,173,Mattapoisett,2003,1999-06-15,Prin.& Interest On Bond-Engineering Design For Sewers At Brand Beach,General Operating,,Pass,489,385
capital_exclusion,173,Mattapoisett,2000,1999-06-15,Install Automatic Door And Brail Signs,GENERAL OPERATING,3500,Fail,415,452
capital_exclusion,173,Mattapoisett,2000,1999-06-15,Mini-Bus For Council On Aging,CULTURE AND RECREATION,12000,Pass,517,355
capital_exclusion,210,North Andover,2000,1999-06-15,Construction Of Athletic Facilities,CULTURE AND RECREATION,345500,Fail,1250,2210
debt_exclusion,226,Oxford,2007,1999-06-15,"Bond Issued To Finance Projects For Constructing,Equip And Furnish Remodel High School, Middle School And Elem.School",School,,Fail,880,1057
debt_exclusion,148,Lanesborough,2000,1999-06-16,Equip-Const.New Elementary School,School,,Pass,819,201
debt_exclusion,245,Raynham,2001,1999-06-19,Public Works And Sewer,Public Works and Facilities,,Pass,732,79
debt_exclusion,089,Edgartown,2001,1999-06-22,Add K-8 Facility To Edgartown School,School,,Pass,331,313
debt_exclusion,192,Montague,2002,1999-06-23,Police And Communications Building,Public Safety,,Pass,364,221
debt_exclusion,250,Rochester,2001,1999-06-23,Const-Equip Repair Reg.Jun.And Sen.Sch.,School,,Pass,364,223
debt_exclusion,250,Rochester,2002,1999-06-23,Police And Communications Building,Public Safety,,Pass,364,221
debt_exclusion,327,West Tisbury,2000,1999-06-29,School Project,School,,Pass,147,64
debt_exclusion,337,Whately,2002,1999-07-01,Purchase And Equip New Pumper Tanker,Public Safety,,Pass,100,23
debt_exclusion,271,Shrewsbury,2000,1999-07-03,Fund Acquisition Of Land,General Government,,Pass,1529,1467
debt_exclusion,070,Dalton,2001,1999-07-19,Improving And Widenintg Streets,Public Works and Facilities,,Pass,151,79
debt_exclusion,059,Chester,2001,1999-07-31,Police Cruiser-Rescue Truck For Fire Dep,Public Safety,,Pass,42,32
debt_exclusion,156,Leyden,2001,1999-09-08,Add To -Const.-Equip- Pio.Valley Reg.Sch,School,,Pass,65,34
debt_exclusion,042,Bridgewater,2001,1999-09-11,New Facility For Police And Fire,Public Safety,,Pass,1483,375
debt_exclusion,104,Aquinnah,2005,1999-09-23,Purchase Land Abutting Town Hall,General Government,,Pass,30,9
debt_exclusion,298,Topsfield,2001,1999-09-23,New Dpw Facility,Public Works and Facilities,,Pass,469,356
debt_exclusion,326,West Stockbridge,2005,1999-10-19,Constructing New K-8 Facility,School,,Pass,132,125
debt_exclusion,226,Oxford,2007,1999-10-26,"Bond Issued To Finance Projects For Constucting, Equip-Furnish New High School, Middle School And Elem.",School,,Fail,1054,1608
debt_exclusion,327,West Tisbury,2001,1999-10-28,Construct And Equip Public Safety Bldg.,Public Safety,,Pass,124,68
debt_exclusion,101,Franklin,2002,1999-11-02,Construct And Equip Selected Schools,School,,Pass,4013,1653
debt_exclusion,206,Newburyport,2001,1999-11-02,Construct An Addition,School,,Pass,5450,1575
debt_exclusion,330,Westford,2005,1999-11-09,One School To Meet The 6-8 Needs; K-5 Needs Create A Six Grade Elementary School,School,,Pass,2476,919
debt_exclusion,341,Williamstown,2001,1999-11-16,School,School,,Pass,1390,382
debt_exclusion,041,Brewster,2001,1999-11-23,Finance And Design Police Station,Public Safety,,Pass,674,478
debt_exclusion,159,Longmeadow,2001,1999-11-23,Remodel And Reconst.Selected Schools,School,,Pass,2388,1438
debt_exclusion,332,Westminster,2004,1999-11-23,Finance Cost Of Renovation And Expansion Of Oakmont Regional High School,School,,Fail,506,573
debt_exclusion,290,Sutton,2001,1999-11-30,Town'S Share Of The Acquisition,General Government,,Pass,515,240
debt_exclusion,320,Wenham,2001,1999-11-30,Const.Design-Hamilton-Wenham Pub.Library,Culture and Recreation,,Pass,268,53
debt_exclusion,065,Cohasset,2012,1999-12-11,"Professional Services To Develop Const. Pdrawings And Bid Documents For Improvent And Repairs To Middle, High School And Deer Hill Elementary School",School,,Pass,770,476
debt_exclusion,102,Freetown,2001,1999-12-13,Reno-Const.Equipment For Elemen.School,School,,Pass,353,286
debt_exclusion,034,Bolton,2001,1999-12-14,70 Acres Of Land On Burnham Road,General Government,,Pass,248,87
debt_exclusion,034,Bolton,2001,1999-12-14,40 Acres Of Land-Barretts Hill,General Government,,Pass,232,102
debt_exclusion,034,Bolton,2001,1999-12-14,Repair-Remodel-Equip-Emerson School,School,,Pass,223,113
debt_exclusion,034,Bolton,2001,1999-12-14,Repairs At Florence Sawyer School,School,,Pass,209,127
debt_exclusion,034,Bolton,2001,1999-12-14,10 Acres Of Land -West Side Of Randal Rd,General Government,,Pass,188,144
debt_exclusion,265,Seekonk,2001,1999-12-20,Martin School And High School,School,,Pass,1172,1099
debt_exclusion,126,Harwich,2001,2000-01-18,Closure Of Landfill On Queen Ann Road,Public Works and Facilities,,Pass,397,72
debt_exclusion,158,Littleton,2001,2000-01-19,Property For Municipal Purposes,General Government,,Pass,458,93
debt_exclusion,009,Andover,2012,2000-01-25,Construct New Bancroft School And All Other Costs Related To,School,,Pass,1995,1168
debt_exclusion,077,Douglas,2001,2000-01-25,Purchase Land,General Government,,Pass,371,356
debt_exclusion,234,Petersham,2002,2000-02-14,"Remodel, Reconstruct And Repair Center School",School,,Pass,179,93
debt_exclusion,335,Westwood,2002,2000-02-14,Renovate Equip Martha Jones School,School,,Pass,2610,1724
debt_exclusion,335,Westwood,2002,2000-02-14,Expand And Equip New High School,School,,Pass,2350,1982
debt_exclusion,085,East Longmeadow,2004,2000-02-15,Public Librarky,Culture and Recreation,,Pass,1241,1155
debt_exclusion,210,North Andover,2002,2000-02-15,Equip And Furnish New High School,School,,Pass,3431,1574
debt_exclusion,299,Townsend,2005,2000-02-15,"Finance The Design, Construction And Furnishings Of A New Fire Station",Public Safety,,Pass,346,213
debt_exclusion,299,Townsend,2005,2000-02-15,Finance Purchase Of 61b Land,General Government,,Fail,254,305
debt_exclusion,320,Wenham,2002,2000-02-17,Lease For Joint Library Site,Culture and Recreation,,Pass,175,41
debt_exclusion,003,Acushnet,2002,2000-02-29,Architectual Services Renovation And Additions To Schools,School,,Pass,1388,679
debt_exclusion,100,Framingham,2002,2000-03-01,Architect And Engineer Services For School Construction Project,School,,Pass,139,18
debt_exclusion,033,Blandford,2002,2000-03-04,Building Addition And Furnishing Several Schools,School,,Pass,123,46
debt_exclusion,143,Huntington,2006,2000-03-04,Gateway School Project,School,,Pass,171,118
debt_exclusion,349,Worthington,2002,2000-03-04,Construct And Reconstruct Various School Buildings,School,,Pass,163,34
debt_exclusion,067,Concord,2002,2000-03-07,Design And Construct Repairs To Selected School Buildings,School,,Pass,3977,2861
debt_exclusion,309,Ware,2006,2000-03-13,Construct A Fire Station At 208 West Street,School,,Fail,459,1539
debt_exclusion,309,Ware,2006,2000-03-13,For Property On West Street To Be Used As Senior Citizen Center,School,,Fail,956,1054
debt_exclusion,312,Warwick,2008,2000-03-13,"Reconstruct, Additing To, Equipping And Remodeling Repairs To Pioneer Valley Reg. School",School,,Pass,50,39
debt_exclusion,312,Warwick,2008,2000-03-13,Apportioned Share Of Bonds Issued By Pioneer Valley Reg. Sch.Dist. In Order To Finance Reconst.Design. And Equip Addit.Costs Of Warwick Elem.School,School,,Pass,49,40
debt_exclusion,077,Douglas,2002,2000-03-14,Upgrade And Expand Waste Water Treatment Facility,Public Works and Facilities,,Pass,319,250
debt_exclusion,077,Douglas,2002,2000-03-14,"Remodel, Costruct, Abandoned Elementary School",School,,Pass,289,283
debt_exclusion,271,Shrewsbury,2005,2000-03-14,"Remodel, Reconstruct, Repairs, Pavingimprovements To High School",School,,Pass,1477,761
debt_exclusion,232,Pepperell,2004,2000-03-15,Reconstructing Regional High School,School,,Pass,1234,830
debt_exclusion,232,Pepperell,2005,2000-03-15,Middle School,School,,Pass,1414,694
debt_exclusion,022,Becket,2004,2000-03-18,Construction Of Becket Consolidated School,School,,Pass,84,59
debt_exclusion,064,Clinton,2002,2000-03-20,Desin And Construct New Preschool And Elementary School,School,,Pass,1383,1079
debt_exclusion,173,Mattapoisett,2002,2000-03-21,Repairs To Center And Hammond Schools,School,,Pass,568,263
debt_exclusion,125,Harvard,2005,2000-03-28,Construction Of A Public Safety Facility For Police And Ambulance Depts.,Public Safety,,Pass,775,408
debt_exclusion,125,Harvard,2005,2000-03-28,Professional Consulting Services For The Expansion Of The Bromfield School,School,,Pass,640,536
debt_exclusion,125,Harvard,2005,2000-03-28,Acquire 44 Acres Of Land Owned By The Harvard Conservation Trust,General Government,,Pass,766,412
debt_exclusion,125,Harvard,2005,2000-03-28,Curriculum Coordinators For Elementary School,School,,Pass,663,530
debt_exclusion,010,Arlington,2012,2000-04-01,"Finance Projects-Construct Or Add To, Remodel, Reconstruct And Originally Equip The Dallin, Stratton And Thompson Elementary Schools",School,,Pass,7192,2793
debt_exclusion,036,Bourne,2002,2000-04-05,Remove And Rebuild Community Center,Culture and Recreation,,Pass,2502,1039
debt_exclusion,036,Bourne,2002,2000-04-05,Acquire Certain Parcels Of Land,General Government,,Pass,2264,1178
debt_exclusion,065,Cohasset,2008,2000-04-08,"Renovate, Reconstruct, Changes And Repairs To Deer Hill Elementary And Middle High School",School,,Pass,1537,887
debt_exclusion,164,Lynnfield,2002,2000-04-10,Repair And Reconstruct Town Buildings,General Government,,Pass,2337,1439
debt_exclusion,351,Yarmouth,2002,2000-04-10,Design New Police Facility,Public Safety,,Pass,2823,1264
debt_exclusion,351,Yarmouth,2006,2000-04-10,Me Small School,School,,Pass,2865,1159
debt_exclusion,144,Ipswich,2002,2000-04-11,"Open Space , Recreation, General Municipal Purposes",General Government,,Pass,1403,876
debt_exclusion,144,Ipswich,2002,2000-04-11,Middle School Remodel And Repair Whipple School,School,,Pass,1468,758
debt_exclusion,173,Mattapoisett,2002,2000-04-11,Construct & Equipment Repairs To Regional High School,School,,Pass,507,199
debt_exclusion,215,Northborough,2012,2000-04-11,Architectual Design For New High School,School,,Fail,1040,1081
debt_exclusion,192,Montague,2002,2000-04-12,Old Rochester Rsd School Construction,Public Safety,,Pass,570,281
debt_exclusion,250,Rochester,2002,2000-04-12,Old Rochester School Construction,School,,Pass,570,281
capital_exclusion,327,West Tisbury,2001,2000-04-13,Radios For Fire Department,PUBLIC SAFETY,25000,Pass,556,286
capital_exclusion,327,West Tisbury,2001,2000-04-13,Certification-Revaluation,GENERAL OPERATING,40000,Pass,465,365
capital_exclusion,327,West Tisbury,2001,2000-04-13,Purchase New Ambulance,PUBLIC SAFETY,40000,Pass,670,176
capital_exclusion,089,Edgartown,2001,2000-04-14,Repair Various Sidewalks And Catch Basin,PUBLIC WORKS & FACILITIES,45000,Pass,344,99
capital_exclusion,089,Edgartown,2001,2000-04-14,5th Year Lease/Purch.Agree-Dredge-Equip.,PUBLIC WORKS & FACILITIES,105400,Pass,342,100
capital_exclusion,089,Edgartown,2001,2000-04-14,Harbor Patrol Vessel,PUBLIC WORKS & FACILITIES,92000,Pass,256,185
capital_exclusion,089,Edgartown,2001,2000-04-14,Resurface And Rebuild Various Town Roads,PUBLIC WORKS & FACILITIES,145000,Pass,311,136
capital_exclusion,089,Edgartown,2001,2000-04-14,Repair Concrete Pavements-Resurfacing,PUBLIC WORKS & FACILITIES,49000,Pass,256,186
capital_exclusion,089,Edgartown,2001,2000-04-14,Rescue Truck For Fire Department,PUBLIC SAFETY,135000,Pass,316,125
debt_exclusion,252,Rockport,2003,2000-04-16,Constructing And Equipping A Police Station,Public Safety,,Pass,923,571
debt_exclusion,215,Northborough,2002,2000-04-22,School Acquired A Parcel Of Land,School,,Pass,1213,912
debt_exclusion,011,Ashburnham,2002,2000-04-25,Renovation And Expansion Of Oakmont Regional High School,School,,Pass,613,388
debt_exclusion,332,Westminster,2004,2000-04-25,Finance Cost Of Renovation And Expansion Of Regional High School,School,,Pass,777,635
debt_exclusion,169,Marion,2002,2000-04-28,Radiot Communications Equipment,Public Safety,,Pass,563,218
debt_exclusion,169,Marion,2002,2000-04-28,Repair Old Rochester Junior High School,School,,Pass,586,200
debt_exclusion,169,Marion,2002,2000-04-28,Maintenance Paving On Roads,Public Works and Facilities,,Pass,578,206
debt_exclusion,280,Spencer,2002,2000-05-01,Land To Replace David Prouty Intermediate,School,,Pass,1473,1179
capital_exclusion,280,Spencer,2001,2000-05-01,"Police Cruisers-Roof For Fire Dept, Etc.",GENERAL OPERATING,153560,Pass,1612,1106
debt_exclusion,075,Dennis,2003,2000-05-02,Repairs And Remodel Elevators,General Government,,Pass,575,238
debt_exclusion,330,Westford,2002,2000-05-02,School Budget,School,,Pass,2338,1562
debt_exclusion,330,Westford,2002,2000-05-02,Highway Garage Facility,Public Works and Facilities,,Pass,2583,1490
capital_exclusion,116,Groveland,2001,2000-05-04,Fund Groveland Road Management Project,PUBLIC WORKS & FACILITIES,190000,Pass,575,412
debt_exclusion,261,Sandwich,2003,2000-05-04,Secure Architectural Services & Improvements To Town Hall,General Government,,Fail,735,1419
debt_exclusion,261,Sandwich,2003,2000-05-04,Reconstruct & Improve Service Road,Public Works and Facilities,,Pass,1353,836
debt_exclusion,298,Topsfield,2009,2000-05-04,Purchase Of 1250 Gallon Pumper Truck For Fire Department,Public Safety,,Pass,327,272
debt_exclusion,069,Cummington,2002,2000-05-05,Landfill Capping,Public Works and Facilities,,Pass,52,18
debt_exclusion,230,Pelham,2002,2000-05-06,"Reconstruct, And Equip Addition To Elementary School",School,,Pass,152,118
capital_exclusion,303,Upton,2004,2000-05-06,Reconstruction And Repair Of Town Roads Said Monies To Be Usd In Conjunction Withchapter 90 Funds,PUBLIC WORKS & FACILITIES,100000,Pass,602,81
debt_exclusion,333,Weston,2002,2000-05-06,Repairs To Country And Woodland School,School,,Pass,731,162
debt_exclusion,333,Weston,2002,2000-05-06,Construction Of Surface Drains,Public Works and Facilities,,Pass,719,165
debt_exclusion,333,Weston,2002,2000-05-06,Repair To Town Hall And Library,General Government,,Pass,705,186
debt_exclusion,166,Manchester By The Sea,2003,2000-05-08,Affordable Housing- Land Acquisition,General Government,,Pass,547,160
debt_exclusion,166,Manchester By The Sea,2003,2000-05-08,Plan And Construct New Water Storage Tank,Public Works and Facilities,,Pass,590,110
debt_exclusion,203,New Marlborough,2002,2000-05-08,Purchase New Fire Truck,Public Safety,,Pass,243,211
debt_exclusion,203,New Marlborough,2002,2000-05-08,Purchase New One Ton Dump Truck,Public Works and Facilities,,Pass,305,147
debt_exclusion,011,Ashburnham,2002,2000-05-09,Reconstruction Of Town Roads,Public Works and Facilities,,Pass,183,109
capital_exclusion,011,Ashburnham,2001,2000-05-09,Tech. Equipment For Regional School,SCHOOL,67581,Fail,118,175
capital_exclusion,011,Ashburnham,2001,2000-05-09,Underground Storage Tanks For School,SCHOOL,71028,Fail,107,185
capital_exclusion,011,Ashburnham,2001,2000-05-09,State Ordered Dam Safety Inspect.Report,GENERAL OPERATING,26000,Fail,141,156
capital_exclusion,011,Ashburnham,2001,2000-05-09,Purchase Front End Loader And Backhoe,PUBLIC WORKS & FACILITIES,70000,Fail,134,159
debt_exclusion,051,Carlisle,2004,2000-05-09,New Roll-Off Truck To Transport Trash Containers For Dpw,Public Works and Facilities,,Pass,456,124
capital_exclusion,051,Carlisle,2001,2000-05-09,Profess. Services For Housing Authority,PUBLIC WORKS & FACILITIES,20000,Fail,153,327
capital_exclusion,051,Carlisle,2001,2000-05-09,Eval. Municipal Water Supply,PUBLIC WORKS & FACILITIES,20000,Pass,389,189
debt_exclusion,075,Dennis,2002,2000-05-09,Construction Costs Of New Public Works Building Complex,Public Works and Facilities,,Pass,566,246
debt_exclusion,254,Rowley,2006,2000-05-09,Conservation Comm Land Purchase,General Government,,Pass,881,284
capital_exclusion,254,Rowley,2001,2000-05-09,Fund Shellfish Constrable Contract Serv.,PUBLIC WORKS & FACILITIES,5200,Fail,403,701
capital_exclusion,254,Rowley,2001,2000-05-09,Study Of Pine Grove School,SCHOOL,30000,Fail,477,652
capital_exclusion,254,Rowley,2001,2000-05-09,Install Elevator At Town Hall Annex,GENERAL GOVERNMENT,50000,Fail,543,593
capital_exclusion,254,Rowley,2001,2000-05-09,3 Diesel Exhaust Sys.-Owned By Volunteer,PUBLIC SAFETY,26286,Fail,546,568
capital_exclusion,254,Rowley,2001,2000-05-09,Repair And Construct 2nd Floor Annex,GENERAL GOVERNMENT,15000,Pass,622,515
capital_exclusion,254,Rowley,2001,2000-05-09,Fire Chief Rescue Vehicle,PUBLIC SAFETY,35000,Pass,627,511
capital_exclusion,254,Rowley,2001,2000-05-09,Mosquito Control Procedures,PUBLIC WORKS & FACILITIES,37100,Pass,800,351
capital_exclusion,254,Rowley,2001,2000-05-09,Arch.Planning Costs For Pub.Safety Bldg.,PUBLIC SAFETY,30000,Fail,260,852
debt_exclusion,037,Boxborough,2005,2000-05-15,Construct Replacement Wastewater Disposal For Blanchard Memorial School,Public Works and Facilities,,Pass,142,47
debt_exclusion,078,Dover,2008,2000-05-15,Planning And Reconstructing Additions To The Regional School Facilities,School,,Pass,701,314
debt_exclusion,081,Dunstable,2004,2000-05-15,Architectural And Engineering Services For Town Hall Reconstruction,General Government,,Pass,159,64
debt_exclusion,081,Dunstable,2004,2000-05-15,Construction And Improvements At Larter Family Memorial Field,Culture and Recreation,,Pass,163,61
capital_exclusion,139,Hopkinton,2001,2000-05-15,Open Space Preservation Fund,CULTURE AND RECREATION,250000,Pass,928,734
debt_exclusion,288,Sudbury,2003,2000-05-15,Land Purchase At Rice Road,General Government,,Pass,858,790
debt_exclusion,038,Boxford,2002,2000-05-16,Design And Services Of Police Building,Public Safety,,Pass,1231,531
capital_exclusion,038,Boxford,2001,2000-05-16,Construction Of Office Space,GENERAL GOVERNMENT,80000,Pass,861,797
debt_exclusion,096,Falmouth,2002,2000-05-16,Fire Rescue Headquarters,Public Safety,,Pass,3651,1466
capital_exclusion,096,Falmouth,2001,2000-05-16,"Engineer, Etc Wastewater Treatment Fac.",PUBLIC WORKS & FACILITIES,800000,Pass,3213,1773
capital_exclusion,096,Falmouth,2001,2000-05-16,Wild Harbor Bulkhead,PUBLIC WORKS & FACILITIES,400000,Fail,2035,2800
debt_exclusion,126,Harwich,2002,2000-05-16,Front End Loader For Community Center,Public Works and Facilities,,Pass,1382,1352
debt_exclusion,126,Harwich,2002,2000-05-16,Street Sweeper For Highway Department,Public Works and Facilities,,Pass,1405,1323
debt_exclusion,126,Harwich,2002,2000-05-16,New Generator For Community Center,Culture and Recreation,,Pass,1476,1279
debt_exclusion,126,Harwich,2002,2000-05-16,Reconstruct Dunbar Field,Culture and Recreation,,Pass,1655,1085
debt_exclusion,126,Harwich,2002,2000-05-16,Purchase And Equip New Engine For Fire Department,Public Safety,,Pass,1685,1109
debt_exclusion,126,Harwich,2002,2000-05-16,Road Maintenance Program,Public Works and Facilities,,Pass,1792,950
debt_exclusion,126,Harwich,2002,2000-05-16,Renovation Of School,School,,Pass,1854,915
capital_exclusion,126,Harwich,2001,2000-05-16,Purchase And Equip New Trailer For Dispo,PUBLIC WORKS & FACILITIES,339000,Pass,1392,1314
debt_exclusion,240,Plympton,2003,2000-05-20,Finance Planning Const.-Renovate Elementary School,School,,Pass,581,322
debt_exclusion,009,Andover,2002,2000-05-23,Construct Public Safety Center,Public Safety,,Pass,2361,2221
debt_exclusion,009,Andover,2004,2000-05-23,Sidewalk Construction,Public Works and Facilities,,Fail,2186,2389
debt_exclusion,009,Andover,2004,2000-05-23,Elemenatary And Middle School Funding,School,,Pass,2904,1685
capital_exclusion,119,Hamilton,2001,2000-05-25,12 Year Street Improvement Plan,PUBLIC WORKS & FACILITIES,188000,Pass,234,71
debt_exclusion,295,Tewksbury,2002,2000-05-27,Making Repairs To Middle School,School,,Pass,1352,610
debt_exclusion,307,Walpole,2002,2000-06-03,"Equip, Remodel And Reconstruct Existing School Building",School,,Pass,2995,2395
capital_exclusion,331,Westhampton,2001,2000-06-05,Purchase Truck For Highway Department,PUBLIC WORKS & FACILITIES,79600,Pass,84,28
debt_exclusion,050,Canton,2002,2000-06-06,Bond Issue For Addition To Existing Library,Culture and Recreation,,Pass,1411,331
debt_exclusion,290,Sutton,2002,2000-06-06,Fire Station,Public Safety,,Pass,2000,1000
debt_exclusion,173,Mattapoisett,2002,2000-06-13,Engineering Desidgn Costs - Matt Neck,School,,Pass,411,308
capital_exclusion,173,Mattapoisett,2001,2000-06-13,Fire Department Equipment,PUBLIC SAFETY,24000,Pass,438,274
debt_exclusion,147,Lancaster,2003,2000-06-19,Construction And Equipping Of A New Elem.Sch.-Middle School,School,,Pass,367,180
debt_exclusion,147,Lancaster,2003,2000-06-19,Const. Of Combined Police Station And Communication Center,Public Safety,,Pass,419,129
debt_exclusion,168,Marblehead,2002,2000-06-19,Repairs To Existing Drainage Infrastruction,Public Works and Facilities,,Pass,1361,635
debt_exclusion,290,Sutton,2004,2000-06-20,New Fire Station & Renovate Fire Station,Public Safety,,Pass,249,74
debt_exclusion,332,Westminster,2003,2000-06-20,Purchase A New Fire Department Engine Vehicle,Public Safety,,Pass,334,298
debt_exclusion,332,Westminster,2004,2000-06-20,Remodel-Equip-Add To -Repair Elementary School,School,,Pass,339,296
debt_exclusion,334,Westport,2002,2000-06-20,"Repairs, Renovate, Equip Community Schools",School,,Pass,818,538
debt_exclusion,115,Groton,2002,2000-06-21,Bernier Bisell Property,General Government,,Pass,232,176
debt_exclusion,115,Groton,2002,2000-06-21,Norris Property,General Government,,Pass,247,163
debt_exclusion,108,Goshen,2002,2000-06-24,Capping Landfill And Construction At New Transfer Station,Public Works and Facilities,,Pass,46,13
debt_exclusion,299,Townsend,2005,2000-06-27,Recycling Center Upgrade,Public Works and Facilities,,Pass,180,97
debt_exclusion,299,Townsend,2005,2000-06-27,Landfill Cap,General Government,,Pass,198,79
debt_exclusion,234,Petersham,2002,2000-06-28,"Repair, Reconstruct And Equip Center School",School,,Pass,179,93
debt_exclusion,198,Natick,2002,2000-07-11,Repair And Reconstruct Kennedy Middle School,School,,Pass,10308,6499
debt_exclusion,205,Newbury,2002,2000-07-18,Manter Field Purchase,General Government,,Pass,625,254
debt_exclusion,058,Cheshire,2003,2000-08-05,Loan For Purchase Of Model Pumper For Cheshire Fire Department,Public Safety,,Pass,159,73
debt_exclusion,205,Newbury,2002,2000-08-08,Towns Share Of Joint Sewer And Water Pro,Public Works and Facilities,,Pass,442,219
debt_exclusion,092,Essex,2002,2000-09-12,Construct New Sewer System,Public Works and Facilities,,Pass,218,31
debt_exclusion,189,Milton,2008,2000-09-12,"Equipping And Cont. High School; Collicot School, Glover School And Tucker School",School,,Pass,6854,1686
debt_exclusion,101,Franklin,2002,2000-10-10,Renovate And Construction To Horace Mann School,School,,Pass,2506,1439
debt_exclusion,126,Harwich,2001,2000-10-10,Reno-Buildings A Golf Course,Culture and Recreation,,Pass,542,139
debt_exclusion,023,Bedford,2003,2000-10-21,Repairs-Remodel-Reconst. To John Glenn Middle School,School,,Pass,1212,576
debt_exclusion,175,Medfield,2002,2000-10-23,Parcels Of Land,General Government,,Pass,408,203
debt_exclusion,247,Rehoboth,2004,2000-10-23,Reconst. Addto Repair Dighton-Rehoboth Reg. H.S.,School,,Pass,550,345
debt_exclusion,318,Wellfleet,2001,2000-10-24,Dump Truck For Dpw,Public Works and Facilities,,Pass,214,103
debt_exclusion,318,Wellfleet,2001,2000-10-24,Property On Indian Neck,General Government,,Pass,246,75
debt_exclusion,318,Wellfleet,2002,2000-10-24,Rooof Repairs At The Public Library,Culture and Recreation,,Pass,252,70
debt_exclusion,038,Boxford,2001,2000-10-26,Equip=Furnish-Police Building,Public Safety,,Pass,622,235
debt_exclusion,077,Douglas,2003,2000-10-26,Archit. And Esign-Const.-Equipment Furns -New H.S. And Modify Old One,School,,Pass,832,439
debt_exclusion,078,Dover,2002,2000-10-30,Conservation Purposes,General Government,,Pass,2326,735
debt_exclusion,037,Boxborough,2005,2000-11-07,Acton Boxboro School Construction Project,School,,Pass,1624,637
debt_exclusion,127,Hatfield,2003,2000-11-07,Renovation To Smith Academy Project,School,,Fail,649,1142
debt_exclusion,127,Hatfield,2003,2000-11-07,Renovation Of Dorothy Breor Elementarly School Or Const. New One,School,,Pass,907,894
debt_exclusion,157,Lincoln,2003,2000-11-07,Lincoln Sudbury School Construction Project,School,,Pass,685,497
debt_exclusion,199,Needham,2001,2000-11-13,Purchase Wiswall Prop For Cons.Purposes,General Government,,Pass,8852,5394
debt_exclusion,303,Upton,2002,2000-11-14,Legal Fees Associated With Fire Station,Public Safety,,Pass,324,313
debt_exclusion,002,Acton,2002,2000-11-20,Construct Addition And Remodel Regional School,School,,Pass,3367,1995
debt_exclusion,177,Medway,2002,2000-11-20,Acquire Land And Similar Costs,Public Works and Facilities,,Pass,1575,766
debt_exclusion,076,Dighton,2007,2000-11-21,"Finance Costs Of Reconst. Adding To, Equipping Remodel And Repair Dighton-Rehoboth Reg.H.S.",School,,Pass,154,74
debt_exclusion,154,Leverett,2003,2000-12-02,Design And Construct Public Safety Complex,Public Safety,,Pass,53,26
debt_exclusion,188,Millville,2003,2000-12-04,Bonds Issued By Blackstone-Millvile Reg.Sch.To Acquire Land,General Government,,Pass,217,183
debt_exclusion,117,Hadley,2002,2000-12-05,Police Cruiser And Related Equipment,Public Safety,,Pass,183,173
debt_exclusion,117,Hadley,2002,2000-12-05,Farmland Or Open Space,General Government,,Pass,238,121
debt_exclusion,226,Oxford,2002,2000-12-05,Equip And Repair Elementary Schools,School,,Pass,979,805
debt_exclusion,251,Rockland,2004,2000-12-09,"Replace Storage Tanks-Removal Contaminated Highway Soil, Etc.",General Operating,,Pass,1370,762
debt_exclusion,304,Uxbridge,2003,2000-12-19,Costs Associated With New 9-12 High School And Renovations,School,,Pass,1290,1107
debt_exclusion,173,Mattapoisett,2000,2001-01-01,Fixing Of Duplicate Vote,Public Works and Facilities,,Pass,744,295
debt_exclusion,146,Lakeville,2003,2001-01-06,Bonds Issued For New Senior Center,Culture and Recreation,,Pass,273,235
debt_exclusion,092,Essex,2003,2001-01-22,Finance  Middle School Addition And Turn. High School Addition,School,,Pass,103,23
debt_exclusion,106,Gill,2003,2001-01-22,Addition To Greater Falls Middle School,School,,Pass,103,23
debt_exclusion,324,West Newbury,2003,2001-01-23,Purchase Fee For Open Space-Water Supply Prot.-Recreation-Etc,General Operating,,Pass,543,141
capital_exclusion,265,Seekonk,2001,2001-01-28,School Buses-Pw Vehicles-Work Vehicles,GENERAL OPERATING,821900,Pass,1168,1130
debt_exclusion,126,Harwich,2002,2001-01-30,Renovation And Addition To Elementary School,School,,Pass,1246,502
debt_exclusion,126,Harwich,2002,2001-01-30,Upgrade Defibrillators For Fire Department,Public Safety,,Pass,1512,235
debt_exclusion,110,Grafton,2001,2001-01-31,Construction Of New School,School,,Pass,1619,1536
debt_exclusion,223,Orange,2002,2001-02-01,Ralph C. Mahar Rsd School Project,School,,Pass,702,519
debt_exclusion,319,Wendell,2002,2001-02-05,Remodel Ralph Mahar School,School,,Pass,30,13
debt_exclusion,204,New Salem,2005,2001-02-07,High School Reconstruct Mahar School,School,,Pass,67,7
debt_exclusion,245,Raynham,2004,2001-02-10,"Costs Of Reconstructing, Adding To, Equiop Remodel Or Repairs To E.J. Laliberte Junior High School",School,,Pass,809,388
debt_exclusion,175,Medfield,2002,2001-02-12,Cibst-Remodel Addition To Selected Schools,School,,Pass,2773,1859
debt_exclusion,173,Mattapoisett,2003,2001-02-13,New Construction-Equiip-Remodel-Repairs To Ctr And Old Hamm.Schs,School,,Pass,774,335
debt_exclusion,266,Sharon,2002,2001-02-13,Bond Issued To Add Such Amounts To The Conservation Comm. Land Acquisition Land Amount,General Government,,Fail,1568,1654
debt_exclusion,234,Petersham,2008,2001-02-21,Const. Reconstruct-Adding To-Equipping-Remodeling-Or Making Repairs To Ralph C. Mahar Regional School District,School,,Pass,126,50
debt_exclusion,018,Avon,2003,2001-02-22,Additions To Regional School And High School,School,,Pass,103,23
debt_exclusion,177,Medway,2003,2001-02-26,Architectural Services To Complete Design Of New High School,School,,Pass,1052,421
debt_exclusion,177,Medway,2003,2001-02-26,Const. Equipping And Furnishing New High School On Town Owned Land,School,,Pass,1047,426
debt_exclusion,034,Bolton,2002,2001-03-05,Acquire Moen Property,General Government,,Pass,149,31
debt_exclusion,082,Duxbury,2003,2001-03-10,Sewer Plant Construction,Public Works and Facilities,,Pass,2067,720
debt_exclusion,082,Duxbury,2003,2001-03-10,Designing And Construct Expanded School Facilities,School,,Pass,1785,1044
debt_exclusion,179,Mendon,2002,2001-03-22,Acquire Property Off Inman Hill Road,General Government,,Pass,825,181
debt_exclusion,179,Mendon,2004,2001-03-22,Mendon Upton Regional New Elementary School,School,,Pass,782,231
debt_exclusion,303,Upton,2003,2001-03-22,Construct-Equip-And Furnish New Elementary School,School,,Pass,922,252
debt_exclusion,010,Arlington,2012,2001-03-31,Acquire Symmes Hospital Site And To Renovate The Buildings Thereof,General Government,,Pass,4441,2476
debt_exclusion,125,Harvard,2005,2001-04-03,Renovation And Expansion Of The Bromfield School,School,,Pass,900,687
debt_exclusion,125,Harvard,2005,2001-04-03,Purchase A Fire Engine,Public Safety,,Pass,1040,514
capital_exclusion,327,West Tisbury,2002,2001-04-10,Tri-Town Ambulance Service,PUBLIC SAFETY,5000,Pass,494,102
capital_exclusion,327,West Tisbury,2002,2001-04-10,Intermunicipal Agreement Emergency Servi,PUBLIC SAFETY,69070,Pass,312,250
capital_exclusion,089,Edgartown,2002,2001-04-12,Acquire A Dredge And Related Equipment,PUBLIC WORKS & FACILITIES,41528,Pass,309,98
capital_exclusion,089,Edgartown,2002,2001-04-12,Resurface Town Roads,PUBLIC WORKS & FACILITIES,25000,Pass,293,115
capital_exclusion,089,Edgartown,2002,2001-04-12,Repair Concrete Pavements-Town Roads,PUBLIC WORKS & FACILITIES,30000,Pass,290,116
capital_exclusion,089,Edgartown,2002,2001-04-12,Repair And Cleaning Of Catch Basins,PUBLIC WORKS & FACILITIES,45000,Pass,292,114
debt_exclusion,180,Merrimac,2006,2001-04-17,Public Librarly,Culture and Recreation,,Pass,896,788
debt_exclusion,062,Chilmark,2002,2001-04-25,Purchase Land For Conservation,General Government,,Pass,302,50
debt_exclusion,169,Marion,2003,2001-04-27,Bond For Maintenance Paving Of Town Roads,Public Works and Facilities,,Pass,794,347
debt_exclusion,318,Wellfleet,2002,2001-04-30,Senior Center,Culture and Recreation,,Pass,710,334
debt_exclusion,318,Wellfleet,2002,2001-04-30,Capping Landfill,Public Works and Facilities,,Pass,719,297
debt_exclusion,199,Needham,2002,2001-05-01,Broadmeadow And Elliot School Renovations,School,,Pass,5099,2070
debt_exclusion,266,Sharon,2002,2001-05-01,Repairs To Cottage St School,School,,Pass,2238,1154
debt_exclusion,266,Sharon,2002,2001-05-01,Construction Of Athletic Fields Located On Mountain Street,Culture and Recreation,,Fail,800,2538
debt_exclusion,266,Sharon,2002,2001-05-01,"Construction, Renovation, Etc New Building For The Sacred Heart Site I.E. Senior Center",Culture and Recreation,,Fail,1383,1986
debt_exclusion,266,Sharon,2002,2001-05-01,Engage Workers For Middle And Elementary School,School,,Pass,1925,1458
debt_exclusion,266,Sharon,2002,2001-05-01,Conservation Restriction On Parcels Of Land,Public Works and Facilities,,Pass,1696,1668
debt_exclusion,280,Spencer,2002,2001-05-01,Design Fees For New School,School,,Pass,1439,1232
debt_exclusion,298,Topsfield,2006,2001-05-01,Town Hall Renovation Project,General Government,,Pass,385,211
debt_exclusion,289,Sunderland,2004,2001-05-05,Construct A New Library,Culture and Recreation,,Pass,220,194
debt_exclusion,333,Weston,2002,2001-05-05,Surface Drains,Public Works and Facilities,,Pass,1077,356
debt_exclusion,333,Weston,2002,2001-05-05,Sewage Treat & Disposal For Town Hall,General Government,,Pass,1087,346
debt_exclusion,333,Weston,2002,2001-05-05,Making Repairs To Town Hall,General Government,,Pass,1018,399
debt_exclusion,333,Weston,2002,2001-05-05,Lay And Relay Water Mains,Public Works and Facilities,,Pass,1089,348
debt_exclusion,333,Weston,2002,2001-05-05,Departmental Equipment Fire Pumper,Public Safety,,Pass,1006,421
debt_exclusion,333,Weston,2002,2001-05-05,Dept Equipment Street Sweeper And Brush Chipper,Public Works and Facilities,,Pass,998,427
debt_exclusion,333,Weston,2002,2001-05-05,Repair And Reconstruct County And Woodland School Facilities,School,,Pass,1076,360
debt_exclusion,333,Weston,2002,2001-05-05,Construction Of Sewerage Treatment And Disposal Facility,Public Works and Facilities,,Pass,1076,341
debt_exclusion,110,Grafton,2003,2001-05-07,Repair And Expand Blackstone Valley Voc.Regional School,School,,Pass,1132,969
debt_exclusion,110,Grafton,2008,2001-05-07,Repair & Expand Blackstone Valley,School,,Pass,1136,969
debt_exclusion,120,Hampden,2005,2001-05-07,Purchase A 2001 International Cab/Class A Pumper Fire Truck,Public Safety,,Pass,677,407
capital_exclusion,187,Millis,2002,2001-05-07,"Replace Existing Police, Fire And Ems Radio System",PUBLIC SAFETY,200000,Pass,487,313
debt_exclusion,280,Spencer,2002,2001-05-07,Equipment - Construction  New Intermediate School,School,,Pass,887,778
capital_exclusion,280,Spencer,2002,2001-05-07,Selected Capital Expenditures,GENERAL OPERATING,244672,Fail,820,838
debt_exclusion,303,Upton,2003,2001-05-07,Share Of Blackstone Reg.School-Equip-Repairs To School,School,,Pass,828,369
debt_exclusion,319,Wendell,2002,2001-05-07,Bucket Loader For Highway Department,Public Safety,,Pass,99,42
debt_exclusion,324,West Newbury,2003,2001-05-07,Finance Construction Of Outdoor Recreation Playing Fields,Culture and Recreation,,Pass,619,606
debt_exclusion,077,Douglas,2003,2001-05-08,Add To -Equip-Repair-Reconstruct Regional School(Blackstone Vale,School,,Pass,658,490
debt_exclusion,213,North Reading,2006,2001-05-08,Reconst.Renovate And Equip Police Station And All Costs Related Thereto,Public Safety,,Pass,2604,1252
debt_exclusion,263,Savoy,2003,2001-05-08,New Four Wheel Drive Loader,Public Works and Facilities,,Pass,41,19
debt_exclusion,288,Sudbury,2003,2001-05-09,New Walkway Program At Feely Field,Culture and Recreation,,Fail,1064,1065
capital_exclusion,089,Edgartown,2002,2001-05-12,Acquire A Dredge And Related Equipment,PUBLIC WORKS & FACILITIES,41528,Pass,309,98
debt_exclusion,092,Essex,2002,2001-05-14,Pumper Truck For Fire Department,Public Safety,,Pass,376,78
debt_exclusion,184,Middleton,2002,2001-05-14,Land Off Locust Street,Public Works and Facilities,,Pass,602,398
debt_exclusion,277,Southborough,2002,2001-05-14,Graphic Interface System (Gis),General Government,,Fail,624,913
debt_exclusion,277,Southborough,2003,2001-05-14,Contract For Design Construction Services Of Commun.Facilities,General Operating,,Pass,789,784
capital_exclusion,277,Southborough,2002,2001-05-14,Road And Safety Improvements,PUBLIC SAFETY,370000,Pass,927,654
capital_exclusion,277,Southborough,2002,2001-05-14,Portable Classroom For Neary School,SCHOOL,200000,Pass,1088,503
debt_exclusion,075,Dennis,2003,2001-05-15,Property Owned By Dorothy Bell-Title Number 159052,General Government,,Pass,2115,969
debt_exclusion,086,Eastham,2004,2001-05-15,Land,General Government,,Pass,611,332
debt_exclusion,096,Falmouth,2003,2001-05-15,Design And Upgrade Of Wastewater Treatment Plant,Public Works and Facilities,,Pass,5013,1685
debt_exclusion,096,Falmouth,2003,2001-05-15,Design-Const-Furn-Addit. To Gus Canty Recreation Ctr Includ.Costs,Culture and Recreation,,Pass,3401,3193
debt_exclusion,096,Falmouth,2003,2001-05-15,Design Serv.For  High Sch. Renovation Project Costs,School,,Pass,3634,3085
debt_exclusion,126,Harwich,2002,2001-05-15,Rescue Vehicles For Fire Department,Public Safety,,Pass,718,554
capital_exclusion,126,Harwich,2002,2001-05-15,Fire Alarm Recording System,PUBLIC SAFETY,5000,Pass,736,533
capital_exclusion,126,Harwich,2002,2001-05-15,Temporary One Year Annual Road Construction Program,PUBLIC WORKS & FACILITIES,500000,Pass,729,582
capital_exclusion,126,Harwich,2002,2001-05-15,Portable Radios For Lifeguards,CULTURE AND RECREATION,15000,Pass,678,593
capital_exclusion,126,Harwich,2002,2001-05-15,Building Maintenance In The School System,SCHOOL,50461,Pass,675,588
capital_exclusion,126,Harwich,2002,2001-05-15,Computer Hardware For School Department,SCHOOL,100000,Fail,586,676
capital_exclusion,126,Harwich,2002,2001-05-15,Purchase New Highway Equipment,PUBLIC WORKS & FACILITIES,32080,Fail,556,696
capital_exclusion,126,Harwich,2002,2001-05-15,Install Telephone System In Middle And High School,SCHOOL,54000,Fail,509,764
capital_exclusion,126,Harwich,2002,2001-05-15,Laser Speed Detection Unit,PUBLIC SAFETY,8755,Fail,453,807
capital_exclusion,126,Harwich,2002,2001-05-15,One Year Road Construction Program,PUBLIC WORKS & FACILITIES,322780,Pass,874,433
capital_exclusion,126,Harwich,2002,2001-05-15,Breathing Equipment For Fire Department,PUBLIC SAFETY,65000,Pass,907,366
debt_exclusion,216,Northbridge,2007,2001-05-15,"Adding To, Equipping, Reconstructing And Making Repairs To Regional School And All Costs Thereto",School,,Pass,263,98
capital_exclusion,119,Hamilton,2002,2001-05-17,Street Improvements,PUBLIC WORKS & FACILITIES,188000,Pass,1321,588
debt_exclusion,022,Becket,2003,2001-05-19,Purchase New Ambulance For Town,Public Safety,,Pass,181,117
capital_exclusion,022,Becket,2003,2001-05-19,Purchase Highway Department Loader,PUBLIC WORKS & FACILITIES,73095,Fail,117,180
debt_exclusion,154,Leverett,2005,2001-05-19,"Design Development, Constr. And Eqiping And Furnishing A Library Building",Culture and Recreation,,Pass,117,6
debt_exclusion,037,Boxborough,2005,2001-05-21,"Design, Equip, And Construct New Library At The Hager Site",Culture and Recreation,,Pass,230,149
debt_exclusion,054,Charlton,2006,2001-05-21,Library Construction,Culture and Recreation,,Pass,1183,756
debt_exclusion,078,Dover,2005,2001-05-21,Towns Share Of Remodeling And Repairing Dover-Sherborn Regional High School,School,,Pass,640,199
debt_exclusion,277,Southborough,2002,2001-05-21,"Middle School (Tri Project) Remodel, Reconstructing Or Making Extraordinary Repairs",School,,Pass,863,340
debt_exclusion,026,Belmont,2004,2001-05-22,Fund Const.Costs Replace Spect.Stands At High Sch. And Track Light,School,,Pass,2753,2247
debt_exclusion,051,Carlisle,2004,2001-05-22,Sander/Dump Truck For Highway Dept.,Public Works and Facilities,,Pass,630,255
debt_exclusion,051,Carlisle,2004,2001-05-22,Purchase A Ladder Truck For Fire Department,Public Safety,,Pass,554,329
debt_exclusion,159,Longmeadow,2002,2001-05-22,Repairs At Longmeadow High School,School,,Pass,1504,774
debt_exclusion,290,Sutton,2004,2001-05-22,Renovate Regional School,School,,Pass,771,503
debt_exclusion,304,Uxbridge,2003,2001-05-22,Bonds For Making Extraoridinary Repairs To Blackstone Valley,School,,Pass,1606,1138
debt_exclusion,304,Uxbridge,2003,2001-05-22,Bonds For Equipping New High School,School,,Fail,1351,1403
debt_exclusion,304,Uxbridge,2003,2001-05-22,Bonds For Wastewater Supply And Collection System,Public Works and Facilities,,Pass,1528,1219
debt_exclusion,288,Sudbury,2003,2001-05-24,Bonds For New Dpw Facility,Public Works and Facilities,,Pass,919,676
debt_exclusion,126,Harwich,2004,2001-05-25,Renovate & Expand Clubhouse & Maint Building At Golf Course,Culture and Recreation,,Pass,611,176
debt_exclusion,331,Westhampton,2002,2001-06-02,Reconstruct Repair Existing School Facilities,School,,Pass,214,112
debt_exclusion,060,Chesterfield,2002,2001-06-04,Repair And Remodel District School Facility,School,,Pass,94,73
debt_exclusion,175,Medfield,2003,2001-06-04,Design-Construct Sewers And Water Drainage Systems,Public Works and Facilities,,Pass,242,83
debt_exclusion,247,Rehoboth,2006,2001-06-04,"Constructing, Originally Equipping And Furnishing A New Senior Center",Culture and Recreation,,Pass,401,357
debt_exclusion,276,Southampton,2002,2001-06-04,Reconstruct And Remodel School District Facilities,School,,Pass,341,303
debt_exclusion,334,Westport,2002,2001-06-05,Agriculture Open Space Trust Fund,Public Works and Facilities,,Pass,1485,1002
debt_exclusion,073,Dedham,2005,2001-06-09,Renovation Of High School Science Laboratories,School,,Pass,2278,948
debt_exclusion,073,Dedham,2005,2001-06-09,Storm Drainage Study,Public Works and Facilities,,Pass,1640,1506
debt_exclusion,073,Dedham,2005,2001-06-09,Sanitary Sewer Design & Construction,Public Works and Facilities,,Pass,1940,1228
debt_exclusion,073,Dedham,2005,2001-06-09,Fund Acquisition Of So Called Manor Estates Property On Sprague Street,General Government,,Pass,1768,1420
debt_exclusion,073,Dedham,2005,2001-06-09,Fund Reconstruction Of East Street From Endicott Rotary To Inter Of East Street And Avery Street,General Government,,Pass,1785,1376
debt_exclusion,340,Williamsburg,2002,2001-06-11,Closure Of The Wood Waster Area,Public Works and Facilities,,Pass,305,109
debt_exclusion,340,Williamsburg,2002,2001-06-11,Remodel - Repair Regional School,School,,Pass,294,130
debt_exclusion,350,Wrentham,2007,2001-06-11,Reg.School District - Furnishing New High School Including Equipment,School,,Fail,1319,1630
debt_exclusion,040,Braintree,2007,2001-06-12,"Repairs, Reno. Additions To New Const. Of Highlands, Flaherty,And South Middle School",School,,Fail,3378,3978
debt_exclusion,050,Canton,2005,2001-06-12,Funding Costs Of Associated With Various Work At Canton High School,School,,Pass,1960,1020
debt_exclusion,067,Concord,2003,2001-06-12,"Remodeling Alcott, Thoreau, Willard And Sanborn Buildings",School,,Fail,3048,3220
debt_exclusion,067,Concord,2003,2001-06-12,Fund Concord Carlisle Rsd Operating Budget,School,,Fail,2933,3280
debt_exclusion,067,Concord,2003,2001-06-12,Fund Operating Budget Concord Carlisle Rsd,School,,Pass,3583,2623
debt_exclusion,067,Concord,2003,2001-06-12,Fund Operating Budget Concord Public Schools,School,,Fail,2679,3515
debt_exclusion,067,Concord,2003,2001-06-12,Fund Operating Budget Concord Public Schools,School,,Fail,2745,3439
debt_exclusion,067,Concord,2003,2001-06-12,Fund Operating Budget Concord Public Schools,School,,Pass,3289,2884
debt_exclusion,067,Concord,2003,2001-06-12,Fund Operating Budget Concord Public Schools,School,,Pass,3485,2674
debt_exclusion,310,Wareham,2004,2001-06-12,Rehabiliitating And Expanding The Wareham Middle School,School,,Pass,1910,1587
debt_exclusion,108,Goshen,2002,2001-06-16,Addition To And New Construction At Regional High School,School,,Pass,85,64
debt_exclusion,168,Marblehead,2002,2001-06-18,Plans For Conversion Of Schools,School,,Pass,2916,1639
capital_exclusion,168,Marblehead,2002,2001-06-18,Resurface Repair Seaside Park,CULTURE AND RECREATION,21200,Pass,2582,1927
capital_exclusion,168,Marblehead,2002,2001-06-18,Construction And Reconstruction Of Walls And Fences,GENERAL OPERATING,30000,Pass,2804,1657
capital_exclusion,168,Marblehead,2002,2001-06-18,Repair Improve At Fort Seawall,CULTURE AND RECREATION,114000,Pass,2910,1569
debt_exclusion,117,Hadley,2003,2001-06-19,Purchase New Passenger School Bus,School,,Pass,199,192
debt_exclusion,332,Westminster,2004,2001-06-19,Operating Budget Of Ashburnham-Westminster Regional School,School,,Fail,552,715
debt_exclusion,001,Abington,2003,2001-06-23,Construct Sidewalk On Washington Street,Public Works and Facilities,,Pass,202,124
debt_exclusion,001,Abington,2003,2001-06-23,"Construct Sidewalk, The Design Which Has Been Completed",Public Works and Facilities,,Pass,210,117
debt_exclusion,204,New Salem,2002,2001-06-25,"Library Furnace, Compactor, Shed And Copier",Culture and Recreation,,Pass,54,47
debt_exclusion,173,Mattapoisett,2002,2001-06-26,Cost Of Sewer Connections-Hs-Oakland St.,Public Works and Facilities,,Pass,597,303
capital_exclusion,173,Mattapoisett,2002,2001-06-26,Purchase Dump Truck,PUBLIC WORKS & FACILITIES,56000,Fail,422,471
capital_exclusion,173,Mattapoisett,2002,2001-06-26,Fee Interest In Land,GENERAL GOVERNMENT,45000,Pass,500,403
debt_exclusion,186,Millbury,2003,2001-06-26, Repairs -Equip--Reconst The Regional School,School,,Pass,984,268
debt_exclusion,318,Wellfleet,2002,2001-06-26,Purchase Our Landy Of Lourdes Property,Health and Human Service,,Pass,272,98
debt_exclusion,318,Wellfleet,2003,2001-06-26,Pay For The Engineering And Design For A Water And Wastewater Sys.,Public Works and Facilities,,Fail,150,178
debt_exclusion,188,Millville,2004,2001-07-16,"Adding To, Equipping Reconst. Making Repairs To Regional School",School,,Pass,53,44
debt_exclusion,303,Upton,2002,2001-07-23,Purchase Land On Mechanic Street And Soap Hill,General Government,,Pass,334,93
capital_exclusion,250,Rochester,2002,2001-07-25,Town Ambulance,PUBLIC SAFETY,179300,Pass,84,62
capital_exclusion,250,Rochester,2002,2001-07-25,"Road Construction, Paving And Resurface",PUBLIC WORKS & FACILITIES,100000,Pass,78,69
debt_exclusion,081,Dunstable,2004,2001-08-06,Land Purchase River Street Property,General Government,,Pass,119,39
debt_exclusion,022,Becket,2002,2001-08-31,Equipping & Furnishing Becket Consolidated School,School,,Pass,84,59
debt_exclusion,018,Avon,2003,2001-09-06,Remodel-Reconst-Repair Avon Middle-High School,School,,Pass,862,481
debt_exclusion,303,Upton,2000,2001-09-10,"Legal Fees, Engineering, Design, Project Mgmt. Const. Costs And Materials For Repair And Const. Town Roads - Reno Town Hall, Town Ambulance",General Government,,Fail,66,368
debt_exclusion,261,Sandwich,2007,2001-09-24,Making Extraordinary Repairs To Town Buildings,General Government,,Pass,516,269
debt_exclusion,126,Harwich,2004,2001-09-25,Renovate & Expand Clubhouse At Cranberry Valley,Culture and Recreation,,Pass,611,176
debt_exclusion,159,Longmeadow,2002,2001-10-03,Addition To Blueberry Hill & Wolf School,School,,Pass,1740,613
debt_exclusion,340,Williamsburg,2002,2001-10-09,Reconst. Add To Meekins Library,Culture and Recreation,,Pass,399,256
debt_exclusion,081,Dunstable,2004,2001-10-15,Renovations To Building To Be Used By Police Department,Public Safety,,Pass,156,67
debt_exclusion,081,Dunstable,2004,2001-10-16,Renovations For Temporary Relocation Of Town Hall Offices,General Government,,Pass,155,68
debt_exclusion,014,Ashland,2003,2001-10-23,Bonds Issued To Construct And Remodel Senior Community Center,Culture and Recreation,,Pass,893,567
debt_exclusion,014,Ashland,2003,2001-10-23,Recreation Fields,Culture and Recreation,,Pass,850,613
debt_exclusion,318,Wellfleet,2004,2001-10-23,Wasterwater System,Public Works and Facilities,,Pass,288,120
debt_exclusion,318,Wellfleet,2004,2001-10-23,Renovation Of The Former Our Lady Of Lourdes Church,General Operating,,Pass,273,136
debt_exclusion,318,Wellfleet,2004,2001-10-23,Pay For A New Street Sweeper,Public Works and Facilities,,Pass,295,112
debt_exclusion,288,Sudbury,2003,2001-10-24,New Restroom At Feely Park,Culture and Recreation,,Pass,1069,1062
debt_exclusion,089,Edgartown,2006,2001-10-25,Town'S Waste Water Treatment Plants,Public Works and Facilities,,Pass,125,51
debt_exclusion,117,Hadley,2003,2001-10-30,Equipping A New Police Cruiser,Public Safety,,Pass,139,127
debt_exclusion,117,Hadley,2003,2001-10-30,Design-Bidding And Install Handicapped Access Lift In Hop.Academy,School,,Pass,165,101
debt_exclusion,117,Hadley,2003,2001-10-30,Repair Of North Hadley Belfry And Portions Of The Roof,General Government,,Pass,152,116
debt_exclusion,117,Hadley,2003,2001-10-30,Design-Bid-Reconstruct Portion Of Dike Along Connect.River,Public Works and Facilities,,Pass,209,59
capital_exclusion,265,Seekonk,2007,2001-11-20,Purchasing School Buses,SCHOOL,361000,Fail,235,594
debt_exclusion,162,Lunenburg,2003,2001-12-01,Design And Construct A New Primary Achool,School,,Pass,460,254
debt_exclusion,224,Orleans,2004,2001-12-04,Purhase Land And Buildings Located At 137 Main St,General Government,,Pass,473,87
debt_exclusion,116,Groveland,2002,2001-12-05,Fund Pentucket Regional School District Assessment,School,,Pass,674,604
debt_exclusion,116,Groveland,2002,2001-12-05,Funding To Increase Council On Aging Staff And Budget,General Government,,Pass,691,585
debt_exclusion,116,Groveland,2002,2001-12-05,Fund Bonds For Capital Improvement And Departmental Safety Equipment,General Government,,Pass,761,516
debt_exclusion,168,Marblehead,2003,2001-12-10,"Bonds Issued To Plan, Remodel, Reconstruct Additions To Existing High School And Convert To Middle School",School,,Pass,2849,1434
debt_exclusion,215,Northborough,2005,2001-12-11,Finance -Remodel-Reconst.Repairs Equip And Furnish Agongquion Reg.High School,School,,Pass,3156,1750
debt_exclusion,277,Southborough,2003,2001-12-11,Remodel-Reconst.-Repairs Equip-Etc.Algonquiin Reg.High School,School,,Pass,1776,330
debt_exclusion,145,Kingston,2003,2001-12-15,Funding Construction Of Outdoor Recereational And Athletic Facilities,Culture and Recreation,,Pass,509,398
debt_exclusion,145,Kingston,2003,2001-12-15,Additional Funding For New Town House,General Government,,Pass,508,394
debt_exclusion,208,Norfolk,2003,2001-12-17,Furnish-Equip-Renovations To Town Library,Culture and Recreation,,Pass,632,501
debt_exclusion,208,Norfolk,2003,2001-12-17,Const. Of Addition To Remodel And Renovate Middle School,School,,Pass,794,339
debt_exclusion,238,Plainville,2004,2001-12-17,Const. Of Addition And Remodel King Philip Reg.Sch.District,School,,Pass,266,243
debt_exclusion,350,Wrentham,2003,2001-12-17,Bonds For King Philip Rsd School Building Assistance,School,,Pass,860,405
debt_exclusion,299,Townsend,2005,2001-12-18,Purchase Of Real Property - 13 Elms Street,General Government,,Pass,199,119
debt_exclusion,299,Townsend,2005,2001-12-18,Purchase Of Real Property For 6 Elm Street,General Government,,Pass,189,128
debt_exclusion,332,Westminster,2003,2002-01-15,Construction Of Sewer Extensions,Public Works and Facilities,,Pass,380,283
debt_exclusion,012,Ashby,2007,2002-01-29,Construct Addition To Library As Well As Remodel Present Library Building,Culture and Recreation,,Fail,215,475
debt_exclusion,300,Truro,2003,2002-01-31,Remodeling Town Government Offices,General Operating,,Pass,354,86
debt_exclusion,134,Holden,2003,2002-02-04,Debt Issued For Wachusett Regional School,School,,Pass,683,249
debt_exclusion,351,Yarmouth,2003,2002-02-04,"Purchase Parcel Of Land On Mill Lane, South Yarmouth",General Government,,Pass,637,216
debt_exclusion,266,Sharon,2003,2002-02-05,Renov--Expansion-Rehab-Remodel-Existing Struct-East.Elem.Schools,School,,Pass,1056,1002
debt_exclusion,313,Washington,2003,2002-02-09,Bonds Issued For Central Berkshire Regional School District Construction Project,School,,Pass,96,29
debt_exclusion,213,North Reading,2006,2002-02-12,"Purchasing, Installing & Equipping Modular Classrooms",School,,Pass,1450,864
debt_exclusion,080,Dudley,2003,2002-02-19,Architec.Services-Remodel-Reconst.Town Hall/Police Station Bldg.,General Operating,,Pass,414,400
debt_exclusion,228,Paxton,2003,2002-02-25,Puchase Backhoe,Public Works and Facilities,,Pass,184,134
debt_exclusion,228,Paxton,2003,2002-02-25,Pumper/Ladder Truck And Refurbish Present Fire Engine,Public Safety,,Pass,192,125
debt_exclusion,228,Paxton,2003,2002-02-25,Modular School,School,,Pass,238,84
debt_exclusion,231,Pembroke,2008,2002-03-02,Design And Const. Of Alterations And Additions To The Current Silver Lake Junionr High School,School,,Pass,1347,794
debt_exclusion,231,Pembroke,2008,2002-03-02,Acquire Property Identified Ans The Current Silver Lake Junior High School And Former Silver Lake Junior High School,School,,Pass,1467,677
debt_exclusion,023,Bedford,2003,2002-03-09,Const.Equipping A Public Works Facility,Public Works and Facilities,,Pass,1052,817
debt_exclusion,120,Hampden,2003,2002-03-18,Repairs To The Green Meadows Elementary School,School,,Pass,358,332
debt_exclusion,157,Lincoln,2003,2002-03-25,Bonds Issued To Renovate Bemis Hall,General Government,,Pass,828,426
debt_exclusion,157,Lincoln,2003,2002-03-25,Bonds Issued To Renovate The Codman Pool And Replace Gutter At Town Office Building,General Government,,Pass,912,284
debt_exclusion,088,Easton,2019,2002-03-26,Construction And Repairs To Junior And High School,General Government,,Fail,2167,2663
debt_exclusion,189,Milton,2008,2002-03-26,"Const.Equip Const. Additions To Middle School, Collicot School, Cunningham School Glover School",School,,Pass,3471,2198
debt_exclusion,026,Belmont,2004,2002-04-01,Remodel Tall Hall & School Administration Buildings,General Government,,Pass,4337,3167
debt_exclusion,211,North Attleborough,2005,2002-04-01,Construct Renovate And Furnish A New Municipal Police Facility,Public Safety,,Pass,2413,2393
debt_exclusion,144,Ipswich,2006,2002-04-02,Purchase And Equip New Pumber And New Squad Car For Fire Deparment,Public Safety,,Pass,1218,1172
debt_exclusion,246,Reading,2003,2002-04-02,Developing Designs For Repairs Reading Memorial Hs,School,,Pass,3857,2242
debt_exclusion,089,Edgartown,2003,2002-04-11,Purchase Seven Yard Dump Truck,Public Works and Facilities,,Pass,284,187
debt_exclusion,089,Edgartown,2003,2002-04-11,Resurfacing And Rebuilding Various Town Roads,Public Works and Facilities,,Pass,330,144
debt_exclusion,089,Edgartown,2003,2002-04-11,Repair Sidewalks And Repair And Clean Catch Basins,Public Works and Facilities,,Pass,336,139
debt_exclusion,089,Edgartown,2003,2002-04-11,Fund Edgartown Library Planning Project,Culture and Recreation,,Pass,346,133
capital_exclusion,327,West Tisbury,2003,2002-04-11,Feasibility Study For An Addition To West Tisbury Library,CULTURE AND RECREATION,10000,Pass,464,422
capital_exclusion,327,West Tisbury,2003,2002-04-11,New Ambulance For Tri-Town Ambulance Service,PUBLIC SAFETY,45000,Pass,680,209
debt_exclusion,114,Greenfield,2003,2002-04-16,Bonds Issued For Middle School Project,School,,Pass,877,815
debt_exclusion,252,Rockport,2004,2002-04-16,Equipping New Police Station,Public Safety,,Pass,1273,745
capital_exclusion,089,Edgartown,2003,2002-04-17,Repair Sidewalks And Cleaning Catch Basins,PUBLIC WORKS & FACILITIES,50000,Pass,336,139
capital_exclusion,089,Edgartown,2003,2002-04-17,Library Planning Projects-Consultant And Architect.Fees,CULTURE AND RECREATION,37100,Pass,346,133
capital_exclusion,089,Edgartown,2003,2002-04-17,Resurfacing And Rebuilding Town Roads,PUBLIC WORKS & FACILITIES,36500,Pass,330,144
capital_exclusion,089,Edgartown,2003,2002-04-17,Purchasing New Seven Yard Dump Truck,PUBLIC WORKS & FACILITIES,40000,Pass,284,187
debt_exclusion,212,North Brookfield,2003,2002-04-17,Bonds Issued For New Junior/Senior High School Project,School,,Pass,357,337
debt_exclusion,062,Chilmark,2003,2002-04-24,"Pay Bond Issued To Equip, Furnish, Construct An Addition To And Renovate Existing Town Hall",General Government,,Pass,189,55
capital_exclusion,062,Chilmark,2003,2002-04-24,Purchasing 4x4 For Police Dept. And Ambulance,PUBLIC SAFETY,154000,Pass,201,43
debt_exclusion,197,Nantucket,2003,2002-04-24,Bonds Issued To Finance Remodeling Of Nantucket Public Schools,School,,Pass,700,380
debt_exclusion,169,Marion,2003,2002-04-26,Bonds Issued To Fund Paving Of Town Roads,Public Works and Facilities,,Pass,626,566
debt_exclusion,169,Marion,2003,2002-04-26,Premium Increase For Contributory Group Life And Health Insurance,General Government,,Fail,256,939
debt_exclusion,196,Nahant,2007,2002-04-27,Architectural And Engineering Services,School,,Pass,577,382
debt_exclusion,245,Raynham,2006,2002-04-27,Financing Cost Of Constructing And Equipping New Bridgewater-Raynham Reg. High School,School,,Pass,768,540
debt_exclusion,318,Wellfleet,2003,2002-04-29,Cover Town'S Share Of The New Senior Center,General Government,,Pass,138,50
debt_exclusion,318,Wellfleet,2004,2002-04-29,Purchase Fire Department Ladder Truck,Public Safety,,Pass,118,70
debt_exclusion,335,Westwood,2003,2002-04-29,"Construct High School, Athletic Field, Press Box And Concession",School,,Pass,1788,977
debt_exclusion,349,Worthington,2005,2002-05-02,Five Ton Dump Truck For Dpw,Public Works and Facilities,,Pass,139,79
debt_exclusion,193,Monterey,2003,2002-05-04,Make Town Hall Improvements,General Operating,,Pass,95,58
debt_exclusion,193,Monterey,2003,2002-05-04,Purchase New Fire Truck,Public Safety,,Fail,71,82
debt_exclusion,289,Sunderland,2004,2002-05-04,"Construct ,Furnish And Equip New Public Safety Complex",Public Safety,,Pass,175,166
debt_exclusion,349,Worthington,2003,2002-05-04,5 Ton Dump Truck For Dpw,Public Works and Facilities,,Pass,139,79
debt_exclusion,014,Ashland,2003,2002-05-05,Bonds Issued To Renovate And Repair Town Hall,General Government,,Pass,3257,2837
debt_exclusion,014,Ashland,2003,2002-05-05,New School Facility,School,,Pass,3727,2500
debt_exclusion,053,Charlemont,2003,2002-05-06,Purchase A Fire Truck,Public Safety,,Pass,109,90
debt_exclusion,116,Groveland,2003,2002-05-06,Purchase Land Off Stepphensons'S Way,General Government,,Pass,1195,631
debt_exclusion,116,Groveland,2003,2002-05-06,Capital Improvements And Departmental Equipment,Public Works and Facilities,,Fail,739,996
debt_exclusion,116,Groveland,2003,2002-05-06,Construction Of Town Highway Dept. Facility -Center Street,Public Works and Facilities,,Fail,505,1285
capital_exclusion,116,Groveland,2003,2002-05-06,Continuing Groveland Road Management Program Funding,PUBLIC WORKS & FACILITIES,150000,Pass,920,902
capital_exclusion,280,Spencer,2003,2002-05-06,"Thermal Imager, Bullet Proof Vests For Fire And Police Departments",PUBLIC SAFETY,189738,Pass,662,569
debt_exclusion,303,Upton,2003,2002-05-06,Renovations To The Town Hall,General Government,,Fail,589,716
debt_exclusion,303,Upton,2003,2002-05-06,Repair/Replace Water Main From Town Hall,Public Works and Facilities,,Pass,721,576
capital_exclusion,303,Upton,2003,2002-05-06,Re-Coating & Painting Pratt Hill Water Stroage Tank,PUBLIC WORKS & FACILITIES,220000,Pass,755,574
capital_exclusion,303,Upton,2003,2002-05-06,Air Quality Improvements & Modifications To Knowlton Building,HEALTH AND HUMAN SERVICE,85000,Fail,541,727
capital_exclusion,303,Upton,2003,2002-05-06,Modifications To All Town Properties,GENERAL OPERATING,50777,Fail,539,732
capital_exclusion,303,Upton,2003,2002-05-06,Modify All Public Walkways,PUBLIC WORKS & FACILITIES,151483,Fail,538,741
capital_exclusion,303,Upton,2003,2002-05-06,Reconstruction & Repair Of Town Roads,PUBLIC WORKS & FACILITIES,100000,Pass,773,515
debt_exclusion,074,Deerfield,2014,2002-05-07,Public Works Facility,Public Works and Facilities,,Pass,265,231
debt_exclusion,213,North Reading,2003,2002-05-07,Fund New Elementary School On Swan Pond Road,School,,Fail,2315,3054
debt_exclusion,296,Tisbury,2003,2002-05-07,"Power Network,Underground Utility-Conduit System On Main Street",Public Works and Facilities,,Pass,510,272
debt_exclusion,027,Berkley,2003,2002-05-11,Const. Of A Well To Provide Water For Town Own Buildings,Public Works and Facilities,,Pass,331,266
debt_exclusion,145,Kingston,2003,2002-05-11,Bonds Issued For School Project For The Silver Lake Regional School District,School,,Pass,698,604
debt_exclusion,172,Mashpee,2007,2002-05-11,Renovate/Or Construct Mashpee Senior Center,Culture and Recreation,,Pass,630,413
debt_exclusion,333,Weston,2005,2002-05-11,Country & Woodland Schools Engineering Services,School,,Pass,305,135
debt_exclusion,092,Essex,2004,2002-05-13,Renovations To 911 Dispatch Center And Windows And Doors (New),Public Safety,,Pass,306,220
debt_exclusion,092,Essex,2004,2002-05-13,Increase In  Essex Reg.Retie Board Assessment And (Health Coverage),General Operating,,Pass,297,219
capital_exclusion,166,Manchester By The Sea,2003,2002-05-13,Road Repairs,PUBLIC WORKS & FACILITIES,250000,Pass,582,439
debt_exclusion,180,Merrimac,2003,2002-05-13,Remodel-Reconst.-Repairs-Equipping And Furnish Town Hall,General Government,,Pass,625,438
debt_exclusion,215,Northborough,2005,2002-05-13,Acquire Property At 119 Colburn St. Owned By Sports Center,General Government,,Pass,2222,976
debt_exclusion,277,Southborough,2003,2002-05-13,Purchase New Fire Pumping Engine And Equip For Fire Department,Public Safety,,Pass,998,536
debt_exclusion,277,Southborough,2005,2002-05-13,Renovate Arts Center At The South Union School,Culture and Recreation,,Pass,791,758
debt_exclusion,277,Southborough,2012,2002-05-13,Technology Update At Algonquin Reg High,School,,Pass,926,595
capital_exclusion,277,Southborough,2003,2002-05-13,Install Multi Year Technology Update In All Public Schools,SCHOOL,81252,Pass,896,634
capital_exclusion,277,Southborough,2003,2002-05-13,Repairs At The Neary School,SCHOOL,99742,Pass,914,627
capital_exclusion,277,Southborough,2004,2002-05-13,Purchasing One New Fire Command Vehicle And Equippin The Same For The Fire Department,PUBLIC SAFETY,38900,Fail,745,785
debt_exclusion,067,Concord,2003,2002-05-14,Remodeling / Repairs Harvey Wheeler Building,General Government,,Pass,2759,1062
debt_exclusion,067,Concord,2003,2002-05-14,Fund Public School Operating Budget,School,,Fail,1738,2029
debt_exclusion,067,Concord,2003,2002-05-14,Fund Operating Budget Concord Public School,School,,Pass,2358,1424
debt_exclusion,067,Concord,2003,2002-05-14,Fund Concord Carlisle Rsd Operating Budget,School,,Fail,1840,1934
debt_exclusion,067,Concord,2003,2002-05-14,Fund Operating Budget Concord Carlisle Rsd,School,,Pass,2395,1395
debt_exclusion,205,Newbury,2003,2002-05-14,Continue Work On The Central Street Property,General Operating,,Fail,670,1042
debt_exclusion,205,Newbury,2003,2002-05-14,Continue Work On The Kent Way Property,General Operating,,Fail,557,1141
debt_exclusion,269,Sherborn,2003,2002-05-14,Improve And Expand Recreational Fields At Laurel Farms,Culture and Recreation,,Pass,732,503
debt_exclusion,277,Southborough,2003,2002-05-14,Purchase Two Portable Classrooms,School,,Pass,1088,503
debt_exclusion,300,Truro,2003,2002-05-14,Bonds Issued To Rehab Town Hall,General Government,,Pass,380,96
debt_exclusion,119,Hamilton,2003,2002-05-16,Bonds Issued By Hamilton Wenham Regional School To Pay Cost Of Replacing Heating System,School,,Pass,1249,936
debt_exclusion,119,Hamilton,2003,2002-05-16,"Finance Cost For Design, Construction, Renvating Or Upgrading A New Police/Eco Complex",Public Safety,,Fail,677,1516
capital_exclusion,119,Hamilton,2003,2002-05-16,Street Improvements,PUBLIC WORKS & FACILITIES,188000,Pass,1318,862
debt_exclusion,221,Oak Bluffs,2003,2002-05-16,Bonds Issued To Fund And Pay Additional Cost Associated With The Construction And Equipping Wastewater Treatment Facility,Public Works and Facilities,,Pass,316,276
debt_exclusion,221,Oak Bluffs,2003,2002-05-16,Bonds Issued To Construct And Equip New Public Library Facility,Culture and Recreation,,Pass,372,227
debt_exclusion,320,Wenham,2003,2002-05-16,Bonds Issued To Renovate And Repair Town Hall And Police Station,General Government,,Pass,534,443
debt_exclusion,320,Wenham,2003,2002-05-16,Bonds Issued To Replace Boiler And Heating System  In The High School,School,,Pass,741,238
debt_exclusion,118,Halifax,2003,2002-05-18,Pay Bonds Issued To Finance Constructing And Equipping Midle School,School,,Pass,640,381
debt_exclusion,123,Hanson,2003,2002-05-18,Bonds Issued To Finance School Construction Project At The Whitman Hanson Regional School District,School,,Pass,1262,558
debt_exclusion,146,Lakeville,2003,2002-05-18,Bonds Issed To Acquire  Land On Long Point Road,General Government,,Pass,764,50
debt_exclusion,240,Plympton,2006,2002-05-18,"Share Of The Bonds To Be Issued By The Silver Lake Regional School Dist. To Finance Constructing,Equipping New District Middle School",School,,Pass,352,257
debt_exclusion,338,Whitman,2003,2002-05-18,Bonds Issued To Fund New School Project At Whitman Hanson Regional School,School,,Pass,1368,892
debt_exclusion,037,Boxborough,2003,2002-05-20,Acquire Howe/Panek Land For Conservation And Recreation,Culture and Recreation,,Pass,590,50
debt_exclusion,037,Boxborough,2003,2002-05-20,Acquire Deed Restrictions On Condominiums For Affordable Housing,General Government,,Pass,528,117
debt_exclusion,037,Boxborough,2003,2002-05-20,Acquire Richards Land For Conservation And Recreation,Culture and Recreation,,Pass,606,53
debt_exclusion,081,Dunstable,2003,2002-05-20,Bonds Issued For Restoration And Renovation Of Dunstable Town Hall,General Government,,Pass,348,323
debt_exclusion,115,Groton,2003,2002-05-20,Town'S Share Of Bond Issued By Groton Dunstable Regional School For School Construction Project,School,,Pass,909,476
debt_exclusion,115,Groton,2003,2002-05-20,"Lost Lake Fire Station Remodeling, Expansion And Repair",Public Safety,,Pass,854,564
debt_exclusion,139,Hopkinton,2003,2002-05-20,"Bonds Issued To Fund Cost Of Obtaining Topographical Studies, Land Surveys, Designs For New Senior Center",Culture and Recreation,,Pass,1432,802
debt_exclusion,139,Hopkinton,2003,2002-05-20,Bonds Issued For Construction Of New Police Station,Public Safety,,Pass,1355,880
debt_exclusion,142,Hull,2003,2002-05-20,"Remodel, Reconstruct, And Make Extraordinary Repairs To Hull High School",School,,Pass,1977,876
debt_exclusion,155,Lexington,2005,2002-05-20,"Design, Construct, Equip And Furnish Two Elementary Schools To Replace Fiske And Harrington Schools",School,,Pass,4426,3561
debt_exclusion,155,Lexington,2005,2002-05-20,"Improvements To Town Streets, Purchase Land",Public Works and Facilities,,Pass,4764,3218
debt_exclusion,155,Lexington,2005,2002-05-20,Reconstruct Lincoln Park Athletic Fields And Parking Lot,Culture and Recreation,,Pass,4177,3791
debt_exclusion,192,Montague,2003,2002-05-20,High School/Middle School Pool Upgrade,School,,Pass,660,354
debt_exclusion,192,Montague,2003,2002-05-20,High School/Middle School Renovations,School,,Pass,742,274
debt_exclusion,038,Boxford,2005,2002-05-21,Construct Town Hall,General Government,,Pass,722,464
debt_exclusion,096,Falmouth,2006,2002-05-21,Falmouth High School Remodel Project,School,,Pass,3244,2917
debt_exclusion,126,Harwich,2004,2002-05-21,New Spetic System For Public Restroom,Public Works and Facilities,,Pass,1379,1274
debt_exclusion,126,Harwich,2004,2002-05-21,New Well Source Exploration,Public Works and Facilities,,Pass,1649,1056
capital_exclusion,126,Harwich,2003,2002-05-21,Funding A Chapter 90 Road Construction Program To Be Reimbursed By The Commonwealth,PUBLIC WORKS & FACILITIES,322798,Pass,1348,1319
capital_exclusion,126,Harwich,2003,2002-05-21,Fund Study Of Bacterial Contamination In Allen Harbor,PUBLIC WORKS & FACILITIES,50000,Fail,1259,1386
debt_exclusion,304,Uxbridge,2003,2002-05-21,"Bonds Issued To Design, Construct, Equip And Furnish Existing Town Library",Culture and Recreation,,Fail,1648,2103
debt_exclusion,304,Uxbridge,2003,2002-05-21,"Bonds Issued To Finance Design, Construction, Equipping And Furnishing New 9-12 High School",School,,Fail,1776,1990
debt_exclusion,026,Belmont,2004,2002-06-03,Municipal & School Expenses,General Government,,Pass,2938,2728
debt_exclusion,197,Nantucket,2003,2002-06-04,Constructing Old South Road & Fairgrounds Bicycle Paths,Culture and Recreation,,Pass,646,429
debt_exclusion,197,Nantucket,2003,2002-06-04,Remodeling And Repairs To Public Shcool Buildings,School,,Pass,700,380
debt_exclusion,347,Woburn,2003,2002-06-08,Construction Of New Elementary And High School,School,,Pass,5256,3020
debt_exclusion,117,Hadley,2003,2002-06-10,Bonds Issued To Prepare Schematic Design And Feasibility Study To Renovate And Expand Hopkins Academy,School,,Pass,349,329
debt_exclusion,117,Hadley,2003,2002-06-10,Repair Interior And Exterior Of Town Hall,General Government,,Fail,206,481
debt_exclusion,164,Lynnfield,2010,2002-06-10,"Finance Remodeling, Constructing Or Making Repairs To School Buildings, For Constructing, Furnishings Additions For Reconst. Of Athletic Recreational Facilities",School,,Pass,2102,1862
debt_exclusion,011,Ashburnham,2003,2002-06-11,Bond Issued To Finance Purchase Of New Ambulance,Public Safety,,Fail,712,754
capital_exclusion,011,Ashburnham,2003,2002-06-11,Reconstructing Town Roads,PUBLIC WORKS & FACILITIES,100000,Pass,806,671
debt_exclusion,332,Westminster,2004,2002-06-11,School Operating Budget,School,,Pass,1007,717
debt_exclusion,012,Ashby,2003,2002-06-18,Bonds Issued To Purchase Materails To Make Repairs To Fire Station,Public Safety,,Pass,119,101
debt_exclusion,012,Ashby,2003,2002-06-18,Bonds Issued For Reclaiming And Paving Mason Road,Public Works and Facilities,,Fail,76,142
debt_exclusion,012,Ashby,2003,2002-06-18,Bonds Issued To Purchase New Fire Truck,Public Safety,,Fail,109,110
debt_exclusion,094,Fairhaven,2006,2002-06-18,New Elementary School,School,,Pass,672,628
debt_exclusion,173,Mattapoisett,2003,2002-06-18,Bonds Issued To Defray Cost Of Construction For Addition And Renovation To Mattapoisett Free Library,Culture and Recreation,,Pass,866,822
debt_exclusion,067,Concord,2003,2002-06-19,Remodeling / Repairs To The Alcott Building Concord Public Schools,School,,Pass,2208,1477
debt_exclusion,134,Holden,2003,2002-06-24,Construct And Equip New Pool And Recreational Area At Dawson Park Holden Recreation Area,Culture and Recreation,,Pass,797,703
debt_exclusion,168,Marblehead,2003,2002-06-24,"Bonds Issued For Remodeling, Reconstruction And Making Repairs To Tucker'S Wharf",Culture and Recreation,,Fail,1049,1185
capital_exclusion,168,Marblehead,2003,2002-06-24,Recycle Collection Vehicle,PUBLIC WORKS & FACILITIES,95710,Pass,1365,867
capital_exclusion,168,Marblehead,2003,2002-06-24,Expenses Related To New Disposal Area At Town Transfer Station,PUBLIC WORKS & FACILITIES,200000,Pass,1315,913
debt_exclusion,050,Canton,2007,2002-06-28,"Const. Of Recreational Facility And All Costs I.E. Equip.-Furnishings,",Culture and Recreation,,Fail,826,1613
capital_exclusion,217,Northfield,2003,2002-07-02,Purchase A Pumper / Tanker Fire Truck,PUBLIC SAFETY,185000,Pass,152,26
debt_exclusion,113,Great Barrington,2003,2002-07-08,Acquisition Of A Parcel Of Land Westerly Side Monument Valley Rd,School,,Pass,979,672
debt_exclusion,113,Great Barrington,2003,2002-07-08,Improvements To Sewage Septic System & Water Supply To Rsd,School,,Pass,1005,657
debt_exclusion,113,Great Barrington,2003,2002-07-08,Construct And Equip K-4 Elementary & 5-8 Middle School Building,School,,Pass,952,712
debt_exclusion,113,Great Barrington,2003,2002-07-08,For Expenses Relating To Construction Of Water & Sewer Improvments,School,,Pass,984,671
debt_exclusion,283,Stockbridge,2003,2002-07-08,Construction New K-4 Elementary & 5-8 Middle School,School,,Pass,299,130
debt_exclusion,283,Stockbridge,2003,2002-07-08,Improvements To Sewage Septic System & Water Supply To Rsd,School,,Pass,312,118
debt_exclusion,127,Hatfield,2003,2002-07-16,Repair The Roof Of The Dickinson Memorial Building,General Government,,Pass,143,104
debt_exclusion,127,Hatfield,2003,2002-07-16,Repair The Smith Academy Heating And Electrical Systems,School,,Pass,130,116
debt_exclusion,133,Holbrook,2003,2002-07-16,Acquire Land For Public Safety Purposes (Plan Of Taking),Public Safety,,Fail,1054,1064
capital_exclusion,133,Holbrook,2003,2002-07-16,Funding A Capital Improvement Program,GENERAL GOVERNMENT,500000,Fail,723,1396
debt_exclusion,255,Royalston,2003,2002-08-29,Bonds Issued In Order To Cap The Town Landfill,Public Works and Facilities,,Pass,36,13
debt_exclusion,126,Harwich,2003,2002-09-07,Funding Four New Full-Time Firefighter Positions,Public Safety,,Fail,717,1254
debt_exclusion,126,Harwich,2003,2002-09-07,Funding Two New Full-Time Police Positions,Public Safety,,Fail,416,1548
debt_exclusion,338,Whitman,2003,2002-09-09,Funding Four New Full-Time Firefighter Positions,Public Safety,,Fail,717,1254
debt_exclusion,297,Tolland,2003,2002-09-17,Purchase Of A 2001 Ford Expedition Cruiser For Police Department,Public Safety,,Pass,20,10
debt_exclusion,297,Tolland,2003,2002-09-17,Pickup Truck For Highway Department,Public Works and Facilities,,Pass,20,9
debt_exclusion,228,Paxton,2004,2002-09-20,Portion Of Operating Budget Police,Public Safety,,Fail,377,477
debt_exclusion,027,Berkley,2004,2002-09-21,Purchase Parcel Of Land For General Municipal Purposes,General Operating,,Pass,393,41
debt_exclusion,271,Shrewsbury,2003,2002-09-23,Purchase 60 Acres Of Land,Public Works and Facilities,,Pass,1613,199
debt_exclusion,047,Buckland,2006,2002-10-01,Renovate Power Company Building,General Government,,Pass,153,61
debt_exclusion,047,Buckland,2006,2002-10-01,Renovate Current Town Hall,General Government,,Pass,158,58
debt_exclusion,086,Eastham,2004,2002-10-29,Renovate & Purchase Equipment For Transfer Station,Public Works and Facilities,,Pass,511,280
debt_exclusion,002,Acton,2004,2002-11-05,Public Safety Building,Public Safety,,Pass,4750,3216
debt_exclusion,014,Ashland,2004,2002-11-05,"Design, Construct And Equip New School Facility On Former Kadra Property",School,,Pass,3727,2500
debt_exclusion,014,Ashland,2004,2002-11-05,"Design, Renovate, Repair And Eqip The Present Town Hall",General Government,,Pass,3257,2837
debt_exclusion,056,Chelmsford,2004,2002-11-05,Design And Const. Secondary Schools Building Project,School,,Fail,6918,7361
debt_exclusion,115,Groton,2005,2002-11-05,Acquire Conservation Land Gibbet Hill Property,General Government,,Pass,3537,898
debt_exclusion,133,Holbrook,2005,2002-11-05,Public Safety Purposes Incuding Without Limiting Fire And Police Departments,Public Safety,,Pass,2064,2008
debt_exclusion,139,Hopkinton,2005,2002-11-05,Construction Of Public School Building And Other Municipal Spurposes,School,,Pass,3324,2278
debt_exclusion,154,Leverett,2004,2002-11-05,"Construct, Eq\Uip And Furnish A Town Library",Culture and Recreation,,Pass,608,250
debt_exclusion,213,North Reading,2003,2002-11-05,Const.Addit. And Remodel -Reconst Repairs To High School,School,,Fail,2504,3849
debt_exclusion,213,North Reading,2003,2002-11-05,Finance Const. Of Addition-Remodel-Repairs To Middle School,School,,Fail,2739,3582
debt_exclusion,295,Tewksbury,2004,2002-11-05,Construct Sidewalks On Various Streets,Public Works and Facilities,,Fail,4894,5392
capital_exclusion,277,Southborough,2003,2002-11-18,Replacing Water Main From Common Street,PUBLIC WORKS & FACILITIES,20700,Pass,389,253
debt_exclusion,261,Sandwich,2007,2002-11-21,Acquire Agilent Technologies,General Government,,Pass,1235,662
debt_exclusion,117,Hadley,2004,2002-12-03,Purchase Dump Truck With Snow Plow,Public Works and Facilities,,Fail,131,138
debt_exclusion,079,Dracut,2006,2002-12-09,New Police Station,Public Safety,,Pass,2078,1648
debt_exclusion,079,Dracut,2006,2002-12-09,Renovate Moses Greeley Parker Library,Culture and Recreation,,Pass,2041,1576
debt_exclusion,088,Easton,2004,2002-12-10, Architect.Services Additions To Junior H.S And High School,General Operating,,Pass,3136,2684
debt_exclusion,291,Swampscott,2004,2002-12-10,"Planning,Designing, Const. An D Furnishing High School On Essex St.",School,,Pass,2843,2619
debt_exclusion,146,Lakeville,2004,2002-12-28,Construct-Equip-Furnish New Library,Culture and Recreation,,Pass,748,537
debt_exclusion,073,Dedham,2005,2003-01-04,Preparing Architectural Plans,School,,Pass,1611,1338
debt_exclusion,110,Grafton,2005,2003-01-06,Construct A New Fire Station,Public Safety,,Pass,446,344
debt_exclusion,134,Holden,2004,2003-01-06,Share Of Deby Issued By Wachusett Regional High School Facility,School,,Pass,841,313
debt_exclusion,092,Essex,2004,2003-01-13,Required To Pay For The Bond To Design-Const. New Dept. Of Pub. Facil,Public Works and Facilities,,Pass,141,108
debt_exclusion,285,Stoughton,2004,2003-01-14,Conservation And Active Recreation Purposes  And Land,Culture and Recreation,,Fail,608,630
debt_exclusion,228,Paxton,2004,2003-01-28,Renovate And Reconstruct High School,School,,Pass,245,90
debt_exclusion,241,Princeton,2006,2003-02-11,Renovate And Reconsruct Wachusett Regional High School Facility,School,,Pass,551,241
debt_exclusion,331,Westhampton,2004,2003-02-19,"New Fire Truck, Equip And Furnish New Hywy Garage",General Government,,Pass,182,175
debt_exclusion,246,Reading,2005,2003-02-25,Reading Memorial High School,School,,Pass,4802,2894
debt_exclusion,246,Reading,2005,2003-02-25,New School And Recreational Facilities,School,,Pass,3968,3680
debt_exclusion,056,Chelmsford,2004,2003-03-04,Renovation And Expansion Of Chelmsford Hs & New Middle School,School,,Fail,4311,5535
debt_exclusion,282,Sterling,2005,2003-03-05,High School And High School Land,School,,Pass,189,98
capital_exclusion,334,Westport,2004,2003-03-10,Funding For Bonds To Clean Up Contanimated Areas Of Town Hall,GENERAL GOVERNMENT,300000,Fail,2431,2643
debt_exclusion,196,Nahant,2004,2003-03-13,Renovate The Johnson School,School,,Pass,493,333
debt_exclusion,133,Holbrook,2008,2003-04-01,Water Improvements,Public Works and Facilities,,Pass,790,467
debt_exclusion,315,Wayland,2004,2003-04-01,Design Phase To Renovate Expand Facilities On Land Owned By Town,School,,Fail,1425,1646
debt_exclusion,089,Edgartown,2004,2003-04-08,Construct Three Bay Fire Station On Chappaquiddick,Public Safety,,Pass,468,362
debt_exclusion,089,Edgartown,2004,2003-04-08,Improvements To Towns Water System,Public Works and Facilities,,Pass,563,256
debt_exclusion,089,Edgartown,2004,2003-04-08,Funding Towns Operating Budget,General Operating,,Pass,531,308
capital_exclusion,089,Edgartown,2004,2003-04-08,"Permitting,Engineering, Const. Of Herring Creek/Great Ponds Restoration",PUBLIC WORKS & FACILITIES,50000,Pass,602,236
capital_exclusion,089,Edgartown,2004,2003-04-08,Repairing Various Sidewalks And Repair And Clean Catch Basins,PUBLIC WORKS & FACILITIES,65000,Pass,611,229
capital_exclusion,089,Edgartown,2004,2003-04-08,Equipping A New Pick-Up Truck And Plow,CULTURE AND RECREATION,26160,Fail,402,411
capital_exclusion,089,Edgartown,2004,2003-04-08,Purchasing Two Yard Dump Truck For Highway Department,PUBLIC WORKS & FACILITIES,37000,Pass,410,404
capital_exclusion,089,Edgartown,2004,2003-04-08,Purchase A New Seven Yard Dump Truck For Highway Department,PUBLIC WORKS & FACILITIES,41723,Pass,428,383
capital_exclusion,089,Edgartown,2004,2003-04-08,Resurface And Rebuild Various Town Roads,PUBLIC WORKS & FACILITIES,45000,Pass,623,213
debt_exclusion,117,Hadley,2004,2003-04-08,Purchase Dump Truck With Snow Plow,Public Works and Facilities,,Pass,858,679
debt_exclusion,250,Rochester,2005,2003-04-09,Acquire Conservation Land Know As Eastover Farm,Culture and Recreation,,Pass,798,300
debt_exclusion,327,West Tisbury,2004,2003-04-10,Renovate Town Hall-Const. Of Addition And Improvements To Site,General Operating,,Fail,315,600
capital_exclusion,327,West Tisbury,2004,2003-04-10,Purchase Two Crown Victoria Police Cruisers,PUBLIC SAFETY,49400,Fail,237,660
debt_exclusion,199,Needham,2004,2003-04-14,"Architec. Design, Engineering,Const.Reconst.Furnish,Equip, Temp. Location Of Free Public Library",Culture and Recreation,,Pass,5300,4435
debt_exclusion,199,Needham,2004,2003-04-14,Funding Public Safety Services,Public Safety,,Pass,6090,3615
debt_exclusion,199,Needham,2004,2003-04-23,Public Safety,Public Safety,,Pass,6090,3615
debt_exclusion,199,Needham,2004,2003-04-23,School Department,School,,Pass,5782,3977
debt_exclusion,199,Needham,2004,2003-04-23,Needham Public Library,Culture and Recreation,,Pass,5300,4435
debt_exclusion,042,Bridgewater,2005,2003-04-26,Regional School District- Repairs-Equip And Furnish Bridgwater Elem. Sch.And Williams School,School,,Pass,2809,1492
debt_exclusion,042,Bridgewater,2005,2003-04-26,Land For Municipal Purposes Located On Smith Ave,General Government,,Pass,2378,1664
debt_exclusion,042,Bridgewater,2006,2003-04-26,Make Repairs To Bridgewater-Raynham Regional High School,School,,Pass,2640,1396
debt_exclusion,042,Bridgewater,2006,2003-04-26,Finance Cost Of Const. And Equip. New Bridgewater-Raynham-Regional High School,School,,Pass,2197,1838
debt_exclusion,017,Auburn,2004,2003-04-29,Finance Land As Part Of The Site Of The New High School,General Government,,Pass,2884,1258
debt_exclusion,017,Auburn,2004,2003-04-29,"Finance Construction, Equipping And Furnishing New High School",School,,Pass,2962,1182
capital_exclusion,300,Truro,2004,2003-04-29,Cap South Highland Landfill,PUBLIC WORKS & FACILITIES,100000,Pass,397,233
debt_exclusion,062,Chilmark,2004,2003-04-30,Construct A Cap For The Landfill Located At Tabor House Road,Public Works and Facilities,,Pass,164,37
debt_exclusion,062,Chilmark,2004,2003-04-30,Make Repairs To The Elementary School,School,,Pass,143,60
debt_exclusion,169,Marion,2006,2003-05-02,Purchase Fire Department Rescue Pumper,Public Safety,,Pass,750,570
debt_exclusion,059,Chester,2004,2003-05-03,1800 Gallon Tanker Truck And Six Wheel Dump Truck Used By Fire An D Highway Dept.,Public Works and Facilities,,Pass,184,171
debt_exclusion,158,Littleton,2004,2003-05-03,Design And Build Wastewater Treatment System Foir New Middle School,School,,Pass,803,445
debt_exclusion,158,Littleton,2004,2003-05-03,Repairing Or Replacing Fire Departments Ladder Truck,Public Safety,,Pass,764,518
debt_exclusion,158,Littleton,2004,2003-05-03,Replacing Russell Street School Roof,School,,Pass,961,332
debt_exclusion,183,Middlefield,2005,2003-05-03,Gateway Capital Project,General Government,,Pass,54,45
debt_exclusion,174,Maynard,2006,2003-05-05,Fund Renovations Of The Former Roosevelt School Into New Public Library,School,,Pass,1577,712
debt_exclusion,316,Webster,2005,2003-05-05,"Designing, Consructing, Equiping And Furnishing A New Elem. School For Grades 3 Thru 6",School,,Pass,1815,1180
debt_exclusion,318,Wellfleet,2004,2003-05-05,Senior Center,Culture and Recreation,,Pass,695,300
debt_exclusion,351,Yarmouth,2004,2003-05-05,Remodel Dennis-Yarmouth Rsd,School,,Pass,2789,1896
debt_exclusion,014,Ashland,2004,2003-05-06,"Design, Expand, Renovate Repair And Equip Present Library",Culture and Recreation,,Pass,927,301
capital_exclusion,158,Littleton,2004,2003-05-06,Repair Or Replace Fire Departments Ladder Truck,PUBLIC SAFETY,300000,Pass,764,518
capital_exclusion,158,Littleton,2004,2003-05-06,Replacing Russell Street School Roof,SCHOOL,500000,Pass,961,332
debt_exclusion,298,Topsfield,2004,2003-05-08,Accessibility Improvements To Town Hall,General Government,,Fail,651,906
debt_exclusion,333,Weston,2006,2003-05-10,"Retaining Wall, Drainage, Case Complex, Etc.",Public Works and Facilities,,Pass,683,217
debt_exclusion,034,Bolton,2004,2003-05-12,Fund Boltons Portion Of The Nashoba Regional School District School,School,,Pass,402,229
debt_exclusion,034,Bolton,2004,2003-05-12,"Design, Construct And Furnish New Police Station",Public Safety,,Fail,139,472
debt_exclusion,166,Manchester By The Sea,2004,2003-05-12,"Library Renovation-Repairs To Tucks Point Rotunda-Design,Construction, To Central Piers,Bathrooms Etc.",Public Works and Facilities,,Pass,909,346
debt_exclusion,166,Manchester By The Sea,2004,2003-05-12,Purchase An Aerial Ladder Truck For The Fire Department,Public Safety,,Pass,859,389
capital_exclusion,166,Manchester By The Sea,2004,2003-05-12,"Roads-Truck-Computer Upgrade,Etc. General Operating Expenditures",GENERAL OPERATING,256250,Pass,774,476
debt_exclusion,203,New Marlborough,2006,2003-05-12,Highway Truck,Public Works and Facilities,,Pass,203,107
debt_exclusion,203,New Marlborough,2006,2003-05-12,New Highway Garage,Public Works and Facilities,,Pass,218,98
debt_exclusion,257,Rutland,2004,2003-05-12,New Elementary School,School,,Pass,372,360
debt_exclusion,257,Rutland,2004,2003-05-12,Remodel Wachusett Hs,School,,Pass,400,330
debt_exclusion,277,Southborough,2005,2003-05-12,"Engineering, Development And Relevant Costs Associated Providing Additional Cemetery Space",General Government,,Pass,1002,290
debt_exclusion,277,Southborough,2005,2003-05-12,Const. Equip And Furnishing Of  Trottier Middle School,School,,Pass,1057,701
capital_exclusion,277,Southborough,2004,2003-05-12,Cont. Implementation Of Town Geographic Info System.,GENERAL OPERATING,54010,Pass,1086,62
debt_exclusion,040,Braintree,2007,2003-05-13,"Const. Fire Station, Library, Police Station, And School",General Government,,Fail,5440,5621
debt_exclusion,051,Carlisle,2005,2003-05-13,"Design Construct, And Maintain Footpaths For Town Of Footpaths  Plan",General Operating,,Pass,616,557
debt_exclusion,205,Newbury,2005,2003-05-13,Transfer Station At Town Landfill,Public Works and Facilities,,Pass,1124,402
capital_exclusion,254,Rowley,2004,2003-05-13,Emergency Generator For Fire Department,PUBLIC SAFETY,25000,Pass,433,399
capital_exclusion,254,Rowley,2004,2003-05-13,New Brush Truck,PUBLIC SAFETY,130000,Fail,361,468
debt_exclusion,269,Sherborn,2004,2003-05-13,"Purchase Fire & Community Maint. Trucks, Enhance Water Filtration",General Government,,Pass,1065,491
capital_exclusion,277,Southborough,2004,2003-05-13,Pickup Truck And Equipping Fire Department,PUBLIC SAFETY,29500,Pass,985,305
debt_exclusion,300,Truro,2005,2003-05-13,Council On Aging Senior Citizen Center; Community Center,Culture and Recreation,,Pass,364,279
debt_exclusion,055,Chatham,2006,2003-05-15,Remodel-Reconstruct-And Repairs To Main Street Schol Buiding For Reuse Of The Main Steet School As A Community Center,School,,Pass,1187,849
debt_exclusion,320,Wenham,2004,2003-05-15,Pay For Costs Associated With Replacement Of Boiler,General Government,,Pass,801,425
debt_exclusion,320,Wenham,2004,2003-05-15,Parcel Of Land Located At 9 Friend Court,General Government,,Fail,139,169
debt_exclusion,320,Wenham,2004,2003-05-15,Increased Costs Of Town Hall And Police Station Projects,General Operating,,Fail,145,160
debt_exclusion,078,Dover,2004,2003-05-16,Finance The Purchase Of Land For Commonwealth,General Government,,Pass,663,217
debt_exclusion,118,Halifax,2004,2003-05-17,Remodel-Reconst.-Adding To And Repairs To District High School,School,,Pass,639,157
debt_exclusion,123,Hanson,2004,2003-05-17,Making Repairs To The Police Station,Public Safety,,Fail,410,503
debt_exclusion,162,Lunenburg,2005,2003-05-17,Elementary And High School Heating,School,,Pass,875,452
debt_exclusion,037,Boxborough,2004,2003-05-19,Contribution Towards Construction Oif T.J.Ogrady State Memorial Skate Park,Culture and Recreation,,Fail,469,882
capital_exclusion,037,Boxborough,2004,2003-05-19,Construct Tj O'Grady Memorial Skate Park,CULTURE AND RECREATION,40000,Fail,469,828
capital_exclusion,037,Boxborough,2004,2003-05-19,Reqiring Snow Removal Equipment For Public Works Dept..,PUBLIC WORKS & FACILITIES,21000,Pass,652,646
capital_exclusion,037,Boxborough,2004,2003-05-19,Acquiring A Pick Up Truck For Public Works Department,PUBLIC WORKS & FACILITIES,36000,Fail,574,716
debt_exclusion,086,Eastham,2004,2003-05-19,Repair And Reconstruct Elementary School,School,,Pass,896,692
debt_exclusion,184,Middleton,2004,2003-05-19,Operating Budget,General Government,,Fail,191,396
debt_exclusion,041,Brewster,2004,2003-05-20,General & School Operational,General Operating,,Pass,1633,1312
debt_exclusion,041,Brewster,2004,2003-05-20,General & School Operational,General Operating,,Pass,1576,1373
debt_exclusion,081,Dunstable,2004,2003-05-20,Towns Share Of Groton-Dunstable Regional School,School,,Pass,380,293
debt_exclusion,126,Harwich,2004,2003-05-20,Development & Repair Of One Well,Public Works and Facilities,,Pass,947,473
debt_exclusion,126,Harwich,2004,2003-05-20,Repairs And Renovations To Police Building,Public Safety,,Pass,827,674
debt_exclusion,126,Harwich,2004,2003-05-20,Replace Existing Computer Mainframe For Police And Fire,Public Safety,,Pass,855,646
debt_exclusion,126,Harwich,2004,2003-05-20,Purchase And Equip Emergency Medical Vehicle,Public Safety,,Pass,921,586
debt_exclusion,286,Stow,2004,2003-05-27,Finance Towns Portion Of Nashoba Reg.School District Bond Paymt.,School,,Pass,1041,593
debt_exclusion,286,Stow,2004,2003-05-27,Improve-Rehab--Renovate And Reconst. Pompositticut And Center Schools,School,,Pass,973,664
debt_exclusion,286,Stow,2004,2003-05-27,36 Acres Of Land,General Government,,Pass,953,684
debt_exclusion,073,Dedham,2004,2003-05-31,New Middle School Construction Project,School,,Pass,2354,1991
debt_exclusion,197,Nantucket,2005,2003-06-03,Amounts Required To Pay For Selected Capital Expenditures,Public Works and Facilities,,Pass,706,593
debt_exclusion,105,Georgetown,2004,2003-06-09,"Const.Additiion-Renovating -Repairs To Georgetown,Peabody,Library",General Government,,Fail,1082,1222
debt_exclusion,166,Manchester By The Sea,2004,2003-06-09,"Finance Constructing, Originally;Furnishing A New Dist. High School",School,,Pass,1085,652
debt_exclusion,104,Aquinnah,2004,2003-06-10,Bonds Issued To Pay For Remodeling And Enlarging Of Old Town Hall Kitchen,General Operating,,Pass,32,30
debt_exclusion,011,Ashburnham,2004,2003-06-10,Purchase New Ambulance,Public Safety,,Pass,832,783
capital_exclusion,011,Ashburnham,2004,2003-06-10,Reconstructing Town Roads And Sidewalks,PUBLIC WORKS & FACILITIES,130000,Pass,875,745
debt_exclusion,036,Bourne,2006,2003-06-16,New Elementary School And Early Childhood Center,School,,Pass,1013,669
debt_exclusion,147,Lancaster,2004,2003-06-16,Bonds Issued By Nashoba Reg.Sch. To Maintain And Operate Reg.Sch.Dist.,School,,Pass,1273,775
capital_exclusion,168,Marblehead,2004,2003-06-16,Closure Of Ash Landfill,PUBLIC WORKS & FACILITIES,185800,Pass,3873,2307
capital_exclusion,168,Marblehead,2004,2003-06-16,Remodel Existing Town Buildings,GENERAL GOVERNMENT,100000,Pass,4174,2044
debt_exclusion,263,Savoy,2004,2003-06-16,Add A Modular Addition To The Savoy Elementary School,School,,Pass,82,39
debt_exclusion,018,Avon,2005,2003-06-17,Butler School Modular,School,,Pass,603,274
debt_exclusion,350,Wrentham,2004,2003-06-18,Const.Equipping And Furnishing A New Elementary School And Early Childhood Center,School,,Pass,1013,669
debt_exclusion,037,Boxborough,2004,2003-06-19,Preserve Agriculture Land And Open Space,Culture and Recreation,,Pass,215,179
debt_exclusion,037,Boxborough,2004,2003-06-19,Repairing Boiler And Fixtures For Senior Citizen Center,Culture and Recreation,,Pass,215,180
debt_exclusion,117,Hadley,2005,2003-06-19,Preserve Agricultural Land And Open Space,General Government,,Pass,215,179
capital_exclusion,117,Hadley,2004,2003-06-19,Repairing The Boiler And Related Fixtures Ans Plumbing In The Senior Center,PUBLIC WORKS & FACILITIES,10000,Pass,215,180
debt_exclusion,182,Middleborough,2004,2003-06-21,"Landfill Closure, Landfill Planning, Pumper Truck,  Building Purposes",General Government,,Fail,634,1746
debt_exclusion,034,Bolton,2004,2003-06-23,Addition To King Philip Regional School District,School,,Pass,438,112
debt_exclusion,208,Norfolk,2006,2003-06-23,Const. An Addition And Remodeling To Existing High School,School,,Pass,887,231
debt_exclusion,350,Wrentham,2004,2003-06-23,Const.Addit. And Remodeling To Existing High School,School,,Pass,1957,1306
capital_exclusion,012,Ashby,2004,2003-06-24,Refurbishing The Firetruck Ladder Tower,PUBLIC SAFETY,35000,Pass,222,182
capital_exclusion,012,Ashby,2004,2003-06-24,Paying For Winterizing Town Hall,GENERAL GOVERNMENT,50000,Fail,134,269
capital_exclusion,012,Ashby,2004,2003-06-24,Paying For A Wing Assemblly For Highway Road Grader,PUBLIC WORKS & FACILITIES,20000,Fail,168,234
capital_exclusion,012,Ashby,2004,2003-06-24,Paying For A New Police Cruiser,PUBLIC SAFETY,28000,Fail,137,267
capital_exclusion,012,Ashby,2004,2003-06-24,Purchasing A New Ambulance,PUBLIC SAFETY,115000,Pass,215,188
debt_exclusion,177,Medway,2010,2003-06-30,"Fund Construction Of Sewer System From Franklin Street Along Village Street To West, Holbrook And Granite Streets",Culture and Recreation,,Pass,236,113
debt_exclusion,139,Hopkinton,2004,2003-07-01,Operating And Capital Expenses,General Operating,,Pass,336,278
debt_exclusion,217,Northfield,2004,2003-07-10,Funding Pioneer Valley Regional School Districts Operating Assessment,School,,Pass,195,1
debt_exclusion,349,Worthington,2004,2003-07-19,Purchase New Loader For Highway Department,Public Works and Facilities,,Pass,42,15
debt_exclusion,270,Shirley,2004,2003-08-05,Funding Shirley School District Operating Costs,School,,Fail,438,571
debt_exclusion,270,Shirley,2004,2003-08-05,"Collecting Solid Waste, Recycling Materials From Households At Curbside And Transp. Out Of Town",Public Works and Facilities,,Pass,692,318
debt_exclusion,340,Williamsburg,2004,2003-08-11,Local Schooloperating Budget,School,,Pass,413,354
debt_exclusion,340,Williamsburg,2004,2003-08-11,School Operating Budget,School,,Pass,453,307
debt_exclusion,089,Edgartown,2004,2003-08-28,Construct New K-8 School,School,,Pass,142,48
debt_exclusion,286,Stow,2004,2003-09-09,Purchase 6 Wheel Cab & Chasis,Public Works and Facilities,,Fail,470,767
debt_exclusion,286,Stow,2004,2003-09-09,Purchase Used Bucket Truck,Public Works and Facilities,,Fail,510,727
debt_exclusion,286,Stow,2004,2003-09-09,Purchase Fire Truck,Public Safety,,Fail,586,654
debt_exclusion,286,Stow,2004,2003-09-09,Police Cruiser,Public Safety,,Fail,473,768
debt_exclusion,286,Stow,2004,2003-09-09,Computer Equipment,Public Safety,,Fail,563,672
debt_exclusion,223,Orange,2004,2003-09-10,Remodel Orange Wheeler Library,General Government,,Fail,483,554
debt_exclusion,289,Sunderland,2004,2003-09-27,Bond Issued In Order To Repair And Reconstruct Elementary School,School,,Pass,96,61
capital_exclusion,134,Holden,2004,2003-10-07,Towns Operating And Capital Expenses,GENERAL OPERATING,311124,Fail,1804,3647
debt_exclusion,250,Rochester,2004,2003-10-08,Construction Cost Related To Addition & Renovation Library,Culture and Recreation,,Fail,244,332
debt_exclusion,224,Orleans,2005,2003-10-15,Engineering Design Costs Related To The Construction Of A New Town Hall Office Building,General Government,,Pass,860,828
debt_exclusion,162,Lunenburg,2005,2003-10-18,"Design, Construct And Furnish A New Public Library",Culture and Recreation,,Pass,1414,649
debt_exclusion,295,Tewksbury,2004,2003-10-25,Remodel-Reconst.Additions To Senior Center Including Equippin,Culture and Recreation,,Fail,838,923
debt_exclusion,282,Sterling,2006,2003-11-03,Construct-Remodel-Repairs-Equipping Etc. To Fire Station,Public Safety,,Pass,265,240
debt_exclusion,007,Amesbury,2005,2003-11-04,Addit. And Remodeling To High School,School,,Pass,2072,1628
debt_exclusion,007,Amesbury,2005,2003-11-04,Remodel-Reconst.Repair And Equip Amesbury High School,School,,Pass,326,230
debt_exclusion,178,Melrose,2005,2003-11-04,Build New Middle School,School,,Pass,5442,4725
debt_exclusion,199,Needham,2004,2003-11-04,"Archictectural Design To , Engineering, Addition And Construction To Needham High School",School,,Pass,5595,3073
debt_exclusion,224,Orleans,2005,2003-11-04,Fund The Architectural And Engineering Costs To Const. New Town Hall Office Building,General Government,,Pass,860,828
debt_exclusion,179,Mendon,2007,2003-11-05,Library Expenses,Culture and Recreation,,Fail,592,1010
debt_exclusion,303,Upton,2002,2003-11-05,Amounts Required To Pay Towns Share Of Bonds Issued By Mendon-Upton Library District For Constructing New Library,Culture and Recreation,,Fail,714,790
debt_exclusion,294,Templeton,2005,2003-11-17,Upgrade Towns Publicllly Owned Wastewater Treatment,Public Works and Facilities,,Pass,382,328
debt_exclusion,051,Carlisle,2006,2003-11-18,Construct And Eqip Wastewater Treatment Facility,Public Works and Facilities,,Pass,278,45
debt_exclusion,213,North Reading,2006,2003-11-19,L.D. Batchelder School Project,General Government,,Pass,1542,648
debt_exclusion,048,Burlington,2004,2003-11-22,Implement Building Renovation And Addition Program To Middle And Memorial School,School,,Fail,2364,3509
debt_exclusion,299,Townsend,2005,2003-12-02,Purchase Land Off Blood Road,General Government,,Fail,102,114
debt_exclusion,299,Townsend,2005,2003-12-02,Design And Install A Final Cap Over The Towns Existing Landfill,Public Works and Facilities,,Pass,135,77
debt_exclusion,117,Hadley,2005,2003-12-06,Purchase Education Van,School,,Pass,62,39
debt_exclusion,345,Windsor,2005,2004-01-12,Purchase New Class A Ambulance,Public Safety,,Pass,131,12
debt_exclusion,018,Avon,2005,2004-01-13,"Design, Engineer, Reconst. Resurf. Install Drainage And Watermains Where Necessary",Public Works and Facilities,,Pass,160,109
debt_exclusion,151,Leicester,2005,2004-02-05,Acquire Hillcrest Country Club Land And Buildings,Culture and Recreation,,Pass,854,205
debt_exclusion,151,Leicester,2005,2004-02-05,"Design, Equip And Furnish A New Police Facility",Public Safety,,Pass,790,264
debt_exclusion,346,Winthrop,2005,2004-02-09,Operating Budget Of School Department,School,,Fail,4005,6865
debt_exclusion,266,Sharon,2005,2004-03-02,Conservation Commission-Parcel Of Land,General Government,,Pass,3186,1278
debt_exclusion,157,Lincoln,2006,2004-03-29,Purchase A Fire Truck,Public Safety,,Pass,702,258
debt_exclusion,125,Harvard,2004,2004-03-30,Renovations And Additions To Building Located On Mass.Ave. Known As Old Bromfield For Use As Public Librarly,Culture and Recreation,,Pass,1088,381
capital_exclusion,125,Harvard,2005,2004-03-30,Purchase Fire Engine,PUBLIC SAFETY,300000,Pass,863,575
debt_exclusion,026,Belmont,2006,2004-04-05,"Acquire Land, Design And Construct Twso Fire Stations Including Equipment And Furnishings",General Government,,Pass,2636,2094
debt_exclusion,265,Seekonk,2005,2004-04-05,"Design, Construct And Equip New Combined Police And Fire Facility",Public Safety,,Pass,1384,1311
debt_exclusion,040,Braintree,2007,2004-04-06,"Fund Street,Sidewalk,Drain Const.-Reconst.For School Reno.Pol.Station, Fire Station Reno.",General Government,,Fail,3586,3693
debt_exclusion,056,Chelmsford,2006,2004-04-06,Design And Construction Of A Renovation And Expansion Of High And Middle Schools,School,,Pass,5274,3393
debt_exclusion,133,Holbrook,2006,2004-04-06,Funding Total Costs Of Designing-Engineering Etc. Of The Towns Water System Improvement,Public Works and Facilities,,Pass,985,887
debt_exclusion,224,Orleans,2006,2004-04-06,Repair Of The Orleans Elementary School,School,,Pass,370,33
debt_exclusion,164,Lynnfield,2005,2004-04-12,Acquire The Lynnfield Golf Course Property,General Government,,Pass,1404,710
debt_exclusion,089,Edgartown,2005,2004-04-13,Improvments For Towns Water System,Public Works and Facilities,,Pass,681,327
capital_exclusion,089,Edgartown,2005,2004-04-13,3/4 Ton Crew Cab Pick-Up Truck With Utility Body For Dredge Department,PUBLIC WORKS & FACILITIES,36000,Fail,462,557
capital_exclusion,089,Edgartown,2005,2004-04-13,Building And Repairing Various Town Sidewalks,PUBLIC WORKS & FACILITIES,65000,Pass,766,260
capital_exclusion,089,Edgartown,2005,2004-04-13,Resurfacing And Rebuilding Various Town Roads,PUBLIC WORKS & FACILITIES,30000,Pass,798,232
capital_exclusion,089,Edgartown,2005,2004-04-13,Pickup Truck For Highway Deparment,PUBLIC WORKS & FACILITIES,28000,Pass,525,493
capital_exclusion,089,Edgartown,2005,2004-04-13,Purchase New Front End Loader For Highway Department,PUBLIC WORKS & FACILITIES,145000,Pass,692,333
capital_exclusion,089,Edgartown,2005,2004-04-13,Staging And Repairing Town Clock,GENERAL OPERATING,75000,Pass,738,294
capital_exclusion,089,Edgartown,2005,2004-04-13,New Truck For Animal Control,PUBLIC SAFETY,25000,Pass,647,385
capital_exclusion,089,Edgartown,2005,2004-04-13,Constructing An Addition To The Existing Fire Station,PUBLIC SAFETY,95000,Pass,602,426
capital_exclusion,089,Edgartown,2005,2004-04-13,Pick-Up Truck For Police Station,PUBLIC SAFETY,35000,Pass,525,504
capital_exclusion,089,Edgartown,2005,2004-04-13,Police Cruiser For Police Department,PUBLIC SAFETY,30000,Pass,526,506
capital_exclusion,089,Edgartown,2005,2004-04-13,"Sewer Service To Curtis Lane,Pine Street, And Clark Drive",PUBLIC WORKS & FACILITIES,350000,Fail,501,516
debt_exclusion,327,West Tisbury,2005,2004-04-15,Purchase 9.5 Acres Of Land In Lamberts Cove,General Government,,Pass,557,165
debt_exclusion,327,West Tisbury,2005,2004-04-15,Reconstruction Work On Town Roads,Public Works and Facilities,,Pass,499,205
debt_exclusion,062,Chilmark,2006,2004-04-24,Renovations To Town Hall,General Government,,Pass,189,55
debt_exclusion,271,Shrewsbury,2007,2004-04-27,Purchase And Equip A New Aerial Ladder Ruck For Fire Department,Public Safety,,Fail,274,613
debt_exclusion,296,Tisbury,2005,2004-04-27,Aerial Ladder Truck,Public Safety,,Pass,614,304
debt_exclusion,062,Chilmark,2006,2004-04-28,Cap Landfill At Tabor House Road,Public Works and Facilities,,Pass,347,75
debt_exclusion,062,Chilmark,2006,2004-04-28,Land Acquisition At Middle Line Path,General Government,,Pass,284,138
debt_exclusion,169,Marion,2005,2004-04-30,Finance Construction And Equipping Of A New Police Building,Public Safety,,Fail,570,631
debt_exclusion,169,Marion,2005,2004-04-30,Purchase And Equip A New Patrol Boat For The Harbormasters Department,Public Safety,,Fail,415,865
capital_exclusion,169,Marion,2005,2004-04-30,Purchase New Trash Packer Body For Dept. Of Public Works,PUBLIC WORKS & FACILITIES,40000,Pass,694,574
capital_exclusion,169,Marion,2005,2004-04-30,Installing A New Wireless Municipal Fire Alarm System For The Fire Department,PUBLIC SAFETY,49500,Pass,729,555
capital_exclusion,169,Marion,2005,2004-04-30,Const.Reconst. And Repairs To The Marion Town House Tower,GENERAL GOVERNMENT,60000,Pass,691,583
debt_exclusion,193,Monterey,2006,2004-05-01,Purchase An Osh Kosh Truck And A Ford 550 Snowplow Truck,Public Works and Facilities,,Pass,179,72
debt_exclusion,330,Westford,2005,2004-05-02,General Operating Expenditures,General Operating,,Pass,2338,1562
debt_exclusion,001,Abington,2005,2004-05-03,Reconstruction And Repair Of Town Roads,Public Works and Facilities,,Pass,273,267
debt_exclusion,038,Boxford,2005,2004-05-03,"Fund A Capital Program Of Puchasing Street Light System, And Replacing A 1977 Fire Tanker Truck",Public Works and Facilities,,Pass,1067,557
capital_exclusion,116,Groveland,2005,2004-05-03,Firefighters Turn Out Gear (Replacements),PUBLIC SAFETY,80000,Pass,1288,682
capital_exclusion,116,Groveland,2005,2004-05-03,Replace Fire Station Doors; Electrical Work; Mower For Cemetary Dept.,GENERAL OPERATING,17500,Pass,1183,770
capital_exclusion,116,Groveland,2005,2004-05-03,Continuing Groveland Road Management Program Funding,PUBLIC WORKS & FACILITIES,190000,Pass,1102,857
debt_exclusion,179,Mendon,2007,2004-05-03,Construct And Equip New Police Station And Make Site Modifications,Public Safety,,Fail,478,608
debt_exclusion,265,Seekonk,2005,2004-05-03,Schools,School,,Fail,483,2385
debt_exclusion,280,Spencer,2006,2004-05-03,Street Light System And Replacing A 1977 Fire Tanker And Undertaking A Road Betterment,Public Works and Facilities,,Pass,1067,557
capital_exclusion,294,Templeton,2005,2004-05-03,Purchasing And Equiping A New Police Cruiser,PUBLIC SAFETY,28000,Fail,662,952
capital_exclusion,294,Templeton,2005,2004-05-03,Reconstruction Of Town Roads,PUBLIC WORKS & FACILITIES,100000,Pass,846,772
capital_exclusion,294,Templeton,2005,2004-05-03,Purchase New Pumper Truck For Fire Department,PUBLIC SAFETY,260000,Fail,677,948
debt_exclusion,303,Upton,2007,2004-05-03,Reconst.  And Repair Of Town Roads And All Costs Related Thereto,Public Works and Facilities,,Pass,273,267
debt_exclusion,303,Upton,2009,2004-05-03,Purchase A New 2004 Fire Pumper For The Fire Department,Public Safety,,Fail,99,214
debt_exclusion,318,Wellfleet,2005,2004-05-03,Landfill Capping,Public Works and Facilities,,Pass,559,260
debt_exclusion,318,Wellfleet,2005,2004-05-03,Purchase New Backhoe,Public Works and Facilities,,Fail,395,417
debt_exclusion,318,Wellfleet,2006,2004-05-03,Larger Well At Coles Neck,Public Works and Facilities,,Pass,454,367
debt_exclusion,125,Harvard,2005,2004-05-05,Acquire 24.5 Acres In Fee And Const. Restriction On 10 Acres Of Land On Littleton County Road,General Government,,Pass,434,223
debt_exclusion,298,Topsfield,2005,2004-05-06,Fund Accessibility Improvements To Town Hall,General Government,,Fail,354,548
debt_exclusion,027,Berkley,2007,2004-05-08,The Amount Required To Match The Foundation Reserve Award For Debt Service For A High School Feasibility Study,School,,Fail,429,593
debt_exclusion,172,Mashpee,2007,2004-05-08,"Bond Issued For Repair, Maintenance And/Or Construction Of Roadways And Parking Lots",Public Works and Facilities,,Pass,684,636
debt_exclusion,333,Weston,2006,2004-05-08,School-Public Works-Fire Station Repairs;Technology Equipment,General Government,,Pass,287,117
debt_exclusion,034,Bolton,2005,2004-05-10,Acquire Stevenson Land,General Government,,Pass,380,208
debt_exclusion,034,Bolton,2005,2004-05-10,Acquire Braham Land,General Government,,Pass,338,240
debt_exclusion,034,Bolton,2005,2004-05-10,Acquire Perham Land,General Government,,Fail,239,326
debt_exclusion,034,Bolton,2005,2004-05-10, Upgrade Septic Systems At Florence Sawyer And Emersons Schools,School,,Pass,477,108
debt_exclusion,034,Bolton,2005,2004-05-10,Agricultural Preservations Restrictions Of Shartner And Nicewicz Farms,Culture and Recreation,,Pass,458,135
debt_exclusion,099,Foxborough,2006,2004-05-10,Finance Construction Of New Joint Public Safety Facility,Public Works and Facilities,,Pass,1729,801
debt_exclusion,345,Windsor,2005,2004-05-10,Purchase A Fully Equipped Dump Truck,Public Works and Facilities,,Pass,161,97
debt_exclusion,075,Dennis,2006,2004-05-11,New Town Library,Culture and Recreation,,Pass,1233,650
debt_exclusion,254,Rowley,2005,2004-05-11,Two New Police Cruisers,Public Safety,,Pass,684,204
debt_exclusion,254,Rowley,2005,2004-05-11,Repairs And Remodel Police Station,Public Safety,,Fail,387,505
capital_exclusion,254,Rowley,2005,2004-05-11,Purchase Of A New Forestry/Brush Fire Department,PUBLIC SAFETY,95000,Fail,401,486
capital_exclusion,254,Rowley,2005,2004-05-11,Two New Cruisers,PUBLIC SAFETY,52000,Fail,390,498
capital_exclusion,254,Rowley,2005,2004-05-11,Architectural Design For Fire Station,PUBLIC SAFETY,13000,Pass,460,431
debt_exclusion,262,Saugus,2005,2004-05-11,Capital Improvement Program,General Government,,Pass,2482,2443
debt_exclusion,269,Sherborn,2005,2004-05-11,"Const. Of Garage Facilities;Design Engineering Expenses To Address Deficiencies At Pine Hill School, Etc.",General Government,,Pass,478,240
debt_exclusion,320,Wenham,2005,2004-05-11,Purchase Vehicles For Community Maintenance Department-,General Government,,Pass,478,240
debt_exclusion,320,Wenham,2005,2004-05-11,Funding For The Local And Regional Schools-Police-Fire,General Government,,Pass,503,221
debt_exclusion,055,Chatham,2006,2004-05-13,Remodel-Reconst. Equipping And Repairs To Main Street School Building,School,,Fail,554,779
debt_exclusion,055,Chatham,2006,2004-05-13,Const.Renovating And Equipping A New Dept. Of Public Works Facility,Public Works and Facilities,,Pass,1058,389
debt_exclusion,075,Dennis,2006,2004-05-13,"Construction Of Additions,Reconst.Remodel, Repair School Buildings Including Original Equipment- Issued By Dennis-Yarmouth Regional School District",School,,Pass,1464,823
capital_exclusion,119,Hamilton,2005,2004-05-13,Dredging And Improving Weaver Pond,PUBLIC WORKS & FACILITIES,65600,Pass,973,839
capital_exclusion,119,Hamilton,2005,2004-05-13,Street Improvements,PUBLIC WORKS & FACILITIES,188000,Pass,1256,575
capital_exclusion,022,Becket,2005,2004-05-15,Mini Pumper Truck For Fire Department,PUBLIC SAFETY,120000,Pass,112,39
debt_exclusion,037,Boxborough,2005,2004-05-17,"Design, Const And Equip School Building, Resurface Roadways And Parking Lots",School,,Pass,568,331
capital_exclusion,037,Boxborough,2005,2004-05-17,1 Ton Pick-Up Truck With Plow,PUBLIC WORKS & FACILITIES,29500,Pass,209,60
capital_exclusion,037,Boxborough,2005,2004-05-17,Heavy Duty Dump Truck With Hydraulic Dump Body,PUBLIC WORKS & FACILITIES,88000,Pass,206,63
capital_exclusion,037,Boxborough,2005,2004-05-17,Emergency Response Vehicle,PUBLIC SAFETY,33000,Pass,211,57
debt_exclusion,078,Dover,2005,2004-05-17,"Designing,Constructing,Equipping School Building, Resurface Roadways And Parking Lots And Making Improvements To Outdoor Athletic Facilities",General Operating,,Pass,568,331
debt_exclusion,139,Hopkinton,2005,2004-05-17,"Modular Classrooms, Development, Renovation Of Elmwood Elementary School",School,,Pass,1378,1005
debt_exclusion,139,Hopkinton,2005,2004-05-17,"Repair,Renovations Of School Grounds And Maintenance, Etc. Plans And Designs",School,,Pass,1346,1037
debt_exclusion,096,Falmouth,2006,2004-05-18,Dpw Facility,Public Works and Facilities,,Pass,1616,1584
debt_exclusion,126,Harwich,2005,2004-05-18,Fund Repairs To Brooks Academy,School,,Pass,1560,1388
debt_exclusion,126,Harwich,2006,2004-05-18,Irrigation System At Cranberry Valley Golf Course,Culture and Recreation,,Pass,1607,1354
debt_exclusion,126,Harwich,2006,2004-05-18,Fund Road Maintenance,Public Works and Facilities,,Pass,1794,1135
capital_exclusion,126,Harwich,2005,2004-05-18,Three Year Nitrogen Loading Study In Various Harbors,PUBLIC WORKS & FACILITIES,80000,Pass,1679,1259
capital_exclusion,126,Harwich,2005,2004-05-18,Purchasing New Vehicles,GENERAL OPERATING,241028,Fail,1178,1752
capital_exclusion,126,Harwich,2005,2004-05-18,Computer System For Police Department,PUBLIC SAFETY,99560,Pass,1733,1221
capital_exclusion,166,Manchester By The Sea,2005,2004-05-18,General Operating Expenses,GENERAL OPERATING,80300,Pass,835,442
capital_exclusion,224,Orleans,2005,2004-05-18,Purchase Of A Street Sweeper,PUBLIC WORKS & FACILITIES,145000,Pass,967,621
debt_exclusion,304,Uxbridge,2005,2004-05-22,"Adding, Equipping,Repairing The Regional School",School,,Pass,1606,1138
debt_exclusion,051,Carlisle,2005,2004-05-25,Replacing Language Lab Equipment. Lower Gym Flooring Lighting And Windows,General Government,,Pass,588,278
capital_exclusion,051,Carlisle,2005,2004-05-25,"Replacing Town Hall 2nd Floor Carpeting, Replacing Dining Room Furniture;Police Radio Receivers",GENERAL OPERATING,112170,Pass,518,358
debt_exclusion,126,Harwich,2005,2004-05-25,Operating Town Government,General Government,,Pass,619,251
debt_exclusion,126,Harwich,2005,2004-05-25,General Operating Expenditures,General Operating,,Pass,518,358
debt_exclusion,126,Harwich,2005,2004-05-25,Operating Concord-Carlisle Regional School District,School,,Pass,631,244
debt_exclusion,286,Stow,2005,2004-05-25,Additional Land Off Of Hudson Road,General Government,,Fail,436,764
debt_exclusion,286,Stow,2005,2004-05-25,Parcel Of Land Off Of Hudson Road,General Government,,Fail,368,829
debt_exclusion,286,Stow,2005,2004-05-25,"Remodel, Construct, Center, Schools",General Government,,Pass,624,591
debt_exclusion,286,Stow,2006,2004-05-25,Purchase Of Modular Classrooms,School,,Pass,762,505
debt_exclusion,290,Sutton,2006,2004-05-25,Construction And Completion Of Sewers And Advanced Wastewater Treatment Facility,Public Works and Facilities,,Pass,429,213
debt_exclusion,290,Sutton,2006,2004-05-25,Equipping And Building New Fire Station And Adding Addition To Existing Fire Station,Public Safety,,Pass,435,209
debt_exclusion,290,Sutton,2006,2004-05-25,Pay For A Pumper Fire Truck And Equipmentg,Public Safety,,Pass,371,266
debt_exclusion,290,Sutton,2006,2004-05-25,Pay For Replacing The Roof Top Air Conditioning Unit A Early Learning Center,School,,Pass,382,256
debt_exclusion,197,Nantucket,2005,2004-06-01,"Acquire Property Located A 2 Fairgrounds Road, Nantucket",General Government,,Pass,549,282
debt_exclusion,197,Nantucket,2005,2004-06-01,"Pay For Design, Engineering, Construction And Relasted Costs For Sewer Infiltration, Inflow Improvements",Public Works and Facilities,,Pass,534,282
debt_exclusion,197,Nantucket,2005,2004-06-01,General Government Expenditures,General Government,,Pass,546,271
debt_exclusion,175,Medfield,2005,2004-06-07,Designing And Constructing Collector Sewer And Laterals For Selected Streets,Public Works and Facilities,,Pass,1359,743
debt_exclusion,175,Medfield,2005,2004-06-07,Development Rights In Property,Public Works and Facilities,,Pass,1479,622
debt_exclusion,175,Medfield,2006,2004-06-07,"Design,Construct, Furnish And Equip An Adult Community Center",Culture and Recreation,,Pass,1585,554
debt_exclusion,212,North Brookfield,2005,2004-06-07,Constructing And Equipping A New Jr/Sr High School,School,,Pass,201,179
debt_exclusion,067,Concord,2005,2004-06-08,Thoreau School Building Project,School,,Pass,3421,1899
debt_exclusion,067,Concord,2005,2004-06-08,Concord-Carlisle High School Renovations,School,,Pass,3515,1782
debt_exclusion,067,Concord,2005,2004-06-08,Phase 1 Of The Comprehensive Wastewater Management Plan,Public Works and Facilities,,Pass,3392,1851
debt_exclusion,067,Concord,2007,2004-06-08,Financeing Of Phase 1 Of The Comprehensive Wastewater Managemen Plan,Public Works and Facilities,,Pass,3392,1852
debt_exclusion,067,Concord,2007,2004-06-08,Operating Budget Of Concord Public Schools,School,,Pass,3443,1846
debt_exclusion,067,Concord,2007,2004-06-08,Concord Carlisle Regional School District Operating Budget,School,,Pass,3485,1795
debt_exclusion,272,Shutesbury,2005,2004-06-08,Amherst-Pelham Reg. Sch. District Bond In Order To Cover Shutesburys Portion Of Cost,School,,Pass,248,113
debt_exclusion,001,Abington,2005,2004-06-12,Complete The Proposed Capital School Impovement Plan,School,,Fail,685,1482
debt_exclusion,001,Abington,2005,2004-06-12,Complete Proposed Senior Center,Culture and Recreation,,Fail,856,1327
debt_exclusion,011,Ashburnham,2005,2004-06-15,"Public Safety Facility To House Fire, Ems, Police, Emergency Dispatch Operations",Public Safety,,Pass,864,544
capital_exclusion,011,Ashburnham,2005,2004-06-15,Reconstructing Town Roads And Highways,PUBLIC WORKS & FACILITIES,130000,Pass,829,581
capital_exclusion,011,Ashburnham,2005,2004-06-15,Purchasing A Forestry Truck,GENERAL GOVERNMENT,50000,Fail,398,1004
capital_exclusion,011,Ashburnham,2005,2004-06-15,Purchasing And Equippiong An Inspection/Emergency/Response/Compand Vehicle,PUBLIC SAFETY,35000,Fail,677,731
debt_exclusion,104,Aquinnah,2005,2004-06-16,Purchase Of A New Tank Truck For The Aquinnah Fire Department,Public Safety,,Fail,23,53
capital_exclusion,104,Aquinnah,2005,2004-06-16,Funding A Police Vehicle,PUBLIC SAFETY,30000,Fail,28,47
capital_exclusion,104,Aquinnah,2005,2004-06-16,Funding Construction Of A Two Bay Garage For The Ambilance And A Police Cruiser,PUBLIC SAFETY,11700,Fail,20,56
debt_exclusion,105,Georgetown,2005,2004-06-16,Reconstruct The Balley Lane Bridge,Public Works and Facilities,,Fail,813,865
debt_exclusion,105,Georgetown,2006,2004-06-16,Install Computer Labs At Middle School And To Upgrade System,School,,Pass,1031,633
debt_exclusion,105,Georgetown,2006,2004-06-16,Purchase Student Textbooks And All Other Costs,School,,Pass,1094,580
debt_exclusion,105,Georgetown,2006,2004-06-16,Replace Boiler And Related Heating And Air Conditioning Systems,Public Safety,,Pass,1072,577
debt_exclusion,105,Georgetown,2006,2004-06-16,Install A Security System At The School Department,School,,Pass,877,783
debt_exclusion,105,Georgetown,2006,2004-06-16,Replace Floor Tiles Or Repair Them In First Floor Corridor At Middle School,School,,Pass,1026,636
debt_exclusion,105,Georgetown,2006,2004-06-16,Replace Engine 1 Fire Truck (Pumper),Public Safety,,Pass,1184,538
debt_exclusion,105,Georgetown,2006,2004-06-16,Two New Sander Bodies With Related Equipment,Public Works and Facilities,,Pass,972,713
debt_exclusion,105,Georgetown,2006,2004-06-16,Finance Addition To-Renovate Repair Library And Original Site Improvements,Culture and Recreation,,Pass,1026,714
debt_exclusion,168,Marblehead,2005,2004-06-21,Purchase Fire Pumper Truck,Public Safety,,Pass,2931,2133
capital_exclusion,168,Marblehead,2005,2004-06-21,"Expenses Related To Assessment, Engineering And Remediation",PUBLIC WORKS & FACILITIES,193050,Pass,2730,2318
debt_exclusion,158,Littleton,2005,2004-06-22,Design And Build A New Littleton Middle School,School,,Fail,1096,1671
capital_exclusion,158,Littleton,2005,2004-06-22,Capital Equipment And Arch./Engineering Study Of Russell Street School For Littleton Public Schools,SCHOOL,230000,Fail,923,1845
capital_exclusion,158,Littleton,2005,2004-06-22,Major Road Repair And New Equipment For Highway Department,PUBLIC WORKS & FACILITIES,372000,Pass,1401,1373
capital_exclusion,158,Littleton,2005,2004-06-22,Purchasing New Self-Contained Breathing Apparatus For Fire Depy.,PUBLIC SAFETY,135000,Pass,2023,771
debt_exclusion,303,Upton,2004,2004-06-22,Purchase A New 2004 Fire Pumper For Fire Department,Public Safety,,Fail,88,214
capital_exclusion,080,Dudley,2005,2004-07-12,Capital Improvement Fund,GENERAL OPERATING,25000,Fail,242,1470
capital_exclusion,217,Northfield,2005,2004-07-14,Ten Wheel Dump Truck With Sander And Snow Plow For Highway Department,PUBLIC WORKS & FACILITIES,150000,Fail,193,209
debt_exclusion,127,Hatfield,2006,2004-07-16,Repair Roof Of The Dickinson Memorial Building,General Government,,Pass,143,104
debt_exclusion,066,Colrain,2006,2004-07-18,Pay For Existing Loans For Library Roof; Highway Dept. Truck  And Fire Truck,General Government,,Pass,140,113
debt_exclusion,334,Westport,2007,2004-08-02,New Student Computer Tech Equipment For School Department,School,,Fail,1426,2200
debt_exclusion,334,Westport,2007,2004-08-02,Make Repairs To The Milton Earle Building,General Government,,Fail,1496,2160
debt_exclusion,334,Westport,2007,2004-08-02,Maintaining Fire And Ambulance Services,Public Safety,,Pass,1879,1737
capital_exclusion,334,Westport,2005,2004-08-02,3 Police Cruiser Unmarked Cars For Police Department,PUBLIC SAFETY,100000,Fail,686,1011
capital_exclusion,334,Westport,2005,2004-08-02,Tanker Truck For Fire Department,PUBLIC SAFETY,275000,Pass,868,835
capital_exclusion,334,Westport,2005,2004-08-02,Dump Truck For The Highway Department,PUBLIC WORKS & FACILITIES,40000,Fail,635,1057
capital_exclusion,334,Westport,2007,2004-08-02,Purchase Front End Loader For Highway Department,PUBLIC WORKS & FACILITIES,115000,Fail,973,2585
capital_exclusion,334,Westport,2007,2004-08-02,Purchasing Snow Removal Equipment For Highway Department,PUBLIC WORKS & FACILITIES,57000,Fail,1046,2504
capital_exclusion,334,Westport,2007,2004-08-02,Purchase Fire Pumper For Fire Department,PUBLIC SAFETY,165000,Fail,1442,2255
debt_exclusion,345,Windsor,2005,2004-08-16,Install Heating System In Berkshire Trail Elementary School,School,,Pass,58,41
debt_exclusion,084,East Brookfield,2005,2004-08-30,"Design-Refurbish-Renovatge Memorial School Bldg. Into A Municipal Bldg, Library And Police Station",General Government,,Pass,101,78
debt_exclusion,089,Edgartown,2006,2004-09-02,Free Public Library,Culture and Recreation,,Pass,438,172
debt_exclusion,045,Brookfield,2007,2004-09-07,Designing And Constructing A Department Of Public Works Facility Of The Mill Street Property,Public Works and Facilities,,Pass,293,220
debt_exclusion,157,Lincoln,2005,2004-09-07,Designing And Constructing Dpw Facility On Mill Street Property,Public Works and Facilities,,Pass,293,220
debt_exclusion,106,Gill,2005,2004-09-14,Purchase Mariamante Parcel Consisting Of Twelve Acres,General Government,,Pass,93,17
debt_exclusion,075,Dennis,2006,2004-09-22,Sea View Playland,General Government,,Pass,599,97
debt_exclusion,295,Tewksbury,2005,2004-10-06,Remodel-Reconstruct-Additions To Senior Center,Culture and Recreation,,Pass,1062,1051
debt_exclusion,213,North Reading,2008,2004-10-26,Const. Addition To And Remodeling And Making Repairs To L. D. Batchelder School,School,,Pass,1270,554
debt_exclusion,179,Mendon,2006,2004-11-02,Fino Property Located Off North Ave And Milford St.,General Government,,Pass,2025,904
debt_exclusion,224,Orleans,2006,2004-11-02,"Cap  The Town Land Fill, Including All Expenses",Public Works and Facilities,,Pass,2985,1062
debt_exclusion,327,West Tisbury,2005,2004-11-02,Town Hall Renovation,General Government,,Pass,1075,578
debt_exclusion,320,Wenham,2006,2004-11-18,Increased Cost Of Town Hall And Police Station Projects,General Government,,Pass,470,418
debt_exclusion,279,Southwick,2005,2004-11-23,Const. Add To And Make Repairs To Middle-Elementary And Regionalschools,School,,Fail,105,1032
debt_exclusion,332,Westminster,2006,2004-12-07,Purchase 101 Acres Property,General Government,,Pass,582,119
debt_exclusion,055,Chatham,2006,2004-12-09,Demolishing Main Street School,School,,Pass,574,325
debt_exclusion,055,Chatham,2006,2004-12-09,"Remodel-Reconst., Eqiping And Making Repairs To Main Stret School Building",School,,Pass,814,218
debt_exclusion,290,Sutton,2008,2004-12-09,Construct-Remodel And Equip Main Street School Building And Basement,School,,Pass,814,218
debt_exclusion,290,Sutton,2008,2004-12-09,Demolishing Main Street School,School,,Pass,574,325
debt_exclusion,088,Easton,2006,2005-01-11,Make Repairs To Junior And Senior High Schools,School,,Pass,1823,1078
debt_exclusion,213,North Reading,2006,2005-01-11,"Acquire Land With All Improvements, Structures And Buildings On 230 Elm Street",General Government,,Pass,646,346
debt_exclusion,315,Wayland,2026,2005-01-25,High School Design,School,,Fail,2005,2645
debt_exclusion,317,Wellesley,2006,2005-01-25,"Remodeling, Reconstructing Or Making Ordinary Repairs To The Middle School",School,,Pass,2879,1033
debt_exclusion,212,North Brookfield,2006,2005-03-07,Construct An Addition-Renovate-Remodel-Repair Town Library,Culture and Recreation,,Pass,432,150
debt_exclusion,158,Littleton,2006,2005-03-12,Design And Build A New Middle School,School,,Pass,1129,162
debt_exclusion,320,Wenham,2006,2005-03-31,Purchase Of A Ladder Truck/Quint,Public Safety,,Pass,334,44
debt_exclusion,015,Athol,2006,2005-04-04,Reconstruction Of The Towns Sewage Treatment Plant,Public Works and Facilities,,Pass,716,652
debt_exclusion,072,Dartmouth,2007,2005-04-04,Equip And Furnish A New Library Upon Town Land,Culture and Recreation,,Fail,2426,2786
debt_exclusion,040,Braintree,2006,2005-04-05,Construction Of Library; School Renovations; Police Renovations Council On Aging Bldg. Renova.,General Government,,Fail,3203,3829
capital_exclusion,125,Harvard,2006,2005-04-05,6 Wheel Dump Truck With Plow And Wing For Department Of Public Works,PUBLIC WORKS & FACILITIES,130000,Fail,703,907
debt_exclusion,288,Sudbury,2006,2005-04-05,Purchase Fire Truck And Associated Equipment,Public Safety,,Pass,2253,1120
debt_exclusion,251,Rockland,2006,2005-04-09,Replacing And Installing A Gas Fired Boiler At Public Library Including All Costs,Culture and Recreation,,Pass,1738,1395
capital_exclusion,251,Rockland,2006,2005-04-09,Replacing And Installing A Gas Fired Boiler And All Costs Included,CULTURE AND RECREATION,15000,Pass,1731,1395
debt_exclusion,199,Needham,2006,2005-04-12,"Architectural Design, Engineering Addition And Const. To High School",School,,Pass,3125,1748
debt_exclusion,089,Edgartown,2006,2005-04-14,Demolish Two Buildings At Highway Department Facility,Public Works and Facilities,,Pass,463,271
debt_exclusion,089,Edgartown,2006,2005-04-14,Purchase Parcel Of Land On Main Street,General Government,,Pass,385,350
capital_exclusion,089,Edgartown,2006,2005-04-14,Resurfacing And Rebuilding Various Town Roads,PUBLIC WORKS & FACILITIES,80000,Pass,592,156
capital_exclusion,089,Edgartown,2006,2005-04-14,New Pickup Truck For Highway Department,PUBLIC WORKS & FACILITIES,28000,Pass,410,332
capital_exclusion,089,Edgartown,2006,2005-04-14,Pickup Truck Wastewater Department,PUBLIC WORKS & FACILITIES,28000,Pass,425,317
capital_exclusion,089,Edgartown,2006,2005-04-14,Building And Repairing Various Town Sidewalks-Repair And Clean Catch Basins,PUBLIC WORKS & FACILITIES,60000,Pass,600,155
capital_exclusion,089,Edgartown,2006,2005-04-14,Purchase New School  Bus,SCHOOL,59000,Pass,568,176
capital_exclusion,089,Edgartown,2006,2005-04-14,Two New Cruisers For Police Dept.,PUBLIC SAFETY,60000,Pass,416,325
capital_exclusion,089,Edgartown,2006,2005-04-14,Ambulance,PUBLIC SAFETY,135000,Pass,580,166
capital_exclusion,089,Edgartown,2006,2005-04-14,"Providing Sewer Services To Curtis Lane, Pine Street And Clark Drive",PUBLIC WORKS & FACILITIES,350000,Pass,417,320
debt_exclusion,001,Abington,2007,2005-04-23,New Police Station,Public Safety,,Pass,976,969
debt_exclusion,066,Colrain,2006,2005-05-02,Purchasing A Radio Network For The Police Department,Public Safety,,Fail,103,149
debt_exclusion,066,Colrain,2006,2005-05-02,Existing Loans For Library Roof; Highway Department Truck And Fire Truck,General Government,,Pass,140,113
debt_exclusion,066,Colrain,2006,2005-05-02,Purchase A Front End Loader For The Highway Department,Public Works and Facilities,,Fail,113,140
debt_exclusion,066,Colrain,2006,2005-05-02,Brownfields Revolving Loan,General Government,,Fail,116,135
capital_exclusion,116,Groveland,2006,2005-05-02,Continue Groveland Road Management Program,PUBLIC WORKS & FACILITIES,190000,Pass,495,311
debt_exclusion,204,New Salem,2008,2005-05-02,"Finance Remodeling, Reconstruction And Make Extraordinary Repairs To Old Bookstore Building",Culture and Recreation,,Pass,153,125
capital_exclusion,271,Shrewsbury,2006,2005-05-02,Purchasing An Aerial Platform Truck For Fire Department,PUBLIC SAFETY,775000,Fail,844,951
capital_exclusion,271,Shrewsbury,2006,2005-05-02,Front End Loader With Related Equipment,PUBLIC WORKS & FACILITIES,150000,Fail,636,1145
capital_exclusion,271,Shrewsbury,2006,2005-05-02,Dump Truck With A Sander Body And Related Equipment For Highway Dept.,PUBLIC WORKS & FACILITIES,125000,Fail,669,1113
capital_exclusion,294,Templeton,2006,2005-05-02,Reconstruct Town Roads,PUBLIC WORKS & FACILITIES,200000,Pass,613,532
debt_exclusion,351,Yarmouth,2006,2005-05-02,"Land At End Of New Hampshire Ave, West Yarmouth",General Government,,Fail,1182,1634
debt_exclusion,351,Yarmouth,2006,2005-05-02,Design; Improvements; Repairs To Improve South Yarmouth Library,Culture and Recreation,,Pass,1600,1401
capital_exclusion,351,Yarmouth,2006,2005-05-02,Capital Improvements For Yarmouth Schools,SCHOOL,1450000,Fail,1383,1654
debt_exclusion,194,Montgomery,2006,2005-05-05,Purchase Of 2005 4x4 Wd Highway Department Truck,Public Works and Facilities,,Pass,34,10
capital_exclusion,298,Topsfield,2006,2005-05-05,Construct Bridge; Multi Purpose Tractor; Dump Truck With Plow,GENERAL GOVERNMENT,187754,Fail,520,729
capital_exclusion,230,Pelham,2006,2005-05-07,New Pick-Up & Plow,PUBLIC WORKS & FACILITIES,40000,Pass,107,50
debt_exclusion,289,Sunderland,2006,2005-05-07,Repair And Reconstruct The Sunderland Elementary School,School,,Pass,73,19
debt_exclusion,333,Weston,2006,2005-05-07,Dpw Equip;Road Improvements; Fire Dept.Ambulance;School Tech.; Etc.,General Government,,Pass,1093,347
debt_exclusion,034,Bolton,2007,2005-05-09,Acquire A Highway Truck,Public Works and Facilities,,Pass,154,66
debt_exclusion,277,Southborough,2006,2005-05-09,Five Year Renovation Project At Margaret Neary Elementary School,School,,Pass,727,411
debt_exclusion,277,Southborough,2006,2005-05-09,Portion Of The Bond Issued To Complete Algonquin-Reg.H.S.Addition/Reno Project,School,,Pass,759,381
capital_exclusion,127,Hatfield,2006,2005-05-10,Van For The Council On Aging,CULTURE AND RECREATION,38000,Pass,278,271
debt_exclusion,254,Rowley,2006,2005-05-10,Purchase New Dump Truck With Plow To Replace Existing One,Public Works and Facilities,,Pass,768,442
capital_exclusion,254,Rowley,2006,2005-05-10,Purchase And Install Classroom/Lab Student Computer Stations,SCHOOL,128192,Pass,699,527
capital_exclusion,254,Rowley,2006,2005-05-10,Purchase And Install Communication System And Access Control System,SCHOOL,33000,Pass,675,552
debt_exclusion,269,Sherborn,2006,2005-05-10,Design Of New Highway Garage;Maintenance And Devel. Dept. Construct Water System On Housing Property;Design And Renov. Pine Hill School,General Government,,Fail,621,713
capital_exclusion,300,Truro,2006,2005-05-10,Tractor Trailer Vehicle For The Transfer Station Of The Public Works Department,PUBLIC WORKS & FACILITIES,100000,Pass,207,84
capital_exclusion,300,Truro,2006,2005-05-10,Pumper Truck For Fire Department,PUBLIC SAFETY,300000,Pass,213,78
capital_exclusion,055,Chatham,2006,2005-05-12,Funding The Design Of The Wastewater Facility Expansion,PUBLIC WORKS & FACILITIES,350000,Pass,1070,395
debt_exclusion,119,Hamilton,2007,2005-05-12,"Fund Cost Of Designing, Constructing, Equipping And Furnishing A New Public Safety B\Uilding",Public Safety,,Pass,1175,940
capital_exclusion,119,Hamilton,2006,2005-05-12,Purchase Police Department Cruiser,PUBLIC SAFETY,28000,Pass,1185,931
capital_exclusion,119,Hamilton,2006,2005-05-12,Rebuild A Fire Department Squad Truck,PUBLIC SAFETY,60000,Pass,1345,762
capital_exclusion,119,Hamilton,2006,2005-05-12,Purchase Dump Truck Improvements To Public Works Garage And Park Garage,PUBLIC WORKS & FACILITIES,67000,Pass,1153,943
capital_exclusion,156,Leyden,2007,2005-05-14,Pay Loader For Highway Department,PUBLIC WORKS & FACILITIES,37040,Pass,51,24
debt_exclusion,196,Nahant,2007,2005-05-14,Finance Constructing An Addition To The Johnson School And Remodeling,School,,Pass,454,237
debt_exclusion,055,Chatham,2009,2005-05-15,"Constuction, Renovqtion And Equipping New Police Station",Public Safety,,Pass,910,516
debt_exclusion,037,Boxborough,2006,2005-05-16,Purchase Of Ambulance,Public Safety,,Pass,899,527
debt_exclusion,037,Boxborough,2006,2005-05-16,Library - Personnel And Operating Costs,Culture and Recreation,,Fail,687,743
capital_exclusion,037,Boxborough,2006,2005-05-16,"Replace Roofs At Town Hall, Police Station And Steele Farm",GENERAL GOVERNMENT,41450,Pass,801,627
debt_exclusion,038,Boxford,2006,2005-05-16,Capital Expenditures,General Operating,,Pass,1700,1676
debt_exclusion,081,Dunstable,2008,2005-05-16,Purchase Of Pumper Truck And Related Equipment,Public Safety,,Pass,199,66
debt_exclusion,120,Hampden,2008,2005-05-16,Fire Truck,Public Safety,,Pass,1067,859
debt_exclusion,123,Hanson,2006,2005-05-16,"Costs Of Designing, Architectural And Technical Services  And Expanding Public Library",Culture and Recreation,,Pass,921,577
debt_exclusion,139,Hopkinton,2006,2005-05-16,Final Architectural Plans And Designs; Bid Documents For Elementary School,School,,Pass,1805,1574
debt_exclusion,139,Hopkinton,2006,2005-05-16,Construction And Development Of Athletic Fields Including Parking,Culture and Recreation,,Fail,1590,1785
debt_exclusion,139,Hopkinton,2006,2005-05-16,Finance Design And Development Of A New Senior Citizen Center,Culture and Recreation,,Pass,2073,1310
debt_exclusion,139,Hopkinton,2009,2005-05-16,"Development Plans And Designs, For New Early Childhood Center",School,,Pass,1805,1574
debt_exclusion,184,Middleton,2008,2005-05-16,Flint Public Library,Culture and Recreation,,Pass,921,577
debt_exclusion,001,Abington,2007,2005-05-17,Purchase/Lease Of The Tanker Truck For Volunteer Fire Department,Public Safety,,Pass,304,187
debt_exclusion,001,Abington,2007,2005-05-17,Purchase News Truck/Sander For Highway Department,Public Works and Facilities,,Pass,290,200
capital_exclusion,096,Falmouth,2006,2005-05-17,"Funding The Surveying, Engineering And Permitting Costs For Completion Of Shining Sea Bikeway Ext. Phase Iii",GENERAL OPERATING,300000,Pass,5019,2392
debt_exclusion,148,Lanesborough,2007,2005-05-17,Purchase/Lease Of Tanker Truck For Fire Department,Public Safety,,Pass,304,187
debt_exclusion,148,Lanesborough,2007,2005-05-17,Purchase New Dump Truck/Sander For Highway Department,Public Works and Facilities,,Pass,290,200
debt_exclusion,224,Orleans,2006,2005-05-17,Acquire Located At Route 6a,General Government,,Pass,993,437
debt_exclusion,224,Orleans,2006,2005-05-17,Improvements To The Towns Drainage Infrastructure,Public Works and Facilities,,Pass,1069,347
debt_exclusion,224,Orleans,2006,2005-05-17,Required To Pay For The Bond In Order To Acquire Property Located At 59 Arets Kabe,General Government,,Pass,1031,375
debt_exclusion,224,Orleans,2006,2005-05-17,Designs For Renovation Of Police Department,Public Safety,,Pass,789,614
debt_exclusion,224,Orleans,2006,2005-05-17,Resurfacing; Repair And Reconstruct Town Roadways,Public Works and Facilities,,Pass,1095,325
debt_exclusion,123,Hanson,2006,2005-05-21,Constructing;Equipping And Furnishing New Police Station,Public Safety,,Pass,714,378
debt_exclusion,286,Stow,2006,2005-05-24,Finance Purchase Of Two New Fire Trucks,Public Safety,,Pass,727,452
debt_exclusion,051,Carlisle,2006,2005-05-31,"Const. Wastewater Treatment Facility With All Related Pipes, Conduits,Tanks, Etc. For Public Schools",School,,Pass,493,141
debt_exclusion,051,Carlisle,2006,2005-05-31,"Replace Bleacher System, Gym,And Renovate Structural Canopies For Reg.Sch.District",School,,Pass,432,199
capital_exclusion,051,Carlisle,2006,2005-05-31,Purchasing A Dpw Backhoe Replacement,PUBLIC WORKS & FACILITIES,78000,Pass,460,170
capital_exclusion,051,Carlisle,2006,2005-05-31,Feasibility Study For Public School,SCHOOL,50000,Pass,400,232
capital_exclusion,051,Carlisle,2006,2005-05-31,Purchasing Police Mobile Data Terminals And A Fire Dept. Vehicle Exhaust System,PUBLIC SAFETY,52500,Pass,453,179
debt_exclusion,169,Marion,2006,2005-05-31,"Purchase, Equip, As Necessary Repair Used Ladder Truck For Fire Dept.",Public Safety,,Pass,760,514
debt_exclusion,169,Marion,2006,2005-05-31,Finance Construction And Equipping Of A New Police Building,Public Safety,,Fail,626,667
capital_exclusion,169,Marion,2006,2005-05-31,Repairs To And Alignment Of Water Pumps At The Sippican School,SCHOOL,14000,Pass,794,489
capital_exclusion,169,Marion,2006,2005-05-31,Procuring A Survey Of Water Depths In Certain Areas Of The Harbor,PUBLIC WORKS & FACILITIES,10000,Fail,420,855
capital_exclusion,169,Marion,2006,2005-05-31,Rebuilding Of The Seawall At The Island Wharf Pavillion,PUBLIC WORKS & FACILITIES,10000,Fail,615,674
capital_exclusion,169,Marion,2006,2005-05-31,Replacing Wooden Floats At Harbormasters Dock,PUBLIC WORKS & FACILITIES,20000,Fail,483,801
capital_exclusion,169,Marion,2006,2005-05-31,Purchasing And Equipping A One-Ton Four Wheel Drive Heavy Duty Dump Truck,PUBLIC WORKS & FACILITIES,35000,Fail,636,649
debt_exclusion,177,Medway,2006,2005-05-31,Land; School Paving; Remodeling Deparment Equipment; Sewer Purposes,General Government,,Fail,638,1901
debt_exclusion,337,Whately,2006,2005-06-01,Whately Elementary School Budget,School,,Fail,139,190
debt_exclusion,175,Medfield,2006,2005-06-06,Sewers On Streets,Public Works and Facilities,,Pass,165,64
debt_exclusion,175,Medfield,2006,2005-06-06,Railroad Grade Crossing And Signal System,Public Works and Facilities,,Pass,172,60
debt_exclusion,011,Ashburnham,2006,2005-06-07,"Design, Renovation, Const. And Costs Assoc. With Reno Of Town Hall",General Government,,Pass,184,133
capital_exclusion,011,Ashburnham,2006,2005-06-07,Reconstruction Of Town Roads And Sidewalks,PUBLIC WORKS & FACILITIES,150000,Pass,220,99
debt_exclusion,067,Concord,2006,2005-06-07,Design Services For A New Willard Building Of The Concord Public Schools,School,,Fail,1652,1694
debt_exclusion,067,Concord,2006,2005-06-07,Replacement Of The Current Upper Gymnasium Bleacher System,School,,Pass,1781,1552
debt_exclusion,197,Nantucket,2006,2005-06-07,Upgrade Surfside Wastewater Treatment Facility,Public Works and Facilities,,Pass,630,290
debt_exclusion,197,Nantucket,2006,2005-06-07,Fund The Finance And Design And Associated Costs For Hummock Pond Road Bicycle Path,Culture and Recreation,,Pass,594,329
debt_exclusion,197,Nantucket,2006,2005-06-07,Fire Dept. Engines; Painting At High School ; Repair Bicycle Paths,General Government,,Pass,623,301
capital_exclusion,208,Norfolk,2006,2005-06-14,Capital Expenditures Related To Vehicle Replacement By Town Departments,GENERAL OPERATING,450000,Fail,830,1227
debt_exclusion,104,Aquinnah,2007,2005-06-15,Tank Truck For Fire Department,Public Safety,,Pass,49,11
debt_exclusion,168,Marblehead,2006,2005-06-15,Purchase Equipment For Several Town Departments,General Government,,Pass,4384,2778
debt_exclusion,168,Marblehead,2006,2005-06-15,Purchase 3 Certain Parcels Of Land Owned By Robinson Farm Realty Trust,General Government,,Pass,4937,2315
capital_exclusion,168,Marblehead,2006,2005-06-15,Remodel And Reconstructing And Making Repairs To Existingtown Buildings,GENERAL GOVERNMENT,155000,Pass,4555,2639
capital_exclusion,168,Marblehead,2006,2005-06-15,"Expenses Related To Assessment, Engineering And Remediation, Closure Ause Of The Old Landfill",PUBLIC WORKS & FACILITIES,113500,Pass,4604,2551
capital_exclusion,158,Littleton,2006,2005-06-18,Highway Department Capital Expenses,GENERAL OPERATING,60000,Fail,1209,1308
debt_exclusion,291,Swampscott,2006,2005-06-20,General Operating Expenditures,General Operating,,Pass,139,110
debt_exclusion,173,Mattapoisett,2006,2005-06-21,Constructing An Addition To And Remodeling Mattapoisett Free Public Library,Culture and Recreation,,Fail,689,766
debt_exclusion,321,West Boylston,2006,2005-06-21,Replacement Of Floor Of The Gym. In Middle And High School,School,,Pass,543,317
debt_exclusion,321,West Boylston,2006,2005-06-21,Purchase A Fire Truck,Public Safety,,Pass,492,370
debt_exclusion,321,West Boylston,2006,2005-06-21,Replacement And Repair Of Elem.-Jun.High And High School Roofs,School,,Pass,580,281
debt_exclusion,269,Sherborn,2006,2005-06-23,Purchase Pagers And Protable Radios For Use By The Fire Department,Public Safety,,Pass,570,477
debt_exclusion,269,Sherborn,2006,2005-06-23,Water Improvements On Woodhaven Elderly Housing Property,Public Works and Facilities,,Pass,599,450
debt_exclusion,269,Sherborn,2006,2005-06-23,Purchase Vehicles For The Community Maintenance And Development Dept.,Public Works and Facilities,,Fail,322,715
debt_exclusion,269,Sherborn,2006,2005-06-23,Feasibility Study For Design Of The New Highway Garage,Public Works and Facilities,,Fail,255,788
debt_exclusion,019,Ayer,2006,2005-06-25,Roof Replacement Town Hall,General Government,,Pass,158,151
debt_exclusion,245,Raynham,2007,2005-06-25,Renovate Sullivan School Into Town Hall,General Government,,Pass,277,235
debt_exclusion,013,Ashfield,2008,2005-06-27,Construct Highway Facility Located At 896 Cape Street,Public Works and Facilities,,Pass,140,131
debt_exclusion,340,Williamsburg,2006,2005-06-27,Purchase A New Fire Engine,Public Safety,,Pass,171,147
debt_exclusion,340,Williamsburg,2006,2005-06-27,New Sweeper For Highway Department,Public Works and Facilities,,Fail,112,204
debt_exclusion,012,Ashby,2007,2005-06-28,Fire Truck,Public Safety,,Fail,111,115
debt_exclusion,012,Ashby,2007,2005-06-28,Paying For Road Reconstruction,Public Works and Facilities,,Fail,89,137
debt_exclusion,269,Sherborn,2006,2005-07-06,Design Services -Renovations-Construction And Repairs At Pine Hill School,School,,Fail,525,530
debt_exclusion,204,New Salem,2007,2005-07-11,"Sander, Roofs On Swift River School; Repair Stucco On School; Replace Carpet On Swift School; Door Replacement-Fire Dept. Secure Records Room And Office For Fire Department",General Government,,Pass,114,93
debt_exclusion,066,Colrain,2006,2005-07-18,Radio Network For The Highway Department,Public Works and Facilities,,Fail,103,149
debt_exclusion,066,Colrain,2006,2005-07-18,Brownfields Revolving Loan,General Government,,Fail,116,135
debt_exclusion,066,Colrain,2006,2005-07-18,Purchase A Front End Loader For Highway Department,Public Works and Facilities,,Fail,113,140
debt_exclusion,217,Northfield,2007,2005-07-26,Carrying Our Ongoing Renovation Projects At Town Hall,General Government,,Pass,164,127
debt_exclusion,217,Northfield,2007,2005-07-26,Replacing Furnace At Dickinson Memorial Library,Culture and Recreation,,Pass,210,86
debt_exclusion,217,Northfield,2007,2005-07-26,Replacing Windows At Town Hall,General Government,,Pass,169,123
debt_exclusion,069,Cummington,2006,2005-07-30,Repair Of Boiler At Berkshire Trail Elemtary School,School,,Pass,53,6
debt_exclusion,192,Montague,2006,2005-08-01,"Design, Construction, And Other Costs Assoc. With Waste Water Treatment Plant",Public Works and Facilities,,Pass,276,233
debt_exclusion,318,Wellfleet,2006,2005-08-30,Pay For A New Six Wheel Dump Truck With Snow Plow,Public Works and Facilities,,Pass,310,265
debt_exclusion,318,Wellfleet,2006,2005-08-30,Pay For A New Front End Loader,Public Works and Facilities,,Pass,300,279
debt_exclusion,235,Phillipston,2009,2005-09-07,Construct A New Highway Garage And All Costs Associated Therewith,Public Works and Facilities,,Pass,109,102
debt_exclusion,045,Brookfield,2006,2005-09-12,Purchase A New Fire Truck,Public Safety,,Fail,237,285
debt_exclusion,294,Templeton,2006,2005-09-13,Purchase And Ewuip A New 75ft. Quint Combination Pumper And Ladder Fire Engine,Public Safety,,Pass,231,204
capital_exclusion,294,Templeton,2006,2005-09-13,Purchasing And Installing A New Boiler At Elementary School,SCHOOL,40000,Pass,310,121
debt_exclusion,315,Wayland,2006,2005-09-20,Construct And Originally Equip And Furnish Additions And Remodel Elementary School,School,,Pass,652,198
debt_exclusion,306,Wales,2006,2005-09-21,Purchase And Equip A Class A Pumper Trucx,Public Safety,,Pass,261,122
debt_exclusion,319,Wendell,2010,2005-10-12,"Design, Construct And Const. Adminsitration Of New Town Offices",General Government,,Pass,115,90
debt_exclusion,319,Wendell,2010,2005-10-12,Design-Construction And Construct Admin Of A New Town Library,Culture and Recreation,,Pass,118,87
debt_exclusion,319,Wendell,2010,2005-10-12,Fund Planning Final Design And Con St. Of A Septic System To Service Town Owned Buildings,Public Works and Facilities,,Pass,119,86
debt_exclusion,320,Wenham,2006,2005-10-12,Town Hall Police Station Project,Public Safety,,Fail,7,14
debt_exclusion,173,Mattapoisett,2006,2005-10-25,"Finance Constructing An Addition To Remodel, Reconstruct And Repairs To Mattapoisett Free Public Library",Culture and Recreation,,Pass,1017,767
debt_exclusion,213,North Reading,2008,2005-10-25,"Reconstructing, Renovating And Equipping The North Reading Police Station",Public Safety,,Pass,540,225
debt_exclusion,303,Upton,2009,2005-10-25,In Order To Purchase A Certain Parcel Of Land,General Government,,Fail,211,292
debt_exclusion,351,Yarmouth,2008,2005-10-26,Burners And Roof For Schools,School,,Pass,923,267
debt_exclusion,208,Norfolk,2006,2005-11-01,King Philip Regional School District- Addition And Remodeling,School,,Pass,160,130
debt_exclusion,350,Wrentham,2007,2005-11-01,King Phillip Reg.School For Const. Of Addition And Remodeling-Renovations To Existing High School,School,,Pass,562,404
debt_exclusion,087,Easthampton,2007,2005-11-08,Fund Design Phase Of A New Elementary School And Renovations To High School,School,,Pass,2075,1853
debt_exclusion,265,Seekonk,2006,2005-11-08,Purchase An Aerial Platform Truck With Related Equipment For Fire Dept.,Public Safety,,Pass,2866,1740
debt_exclusion,265,Seekonk,2006,2005-11-08,Construction Of New Fire Headquarters; Demolish Existing One-Remodel Number Two Fire Station Etc.,Public Safety,,Fail,2285,2315
debt_exclusion,271,Shrewsbury,2007,2005-11-08,Aerial Platform Truck With Related Equipment For Fire Department,Public Safety,,Pass,2866,1740
debt_exclusion,271,Shrewsbury,2007,2005-11-08,"New Fire Headquarters, Demolition Of Existing One And Cemetary Garage, Construction Of New Garage",General Government,,Fail,2285,2315
debt_exclusion,278,Southbridge,2007,2005-11-08,Fire Station & Cemetery Garage,General Government,,Fail,2285,2315
debt_exclusion,278,Southbridge,2007,2005-11-08,Purchase Aerial Platform Truck,Public Safety,,Pass,2866,1740
debt_exclusion,026,Belmont,2007,2005-11-14,Design And Construct Senior Center Including All Costs,Culture and Recreation,,Pass,2181,1548
debt_exclusion,224,Orleans,2007,2005-11-15,"Renovate, Reconstruct, Expand, Equip Existing Town Hall And All Expenses Related",General Government,,Pass,542,137
debt_exclusion,189,Milton,2008,2005-11-29,Prepare For Provisions Of Temporary Working Quarters,General Government,,Pass,2980,1050
debt_exclusion,318,Wellfleet,2010,2005-11-29,Pay For The Bonds Or Notes To Purchase Gutsy Bender Restaurant Property,General Government,,Pass,288,160
debt_exclusion,318,Wellfleet,2010,2005-11-29,Demoliton Of The Rectory At 335 Main Street,General Government,,Pass,223,213
debt_exclusion,318,Wellfleet,2010,2005-11-29,Pay For Bonds Or Notes Issued By The Town To Pay For Design Of A New Fire Station,Public Safety,,Pass,240,195
debt_exclusion,217,Northfield,2007,2005-11-30,Provide Architectural Constuction Oversight Const. At Library,Culture and Recreation,,Pass,195,40
debt_exclusion,217,Northfield,2007,2005-11-30,Purchase For Conservation Purposes - Land,General Government,,Pass,186,47
debt_exclusion,145,Kingston,2007,2005-12-03,Designing And Equipping New Senior Center,Culture and Recreation,,Pass,329,172
debt_exclusion,117,Hadley,2007,2005-12-12,Fire Pumper,Public Safety,,Pass,276,242
debt_exclusion,117,Hadley,2007,2005-12-12,Purchase A Fire Pumper,Public Safety,,Pass,276,250
debt_exclusion,117,Hadley,2007,2005-12-12,Purchase A School Bus,Public Safety,,Pass,266,250
debt_exclusion,117,Hadley,2007,2005-12-12,Purchase A Fuel Monitoring System For The Highway Garage,Public Works and Facilities,,Pass,263,253
debt_exclusion,003,Acushnet,2006,2005-12-19,"Design, Equip,Construct, Furnish New Library",Culture and Recreation,,Fail,558,866
debt_exclusion,050,Canton,2007,2006-01-10,Design-Permitting-Constructing-Equipping Senior Citizen Center,Culture and Recreation,,Fail,830,1116
debt_exclusion,304,Uxbridge,2008,2006-01-17,Acquire A Parcel Of Land,General Government,,Pass,740,399
debt_exclusion,299,Townsend,2016,2006-01-24,"Pay For The Bond Issued In Order To Purchase And Equip A Pumper To Replace Engine-One, A 1973 Maxim Pumper",General Government,,Pass,364,99
debt_exclusion,277,Southborough,2007,2006-01-28,Repair And Maintain Fayville Village Hall And Demolish Building Known As Delarda House,General Government,,Fail,107,140
debt_exclusion,277,Southborough,2007,2006-01-28,New Public Safety Complex At Present Location,Public Safety,,Pass,187,135
debt_exclusion,277,Southborough,2007,2006-01-28,Land Acquistion Chestnut Hill Farm,Culture and Recreation,,Pass,168,91
debt_exclusion,277,Southborough,2007,2006-01-28,Demoliton Of Building Known As Delarda House And Demolish Fayville Village Hall,General Government,,Fail,104,146
debt_exclusion,277,Southborough,2007,2006-01-28,Develop Engineering And Archt. Plans And Studies For Renovation And Const. Of New Mun. Facility At Cordaville Hall.,General Government,,Pass,190,130
debt_exclusion,266,Sharon,2007,2006-01-31,Conts. Reconst. And Extraordinary Repairs To Community Center,Culture and Recreation,,Pass,973,479
debt_exclusion,027,Berkley,2007,2006-02-04,Finance Replacement Of Boilers At Berkley Community School,School,,Pass,349,128
debt_exclusion,027,Berkley,2007,2006-02-04,Finance And Purchase A New Fire Truck And Related Equipment,Public Safety,,Pass,299,180
debt_exclusion,027,Berkley,2007,2006-02-04,Finance And Purchase New Dump Truck And Related Equipment,Public Works and Facilities,,Pass,304,175
debt_exclusion,196,Nahant,2007,2006-02-11,Construct An Addition To The Johnson School,School,,Pass,215,10
debt_exclusion,092,Essex,2007,2006-02-16,Apportioned Share In Order To Finance Const.-Equip-And Furnishing New Middle School,School,,Pass,680,525
debt_exclusion,223,Orange,2006,2006-03-05,"Construction, Equipping, And Furnishing A New Fire Station",Public Safety,,Fail,305,486
debt_exclusion,053,Charlemont,2007,2006-03-21,Pay Closing Costs Of Three Town Landfill On Burrington Road,General Government,,Pass,68,11
debt_exclusion,067,Concord,2007,2006-03-28,Financing The Costs Of Architectural And Engineering Services For Plans And Spec. For Construction Of Willard School,School,,Pass,2080,1747
debt_exclusion,125,Harvard,2007,2006-03-28,Fund Replacement Of Portions Of The Roof At Bromfield School,School,,Pass,1186,506
debt_exclusion,125,Harvard,2007,2006-03-28,Acquire Portion Of Land To Construct Leaching Facility For Town Sewer District,Public Works and Facilities,,Fail,754,907
debt_exclusion,021,Barre,2007,2006-04-03,Constructing A Senior Center,Culture and Recreation,,Fail,303,531
debt_exclusion,021,Barre,2007,2006-04-03,Constructing Municipal Sewer Collection System,Public Works and Facilities,,Fail,310,529
debt_exclusion,021,Barre,2007,2006-04-03,Purchasing Dept. Vehcles And Equip. And Fence Installation At The Root Road Water Storage Tank,Public Works and Facilities,,Fail,317,547
debt_exclusion,021,Barre,2007,2006-04-03,Upgrading Wastewater Treatment Plant Phase 1,Public Works and Facilities,,Fail,342,522
debt_exclusion,021,Barre,2007,2006-04-03,Constructing The Sanderson Road Water Tank,Public Works and Facilities,,Fail,310,544
debt_exclusion,021,Barre,2007,2006-04-03,Upgrading Wastewater Treatment Plant,Public Works and Facilities,,Fail,328,529
debt_exclusion,021,Barre,2007,2006-04-03,Constructing Root Road Water Tank,Public Works and Facilities,,Fail,324,533
debt_exclusion,220,Norwood,2007,2006-04-03,Fund Design And Preparation Of All Contract Specifications For Replacing Of Existing High School,School,,Pass,3709,2910
debt_exclusion,023,Bedford,2007,2006-04-08,Finance An Addition To Bedford High School,School,,Pass,1230,806
debt_exclusion,322,West Bridgewater,2007,2006-04-08,Finance Constructing An Addition-Repairs-Remodel Fire Station And Police Station Bldg.,Public Safety,,Pass,674,664
debt_exclusion,287,Sturbridge,2007,2006-04-10,"Remodeling, Reconstructing And Repairs To Town Hall And Center School Building",General Government,,Fail,512,615
debt_exclusion,089,Edgartown,2007,2006-04-11,Replace Bar Screen For Wastewater Department,Public Works and Facilities,,Pass,351,147
debt_exclusion,089,Edgartown,2007,2006-04-11,Firetruck Purchase,Public Safety,,Pass,345,161
debt_exclusion,089,Edgartown,2007,2006-04-11,Construction Of Water Supply Well,Public Works and Facilities,,Pass,327,163
capital_exclusion,089,Edgartown,2007,2006-04-11,Wastewater Replace - Generator,PUBLIC WORKS & FACILITIES,75000,Pass,365,137
capital_exclusion,089,Edgartown,2007,2006-04-11,Town Share Of Dukes County Housing Authority,GENERAL GOVERNMENT,57606,Pass,285,210
capital_exclusion,089,Edgartown,2007,2006-04-11,Construct A Bike Path,PUBLIC WORKS & FACILITIES,279000,Fail,231,265
capital_exclusion,089,Edgartown,2007,2006-04-11,Rebuild Town Sidewalks,PUBLIC WORKS & FACILITIES,125000,Pass,369,136
capital_exclusion,089,Edgartown,2007,2006-04-11,Improving A Darkwoods Park Lot,GENERAL GOVERNMENT,230000,Pass,285,226
capital_exclusion,089,Edgartown,2007,2006-04-11,Operate A Drudge Program,PUBLIC WORKS & FACILITIES,223646,Pass,346,155
capital_exclusion,089,Edgartown,2007,2006-04-11,Purchase Shellfish Truck,GENERAL GOVERNMENT,36250,Pass,259,242
capital_exclusion,089,Edgartown,2007,2006-04-11,Repairs To Police Station,PUBLIC SAFETY,34500,Pass,358,148
capital_exclusion,089,Edgartown,2007,2006-04-11,Rebuild Town Streets,PUBLIC WORKS & FACILITIES,150000,Pass,352,152
debt_exclusion,089,Edgartown,2007,2006-04-13,Construct New Fire Station On Chappaquiddick Including All Costs,Public Safety,,Pass,263,240
debt_exclusion,221,Oak Bluffs,2007,2006-04-13,Improving Oak Bluffs Wastewater Facility,Public Works and Facilities,,Pass,415,402
debt_exclusion,271,Shrewsbury,2007,2006-04-18,Install Necessary Cable To Place Overhead Utility Wiring From Union St.- Water Street Thru Main Street,Public Works and Facilities,,Pass,459,214
debt_exclusion,296,Tisbury,2008,2006-04-18,Install Necessary Cabling And Additional Infrastructure To Place All Overhead Utility Wiring Underground From Union Street-Wate Street Intersection Through To Main Street-Union Street Intersection,Public Works and Facilities,,Pass,459,214
capital_exclusion,300,Truro,2007,2006-04-25,"Funding Dump Truck, Plow And Sander For Dpw",PUBLIC WORKS & FACILITIES,100000,Pass,366,218
debt_exclusion,315,Wayland,2007,2006-04-25,"Replace Elementary School Roof, Repair Town Building, New Fire Truck, Library Roof",General Government,,Pass,3581,1742
debt_exclusion,062,Chilmark,2007,2006-04-26,Repairs To The West Filled Dock In Menemsha,Public Works and Facilities,,Pass,305,63
debt_exclusion,179,Mendon,2007,2006-04-26,Public Safety Building For Police And Fire Departments,Public Safety,,Pass,103,65
debt_exclusion,179,Mendon,2007,2006-05-01,"Construct Addition To Renovate, Remodel And Repair Town Library",Culture and Recreation,,Pass,367,334
debt_exclusion,179,Mendon,2007,2006-05-01,Construct And Furnish A New Joint Public Safety Building For Police And Fire,Public Safety,,Fail,545,570
debt_exclusion,212,North Brookfield,2008,2006-05-01,"Construct An Addition To, Renovate, Remodel And Make Repairs To The Town Library",Culture and Recreation,,Pass,367,334
debt_exclusion,318,Wellfleet,2007,2006-05-01,New Street Sweeper,Public Works and Facilities,,Fail,492,506
debt_exclusion,318,Wellfleet,2007,2006-05-01,New Road Grader,Public Works and Facilities,,Pass,555,443
debt_exclusion,271,Shrewsbury,2008,2006-05-02,Fund Construction Of A New Fire Headquarters,Public Safety,,Pass,3217,2685
debt_exclusion,351,Yarmouth,2007,2006-05-02,New Fire Station #3,Public Safety,,Pass,1826,1500
debt_exclusion,351,Yarmouth,2008,2006-05-02,"Replacement Of Generators At Middle Sch., Reconst. Concrete Landing At Small Elem. School Removal Of Asbestos At Elem. School",School,,Pass,2290,1039
capital_exclusion,351,Yarmouth,2008,2006-05-02,Adding Additional Staff And Increasing Capital Expenditures,GENERAL GOVERNMENT,819166,Fail,1545,1806
debt_exclusion,169,Marion,2007,2006-05-03,"Finance Design, Construction And Equipping Of A New Police Building",Public Safety,,Fail,626,627
capital_exclusion,158,Littleton,2007,2006-05-06,Purchase A New Pumper Truck For Fire Department,PUBLIC SAFETY,400000,Pass,1119,781
capital_exclusion,158,Littleton,2007,2006-05-06,Purchase A New Pumper Truck For Fire Department,PUBLIC SAFETY,400000,Fail,149,781
capital_exclusion,158,Littleton,2007,2006-05-06,"Capital Equipment Including- A New Sweeper, Dump/Sander -Trash Compactors For Highway Dept.",PUBLIC WORKS & FACILITIES,221000,Pass,946,943
debt_exclusion,172,Mashpee,2009,2006-05-06,Fire/Rescue Sub Station,Public Safety,,Pass,513,320
debt_exclusion,230,Pelham,2007,2006-05-06,Medical Rescue Vehicle For Fire Department,Public Safety,,Fail,90,189
capital_exclusion,230,Pelham,2007,2006-05-06,4 Wheel Drive Police Cruiser,PUBLIC SAFETY,49000,Fail,90,190
debt_exclusion,259,Salisbury,2007,2006-05-06,Purchasing A New Pumper/Rescue Truck For Fire Department,Public Safety,,Pass,1119,781
debt_exclusion,259,Salisbury,2007,2006-05-06,"Purchasing New Equipment- Sweeper, Dump/Sander, And New Trash Compactors",Public Works and Facilities,,Pass,946,943
debt_exclusion,333,Weston,2007,2006-05-06,"Fire Station, Roof Replacemt; Library Roof, Dpw Facility, Road Improvements, Fire Engine, Etc.",General Government,,Pass,643,179
debt_exclusion,034,Bolton,2007,2006-05-08,"Design, Construct And Statet Up A Wastewater Treatment Plant At Florence Sawyer And Emerson Schools",School,,Pass,969,274
debt_exclusion,034,Bolton,2007,2006-05-08,"Expansion, Construction, Renovation, Furnishing And Equip Addition To Library",Culture and Recreation,,Pass,647,617
debt_exclusion,203,New Marlborough,2008,2006-05-08,Purchasing A Loader For Highway Department,Public Works and Facilities,,Pass,272,133
debt_exclusion,215,Northborough,2007,2006-05-08,Prepare Tghe Architectural Design For The New Senior Center Project,Culture and Recreation,,Fail,1673,1764
debt_exclusion,277,Southborough,2007,2006-05-08,Renovations Of Margaret Neary Elementary School,School,,Pass,808,555
capital_exclusion,277,Southborough,2007,2006-05-08,"Maintainence Upgrades At Woodward, Trottier And Finn Schools",SCHOOL,130074,Pass,762,607
capital_exclusion,277,Southborough,2007,2006-05-08,Repairing And Maintaining Fayville Village Hall And Demolish Building Know As Delards House,GENERAL GOVERNMENT,110000,Pass,695,677
debt_exclusion,034,Bolton,2007,2006-05-09,Funding The General Operating And Capital Budgets Of The Town,General Operating,,Pass,326,258
debt_exclusion,034,Bolton,2007,2006-05-09,Additional Costs Of The Council On Aging,Culture and Recreation,,Fail,192,353
debt_exclusion,034,Bolton,2007,2006-05-09,"Funding A Dump Truck, Plow And Sander For Dept. Of Public Works",Public Works and Facilities,,Pass,366,218
debt_exclusion,051,Carlisle,2007,2006-05-09,Finance Purchase And Installation Of Cistern For Fire Department,Public Safety,,Pass,691,253
debt_exclusion,051,Carlisle,2007,2006-05-09,Finance Installation Of Boiler System For Carlisle Public Schools,School,,Pass,742,204
debt_exclusion,051,Carlisle,2007,2006-05-09,Financing Repair And Renovatgion To Concord Carlisle School,School,,Pass,677,263
debt_exclusion,051,Carlisle,2007,2006-05-09,Finance Construction Of Rec Fields And Tennis Courts On Banta Davis And All Costs Hereto,Culture and Recreation,,Fail,466,477
debt_exclusion,075,Dennis,2008,2006-05-09,Build A New Police Station In South Dennis,Public Safety,,Pass,946,276
debt_exclusion,205,Newbury,2007,2006-05-09,New Cruiser And Copier For Police Department,Public Safety,,Fail,1169,1213
debt_exclusion,205,Newbury,2007,2006-05-09,Computer Upgrades In All Departments,General Government,,Fail,1190,1202
debt_exclusion,205,Newbury,2007,2006-05-09,Computer Upgrades For Town Hall Departments,General Government,,Fail,1170,1202
debt_exclusion,205,Newbury,2007,2006-05-09,New Airpak Equipment For Fire Department,Public Safety,,Pass,1504,887
debt_exclusion,205,Newbury,2007,2006-05-09,Purchase Of A 6 Wheel Truck With Plow,Public Works and Facilities,,Fail,1103,1282
debt_exclusion,205,Newbury,2007,2006-05-09,New Cruiser And New Copier For Police Department,Public Safety,,Fail,1169,1223
debt_exclusion,269,Sherborn,2007,2006-05-09,General Operating Expenditures,General Operating,,Pass,681,516
debt_exclusion,269,Sherborn,2007,2006-05-09,"Renovation To Pine Hill School, Repairs To Roof, Windowns Upgrade Fire Safety",Culture and Recreation,,Pass,769,442
debt_exclusion,269,Sherborn,2007,2006-05-09,Stone Wall Reconstruction At Sherborn Cemeteries,General Government,,Fail,487,692
debt_exclusion,269,Sherborn,2007,2006-05-09,Purchase Of New Ambulance And Related Equipment,Public Safety,,Pass,677,513
debt_exclusion,269,Sherborn,2007,2006-05-09,Replacement Trash Compactor And Shed To Be Used For Solid Waste Operations,Public Works and Facilities,,Pass,678,506
debt_exclusion,269,Sherborn,2007,2006-05-09,Feasibility Study For The Design Of Repairs To Existing Highway Garage,Public Works and Facilities,,Fail,568,629
debt_exclusion,269,Sherborn,2007,2006-05-09,"Purchase Of Vehicles, Dumpt Truck And Stand On Mower For Comm. Maintn. Dept.",Public Works and Facilities,,Pass,617,575
capital_exclusion,301,Tyngsborough,2007,2006-05-09,"Highway Loader, School Roof, Fire Engine",GENERAL OPERATING,630000,Fail,1029,1839
debt_exclusion,104,Aquinnah,2007,2006-05-10,Construction Of A New Garage,General Government,,Fail,48,103
debt_exclusion,055,Chatham,2007,2006-05-11,Costs Of Designing Phase 1 Upgrade/Expansion Facility,Public Safety,,Pass,877,342
capital_exclusion,055,Chatham,2007,2006-05-11,General Operating Expenditures,GENERAL OPERATING,450000,Pass,792,426
debt_exclusion,119,Hamilton,2007,2006-05-11,"Finance Cost Of Designing, Construction And Equipping A New Public Safety Building",Public Safety,,Pass,947,638
capital_exclusion,119,Hamilton,2007,2006-05-11,Purchase Department Of Public Works Pick-Up Truck,PUBLIC WORKS & FACILITIES,25800,Pass,860,717
capital_exclusion,119,Hamilton,2007,2006-05-11,Purchase New Ambulance,PUBLIC SAFETY,135000,Pass,958,630
debt_exclusion,320,Wenham,2007,2006-05-11,Rehab Of Historic Town Hall And Police Station Project,General Government,,Pass,429,111
debt_exclusion,081,Dunstable,2008,2006-05-15,Purchase Of Property On High Street,General Government,,Pass,336,265
debt_exclusion,111,Granby,2009,2006-05-15,Purchase An Ambulance For The Ambulance Department,Public Safety,,Pass,419,406
debt_exclusion,111,Granby,2009,2006-05-15,Purchase A Heavy Dump Truck/Sander For The Highway Department,Public Works and Facilities,,Fail,327,494
debt_exclusion,139,Hopkinton,2007,2006-05-15,Provide For Construction And Development Of Athletic Fields,Culture and Recreation,,Fail,2157,2247
debt_exclusion,139,Hopkinton,2007,2006-05-15,"Provide Plans Designs, Cost Estimates And Bid Documnts For Middle School",School,,Pass,2465,1923
debt_exclusion,283,Stockbridge,2007,2006-05-15,Plain School Town Office Conversion Project,General Government,,Pass,252,153
debt_exclusion,096,Falmouth,2007,2006-05-16,"Construction, Renovation And Addition To Eh Falmouth Public Library On Katherine Lee Bates Road",Culture and Recreation,,Pass,4064,2860
debt_exclusion,126,Harwich,2007,2006-05-16,Fund Road Maintenance,Public Works and Facilities,,Pass,1601,736
debt_exclusion,126,Harwich,2007,2006-05-16,Fund Renovation Of Golf Bunkers And Expansion Of Golf Course Driving Range At Cranberry Valley Golf Course,Culture and Recreation,,Pass,1318,1049
debt_exclusion,126,Harwich,2007,2006-05-16,"Fund Completion Of Design, Engineering, Bid Development And Replacement Of Roof At Middle School",School,,Pass,1736,620
debt_exclusion,126,Harwich,2007,2006-05-16,"Design, Engineering, Bid Development Of Partial Replacemtn Of High School Roof Including Removal Of Current Roofing And Decking",School,,Pass,1792,559
debt_exclusion,126,Harwich,2007,2006-05-16,Purchase Parcel Of Land Locat4d Ons Out Side Of Route 28 As Parcel H4,General Government,,Pass,1382,882
debt_exclusion,224,Orleans,2007,2006-05-16,Purchase Of Large Capacity Trash Compactors-Trailers-At Transfer Station,Public Works and Facilities,,Pass,236,42
debt_exclusion,015,Athol,2006,2006-05-22,Finance Reconst. Of Towns Sewage Plant Consisting Of Upgrades,Public Works and Facilities,,Pass,1126,899
debt_exclusion,015,Athol,2006,2006-05-22,Repairs To Properties Located At Marble Street And For Purpose Of A Library Comm. Center,Culture and Recreation,,Fail,658,1367
debt_exclusion,136,Holliston,2007,2006-05-23,"Remodel, Renovate, Reconstruct And Expand Police Station",Public Safety,,Fail,919,981
capital_exclusion,169,Marion,2007,2006-05-30,"Gas Well Installations; Environmental Monitoring, Engineering And Related Costs Of On Going Closure Of Benson Brook Landfill",PUBLIC WORKS & FACILITIES,125000,Pass,727,499
debt_exclusion,073,Dedham,2007,2006-06-03,Purchase Property At 337 Common Street And Pay For Design And Reno. Of Existing Improvements,General Government,,Pass,1506,1502
debt_exclusion,307,Walpole,2007,2006-06-03,Equipping And Furnishing A New Public Safety Facility,Public Safety,,Fail,1250,1658
capital_exclusion,331,Westhampton,2007,2006-06-03,Purchasing A Loader For The Highway Department,PUBLIC WORKS & FACILITIES,86000,Pass,111,95
debt_exclusion,175,Medfield,2007,2006-06-05,"Pay For Design, Construction, Furnishing And Equipping Of Adult Community Center",Culture and Recreation,,Pass,1440,589
debt_exclusion,067,Concord,2007,2006-06-06,"Replacement Of Intercom Systems-Hardware, Safety Systems In Science Labs",School,,Pass,1209,778
debt_exclusion,197,Nantucket,2007,2006-06-06,"Repairs/Improvements To Childrens Beach Boat Ramp; Safety Comm. Systems, Construct, Etc Stormwater Drainage Improvements; Improv. To Elemen. Middle And High School",General Government,,Pass,562,336
debt_exclusion,067,Concord,2007,2006-06-08,Funding Towns Apportioned Share Of The Concord-Carlisle Regional School District,School,,Pass,3485,1795
debt_exclusion,067,Concord,2007,2006-06-08,Funding Town Apportioned Share Of The Concord-Carlise Regional School District,School,,Pass,3160,2132
debt_exclusion,051,Carlisle,2007,2006-06-09,Finance Purchase Of A Fire Truck For The Fire Department,Public Safety,,Pass,630,318
debt_exclusion,244,Randolph,2007,2006-06-10,Funding Whitma-Hanson Regional School District,School,,Fail,447,600
debt_exclusion,295,Tewksbury,2007,2006-06-10,Pay For Furniture And Computer Equipment For High School,School,,Pass,2528,2346
debt_exclusion,135,Holland,2007,2006-06-12,"Build Highway Complex, Buy Highway Truck, Build Senior Center, Reval Contract And 2007 Fire Truck",General Government,,Pass,126,81
capital_exclusion,012,Ashby,2007,2006-06-13,Paying For A New Fire Truck,PUBLIC SAFETY,348092,Pass,320,127
debt_exclusion,085,East Longmeadow,2008,2006-06-13,Construction Of 12 Elementary Classrooms,School,,Pass,913,416
debt_exclusion,218,Norton,2007,2006-06-13,"Funding Police Department, Fire Department And School Department",General Operating,,Fail,2422,3457
debt_exclusion,140,Hubbardston,2007,2006-06-14,Purchase A Used Rubber-Tire Excavator For The Highway Department,Public Works and Facilities,,Fail,155,252
debt_exclusion,140,Hubbardston,2007,2006-06-14,Purchasing A New Cruiser For The Police Department,Public Safety,,Fail,128,277
debt_exclusion,140,Hubbardston,2007,2006-06-14,Purchase Of A Ford Expedition For The Police Department,Public Safety,,Fail,146,262
debt_exclusion,140,Hubbardston,2007,2006-06-14,Refurbishing Of Engine #1 For The Fire Department,Public Safety,,Fail,183,222
debt_exclusion,140,Hubbardston,2007,2006-06-14,Purchase Of A Pumper Tanker For Fire Department,Public Safety,,Fail,167,239
debt_exclusion,140,Hubbardston,2007,2006-06-14,Purchase Of Three Replacement Plows For The Highway Department,Public Works and Facilities,,Fail,182,223
debt_exclusion,140,Hubbardston,2007,2006-06-14,Purchase Of A Grader For The Highway Department,Public Works and Facilities,,Fail,174,232
debt_exclusion,140,Hubbardston,2007,2006-06-14,Purchase Of A 6 Wheel Dump Truck For The Highway Department,Public Works and Facilities,,Fail,161,244
debt_exclusion,069,Cummington,2009,2006-06-17,Construct A Public Safety Complex,Public Safety,,Pass,159,73
capital_exclusion,265,Seekonk,2007,2006-06-19,Municipal Capital Stabilization Fund,GENERAL OPERATING,750000,Fail,1909,3554
debt_exclusion,287,Sturbridge,2007,2006-06-19,Renovate Town Hall And Center School Buildings,General Government,,Fail,191,280
debt_exclusion,011,Ashburnham,2007,2006-06-20,Reconstruct-Repairs-Equipping Ashburnham-Westminster Regional School,School,,Pass,190,176
debt_exclusion,011,Ashburnham,2007,2006-06-20,Purchase A New Fire Engine,Public Safety,,Pass,183,181
capital_exclusion,011,Ashburnham,2007,2006-06-20,Reconstruction Of Town Roads,PUBLIC WORKS & FACILITIES,170000,Pass,218,145
capital_exclusion,011,Ashburnham,2007,2006-06-20,Ashburnhams Share Of Capital Expenses Of Ashburnham-Westminster Regional School,SCHOOL,150000,Pass,224,140
debt_exclusion,134,Holden,2007,2006-06-20,Construct A Public Safety Building Including All Costs,Public Safety,,Fail,1549,2371
capital_exclusion,217,Northfield,2007,2006-06-20,Carrying Out Projects At The Pioneer Valley Regional School,SCHOOL,23954,Fail,144,229
capital_exclusion,217,Northfield,2007,2006-06-20,Carrying Out Capital Projects At Pioneer Valley Regional School Central Office,SCHOOL,12916,Fail,139,234
capital_exclusion,217,Northfield,2007,2006-06-20,Purchase 3/4 Ton Truck For Highway Department,PUBLIC WORKS & FACILITIES,38000,Fail,130,243
capital_exclusion,217,Northfield,2007,2006-06-20,Carrying Out Projects At The Northfield Elementary School,SCHOOL,5500,Fail,181,192
capital_exclusion,332,Westminster,2007,2006-06-20,Funding Capital Items For Ashburnham-Westminster Regional School District,SCHOOL,150000,Pass,279,198
debt_exclusion,257,Rutland,2008,2006-06-21,Purchase A Fire Pumper Apparatus And Related Equipment,Public Safety,,Pass,508,188
debt_exclusion,257,Rutland,2008,2006-06-21,Purchase A Fire Tanker Apparatus And Related Equipment To Replace A 1972 Tanker Apparatus,Public Safety,,Pass,492,202
debt_exclusion,110,Grafton,2007,2006-06-26,Construction Of A New Fire Station,Public Safety,,Pass,614,317
debt_exclusion,235,Phillipston,2007,2006-06-27,Purchase Parcels Of Land On South Side Of The Common,General Government,,Pass,129,111
debt_exclusion,334,Westport,2007,2006-06-27,"Construct, Equip And Furnish A New Public Safety Facility",Public Safety,,Fail,1069,1369
debt_exclusion,334,Westport,2007,2006-06-27,"Acquire Land For Purposes Of Open Space, Recreation, Conversation, Etc.",Public Works and Facilities,,Pass,1310,1127
debt_exclusion,334,Westport,2007,2006-06-27,"Department Equipment,  Computers, Repairs To Town Facilities,  Rec Facilities, Const. Septic Systems",General Government,,Fail,1136,1291
debt_exclusion,117,Hadley,2007,2006-07-10,Purchase A Van For The Council On Aging,Culture and Recreation,,Pass,188,103
debt_exclusion,343,Winchendon,2007,2006-07-10,"Design, Const. Of All Necessary Extensions To Wastewater Collection System",Public Works and Facilities,,Fail,780,1182
debt_exclusion,337,Whately,2007,2006-07-18,Convert Whately Youth Center Into Police Station,Public Safety,,Fail,286,337
debt_exclusion,340,Williamsburg,2007,2006-07-24,School Operating Budget,School,,Pass,442,327
capital_exclusion,276,Southampton,2007,2006-07-31,New Ford Explorer To Replace The 1997 Crown Victoria Fire Chiefs Vehicle,PUBLIC SAFETY,32000,Fail,286,642
debt_exclusion,234,Petersham,2007,2006-08-07,"Finance Building Addition To Police Station To Include Garage, Lav/Water Facilities",Public Safety,,Pass,130,66
debt_exclusion,072,Dartmouth,2007,2006-08-15,"Payment Of Ongoing Medical Expenses For Public Safety Officer, David Mellow",Public Safety,,Fail,1962,2119
debt_exclusion,072,Dartmouth,2007,2006-08-15,"Design, Construct, Equip And Furnish A New Library Upon Town Land",Culture and Recreation,,Fail,1423,2694
debt_exclusion,076,Dighton,2007,2006-08-22,"Finance, Design, Construction, And Equipping And Furnishing A New Public Library Facility",Culture and Recreation,,Fail,428,494
debt_exclusion,320,Wenham,2008,2006-09-14,Infrastructure Repairs And Replacements To Town Roads,Public Works and Facilities,,Pass,234,22
debt_exclusion,239,Plymouth,2007,2006-09-19,Designing And Const A New High School And Constructing A New Senior Center,General Government,,Pass,8728,7784
debt_exclusion,237,Plainfield,2009,2006-10-14,Pay For Public Safety Building Complex,Public Safety,,Pass,59,11
debt_exclusion,197,Nantucket,2008,2006-10-31,Bonds Issued To Finance Surfside Wastewater Treatment Facility,Public Works and Facilities,,Pass,391,193
debt_exclusion,136,Holliston,2007,2006-11-07,"Remodel, Renovate Reconstruct And Expand Police Station Including Architectural And Engineering Services",Public Safety,,Pass,3444,2826
debt_exclusion,162,Lunenburg,2008,2006-11-07,Track And Field,Culture and Recreation,,Pass,2651,1594
debt_exclusion,202,New Braintree,2009,2006-11-07,Purchase And Equip A Fire Truck,Public Safety,,Pass,268,154
debt_exclusion,216,Northbridge,2008,2006-11-07,Amounts For Roof Replacements,General Government,,Pass,2913,1905
debt_exclusion,318,Wellfleet,2010,2006-11-14,Pay For Bonds Or Notes Issued By Town To Pay For Design And Siting Of A New Water Tower,Public Works and Facilities,,Pass,297,176
debt_exclusion,318,Wellfleet,2010,2006-11-14,Bonds Or Notes Issued By Town To Pay For Design Of A New Well Field At Old Boy Scout Campt,Culture and Recreation,,Pass,283,189
debt_exclusion,318,Wellfleet,2010,2006-11-14,Pay For Bonds Or Notes Issued By The Town To Pay For Design Of A New Transmission Main From The Boy Scout Well Field,Culture and Recreation,,Pass,281,191
debt_exclusion,001,Abington,2007,2006-12-02,"Finance Construction, And Equipping The Proposed Senior Citizen Center",Culture and Recreation,,Pass,829,418
debt_exclusion,001,Abington,2007,2006-12-02,Complete Replacement Of Windows At Early Childhood Center,School,,Pass,894,352
debt_exclusion,213,North Reading,2008,2006-12-05,"Purchase Of Modular Classrooms Including Design Specs, Installation, Furnishing And Equip. For Middle School",School,,Pass,473,372
debt_exclusion,102,Freetown,2007,2007-01-22,Purchase/Lease And Equip A New Or Late Model Ambulance For Fire Department,Public Safety,,Fail,297,321
debt_exclusion,102,Freetown,2007,2007-01-22,Lease Or Purchase Ande Equip New Or Late Model Pumper Truck For Fire Department,Public Safety,,Fail,214,401
debt_exclusion,102,Freetown,2007,2007-01-22,Purchase Street Sweeper For Highway Department,Public Works and Facilities,,Fail,189,427
debt_exclusion,266,Sharon,2008,2007-01-23,"Purchase Parcels Of Land In Sharon, Lakeview Street",General Government,,Pass,1411,332
debt_exclusion,117,Hadley,2008,2007-01-31,Purchase A Wheelchair Van For School Department,School,,Pass,183,130
debt_exclusion,117,Hadley,2008,2007-01-31,Purchase A Loader For The Highway Department,Public Works and Facilities,,Pass,171,142
debt_exclusion,118,Halifax,2008,2007-02-10,Capping Of The Hemlock Lane Landfill Including Engineering And All Other Costs,Public Works and Facilities,,Pass,219,172
capital_exclusion,296,Tisbury,2008,2007-02-24,"Funding Engineering, Surveying And Legal Services Required To Acquire A Roadway Easement From Edgartown Road To State Road",PUBLIC WORKS & FACILITIES,50000,Pass,459,381
debt_exclusion,344,Winchester,2008,2007-03-13,Pay Debt Service On A Bond To Acquire The Hamilton Farm Property,General Government,,Pass,5163,1389
debt_exclusion,134,Holden,2008,2007-03-17,"Construct And Equip A Public Safety Building On Property At 1384 Main Street, Including All Costs Thereto",Public Safety,,Pass,2221,1957
debt_exclusion,179,Mendon,2008,2007-03-22,"Remodel, Reconstruct, Repair Buildings Located On 8 Morrison Drive",General Operating,,Pass,337,136
debt_exclusion,179,Mendon,2008,2007-03-22,Purchase Parcel Of Land On Morrison Drive,General Government,,Pass,354,119
debt_exclusion,157,Lincoln,2008,2007-03-26,Purchase A New Fire Truck,Public Safety,,Pass,534,213
debt_exclusion,288,Sudbury,2008,2007-03-26,"Construct New Police Department And All Equipment-Technology, Landscaping , Bidding, Etc.",Public Safety,,Fail,1707,1762
capital_exclusion,288,Sudbury,2008,2007-03-26,Purchase A Fire Engine And Associated Equipment For The Fire Department,PUBLIC SAFETY,405000,Pass,2208,1262
debt_exclusion,067,Concord,2008,2007-03-27,"Finance Replacement Of Transportation Bldg, Human Resource And Financial Mgmt System, Repair And Renovation To Heating Systems, Cafeteria Renovation, Science Lab Improvements, Etc",General Government,,Pass,959,514
debt_exclusion,125,Harvard,2008,2007-03-30,Addition To Building For Use As A Public Library,Culture and Recreation,,Pass,1088,381
debt_exclusion,264,Scituate,2008,2007-03-31,"Purchase New Books, Desks And Chairs, And Computer Equipment For Public Schools",School,,Pass,3752,2419
debt_exclusion,307,Walpole,2008,2007-03-31,Funding Municipal And School Operating Budgets,General Government,,Fail,2937,4550
capital_exclusion,125,Harvard,2008,2007-04-03,6 Wheel Dump Truck With Plow For The Department Of Public Works,PUBLIC WORKS & FACILITIES,140000,Fail,512,1156
debt_exclusion,199,Needham,2008,2007-04-10,"Provide Arch. Design, Engineering, Addition, Construction, Upgrandes Of High Rock School And Pollard School",School,,Pass,4766,3252
debt_exclusion,089,Edgartown,2008,2007-04-12,Purchase Parcel Of Land Located On Robinson Road,General Government,,Pass,277,107
capital_exclusion,089,Edgartown,2008,2007-04-12,Construction Of A Concrete Boat Ramp On Chappaquiddick,CULTURE AND RECREATION,48000,Pass,214,171
capital_exclusion,251,Rockland,2008,2007-04-14,Installing A Roof At Memorial Library,CULTURE AND RECREATION,300000,Pass,1738,1482
debt_exclusion,299,Townsend,2008,2007-04-23,Purchase And Equip A 6 Wheel Dump/Plow Truck For The Highway Department,Public Works and Facilities,,Pass,208,151
debt_exclusion,296,Tisbury,2008,2007-04-24,Fund Position Of Full Time Fire Chief,Public Safety,,Fail,385,463
debt_exclusion,296,Tisbury,2008,2007-04-24,Replace The Roof Of Tisbury School Gymnasium,School,,Pass,672,173
debt_exclusion,296,Tisbury,2008,2007-04-24,Purchase And Equip New Ambulance For Tisbury Police-Ambulance Service,Public Safety,,Pass,549,291
debt_exclusion,296,Tisbury,2008,2007-04-24,Acquire Property To Be Utilized As Site Of New Emergency Services,Public Safety,,Fail,307,508
capital_exclusion,296,Tisbury,2008,2007-04-24,Dredging Of The Tashmoo Channel,PUBLIC WORKS & FACILITIES,40000,Pass,538,307
capital_exclusion,296,Tisbury,2008,2007-04-24,Fund Disability Program For Town Employees,GENERAL OPERATING,25000,Pass,501,339
debt_exclusion,315,Wayland,2008,2007-04-24,"Fund Town Building Repairs-School, Sidewalk Snow Plow",General Operating,,Pass,1663,605
debt_exclusion,318,Wellfleet,2008,2007-04-30,Purchase A New Street Sweeper,Public Works and Facilities,,Fail,275,294
debt_exclusion,318,Wellfleet,2008,2007-04-30,Design Of A New Fire Station,Public Safety,,Pass,314,264
debt_exclusion,318,Wellfleet,2008,2007-04-30,New Generator For Council On Aging Building,General Government,,Pass,291,269
debt_exclusion,242,Provincetown,2008,2007-05-01,"Repair Former Fire House No.2, 189 Commercial Street",Public Safety,,Pass,699,430
debt_exclusion,266,Sharon,2002,2007-05-01,Cost For Designs Of Town Offices And Library,Public Works and Facilities,,Fail,1425,1935
debt_exclusion,351,Yarmouth,2008,2007-05-01,"Finance Several Items For Different Departments-Windows-Library Heating System, Pavement, Etc",General Government,,Pass,1951,1907
debt_exclusion,298,Topsfield,2008,2007-05-03,Replace Asbury Street Bridge And Repair Rowley Bridge Road Bridge,Public Works and Facilities,,Pass,770,519
debt_exclusion,193,Monterey,2011,2007-05-05,Building Of A Salt Shed,Public Works and Facilities,,Pass,161,55
debt_exclusion,333,Weston,2008,2007-05-05,"Design,Engineer,Construct And Equip High School, Middle School Wastewater Treatment Facility, Dpw Equipment Replacement, Drainage Improvements; Sidewalk Recon.Police Info Systems Upgrade Fire Ladder Replacement; Etc.",General Government,,Pass,131,41
debt_exclusion,029,Bernardston,2008,2007-05-07,Purchase A New Fire Truck,Public Safety,,Pass,148,74
debt_exclusion,029,Bernardston,2008,2007-05-07,Build A New Safety Complex,Public Safety,,Pass,131,85
debt_exclusion,080,Dudley,2008,2007-05-07,"Relocate, Modernize And Expand The Pearle L. Crawford Memorial Librarly",Culture and Recreation,,Pass,948,684
debt_exclusion,120,Hampden,2009,2007-05-07,"Bonds For Road, Intersection And Drainage Improvement",Public Works and Facilities,,Pass,618,595
debt_exclusion,235,Phillipston,2009,2007-05-07,Pay For Roof Repairs At The Narragansett Regional High School,School,,Pass,148,111
debt_exclusion,051,Carlisle,2008,2007-05-08,"Financing Replacement Of Trans.Building,Resource And Manage.Sys.Classrooms. Lab, Alarm Systems To Concord-Carlisle Reg.School",School,,Pass,612,393
capital_exclusion,051,Carlisle,2008,2007-05-08,Public School Telephone System And Security Classroom Locks,SCHOOL,100000,Pass,536,469
capital_exclusion,051,Carlisle,2008,2007-05-08,Purchase Dpw Dump Truck,PUBLIC WORKS & FACILITIES,52000,Pass,596,415
debt_exclusion,105,Georgetown,2007,2007-05-08,Funding Georgetown School Budget,School,,Fail,754,1006
debt_exclusion,269,Sherborn,2008,2007-05-08,Fund Purchase Of Vehicles For The Department Of Community Maintenance Development,Public Works and Facilities,,Pass,551,422
debt_exclusion,269,Sherborn,2008,2007-05-08,Fund Replacement Fire Alarm Intercom System And Replace Windows At Elderly Housing Complax,General Government,,Pass,723,264
debt_exclusion,269,Sherborn,2008,2007-05-08,"Design,Bid,Construct Highway Garage For Dcmd",Public Works and Facilities,,Pass,561,354
debt_exclusion,280,Spencer,2008,2007-05-08,"Purchase Fire Ladder, Platform Truck, Rehab Town Hall, Expansion Of Sewer/Water Collect. And Undertake Prouty Park Renovation",General Government,,Fail,717,1261
capital_exclusion,300,Truro,2008,2007-05-08,Funding Brush Cutter/Mower/Tractor For Dpw,PUBLIC WORKS & FACILITIES,100000,Pass,222,149
debt_exclusion,104,Aquinnah,2008,2007-05-10,Pay For The Purchase Of A New Highway Department Dump Truck,Public Works and Facilities,,Pass,125,84
debt_exclusion,104,Aquinnah,2008,2007-05-10,Pay For The Bond Issue Or Borrowing In Order To Pay For The Preservation And Repair Of The Historic Old Town Hall,General Government,,Pass,160,52
capital_exclusion,158,Littleton,2008,2007-05-12,Replacement Of The Exhaust Fans At The Russell Street School,SCHOOL,15000,Pass,964,808
capital_exclusion,158,Littleton,2008,2007-05-12,Purchasing Portable Radios For The Police Department,PUBLIC SAFETY,22000,Pass,888,768
capital_exclusion,158,Littleton,2008,2007-05-12,Providing New And Upgraded Security And Communication Systems,SCHOOL,42200,Pass,974,806
capital_exclusion,158,Littleton,2008,2007-05-12,Replacement Of Computer Systems With Printers And Accessories For The School Department,SCHOOL,15500,Pass,964,808
debt_exclusion,172,Mashpee,2009,2007-05-12,Construct And Equip Mashpee Library,Culture and Recreation,,Pass,802,241
debt_exclusion,070,Dalton,2008,2007-05-14,Acquire A 6.32 Acre Of Land Located At Corner Of East Street And Housatonic Street,General Government,,Fail,317,772
debt_exclusion,070,Dalton,2008,2007-05-14,"Design, Construct And Equip A New Senior Center At Former High School",Culture and Recreation,,Fail,429,667
debt_exclusion,070,Dalton,2008,2007-05-14,"Design, Construct And Equip A New Library At High School",School,,Fail,425,670
debt_exclusion,070,Dalton,2008,2007-05-14,"Design,Construct And Equip Historical Museum And Offices To Connect Library And Senior Citizen Center",Culture and Recreation,,Fail,295,798
debt_exclusion,215,Northborough,2008,2007-05-14,Senior Center,Culture and Recreation,,Pass,1582,1225
debt_exclusion,215,Northborough,2008,2007-05-14,Library Expansion,Culture and Recreation,,Pass,1652,1165
debt_exclusion,228,Paxton,2008,2007-05-14,"Finance The Design, Construction, Equipping And Furnishing Of A New Public Safety Complex",Culture and Recreation,,Pass,461,399
debt_exclusion,345,Windsor,2009,2007-05-14,Purchase A New Truck For The Highway Department,Public Works and Facilities,,Pass,95,71
debt_exclusion,096,Falmouth,2008,2007-05-15,Bond Issued In Order To Pay For The New Silver Beach Sewer Project,Culture and Recreation,,Pass,3552,3295
debt_exclusion,096,Falmouth,2008,2007-05-15,Pay For Sludge Removal From Original Treatment Ponds At Wastewater Treatment Facility,Public Works and Facilities,,Pass,4435,2080
debt_exclusion,096,Falmouth,2008,2007-05-15,Purchase The 3.94 Acres Parcels Of Land,General Government,,Pass,3637,3020
debt_exclusion,126,Harwich,2008,2007-05-15,"Fund Repair Of Cove Road, Old Post Road, And Wayside Road",Public Works and Facilities,,Fail,796,1205
debt_exclusion,126,Harwich,2008,2007-05-15,Hire Project Manager To Perform Services Related To Const. Of A New Police Station,Public Safety,,Pass,1202,864
debt_exclusion,126,Harwich,2008,2007-05-15,Conduct  Comprehensive Wastewater Management Plan To - Nitrogen Limits,Public Works and Facilities,,Pass,1496,583
debt_exclusion,126,Harwich,2008,2007-05-15,Fund Road Maintenance,Public Works and Facilities,,Pass,1276,777
debt_exclusion,126,Harwich,2008,2007-05-15,Fund All Or Portion Of Land Formerly Owned By Julia T. Downey,General Government,,Fail,996,1017
capital_exclusion,126,Harwich,2008,2007-05-15,Removing And Replacing The Existing Fuel Storage System Located At Dpw Garage,PUBLIC WORKS & FACILITIES,210000,Pass,1029,1012
capital_exclusion,126,Harwich,2008,2007-05-15,Purchasing Or Leasing A New Roll-Off Truck,PUBLIC WORKS & FACILITIES,170000,Fail,817,1220
debt_exclusion,224,Orleans,2008,2007-05-15,Fund Local Share Of The Towns Ongoing Pavement Program To Repair And Resurface Town Roadways,Public Works and Facilities,,Pass,377,206
debt_exclusion,224,Orleans,2008,2007-05-15,Fumd Portion Of The Land Located At 58 Namequiot Rod Const. Of 6.45 Acres,General Government,,Pass,373,211
debt_exclusion,224,Orleans,2008,2007-05-15,Fund The Preparation Of Design Plans For The Replacement Of Bulkhead At Rock Harbor,Public Works and Facilities,,Pass,381,204
debt_exclusion,224,Orleans,2008,2007-05-15,Purchase An Aerial Ladder Truck For The Fire Department,Public Safety,,Pass,358,232
debt_exclusion,286,Stow,2010,2007-05-15,Renovations And Constructions Of Addition To Center School,School,,Pass,1311,497
debt_exclusion,286,Stow,2010,2007-05-15,Renovation Of Pompositticut School And Renovation To Center School,School,,Pass,1137,661
debt_exclusion,286,Stow,2010,2007-05-15,Purchase Of 13 Acres Of Land,General Government,,Fail,880,893
debt_exclusion,286,Stow,2010,2007-05-15,Finance Design And Development And Construction Of Recereational Facilities,Culture and Recreation,,Pass,951,820
debt_exclusion,317,Wellesley,2008,2007-05-15,Fund Work Assoc. With Protection And Preservation Of Morses Pond,General Government,,Pass,3448,1493
debt_exclusion,337,Whately,2008,2007-05-15,Photo Voltaic Panels For The Police Station,Public Safety,,Fail,114,206
debt_exclusion,337,Whately,2008,2007-05-15,Renovations Of Youth Center Into A Police Station,Public Safety,,Fail,130,191
debt_exclusion,055,Chatham,2008,2007-05-17,"Design And Reconstruction/Construction Of Various Projects Involving Roads, Intersections, Sidewalks And Bike Paths",Public Works and Facilities,,Pass,1081,476
debt_exclusion,055,Chatham,2008,2007-05-17,"Constructing, Renovating And Equipping A New Police Department/Town Offices Annex",Public Safety,,Pass,1002,569
debt_exclusion,055,Chatham,2008,2007-05-17,Purchasing The Mobil Station At 678 And 686 Main Street,Public Works and Facilities,,Fail,420,1059
capital_exclusion,055,Chatham,2008,2007-05-17,Funding Construction/Reconstruction Of A Parking Lot Behind The Colonial Building,GENERAL GOVERNMENT,500000,Pass,840,721
capital_exclusion,320,Wenham,2008,2007-05-17,"Funding Capital Improvements , Purchase Dump Truck For Highway Dept. And Retroffitting Of Elem. School",PUBLIC WORKS & FACILITIES,113000,Pass,425,206
capital_exclusion,253,Rowe,2011,2007-05-19,Capital Fund Stabilization Fund,GENERAL GOVERNMENT,161534,Pass,99,89
debt_exclusion,024,Belchertown,2008,2007-05-21,"Complete Second Playing Field; Upgrade Assessors Dept. Maps, Addition To Dpw Highway Garage, Etc",General Government,,Fail,202,366
debt_exclusion,024,Belchertown,2008,2007-05-21,Repairs To Loawrence Memorial Hall And Ems Building,General Government,,Fail,263,303
debt_exclusion,024,Belchertown,2008,2007-05-21,Replace Chestnut Hill Community School Roof And Purchase New Pumper Truck,General Government,,Pass,339,229
capital_exclusion,037,Boxborough,2008,2007-05-21,Replace Two 30 Yard Dumpsters,PUBLIC WORKS & FACILITIES,9000,Pass,358,230
capital_exclusion,078,Dover,2008,2007-05-21,Purchase Of A New Replacement Ambulance,PUBLIC SAFETY,137536,Pass,509,211
capital_exclusion,078,Dover,2008,2007-05-21,Purchase Of A New Replacement Fire Engine,PUBLIC SAFETY,491282,Pass,411,308
debt_exclusion,113,Great Barrington,2008,2007-05-21,"Purchase Parcels Of Land  At State Rd., North Street And Mechanic Street",General Government,,Pass,792,447
debt_exclusion,139,Hopkinton,2007,2007-05-21,Purchase A New Rescue Truck For Fire Department,Public Safety,,Pass,1761,1702
debt_exclusion,139,Hopkinton,2008,2007-05-21,Cost Estimates And Provide For Materials To Repair And Renovate Boiler And Heating System At Center Elementary School,School,,Pass,2416,1087
debt_exclusion,139,Hopkinton,2008,2007-05-21,"Repair, Maintenance, Renovation Of Middle School Exterior Walls And Roof",School,,Pass,2300,1243
debt_exclusion,139,Hopkinton,2008,2007-05-21,Construction Of  Athletic Fields Including Parking Areas,Culture and Recreation,,Fail,1634,1930
debt_exclusion,139,Hopkinton,2008,2007-05-21,"Estimates, Costs, Materials To Repair And Make Improvements To Athletic Fields",Culture and Recreation,,Fail,1450,1981
capital_exclusion,139,Hopkinton,2008,2007-05-21,Purchase Dump Truck With Plow For Department Of Public Works,PUBLIC WORKS & FACILITIES,180000,Fail,945,2393
capital_exclusion,139,Hopkinton,2008,2007-05-21,Purchase Plow With Sander For Public Works Department,CULTURE AND RECREATION,150000,Fail,1109,2270
debt_exclusion,155,Lexington,2008,2007-06-05,"Design, Engineer, Construct And Equip New Public Works Facility",Public Works and Facilities,,Pass,6013,5684
debt_exclusion,197,Nantucket,2008,2007-06-05,"Fire Engine; Construction Of 2nd Story Marine And Resourses Bldg.; Building Improvements To Elem.School, Middle School And High School - Improvements To Bus Lane-Side Walk Road, Etc.",General Government,,Pass,363,314
capital_exclusion,217,Northfield,2008,2007-06-06,Carrying Out Capital Projects At Pioneer Valley Regional School Central Office,SCHOOL,10000,Fail,167,317
debt_exclusion,166,Manchester By The Sea,2008,2007-06-09,Finance Constructing And Equipping A New District Highschool/Middle School,School,,Pass,1085,652
capital_exclusion,191,Monson,2008,2007-06-11,Making Road Repairs And Improvements,CULTURE AND RECREATION,125000,Fail,700,1006
debt_exclusion,174,Maynard,2009,2007-06-12,"Construct, Equip, And Furnish A New Police Station At The Old Maynard Public Library Bldg.",Public Safety,,Pass,1433,518
debt_exclusion,117,Hadley,2008,2007-06-18,"Purchase A Sander, Truck And Snow Plow For Highway Department",Public Works and Facilities,,Fail,158,209
debt_exclusion,117,Hadley,2008,2007-06-18,Purchase Cruiser For Police Department,Public Safety,,Fail,150,218
debt_exclusion,117,Hadley,2008,2007-06-18,Purchase Truck And Equipment For Highway Department,Public Works and Facilities,,Fail,124,242
debt_exclusion,117,Hadley,2008,2007-06-18,Abate Asbestos And Improve 2nd Floor Classroom Wing At Hopkins Academy,School,,Pass,234,134
capital_exclusion,117,Hadley,2008,2007-06-18,Installing A Computer Server In The Public Safety Building,PUBLIC SAFETY,10250,Fail,142,224
debt_exclusion,139,Hopkinton,2008,2007-06-18,Acquiring Portion Of Land For General Municipal Purposes,General Government,,Fail,1646,3034
debt_exclusion,139,Hopkinton,2008,2007-06-18,Improvements To Municipal Buildings And Costs Thereto,General Government,,Pass,2861,1744
debt_exclusion,033,Blandford,2009,2007-06-19,Purchase A New Loader,Public Works and Facilities,,Pass,39,23
debt_exclusion,058,Cheshire,2008,2007-06-23,Bond Issued For A 2006 Highway Dump Truck,Public Works and Facilities,,Fail,55,123
debt_exclusion,058,Cheshire,2008,2007-06-23,Hoosac Valley High School Roof Replacement,School,,Fail,65,113
debt_exclusion,058,Cheshire,2008,2007-06-23,Purchase Technology Equipment,School,,Fail,63,116
debt_exclusion,058,Cheshire,2008,2007-06-23,Bond Issued For A 2008 Emergency Fire Vehicle,School,,Fail,57,127
debt_exclusion,293,Taunton,2009,2007-06-23,Bonding For Taunton High School,School,,Pass,4247,2548
debt_exclusion,168,Marblehead,2008,2007-06-25,"Landfill Cap, Transfer Station, Drop Off",Public Works and Facilities,,Pass,1747,864
debt_exclusion,168,Marblehead,2008,2007-06-25,"Construct, Reconstruct Ocean Ave Causewayl",Public Works and Facilities,,Pass,1565,1061
capital_exclusion,168,Marblehead,2008,2007-06-25,Library Improvements,CULTURE AND RECREATION,281000,Pass,1564,1055
debt_exclusion,287,Sturbridge,2010,2007-06-25,Renovate Town Hall And Center School,General Government,,Pass,527,293
capital_exclusion,217,Northfield,2008,2007-06-26,Purchase Large Dump Truck With Sander And Snowplow For Highway Department,PUBLIC WORKS & FACILITIES,150000,Fail,190,295
capital_exclusion,217,Northfield,2008,2007-06-26,Purchase Ambulance For Ems Department,PUBLIC SAFETY,30000,Pass,294,194
capital_exclusion,217,Northfield,2008,2007-06-26,Purchase A 3/4 Ton Pickup Truck With Snow Plow For Highway Department,PUBLIC WORKS & FACILITIES,42000,Fail,199,280
capital_exclusion,217,Northfield,2008,2007-06-26,Carrying Out Capital Projects At Pioneer Valley Regional School,SCHOOL,25500,Fail,162,323
capital_exclusion,217,Northfield,2008,2007-06-26,Carrying Out Capital Projects At Elementary School,SCHOOL,8000,Fail,230,256
capital_exclusion,217,Northfield,2008,2007-06-26,Purchase Used Rescue Truck To Transport Equip. To Scenes Of Emergencies,PUBLIC SAFETY,60000,Fail,211,272
debt_exclusion,218,Norton,2008,2007-06-26,"Construct, Equip And Furnish Middle School",School,,Fail,2090,2342
capital_exclusion,334,Westport,2008,2007-06-26,Design And Engineering Services To Establish Detai Costs Of A New South End Fire Station,PUBLIC SAFETY,200000,Pass,799,493
debt_exclusion,237,Plainfield,2008,2007-06-30,Pay For The One-Ton Pick Up For The Highway Department,Public Works and Facilities,,Pass,51,12
debt_exclusion,237,Plainfield,2008,2007-06-30,Mohawk Trail Regional High School Capital Project,School,,Pass,49,13
debt_exclusion,237,Plainfield,2008,2007-06-30,Pay For The Sanderson Academy Capital Project,School,,Pass,50,13
capital_exclusion,227,Palmer,2008,2007-08-21,Funding Public Education In The Palmer Public Schools,SCHOOL,250000,Fail,444,1551
debt_exclusion,330,Westford,2009,2007-09-04,"Design, Engineer As Well As Renovate The Cameron Senior Center",Culture and Recreation,,Pass,1828,1317
debt_exclusion,017,Auburn,2008,2007-09-10,All Costs Associated For Upgrading To Station Street Sewerage Pump Station,Public Works and Facilities,,Fail,141,178
debt_exclusion,017,Auburn,2008,2007-09-10,Dep/Epa Mandated Upgrades To Sewage Treatment Facility For Chlorine System,Public Works and Facilities,,Fail,154,166
debt_exclusion,017,Auburn,2008,2007-09-10,All Costs Related To Glen Ave Well Fields,General Government,,Fail,145,176
capital_exclusion,276,Southampton,2008,2007-09-10,Funding Hampshire Regional School District,SCHOOL,91722,Fail,300,370
debt_exclusion,294,Templeton,2008,2007-09-10,Towns Share To Pay Costs Of Replacing Roofs As High School/Middle School Complex,School,,Pass,305,298
debt_exclusion,303,Upton,2009,2007-09-10,Performing Preventative Maintenance On Cleaning Below Grade Systems Of The Glen Ave Well Fields,Public Works and Facilities,,Fail,145,176
debt_exclusion,303,Upton,2009,2007-09-10,Performing Dep/Epa Mandated Upgrades To The Sewerage Treatment Facilitie For Chlorine Systems,Public Works and Facilities,,Fail,154,166
debt_exclusion,303,Upton,2009,2007-09-10,Perform Upgrades To The Station Street Sewerage Pump Station,Public Works and Facilities,,Fail,141,178
capital_exclusion,140,Hubbardston,2008,2007-09-11,Purchase A New 6-Wheel Dump Truck With Sander And Plow,PUBLIC WORKS & FACILITIES,130500,Pass,176,125
debt_exclusion,021,Barre,2008,2007-09-12,Purchase A New Fire Ladder Truck,Public Safety,,Fail,136,192
debt_exclusion,064,Clinton,2009,2007-09-12,Senior Center,Culture and Recreation,,Pass,765,14
debt_exclusion,064,Clinton,2009,2007-09-12,Purchase Land Know As The Clamshell Road,General Government,,Pass,1201,910
debt_exclusion,205,Newbury,2009,2007-09-12,Purchase Land Known As The Clalmshell Road,General Government,,Pass,1201,910
debt_exclusion,205,Newbury,2009,2007-09-12,Acquire A New Senior Center,Culture and Recreation,,Pass,1365,765
debt_exclusion,197,Nantucket,2008,2007-09-18,Finance The Acquisition Of Property Located At 10 And 12 Washington Street For General Municipal Purposes,General Operating,,Fail,445,759
debt_exclusion,218,Norton,2008,2007-09-18,"Construct, Equip And Furnish Middle School",School,,Fail,2090,2158
debt_exclusion,212,North Brookfield,2008,2007-10-15,"Construct Addition, Renovate And Remodel To Town Hall And All Costs Related To",General Government,,Fail,47,339
debt_exclusion,288,Sudbury,2008,2007-10-16,Construction Of A New Police Station And All Costs Included,Public Safety,,Fail,1670,2233
debt_exclusion,224,Orleans,2008,2007-10-30,Replacement Of The Bulkhead At Rock Harbor,Public Works and Facilities,,Pass,411,154
debt_exclusion,224,Orleans,2008,2007-10-30,Fund The Purchase Of Land Located At 21 Captain Linnell Road,General Government,,Pass,360,205
debt_exclusion,192,Montague,2008,2007-11-06,All Costs Associated With The Development Of A New Public Safety Facility,Public Safety,,Pass,1193,607
debt_exclusion,001,Abington,2008,2007-11-10,Senior Center Purchase,Culture and Recreation,,Pass,857,135
debt_exclusion,001,Abington,2008,2007-11-10,Doors And Windows At High School,School,,Pass,830,157
debt_exclusion,034,Bolton,2009,2007-11-13,"Finance Design, Expansion, Const., Reno, Furnishing And Equipping Of A Public Safety Center At The Location Of The Existing Fire Station Facility",Public Safety,,Pass,287,156
debt_exclusion,034,Bolton,2009,2007-11-13,"Finance Design, Const. Furnishing And Equipping A Public Safety Center Training",Public Safety,,Pass,282,161
debt_exclusion,242,Provincetown,2008,2007-11-13,Fund Costs Associated With Engineering And Design For Repairs To Commercial Street,Public Works and Facilities,,Fail,107,374
debt_exclusion,067,Concord,2008,2007-11-14,"Construction, Reconst.And Equipping, All Or Portions Ow The Willard Building Of The Concord Public Schools",School,,Pass,2160,1200
debt_exclusion,141,Hudson,2008,2007-11-19,"Fund The Design, Rehab, Const. Equipping And Furnishing Of Expanded Senior Citizen Center",Culture and Recreation,,Pass,3802,1732
debt_exclusion,318,Wellfleet,2010,2007-12-04,Bonds Or Notes Issued By Town To Pay For Design Of A New Transmission Main From The Coles Neck Well Field,General Government,,Pass,374,229
debt_exclusion,318,Wellfleet,2010,2007-12-04,Bonds Or Notes Issued By Town To Pay For Design-Construction-Equiping And Furnishing Of A New Fire Station,Public Safety,,Pass,337,272
debt_exclusion,212,North Brookfield,2008,2007-12-10,Construct A New Police Facility,Public Safety,,Pass,365,285
debt_exclusion,212,North Brookfield,2009,2007-12-10,Construct A New Police Facility,Public Safety,,Pass,365,285
debt_exclusion,257,Rutland,2009,2007-12-10,Additional Amounts Required To Purchase A New Ambulance,Public Safety,,Pass,193,99
debt_exclusion,286,Stow,2009,2007-12-13,"Protection Of Existing Agricultural Land, Afordable Housing And Recreational Purposes",General Government,,Fail,368,530
debt_exclusion,070,Dalton,2008,2008-01-07,"Design, Engineering And Conts. Of Town Hall Renovations",General Government,,Pass,339,273
debt_exclusion,070,Dalton,2008,2008-01-07,Bond Issued By Central Berkshire Reg. Sch. District For Replacement Of Carpeting At Craneville School,School,,Fail,244,373
capital_exclusion,126,Harwich,2009,2008-02-05,Purchasing A New Ambulance,PUBLIC SAFETY,192000,Pass,2873,1701
debt_exclusion,140,Hubbardston,2008,2008-02-05,Finance Technology For Quabbin Regional School District,School,,Pass,622,606
debt_exclusion,131,Hingham,2009,2008-03-08,"Design, Repair And Improve Equip And Furnish  The Plymouth Rever Elem. School And Foster Elemen School And Purchase And Furnish Modular Classroom For Middle School",School,,Pass,2418,1073
debt_exclusion,131,Hingham,2009,2008-03-08,"Construct, Design And Equip And Furnish A New Elementary School",School,,Pass,2266,1225
debt_exclusion,269,Sherborn,2009,2008-03-13,Fund The Purchase Of Ceertain Real Property Located Adjuacent Totown Hall.,Culture and Recreation,,Pass,418,385
debt_exclusion,134,Holden,2009,2008-03-17,Construct And Equip A Safety Bldg. On 1384 Main Street,Public Safety,,Pass,2221,1957
debt_exclusion,082,Duxbury,2009,2008-03-22,Bonding For Public Safety Building,Public Safety,,Pass,1422,71
debt_exclusion,082,Duxbury,2009,2008-03-22,Bonding For Walker Pool Improvement,Culture and Recreation,,Pass,902,63
capital_exclusion,082,Duxbury,2009,2008-03-22,Capital Items For Town And Schools,GENERAL GOVERNMENT,616774,Pass,983,48
debt_exclusion,157,Lincoln,2009,2008-03-31,Purchase A New Pumper Tanker Fire Truck And Any Related Equipment,Public Safety,,Pass,261,69
debt_exclusion,157,Lincoln,2009,2008-03-31,Complete Rehab For Several Main Town Roadeways,Public Works and Facilities,,Pass,289,43
debt_exclusion,175,Medfield,2009,2008-03-31,Parcels Of Land Located On School And Wight Street,General Government,,Pass,1702,320
debt_exclusion,332,Westminster,2010,2008-04-01,Make Repairs At The Forbush Memorial Library,Culture and Recreation,,Pass,311,158
debt_exclusion,021,Barre,2009,2008-04-07,"Construct Senior Citizen Center, Upgrade Wastewater Treatment, Construct Municipal Sewer Collection System",General Government,,Fail,240,280
debt_exclusion,102,Freetown,2009,2008-04-07,Undertaking Repairs To The Elm Street Bridge,General Government,,Pass,582,495
debt_exclusion,315,Wayland,2009,2008-04-08,Repair Town Bldgs; Public Safety Bldg; Library;Fire Station; New Truck For Landfill Operations; Repairs To Public Schools,General Government,,Pass,2705,1570
debt_exclusion,315,Wayland,2009,2008-04-08,Repair Town Bldg; Public Safety Bldg;Library;Fire Station; New Truck For Landfill Operations; Improvements To Cochituate Field; Repairs To Public School Buildings,General Government,,Pass,2705,1570
debt_exclusion,327,West Tisbury,2009,2008-04-08,Finance Renovation And Restoration Of Town Hall,General Government,,Pass,453,217
capital_exclusion,089,Edgartown,2009,2008-04-10,Resurfacing And Rebuilding Various Town Streets,GENERAL GOVERNMENT,130000,Pass,607,257
capital_exclusion,089,Edgartown,2009,2008-04-10,Building And Repairing Various Town Sidewalks And Bike Paths And Storm Water Drainage Systems,GENERAL GOVERNMENT,100000,Pass,642,220
debt_exclusion,089,Edgartown,2008,2008-04-12,Parcel Of Land On Robinson Road,General Government,,Pass,277,107
debt_exclusion,089,Edgartown,2008,2008-04-12,Bond Issued For Exptension Of The Sewer System,Public Works and Facilities,,Pass,251,127
debt_exclusion,089,Edgartown,2009,2008-04-12,Purchase Land On Robinson Road,General Government,,Pass,277,107
capital_exclusion,089,Edgartown,2008,2008-04-12,Construct A Bike Path On Meshacket Road,CULTURE AND RECREATION,30000,Pass,200,185
capital_exclusion,089,Edgartown,2008,2008-04-12,Resurfacing And Rebuilding Various Town Streets,PUBLIC WORKS & FACILITIES,130000,Pass,281,108
capital_exclusion,089,Edgartown,2008,2008-04-12,"Building And Repairing Various Town Sidewalks, Bith Paths And Storm Water Drainage Systems",PUBLIC WORKS & FACILITIES,105000,Pass,300,90
capital_exclusion,251,Rockland,2009,2008-04-12,Surveying The Facility Deficiencies At The Middle School - Which Will Renovate And Possibly Construct New Facility,SCHOOL,294840,Pass,2247,811
debt_exclusion,296,Tisbury,2009,2008-04-15,"Rebuild Veterans Memorial Park To Include A New Irrigation System, New Drainage System New Fill And Top Soil, Etc",Culture and Recreation,,Pass,814,485
debt_exclusion,183,Middlefield,2010,2008-05-03,"Replace Roof On Town Hall, Heating Control, Fire Alarm System And Install Heat Recovery Ventilation System",General Government,,Pass,48,18
debt_exclusion,193,Monterey,2010,2008-05-03,Purchase Mack Truck And 3/4 Ton Truck,Public Works and Facilities,,Pass,98,29
capital_exclusion,187,Millis,2009,2008-05-05,Replacing The Existing Fire Truck,PUBLIC SAFETY,400000,Pass,509,504
debt_exclusion,309,Ware,2009,2008-05-05,Renovate South Street School For Use As A Municipal Office Complex,School,,Fail,236,848
debt_exclusion,312,Warwick,2011,2008-05-05,Purchase A New Heavy Duty Dump Truck And Sandeer,Public Works and Facilities,,Pass,78,67
debt_exclusion,318,Wellfleet,2010,2008-05-05,Pay For Bonds Or Notes Issued By The Town To Pay For Funding The Reconstructing Of Uncle Tim'S Bridge,General Government,,Pass,325,116
debt_exclusion,318,Wellfleet,2010,2008-05-05,Pay For Bonds Or Notes Issued By Town To Pay For A New One-Ton Truck For The Department Of Public Works,Public Safety,,Pass,254,213
debt_exclusion,318,Wellfleet,2010,2008-05-05,Bonds Or Notes Issued By The Town To Pay For A New Flail Mower For The Department Of Public Works,Public Works and Facilities,,Pass,241,227
debt_exclusion,318,Wellfleet,2010,2008-05-05,Pay For Bonds Or Notes Issued By The Town To Pay For A New Refuse Trailer For The Department Of Public Works,Public Works and Facilities,,Pass,275,192
debt_exclusion,318,Wellfleet,2010,2008-05-05,Bonds Or Notes Issued By Town To Pay For A New Front End Loader For The Department Of Public Works,Public Works and Facilities,,Pass,260,201
capital_exclusion,242,Provincetown,2009,2008-05-06,Maintenance And Repair Of Drainage Structures,PUBLIC WORKS & FACILITIES,50000,Pass,659,454
capital_exclusion,242,Provincetown,2009,2008-05-06,Maintenance And Repair Of Streets And Sidewalks,PUBLIC WORKS & FACILITIES,50000,Pass,671,457
debt_exclusion,252,Rockport,2009,2008-05-06,"Fund Ongoing Replacement Of Computer Systems, First Line Pump, Tank Replacements, Roof Repairs On Town Bldgs. School Bus Replacemnts. Etc.",General Government,,Pass,1230,509
debt_exclusion,252,Rockport,2011,2008-05-06,"Replacement Of Outdated Computer Systems, First Line Pump, Pigeon Cove Station, Repairs On Towns Buildings, School Bus",General Government,,Pass,1230,509
debt_exclusion,351,Yarmouth,2009,2008-05-06,"Finance The Design, Engineering And Other Work For A Sewer System.",Public Works and Facilities,,Pass,3337,2942
debt_exclusion,080,Dudley,2009,2008-05-08,Purchase Two Dump Trucks For Highway Department,Public Works and Facilities,,Fail,604,949
debt_exclusion,122,Hanover,2010,2008-05-10,Construct And Equip A New Senior Center,Culture and Recreation,,Pass,1380,1043
debt_exclusion,158,Littleton,2010,2008-05-10,Design Plans For A New Police Station To Be Locagted On Town Owned Property At 500 Great Road,Public Safety,,Pass,802,497
debt_exclusion,158,Littleton,2010,2008-05-10,Development Of Plans And Specificaitons Related To The Making Of Repairs To The Russell Street,Public Works and Facilities,,Pass,836,447
capital_exclusion,158,Littleton,2009,2008-05-10,Replacing And Updating Personal And Protective Gear For The Fire Department,PUBLIC SAFETY,65000,Pass,960,349
capital_exclusion,158,Littleton,2009,2008-05-10,Purchasing New And Replacement Computer Systems,GENERAL GOVERNMENT,30000,Pass,693,591
capital_exclusion,158,Littleton,2009,2008-05-10,Replacing Univent Hvac At Shaker Lane School,SCHOOL,30000,Pass,816,469
capital_exclusion,158,Littleton,2009,2008-05-10,Repairing Town Hall Roof,GENERAL GOVERNMENT,96000,Pass,838,459
debt_exclusion,172,Mashpee,2009,2008-05-10,Land Acquisition,General Government,,Pass,391,291
debt_exclusion,034,Bolton,2010,2008-05-12,Purchase Copy Machine For Town Hall,General Government,,Pass,503,210
debt_exclusion,034,Bolton,2010,2008-05-12,"Purchase Two Used 6-Wheeler Minimum 35,000 Gvw Truckts For Dept Of Public Works",Public Works and Facilities,,Pass,479,234
debt_exclusion,034,Bolton,2010,2008-05-12,Purchase Property Shown As Parcel 15 And 20 On Bolton'S Assessors Map 2d,Culture and Recreation,,Fail,208,466
debt_exclusion,070,Dalton,2009,2008-05-12,Renovation Of Wahconah Regional High School,School,,Pass,763,501
debt_exclusion,134,Holden,2009,2008-05-12,Towns Share For Environmental Remeditation And Clean Up Of The Oil Contamination Of The Jefferson School Building,School,,Fail,335,338
debt_exclusion,203,New Marlborough,2013,2008-05-12,Highway Truck Purchase,General Government,,Pass,166,139
debt_exclusion,215,Northborough,2009,2008-05-12,Bonds For New Senior Center,Culture and Recreation,,Pass,1129,1123
debt_exclusion,241,Princeton,2009,2008-05-12,Pay For Costs Of Environment Remeditation And Cleanup Of The Oil Contamination At The Jefferson School Building,School,,Fail,46,49
capital_exclusion,075,Dennis,2009,2008-05-13,"Beaches, Dpw, Fire, Harbors, Misc, Natural Resources, Police, Recreation And Sanitation",PUBLIC WORKS & FACILITIES,2360000,Pass,1647,897
debt_exclusion,254,Rowley,2009,2008-05-13,Purchase A New 1500 Gallons Per Minute Pumper Truck For The Fire Department,Public Safety,,Pass,657,291
debt_exclusion,286,Stow,2009,2008-05-13,Finance Repairs And Improvements To Fire Engine Truck,Public Safety,,Pass,267,87
debt_exclusion,286,Stow,2009,2008-05-13,"Towns Share Of The Principal And Interest On The $1,280,000 Indebtedness To Be Issued By Nashoba Regional School District",School,,Fail,80,243
debt_exclusion,300,Truro,2009,2008-05-13,Repairs To Pamet Harbor North Jetty And To The Pamet Harbor Parking Lot,Public Works and Facilities,,Pass,127,55
debt_exclusion,104,Aquinnah,2009,2008-05-14,Pay For Debt Previously Issued To Purchase The Edwin Devries Vanderhoop Homstead,General Operating,,Pass,108,75
debt_exclusion,104,Aquinnah,2009,2008-05-14,Construct New Edition To The Fire House,Public Safety,,Pass,108,75
debt_exclusion,104,Aquinnah,2016,2008-05-14,Pay For The Bond Issued To Construct  A New Addition  On The Fire House,General Government,,Fail,51,133
debt_exclusion,104,Aquinnah,2016,2008-05-14,"Pay For The Debt Previously Issued To Purchase The Edwin Devries Vanderhoop Homestead, From General Fund",General Government,,Pass,108,75
capital_exclusion,104,Aquinnah,2009,2008-05-14,Funding A Capital Buildings And Grounds Stabilization Fund,GENERAL OPERATING,15000,Pass,92,91
capital_exclusion,104,Aquinnah,2009,2008-05-14,Funding Capital Equipment And Vehicles Stabilization Fund For Major Vehicle And Equipment Acquisitions,GENERAL OPERATING,10000,Fail,70,108
debt_exclusion,055,Chatham,2009,2008-05-15,Construction To The Police Storage Facilityand Purchase New Equipment To The Town Annex Offices,Public Safety,,Pass,882,529
capital_exclusion,055,Chatham,2009,2008-05-15,"Paying Costs Of Design, Construction And Reconstruction Of The Runway Including Safety Areas At The Chatham Municipal Airport",GENERAL OPERATING,180000,Pass,918,524
capital_exclusion,055,Chatham,2009,2008-05-15,"Funding Engineering, Design, Permitting, And Construction Costs For Mining Sand From Mill Creek",PUBLIC WORKS & FACILITIES,125000,Pass,903,523
debt_exclusion,296,Tisbury,2009,2008-05-15,Fund Bonds For Veterans' Memorial Park,Culture and Recreation,,Pass,814,485
capital_exclusion,320,Wenham,2009,2008-05-15,"Funding Capital Improvements, Consisting Of One Police Cruiser, Highway Dept. Backhoes, Catch Basing Replacements, Two Grage Door Replacements At Highway Garage, And Fire Station Tight Tank",PUBLIC SAFETY,153000,Pass,767,479
debt_exclusion,022,Becket,2010,2008-05-17,Repair/Replace The Bridge On Yokum Pond Road,Public Works and Facilities,,Pass,136,41
debt_exclusion,139,Hopkinton,2009,2008-05-19,"Obtain Soil Borings, Topographical Studies, Land Surveys, Wetland Surveys, Pelim Development Plans, Deisgnes For Replacement Of Elementary School",School,,Pass,1650,1298
capital_exclusion,222,Oakham,2009,2008-05-19,Lease Payment On Police Cruiser,PUBLIC SAFETY,10497,Fail,170,211
capital_exclusion,222,Oakham,2009,2008-05-19,Lease Payment On Ambulance,PUBLIC SAFETY,22287,Pass,204,179
debt_exclusion,283,Stockbridge,2012,2008-05-19,Design And Construct Wate Storage Tank And Construct Water Mains,Public Works and Facilities,,Pass,354,105
debt_exclusion,036,Bourne,2009,2008-05-20,"Design, Construct, Renovate, Add To And Equip The Jonathan Bourne Public Library",Culture and Recreation,,Fail,1317,1757
debt_exclusion,058,Cheshire,2009,2008-05-20,Pay Remaining Debt Service For The Town Highway Departments 2006 International Dump Truck,Public Works and Facilities,,Pass,169,145
debt_exclusion,096,Falmouth,2009,2008-05-20,Complete Remodeling Falmouth High School,Culture and Recreation,,Pass,4426,3916
debt_exclusion,096,Falmouth,2010,2008-05-20,Fund A Three Year Capital Improvement Program For The Departmentof Public Works,Public Works and Facilities,,Pass,4145,4010
debt_exclusion,096,Falmouth,2010,2008-05-20,Fund A Multi Year Capital Improvement Plan For Fire Rescue Department,Public Safety,,Pass,4755,3432
debt_exclusion,115,Groton,2009,2008-05-20,Bonds Issued By The Groton-Dunstable Reg. School To Pay Additonal Costs Of Acquiring Land For Building New High School,General Government,,Fail,502,537
debt_exclusion,126,Harwich,2009,2008-05-20,Construct A New Police Station/Joint Dispatch Facility Including Furnishings And Equipment,Public Safety,,Pass,1117,518
capital_exclusion,216,Northbridge,2009,2008-05-20,"Purchase Of New Fire Truck, Medium All Wheel Drive Vehicle,  Auxilliary Equipment And One New Dump Truck For Public Works Department",PUBLIC WORKS & FACILITIES,678000,Pass,1056,503
debt_exclusion,224,Orleans,2009,2008-05-20,Fund Purchase Of All Or A Portion Of The Land Located At 353 South Orleans Road,General Government,,Pass,872,668
debt_exclusion,224,Orleans,2009,2008-05-20,Design Plans For Construction Of A New Police Station On South Orleans Road,Public Safety,,Fail,798,817
debt_exclusion,224,Orleans,2009,2008-05-20,Fund Preparation And Design Plans For Replacing Snack Bar At Nauset Abeach And Skaket Beach,Culture and Recreation,,Fail,651,947
debt_exclusion,224,Orleans,2009,2008-05-20,Design And Construction Of Improvements To Towns Drainage System,Public Works and Facilities,,Pass,1113,486
debt_exclusion,224,Orleans,2009,2008-05-20,Fund Local Share Of Towns Management Program To Repair Resurface And Reconstruct Town Roadways,Public Works and Facilities,,Pass,1217,395
debt_exclusion,226,Oxford,2009,2008-05-20,All Costs For Designing And Constructing A New Police Station,Public Safety,,Pass,351,307
debt_exclusion,169,Marion,2009,2008-05-23,"Finan Ce The Final Design, Construction And Equipping Of A New Police Building",Public Safety,,Pass,574,556
debt_exclusion,221,Oak Bluffs,2009,2008-05-28,Pay Town'S Portion Of Bond Issued By Martha'S Vineyard Rsd For School Buses,School,,Fail,369,380
debt_exclusion,221,Oak Bluffs,2009,2008-05-28,Bond For Purchase Of Property Off Pennsylvania Avenue,General Government,,Fail,306,433
debt_exclusion,221,Oak Bluffs,2009,2008-05-28,Bonding For Repairs To Town Bulkhead,General Government,,Pass,399,342
capital_exclusion,331,Westhampton,2009,2008-06-07,Purchase Of A Pickup Truck For The Highway Department,PUBLIC WORKS & FACILITIES,40000,Pass,191,141
debt_exclusion,159,Longmeadow,2009,2008-06-10,Pay For The Bond Issued In Order To Repair The Longmeadow High School Roof,School,,Pass,891,605
debt_exclusion,159,Longmeadow,2009,2008-06-10,Pay For The Bond Issued In Order To Repair The Greenwood Center Roof,School,,Pass,835,652
debt_exclusion,276,Southampton,2009,2008-06-16,Renovate School To Use For Municipal Purposes,General Government,,Pass,272,169
debt_exclusion,011,Ashburnham,2009,2008-06-17,Reconstruct Town Roads And Sidewalks And Repair.,Public Works and Facilities,,Fail,473,489
debt_exclusion,011,Ashburnham,2009,2008-06-17,Conduct Feasibility Study For J.R. Briggs Elementary School,School,,Fail,479,486
capital_exclusion,011,Ashburnham,2009,2008-06-17,"Architectual Services To Design Plans, Drawings For The Renovation Of The Vms Building Required To Apply For A Community Development Block Grants",CULTURE AND RECREATION,80000,Fail,421,541
capital_exclusion,012,Ashby,2009,2008-06-17,Purchasing A New Police Cruiser,PUBLIC SAFETY,28957,Fail,192,268
debt_exclusion,106,Gill,2009,2008-06-17,Bonds For Dump Truck And Sander,Public Works and Facilities,,Pass,69,60
debt_exclusion,168,Marblehead,2009,2008-06-17,Feasibility Study For The Glover School Project,School,,Pass,2365,1311
debt_exclusion,168,Marblehead,2009,2008-06-17,Village School Project -Reconstruction,School,,Pass,2464,1213
capital_exclusion,217,Northfield,2009,2008-06-17,Capital Projects At Pioneer Valley Regional School Central Office,SCHOOL,22500,Fail,218,394
capital_exclusion,217,Northfield,2009,2008-06-17,Carrying Out Capital Projects At The Pioneer Valley Regional School,CULTURE AND RECREATION,42140,Fail,242,371
capital_exclusion,217,Northfield,2009,2008-06-17,Snow Removal Equipment For A Medium Size Highway Department,PUBLIC WORKS & FACILITIES,35000,Pass,337,281
debt_exclusion,334,Westport,2009,2008-06-17,"Construct, Originally Equip And Furnish A New South End Fire Station",Public Safety,,Pass,1243,798
debt_exclusion,117,Hadley,2010,2008-06-18,Repair Systems At Hopkins Academy For School Department,School,,Pass,559,153
debt_exclusion,117,Hadley,2010,2008-06-18,Renovate Two Science Laboratories At Hopkins Academy For School Department,School,,Pass,505,202
capital_exclusion,117,Hadley,2009,2008-06-18,"Purchase A Truck, Sander And Snow Plow Forthe Highway Department",PUBLIC WORKS & FACILITIES,75000,Pass,433,277
capital_exclusion,117,Hadley,2009,2008-06-18,Purc Hase A Truck And Associated Equipment For Highway Department,PUBLIC WORKS & FACILITIES,170000,Fail,349,353
debt_exclusion,110,Grafton,2009,2008-06-24,Feasibility Study To Identify Potential Solutions  To The Space Needs At Grafton Senior High School,School,,Pass,1164,466
debt_exclusion,203,New Marlborough,2009,2008-06-24,Fire Truck And Highway Roller,Public Safety,,Pass,47,15
debt_exclusion,208,Norfolk,2009,2008-06-24,"Costs Of Architectural And Engineering Design, Construction, Originally Equipping And Furnishing A New Public Safety Bldg.",Public Safety,,Fail,511,1099
debt_exclusion,299,Townsend,2009,2008-06-26,Purchase And Equip A Ladder/Rescue Truck,Public Safety,,Pass,201,178
debt_exclusion,072,Dartmouth,2009,2008-06-30,"Fund Costs For Public Works Road Recon, Library Expansion, Parking Lot Resurfacing, Elevator Installation",General Government,,Fail,4196,4610
debt_exclusion,212,North Brookfield,2009,2008-06-30,Purchase A New Aerial Pumper Truck,Public Safety,,Pass,274,97
debt_exclusion,167,Mansfield,2009,2008-07-15,"Bonds Issued To Finance, Engineering, Mis, Highway,Fire,Police And School Projects",General Government,,Pass,1202,1181
capital_exclusion,343,Winchendon,2009,2008-07-19,Installation Of Safety Zone Flashing Lights At The Memorial Elementary School Campus Entrance,SCHOOL,11460,Pass,206,202
capital_exclusion,343,Winchendon,2009,2008-07-19,Replacing Memorial School Sidewalk And Acquiring A Maintenance Pickup Truck For The School Dept.,SCHOOL,68550,Fail,158,252
capital_exclusion,234,Petersham,2009,2008-08-04,Repairing And Painting The Exterior Of The Town Hall Building,GENERAL GOVERNMENT,21000,Pass,85,50
debt_exclusion,257,Rutland,2013,2008-08-25,Purchase Of The Real Estate Known As The Former Rutland Heights Hospital Form Comm. Of Mass.,General Government,,Pass,448,414
debt_exclusion,018,Avon,2009,2008-08-26,"Finance Rehabilitation Of East Spring Street, Glendon, Robbins And East High Street",Public Works and Facilities,,Pass,332,242
debt_exclusion,018,Avon,2009,2008-08-26,Finance A Design Study For The Overhaul Of The Hvac System At The Ralph D. Butler Elementary School,School,,Pass,386,191
debt_exclusion,018,Avon,2009,2008-08-26,Finance Rehabilitation Of Pond Street,Public Works and Facilities,,Pass,318,257
debt_exclusion,340,Williamsburg,2011,2008-09-08,Bonds For Highway Garage Upgrade And Repair,Public Works and Facilities,,Pass,138,131
debt_exclusion,081,Dunstable,2009,2008-09-09,Acquiring Land For The Purpose Of Locating The New District High School,School,,Pass,402,267
debt_exclusion,122,Hanover,2010,2008-09-16,"Design, Engineering And Permitting, Equipment And Construction Of A New High School Within The Bounds Of The Town, Including All Costs Incidental And Relating Thereto.",School,,Pass,3488,925
debt_exclusion,247,Rehoboth,2009,2008-09-16,Fund A Wastewater Treatment And Disposal System Upgrade For Dighton Rehoboth Regional High School,School,,Fail,525,1218
debt_exclusion,058,Cheshire,2009,2008-10-01,Finance Payment Of Eminent Domain Damages Relagting To The Towns Taking Of Approx. 12.3 Acres Of Property,General Government,,Pass,138,78
debt_exclusion,115,Groton,2015,2008-10-07,Pay Allocable Portion Of Bonds Issued By Groton Dunstable Rsd To Pay Additional Costs Of Acquiring Land For The Purpose Of Locating The New District High School,School,,Pass,331,4
debt_exclusion,115,Groton,2015,2008-10-07,Land Purchase For Groton Dunstable Rsd,School,,Pass,554,331
debt_exclusion,011,Ashburnham,2009,2008-10-14,Feasibility Study Jr Briggs Elementary School,School,,Pass,880,392
debt_exclusion,158,Littleton,2010,2008-10-20,Construct A New Police Station Located On Town-Owned Property At 500 Great Road,Public Safety,,Pass,2889,2021
debt_exclusion,318,Wellfleet,2008,2008-10-28,Pay For Demoliton Of The Vestry And Rectory Of The Former Our Lady Of Lourdes Catholic Church,General Government,,Pass,506,209
debt_exclusion,318,Wellfleet,2008,2008-10-28,Pay For First Phase Of The Development Of A New Water Supply Well Located At Former Boy Scout Camp,Culture and Recreation,,Pass,276,228
debt_exclusion,024,Belchertown,2009,2008-11-04,"Pay Costs Of Designing, Renovating Clapp Memorial Library",Culture and Recreation,,Pass,4464,2969
capital_exclusion,083,East Bridgewater,2009,2008-11-04,Fund Capital Stabilization Fund,GENERAL GOVERNMENT,1250000,Fail,1312,5485
debt_exclusion,159,Longmeadow,2009,2008-11-04,Conduct A Feasibility Study To Understand The Extent Of Facility And Programming Deficiencies At The Longmeadow High School,School,,Pass,5606,3506
debt_exclusion,173,Mattapoisett,2009,2008-11-04,"Construction, Equipping And Furnishing Of A New Fire Station",Public Safety,,Fail,1811,1978
debt_exclusion,179,Mendon,2009,2008-11-04,Construct And Originally Equip A New Police Station,Public Safety,,Fail,1228,1708
debt_exclusion,206,Newburyport,2009,2008-11-04,"Repairs To Police Station-Repair To School Bldgs-Feasibility Study-Recreation Facilities-Purchase Modular Classrooms-Fire Apparatus, Etc.",General Government,,Fail,5009,5068
debt_exclusion,224,Orleans,2009,2008-11-04,Purchase Land Located At 353 South Orleans Road,General Government,,Pass,2588,1566
debt_exclusion,224,Orleans,2009,2008-11-04,Construction Of A New Police Station,Public Safety,,Fail,1806,2322
debt_exclusion,224,Orleans,2009,2008-11-04,Fund The Purchase Of The Land Located At 353 South Orleans Road,General Government,,Pass,2588,1566
debt_exclusion,296,Tisbury,2009,2008-11-04,Fund Cost Of Archetecural Services Related To Towns Emergency Services,General Government,,Pass,1065,965
debt_exclusion,296,Tisbury,2010,2008-11-04,Emergency Facility Design And Engineering,General Government,,Pass,1067,967
debt_exclusion,307,Walpole,2009,2008-11-04,Construct And Furnish A New Public Library,Culture and Recreation,,Fail,6118,6976
debt_exclusion,242,Provincetown,2009,2008-11-19,Phase 2 Design Costs For Comprehensive Restoration And Renovation Of Town Hall,General Government,,Pass,340,192
debt_exclusion,242,Provincetown,2009,2008-11-19,Fund Phase 1 Construction Costs To Repair Entegrity Of Town Hall,General Government,,Pass,379,155
debt_exclusion,280,Spencer,2009,2008-11-20,Purchase A New Ladder Truck For Fire Dept.,Public Safety,,Pass,3039,2178
debt_exclusion,252,Rockport,2009,2008-11-25,Finance And Purchase All Or A Portion Of A Parcel Of Land,General Government,,Fail,330,793
debt_exclusion,110,Grafton,2010,2008-12-09,Purchase And Installation Of Four Modular Classrooms In The Grafton Middle School,School,,Pass,537,161
capital_exclusion,174,Maynard,2010,2008-12-09,Conduct A Feasibility Study To Understand Extent Of Facility And Programming Deficiencies At Maynard High School,SCHOOL,300000,Pass,669,246
debt_exclusion,317,Wellesley,2009,2008-12-09,"Fund, Design, Construction, Equipment And Furnishing Of A New Wellesley High School",School,,Pass,5026,2869
debt_exclusion,317,Wellesley,2009,2008-12-09,High School Building Project,School,,Pass,5070,2889
debt_exclusion,286,Stow,2009,2008-12-13,"Finance Acquisition Of Active Recreation And Open Space For General Municipal Purposed, Protection Of Land Shown As Parcel 18 On Map R-3 Located Off Old Bolton Road",General Government,,Pass,510,446
debt_exclusion,265,Seekonk,2009,2009-01-26,"Design, Construct, Equip And Furnish A Human Service Community Center",Culture and Recreation,,Fail,463,912
capital_exclusion,223,Orange,2010,2009-03-02,Funding Municipal Capital Stabilization Fund,GENERAL GOVERNMENT,100000,Fail,88,235
debt_exclusion,082,Duxbury,2009,2009-03-28,New Police Station,Public Safety,,Fail,1267,1769
debt_exclusion,082,Duxbury,2009,2009-03-28,Combined Police And Fire Station,Public Safety,,Fail,663,1984
debt_exclusion,082,Duxbury,2009,2009-03-28,Percy Walker Pool Renovation,Culture and Recreation,,Pass,2059,1042
debt_exclusion,082,Duxbury,2009,2009-03-28,Planning Study For Middle And High Schools,School,,Pass,1740,1320
debt_exclusion,082,Duxbury,2009,2009-03-28,Rehabilitate Fire Headquarters,Public Safety,,Fail,1399,1642
debt_exclusion,082,Duxbury,2009,2009-03-28,Roof For Chandler School,School,,Pass,2261,820
capital_exclusion,157,Lincoln,2010,2009-03-30,Replacing Reed Field House Roof At Lincoln School Campus,SCHOOL,230000,Pass,560,125
debt_exclusion,067,Concord,2010,2009-03-31,Cchh Renovations,School,,Pass,1705,727
debt_exclusion,220,Norwood,2011,2009-04-06,"Design, Plan, Construct, Equip, And Furnish A New Norwood High School",School,,Pass,4670,1143
debt_exclusion,315,Wayland,2009,2009-04-07,Repair Municipal School Building; Pay For Appraisal Services Relative To A Physical Inspection And Measurement Of Taxable Real Property And Purchase An Ambulance And Advanced Life Support Sysstem,General Government,,Pass,2486,930
debt_exclusion,315,Wayland,2010,2009-04-07,"Finance Feasibility, Schematic Design And Related Services To Rehab The Wayland High School",School,,Pass,2419,988
debt_exclusion,099,Foxborough,2010,2009-04-08,Complete And Repair Renovation Of High School,School,,Pass,1772,748
debt_exclusion,197,Nantucket,2010,2009-04-14,"Design, Construction Supervision, And All Other Related Services For The Construction And Installation Of Equipment Of A Police Station",Public Safety,,Pass,1447,1397
capital_exclusion,089,Edgartown,2010,2009-04-16,Resurfacing And Rebuilding Various Town Streets,PUBLIC WORKS & FACILITIES,130000,Pass,318,121
capital_exclusion,089,Edgartown,2010,2009-04-16,"Building And Repairing Various Town Sidewalks, Bike Paths And Storm Water Drainage Systems",PUBLIC WORKS & FACILITIES,50000,Pass,327,110
debt_exclusion,221,Oak Bluffs,2010,2009-04-16,Pay Towns Share Of The Bond Issued In Order To Pay Costs Of Acquiring New School Buses,School,,Pass,532,471
debt_exclusion,221,Oak Bluffs,2010,2009-04-16,Pay Costs Of Purchasing The Property Of Pennsylvania Avenue  Referred To As The Leonardo Property,General Government,,Fail,423,536
debt_exclusion,221,Oak Bluffs,2010,2009-04-16,Paying Costs Of Dredging A Channell Parallel To The Joseph Silvia State Beach,Culture and Recreation,,Pass,679,357
debt_exclusion,296,Tisbury,2010,2009-04-28,Transfer Station Land Purchase,Public Works and Facilities,,Pass,386,155
debt_exclusion,296,Tisbury,2010,2009-04-28,Connector Road Design And Construction,Public Works and Facilities,,Pass,354,202
debt_exclusion,296,Tisbury,2010,2009-04-28,M.V. Regional High School Buses,School,,Pass,324,216
capital_exclusion,296,Tisbury,2010,2009-04-28,Performing Maintenance Dredging Of The North Groin And The Back Channel Areas Of The Inner Harbor And Lake Tashmoo Channel And Inlet,PUBLIC WORKS & FACILITIES,80000,Pass,338,204
capital_exclusion,296,Tisbury,2010,2009-04-28,Converting Former Dpw Site At 173 Spring St To Overflow Parking Facility For Tisbury School,SCHOOL,30000,Pass,323,228
capital_exclusion,296,Tisbury,2010,2009-04-28,Identifying And Surveying Attitional Potential Leaching Areas For Wastewater Treatment Plant Through Review,PUBLIC WORKS & FACILITIES,50000,Pass,284,255
capital_exclusion,296,Tisbury,2010,2009-04-28,Repairing And Repainting All Exterior Wood Surfaces Of The Vineyard Haven Public Library,CULTURE AND RECREATION,40000,Pass,353,198
capital_exclusion,296,Tisbury,2010,2009-04-28,Funding Of The Fourth Year Of The Short-Term Disability Program,GENERAL GOVERNMENT,25000,Pass,311,214
debt_exclusion,069,Cummington,2010,2009-05-01,Library Capital Expenditures,Culture and Recreation,,Pass,118,80
capital_exclusion,069,Cummington,2010,2009-05-01,Purchasing A Sander And Truck Body For Highway Department,PUBLIC WORKS & FACILITIES,20000,Pass,116,79
capital_exclusion,069,Cummington,2010,2009-05-01,Library Capital Expenditures,CULTURE AND RECREATION,5000,Pass,118,80
debt_exclusion,294,Templeton,2010,2009-05-04,Repairs And Other Costs From The December 2008 Ice Storm,Public Safety,,Pass,481,456
debt_exclusion,294,Templeton,2010,2009-05-04,Study Possible Solutions To Problems Identified In Statement Of Interest For Templeton Center School,School,,Pass,520,422
capital_exclusion,303,Upton,2010,2009-05-04,Funding Capital Expenditures,GENERAL OPERATING,650000,Fail,328,557
debt_exclusion,318,Wellfleet,2010,2009-05-04,Constructing A New Water Supply Well Located At Former Boy Scout Camp,Public Works and Facilities,,Pass,304,209
debt_exclusion,125,Harvard,2010,2009-05-05,Finance The Design And Construction Of Wastewater Management System Improvements In The Town Center Area,Public Works and Facilities,,Pass,782,144
debt_exclusion,140,Hubbardston,2010,2009-05-05,Removal Of Hazardous Condituions Related To Main Entrance Of Slade Building,Public Works and Facilities,,Fail,186,801
capital_exclusion,140,Hubbardston,2010,2009-05-05,Pick-Up For Highway Department,CULTURE AND RECREATION,59000,Fail,104,886
capital_exclusion,140,Hubbardston,2010,2009-05-05,Purchase Of Hardware Equipment To Facilitate A Computer Network Between All Town Facilities,GENERAL GOVERNMENT,14475,Fail,199,795
capital_exclusion,140,Hubbardston,2010,2009-05-05,New Dumptruck For Highway Department,PUBLIC WORKS & FACILITIES,115200,Fail,119,874
capital_exclusion,140,Hubbardston,2010,2009-05-05,Obtaining Emergency Generator To Be Located At Center School,SCHOOL,70000,Fail,207,785
debt_exclusion,242,Provincetown,2010,2009-05-05,Purchase A New Street Sweeper For The Department Of Public Works,Public Works and Facilities,,Pass,357,220
debt_exclusion,242,Provincetown,2010,2009-05-05,Purchase A New Aerial Ladder Truck For The Fire Department,Public Safety,,Pass,413,173
capital_exclusion,242,Provincetown,2010,2009-05-05,Maintenance And Repair Of Streets And Sidewalks,PUBLIC WORKS & FACILITIES,50000,Pass,383,197
capital_exclusion,242,Provincetown,2010,2009-05-05,Maintenance And Repair Of Drainage Structures,PUBLIC WORKS & FACILITIES,50000,Pass,377,199
debt_exclusion,158,Littleton,2012,2009-05-09,Repair And Renovate The Existing Russell Street School,School,,Pass,1301,684
debt_exclusion,333,Weston,2010,2009-05-09,"Design, Engineer, Const And Equip - Dpw Facility-Dpw Equipment Replacement- School Technology- Dpw Facility Construction- Dpw Equipment Replacement- School Technoogy And School Bus Replacements",General Government,,Pass,844,301
debt_exclusion,333,Weston,2010,2009-05-09,Pay Costs For Feasiblity Study To Examine Potential Improvement Options For The Field School,School,,Pass,816,320
debt_exclusion,034,Bolton,2010,2009-05-11,Implementing Permanent Regional Household Hazardous Waste Facility,General Government,,Fail,381,397
debt_exclusion,034,Bolton,2010,2009-05-11,Const. New Water Line And Equipment To Serve Emerson School From Florence Sawyer School Public Water Supply Well.,School,,Pass,534,244
debt_exclusion,034,Bolton,2010,2009-05-11,Purchase A Wood Chipper For Dpw,Public Works and Facilities,,Pass,522,259
capital_exclusion,141,Hudson,2010,2009-05-11,Feasibility Study For John F. Kennedy School,SCHOOL,391726,Pass,865,435
debt_exclusion,228,Paxton,2010,2009-05-11,Cost Of Emergency Response And Clean Up For The Ice Storm Of December 2008,General Government,,Pass,490,153
debt_exclusion,241,Princeton,2010,2009-05-11,Pay For Costs Of Emergency Expenses Incurred As A Result Of Ice Storm In December 2008,General Government,,Pass,94,42
debt_exclusion,051,Carlisle,2010,2009-05-12,Design And Services With Renovations And Sitework Improvment To Carlisle Public Schools,School,,Pass,584,256
debt_exclusion,051,Carlisle,2010,2009-05-12,Purchase And Install Cistern For Fire Department,Public Safety,,Pass,657,183
debt_exclusion,051,Carlisle,2010,2009-05-12,Purchase A Roll-Off Truck For Deparment Of Public Works,Public Works and Facilities,,Pass,609,183
capital_exclusion,075,Dennis,2010,2009-05-12,"Replace Two Six Wheel Dump Trucks With One Ten Wheel Dump Truck; Drainage Improvements/Maintenance, Sidewalk Repairs And Division Street Outfall Pollution Mitigations",PUBLIC WORKS & FACILITIES,1100000,Pass,1274,531
debt_exclusion,179,Mendon,2010,2009-05-12,Build And Equip A New Police Station,Public Safety,,Fail,595,770
debt_exclusion,269,Sherborn,2010,2009-05-12,"Construct, Equip And Furnish A New Highway Garage For Dept. Of Commun. Maintenance And Development",Public Works and Facilities,,Pass,250,86
capital_exclusion,300,Truro,2010,2009-05-12,Trailer For The Department Of Public Works,PUBLIC WORKS & FACILITIES,75000,Pass,111,37
capital_exclusion,300,Truro,2010,2009-05-12,Purchase Ambulance For The Fire And Rescue Department,PUBLIC SAFETY,155000,Pass,127,23
capital_exclusion,300,Truro,2010,2009-05-12,"Install Vehicle Fuel Storage Tanks, Pumps And Related Equipment To Be Used To Fuel Town Vehicles",PUBLIC WORKS & FACILITIES,160000,Pass,103,46
debt_exclusion,351,Yarmouth,2010,2009-05-12,"Bonds Issued To Finance Improvements To Natural Resources Facilities Including Design, Engineering, Construction, Renovation Site Work Equipment",Public Works and Facilities,,Fail,1986,3270
debt_exclusion,351,Yarmouth,2010,2009-05-12,Clean Up Of Pond,Public Works and Facilities,,Fail,2364,2908
debt_exclusion,351,Yarmouth,2010,2009-05-12,"Finance, Design, Engineering And Architectural Fees Of A New Facilitiy At Recreation Area",Culture and Recreation,,Fail,2413,2862
debt_exclusion,351,Yarmouth,2010,2009-05-12,Allow Various Departments To Replace Some Necessary Equipment,General Operating,,Fail,2387,2901
debt_exclusion,055,Chatham,2010,2009-05-14,"Paying Costs Of (I) Designing, Remodeling, Constructing, Reconstructing, Expanding And Equip. Water Treatment Facility(Ii) Design And Construct Prodects Involving Wastewater Collection Facilities",Public Works and Facilities,,Pass,722,261
capital_exclusion,320,Wenham,2010,2009-05-14,"Capital Purchases And Improvements, Consisting Of The Purchase Of Computers, Catch Basin Work, Plow And Department Of Public Works Truck",GENERAL GOVERNMENT,64500,Pass,250,36
debt_exclusion,143,Huntington,2010,2009-05-16,Principal And Interest On Highway Truck Loan,Public Works and Facilities,,Pass,162,158
debt_exclusion,143,Huntington,2010,2009-05-16,Principal And Interest On Water Meter Loan,Public Works and Facilities,,Fail,148,174
debt_exclusion,081,Dunstable,2010,2009-05-18,Purchase A Tanker Truck For The Fire Department,Public Safety,,Pass,140,55
debt_exclusion,081,Dunstable,2010,2009-05-18,Purchase Of A Tanker Truck For Fire Department,Public Safety,,Pass,140,55
debt_exclusion,142,Hull,2010,2009-05-18,"Renovate Middle School, Renovate Elem. School, Purchase Lot At Corner Of N. Street And Nantasked Ave, Undertake Study Pertaining To Desalination Project, Computer System And Renovate Bluff System At Green Hill",General Operating,,Fail,1373,1573
debt_exclusion,184,Middleton,2010,2009-05-18,Construct A New Elementary School To Be Located Behind Existing Howe Manning School Located At 26 Central Street,School,,Pass,1311,1179
debt_exclusion,086,Eastham,2011,2009-05-19,Town-Wide Municipal Water System,Public Works and Facilities,,Pass,549,312
capital_exclusion,126,Harwich,2010,2009-05-19,Financing Road Maintenance,PUBLIC WORKS & FACILITIES,350000,Pass,562,544
debt_exclusion,127,Hatfield,2010,2009-05-19,Repair And Stabilize A Section Of The Connecticut River Dike,Public Works and Facilities,,Pass,268,209
debt_exclusion,127,Hatfield,2010,2009-05-19,Repair Town Hall Roof,General Operating,,Pass,273,202
debt_exclusion,166,Manchester By The Sea,2010,2009-05-19,"Finance The Acquisition Of Certain Parcels Of  Land;Cost Of Preliminary Engineering, Testing, Design, Legal And Other Expenses. Related To Cleaning Up Of Pollution N Such Parcels Of Land",General Government,,Pass,420,87
debt_exclusion,224,Orleans,2010,2009-05-19,Replace Water Treatment Plant Membranes As Needed,Public Works and Facilities,,Pass,502,114
debt_exclusion,224,Orleans,2010,2009-05-19,Replace Municipal Piers And Boat Ramps,Public Works and Facilities,,Pass,470,147
debt_exclusion,224,Orleans,2010,2009-05-19,Pavement Management Program,Public Works and Facilities,,Pass,501,118
debt_exclusion,224,Orleans,2010,2009-05-19,Drainage Infrastrucure Systems,Public Works and Facilities,,Pass,479,140
debt_exclusion,283,Stockbridge,2011,2009-05-19,Sewer Expansion Project,Public Works and Facilities,,Pass,80,21
debt_exclusion,290,Sutton,2010,2009-05-26,Replacement Of School Roof At Learning Center,School,,Pass,444,220
debt_exclusion,290,Sutton,2010,2009-05-26,"Finance, Purchase For The Fire Department (Quint Ladder/Engine Replacement )",Public Safety,,Pass,400,264
debt_exclusion,307,Walpole,2010,2009-06-06,Construct And Furnish A New Public Library,Culture and Recreation,,Pass,2775,2767
capital_exclusion,331,Westhampton,2010,2009-06-06,Purchase Of A Rescue Fire Truck For Fire Department,PUBLIC SAFETY,74000,Pass,109,59
debt_exclusion,026,Belmont,2010,2009-06-08,Renovate And Reconstruct The Wellington Elementary School,School,,Pass,3849,2022
debt_exclusion,337,Whately,2010,2009-06-09,New School Roof,School,,Pass,86,26
debt_exclusion,292,Swansea,2011,2009-06-15,"Construct, Equip And Furnish A New Police Station On G.A.R. Highway",Public Safety,,Pass,1373,326
debt_exclusion,011,Ashburnham,2010,2009-06-16,Repair And Reconstruct Town Roads And Sidewalks,Public Works and Facilities,,Fail,468,616
debt_exclusion,011,Ashburnham,2010,2009-06-16,Repair And Reconstruct Town Roads And Sidewalks,Public Works and Facilities,,Fail,468,616
capital_exclusion,168,Marblehead,2010,2009-06-22,Stoneybrook Road,GENERAL GOVERNMENT,505000,Pass,452,332
capital_exclusion,168,Marblehead,2010,2009-06-22,Old Landfill,GENERAL GOVERNMENT,127800,Pass,554,229
debt_exclusion,242,Provincetown,2010,2009-06-23,"Ffund Phase 2 Construction And Restoration Costs - Town Hall, Mechanical And Electrical Plumbing-Fire Protection And All Costs Related",General Government,,Pass,216,55
debt_exclusion,111,Granby,2010,2009-06-29,Feasibility Study At Granby Junior/Senior High School,School,,Fail,403,507
debt_exclusion,297,Tolland,2012,2009-07-14,"Reconstructing And Adding To Public Works Garage, Const. New Public Safety Complex",General Government,,Pass,125,68
capital_exclusion,289,Sunderland,2010,2009-07-18,Funding Municipal Capital Stabilization Fund,GENERAL OPERATING,50000,Fail,531,623
debt_exclusion,204,New Salem,2010,2009-08-10,Replacement Truck For The Highway Department,Public Works and Facilities,,Pass,47,29
debt_exclusion,265,Seekonk,2010,2009-08-31,"Design, Renovate And Furnish Richard Banna Fire Station",Public Safety,,Pass,455,421
capital_exclusion,217,Northfield,2010,2009-09-08,Replacing The Leaking Flat Section Of Roof Located At North Building Of The Northfield Elementary School,SCHOOL,15000,Pass,203,130
capital_exclusion,217,Northfield,2010,2009-09-08,Purchasing And Installing A Snowplow And Associated Equipment On A Highway Department Truck,PUBLIC WORKS & FACILITIES,10000,Pass,184,148
debt_exclusion,129,Hawley,2010,2009-09-23,Purchase A Loader,Public Works and Facilities,,Pass,30,7
debt_exclusion,120,Hampden,2010,2009-10-20,"Bond Issued By Regional School District For Pay Costs Of Designing, Const. Equipping And Furnishing A New District High School",School,,Pass,800,559
debt_exclusion,339,Wilbraham,2010,2009-10-20,"Designing, Constructing Equiping A New High School",School,,Pass,2790,1384
debt_exclusion,339,Wilbraham,2011,2009-10-20,"Designing, Constructing Equiping New High School",School,,Pass,2790,1384
debt_exclusion,287,Sturbridge,2011,2009-10-26,Burgess Elementary School Bonds,School,,Pass,961,269
debt_exclusion,286,Stow,2010,2009-10-29,Construct The Pompositticut/Center School,School,,Pass,1069,374
debt_exclusion,250,Rochester,2011,2009-10-31,Renovate And Put Addition To The Rochester Memorial School,School,,Pass,920,337
debt_exclusion,251,Rockland,2010,2009-11-14,"Fund The Design, Engineering, Permitting, Equipping And Construction Of A New John Rogers Middle School Renovated Rockland High School",School,,Pass,2092,943
debt_exclusion,070,Dalton,2010,2009-11-16,"Pay For The Design, Engineering And Construction Of A Senior Center At Old High School Site",Culture and Recreation,,Pass,912,310
debt_exclusion,315,Wayland,2010,2009-11-17,Expand And Modernize Wayland High School,School,,Pass,1481,95
debt_exclusion,315,Wayland,2010,2009-11-17,Expand And Modernize Wayland High School,School,,Pass,2602,1115
debt_exclusion,031,Billerica,2011,2009-11-21,Fund Paker School Project,School,,Pass,2625,2491
debt_exclusion,119,Hamilton,2011,2009-11-24,Repair Hvac System At Cutler Elementary School,School,,Pass,464,90
debt_exclusion,199,Needham,2010,2009-12-08,"Bond Issued In Order To Provide Architectural Design, Engineering, Construction, Remodeling And Repairs To The Newman Elementary School",School,,Pass,4742,3714
debt_exclusion,208,Norfolk,2010,2009-12-08,"Replace, Furnish And Equip The Elementary School Located At 70 Boardman Street",School,,Pass,1755,1328
debt_exclusion,208,Norfolk,2010,2009-12-08,"Fund Renovation, Replacement, Or A Combination Of Renovation And New Construction At The Public Safety Building",Public Safety,,Fail,1524,1553
debt_exclusion,208,Norfolk,2011,2009-12-08,"Replace, Furnish, And Equip Elementary School",School,,Pass,1755,1328
debt_exclusion,222,Oakham,2012,2009-12-08,Oakham Center School Roof,School,,Pass,194,127
debt_exclusion,296,Tisbury,2011,2009-12-08,Payment For Bond Issued In 2001 For Costs Related To Landfill Closure For Town Meeting,Public Works and Facilities,,Pass,675,272
debt_exclusion,296,Tisbury,2011,2009-12-08,Implement Green Tech And Utilize Photo Voltaic Panels On The New Emergency Services Facility,Public Works and Facilities,,Pass,506,426
debt_exclusion,296,Tisbury,2011,2009-12-08,Implement Addit Green Technology And Utilize Photo Voltaic Panels On New Emerg. Services Facility,Public Safety,,Pass,471,449
debt_exclusion,296,Tisbury,2011,2009-12-08,Relocate Operations Of Town Hall Annex Including Purchase Equip. And Payment Of All Other Costs,General Government,,Pass,552,405
debt_exclusion,296,Tisbury,2011,2009-12-08,"Construct, Equip And Furnish A New Emergency Services Facility",Public Safety,,Pass,566,398
debt_exclusion,117,Hadley,2010,2009-12-14,Purchase Of A 4-Wheel Drive Rescue Vehicle And Associated Equipment Of The Use Of The Fire Department,Public Safety,,Pass,116,76
debt_exclusion,104,Aquinnah,2011,2010-01-19,Pay For Repair Of Town Offices,General Government,,Pass,152,38
debt_exclusion,062,Chilmark,2011,2010-01-19,Construct Three Affordable Housing Duplex Rental Buildings At Middle Line Road,General Government,,Pass,314,174
debt_exclusion,073,Dedham,2011,2010-01-19,"Design, Construct And Equip New Elementary School",School,,Pass,6252,4115
debt_exclusion,073,Dedham,2011,2010-01-19,Renovate The Stone Park Athletic Complex,Culture and Recreation,,Pass,5596,4697
debt_exclusion,084,East Brookfield,2011,2010-01-19,Acquire A Parcel Of Land Located On The Northerly Side Of East Main Street,General Government,,Pass,526,300
debt_exclusion,266,Sharon,2010,2010-01-19,Bonds For Renovation Of Middle School,School,,Pass,4214,3187
debt_exclusion,110,Grafton,2010,2010-02-23,"Constructing, Equipping And Furnishing A New Senior High School",School,,Pass,2002,733
debt_exclusion,271,Shrewsbury,2013,2010-03-02,Replace Sherwood Middle School,School,,Pass,4124,3020
debt_exclusion,295,Tewksbury,2011,2010-03-06,"Construct, Furnish, Equip A New Memorial High School",School,,Pass,6186,1191
debt_exclusion,082,Duxbury,2014,2010-03-27,"Fund The Architectural, Engineering, And Design Services To Prepare Contract Bid Documents And To Construct And Furnish A New Crematory And A New Cemetery Office Building At Mayflower Cemetery Off Tremont Street",General Government,,Pass,2185,765
debt_exclusion,157,Lincoln,2011,2010-03-29,Purchase A New Ambulance And Related Equipment For The Fire Department,Public Safety,,Pass,573,110
debt_exclusion,157,Lincoln,2011,2010-03-29,Purchase The Macdowell Property Consisting Of 21 +/-Acres Of Land On Old Sudbury Road,General Government,,Pass,615,88
debt_exclusion,157,Lincoln,2011,2010-03-29,Purchase And Install Info Technology Equipment And Support Services And All Costs Related Thereto,General Government,,Pass,477,120
debt_exclusion,157,Lincoln,2011,2010-03-29,Fund The K-8 School Building Feasibility Study,School,,Pass,541,144
debt_exclusion,198,Natick,2011,2010-03-30,Natick High School Project,School,,Pass,7110,1350
debt_exclusion,198,Natick,2011,2010-03-30,Community Center,Culture and Recreation,,Pass,5392,2870
debt_exclusion,015,Athol,2011,2010-04-05,Feasibility Study At Riverbend Street School,School,,Fail,424,553
debt_exclusion,056,Chelmsford,2011,2010-04-06,Acquire Four Parcels Of Land And Bldg. Located On Alpha Road And Fund Design And Redeveopment Of Land And Bldgs Into A Dpw Facility          ,General Government,,Pass,2460,1806
debt_exclusion,051,Carlisle,2011,2010-04-13,"Additions And Renovations To The Carlisle Public School, On School St.",School,,Pass,756,289
debt_exclusion,068,Conway,2011,2010-04-15,Bond Issued In Order To Reconstruct School Building Envelope,School,,Pass,250,68
debt_exclusion,089,Edgartown,2011,2010-04-15,Extension Of The Sewer System In The Island Grove Subdivision,Public Works and Facilities,,Pass,329,167
debt_exclusion,001,Abington,2011,2010-04-24,Finance Const. And Recons.-Repair To Early Childhood Center,Culture and Recreation,,Pass,1383,1015
capital_exclusion,001,Abington,2011,2010-04-24,"Purchasing It Equipment-Computers, Telephone System, Fire Engine And Fire Rescue Vehicle",GENERAL OPERATING,323000,Pass,1284,1114
capital_exclusion,001,Abington,2011,2010-04-24, Phase 1 Of Landfill Capping ,GENERAL GOVERNMENT,275000,Pass,1210,1184
capital_exclusion,019,Ayer,2011,2010-04-26,"Jaws Of Life, Town Hall Generator,  Police Utility Truck, Dpw Superintendent Vehicle And Six Wheel Dump Truck",GENERAL OPERATING,404524,Fail,341,407
capital_exclusion,296,Tisbury,2011,2010-04-27,Partially Funding Purchase Of A Generator For Tisbury School- (Emergency Shelter),SCHOOL,75000,Pass,1114,464
capital_exclusion,296,Tisbury,2011,2010-04-27,Replacing An Existing Sander Body And Any Other Peripheral Equipment,PUBLIC WORKS & FACILITIES,20000,Pass,810,729
capital_exclusion,296,Tisbury,2011,2010-04-27,Repairing And Painting Exterior Wood Surface Of Tisbury Senior Center,CULTURE AND RECREATION,20000,Pass,1021,545
debt_exclusion,335,Westwood,2011,2010-04-27,Construct And Equip A New Westwood Public Library,Culture and Recreation,,Pass,1480,829
debt_exclusion,013,Ashfield,2012,2010-05-01,Purchase Truck And Plow,Public Works and Facilities,,Pass,233,183
debt_exclusion,237,Plainfield,2011,2010-05-01,Highway Department Truck W/Wing Plow,Public Works and Facilities,,Pass,40,5
debt_exclusion,099,Foxborough,2011,2010-05-03,Renovation And Expansion Of Boyden Library,Culture and Recreation,,Pass,1571,1199
debt_exclusion,194,Montgomery,2011,2010-05-03,Purchase 2010 Dump Truck With Sander And Plow,Public Works and Facilities,,Pass,52,41
debt_exclusion,212,North Brookfield,2011,2010-05-03,"Horse Pond Dam Engineering, Const. Phase Ii Inspection And All Related Work Costs",Public Works and Facilities,,Pass,168,90
debt_exclusion,318,Wellfleet,2011,2010-05-03,"Planning, Design And Construction Of Water Mains Throughout The Town",Public Works and Facilities,,Pass,449,317
debt_exclusion,318,Wellfleet,2011,2010-05-03,Pay For Development Of A Comprehensive Town-Wide Wastewater Plan,Public Works and Facilities,,Pass,415,350
debt_exclusion,318,Wellfleet,2011,2010-05-03,"Pay For Stormwater Remediation Planning, Design And Construction",Public Works and Facilities,,Pass,461,301
debt_exclusion,242,Provincetown,2011,2010-05-04,Completion Of Restoration Of Library Building And Grounds,Culture and Recreation,,Pass,250,148
debt_exclusion,242,Provincetown,2011,2010-05-04,Purchase Three Pick-Up Trucks For The Dpw,Public Safety,,Pass,232,163
debt_exclusion,242,Provincetown,2011,2010-05-04,Improve Storm Water Drainage Issues,Public Works and Facilities,,Pass,295,101
debt_exclusion,242,Provincetown,2011,2010-05-04,Purchase A New Ambulance For Fire Dept.,Public Safety,,Pass,294,105
capital_exclusion,242,Provincetown,2011,2010-05-04,Police Management And Public Safety Software,PUBLIC SAFETY,150200,Pass,227,165
capital_exclusion,069,Cummington,2011,2010-05-07, Library Capital Expenditures,CULTURE AND RECREATION,5000,Pass,64,31
debt_exclusion,333,Weston,2011,2010-05-08,High School Science Lab Fees; School Technology Fees; Dpw Equipment And Drainage Improvements; Fire Dept. Equip; Technology-Telephone Systems; School Bus Replacemtns,General Government,,Pass,148,46
debt_exclusion,028,Berlin,2012,2010-05-10,"Designing, Constructing, Equipping And Furnishing A Middle/High School",School,,Pass,593,167
debt_exclusion,039,Boylston,2011,2010-05-10,Towns Share Pay Costs Of Designing Constructing Equipping New Middle/High School,School,,Pass,859,266
debt_exclusion,070,Dalton,2011,2010-05-10,"Town Hall Renovations, Highway Plow Truck, Widening Streets, Sewer Flusher Truck,Sweeper And Related Equip. Landfill Closure",General Government,,Pass,499,399
debt_exclusion,203,New Marlborough,2012,2010-05-10,Purchase A New Highway Truck,Public Works and Facilities,,Pass,81,72
debt_exclusion,203,New Marlborough,2012,2010-05-10,Purchase A New Ambulance,Public Safety,,Pass,98,56
debt_exclusion,300,Truro,2014,2010-05-10,Purchase An Urban Interface Fast Attack Fire Engine,General Government,,Pass,286,101
debt_exclusion,075,Dennis,2011,2010-05-11,"Towns Portion Of Bond Issued By Regional School District In Order To Pay For Roof, Windows, Etc",School,,Pass,2368,960
debt_exclusion,187,Millis,2011,2010-05-11,Design And Construction Of A Public Library Facility,Culture and Recreation,,Pass,1366,1085
debt_exclusion,269,Sherborn,2011,2010-05-11,Purchase A New Fire Truck,Public Safety,,Pass,630,375
debt_exclusion,280,Spencer,2011,2010-05-11,Pay For Town Hall Renovation,General Government,,Pass,404,349
debt_exclusion,315,Wayland,2011,2010-05-11,"Purchase School Technology Equipment, Repair And Improve Municipal Bldgs And Facilities;Feasibility Studies For Senior Services; Purchase A Street Sweeper",General Government,,Pass,1201,1142
debt_exclusion,341,Williamstown,2011,2010-05-11,Repair Roof On The Mount Greylock Regional School,School,,Pass,1037,528
debt_exclusion,341,Williamstown,2011,2010-05-11,Upgrade Mount Greylock Reg. School Heating Plant And Repair Boys And Girls Locker Room Ceiling,School,,Pass,1020,546
debt_exclusion,351,Yarmouth,2011,2010-05-11,"Cemetery Backhoe, Road Resurfacing And Sealing, Police Portable Radions And School Renovations",General Government,,Pass,2466,2429
debt_exclusion,022,Becket,2012,2010-05-15,"Taking Land In Jacobs Well Described As Map 213, Lot 32,22 2.S. Acres",General Government,,Pass,78,50
debt_exclusion,022,Becket,2012,2010-05-15,Purchase Of A New Ambulance,Public Safety,,Pass,79,50
debt_exclusion,022,Becket,2012,2010-05-15,Pay For A New Chassis For Ambulance And Cost Of Placing New Ambulance Of That Chassis,Public Safety,,Fail,58,65
debt_exclusion,022,Becket,2012,2010-05-15,Pay For A New All Season Stainless Steel Dump Body For Highway Dept. And New Spreader/ Sander,Public Works and Facilities,,Pass,81,48
debt_exclusion,143,Huntington,2011,2010-05-15,Pay The Principal And Interest On 2011 Highway Truck Loan,Public Works and Facilities,,Pass,141,105
debt_exclusion,139,Hopkinton,2011,2010-05-17,"Design Of Traffic, Roadway And Streetscape Enhancements",Public Works and Facilities,,Pass,415,171
debt_exclusion,139,Hopkinton,2011,2010-05-17,"Repair, Maintenance And Renovation, Improvement To Boiler System At Elmwood Elementary School",School,,Pass,456,128
debt_exclusion,038,Boxford,2011,2010-05-18,Reconstruction Of The Roof At Cole School,School,,Pass,1043,428
debt_exclusion,051,Carlisle,2012,2010-05-18,Towns Share Of Feasibility Study(Minuteman Reg) To Making Improvements To District High School,School,,Pass,565,290
debt_exclusion,051,Carlisle,2012,2010-05-18,New Pumper Truck For Fire Deparment,Public Safety,,Pass,605,236
debt_exclusion,051,Carlisle,2012,2010-05-18,Towns Share For Feasibility Study/Schematic Design For High School,School,,Pass,623,238
debt_exclusion,051,Carlisle,2013,2010-05-18,Towns Share Of Bond Tobe Issued By Concord-Carlisle Regional School District For A Feasibility Study/Schematic For Concord Carlisle High School,School,,Pass,623,238
debt_exclusion,087,Easthampton,2011,2010-05-18,"Finance, Construct, Equipping And Furnishing A New High School",School,,Pass,3023,1168
debt_exclusion,087,Easthampton,2011,2010-05-18,Finance Constructing And Furnishing New High School,School,,Pass,3023,1168
debt_exclusion,096,Falmouth,2011,2010-05-18,Fund Work Associated With Repair And Reconstruction Of Marine Bulkheads In Falmouth Harbor,Public Works and Facilities,,Fail,2530,2897
capital_exclusion,096,Falmouth,2011,2010-05-18,Funding The Repair Of Roofs At The North Falmouth And East Falmouth School Buildings,SCHOOL,650000,Pass,3112,2457
capital_exclusion,096,Falmouth,2011,2010-05-18,"Preserve Coastal Infrastructure, Repair Town Buildings, Purchase Public Safety Equipment, Technology Improvements, Maintain Water System Infrastructure",GENERAL OPERATING,1011030,Fail,2589,2965
capital_exclusion,126,Harwich,2011,2010-05-18,Comprehensive Wastewater Management Plan,PUBLIC WORKS & FACILITIES,200000,Pass,1273,956
capital_exclusion,126,Harwich,2011,2010-05-18,Advanced Life Support Emergency Medical Vehicle,PUBLIC SAFETY,194000,Pass,1334,894
debt_exclusion,224,Orleans,2011,2010-05-18,Purchase Watershed/Conservation Land,Public Works and Facilities,,Pass,1539,487
debt_exclusion,224,Orleans,2011,2010-05-18,Purchase Beach Rd/Hubler Ln. Property,General Government,,Pass,1427,595
debt_exclusion,224,Orleans,2011,2010-05-18,Purchase Land At 50 Bridge Road,General Government,,Pass,1354,659
debt_exclusion,224,Orleans,2011,2010-05-18,Drainage Infrastructure Systems,Public Works and Facilities,,Pass,1313,683
debt_exclusion,224,Orleans,2011,2010-05-18,New Front End Loader For Highway Department,Public Works and Facilities,,Pass,1089,880
debt_exclusion,224,Orleans,2011,2010-05-18,Pavement Management Program,Public Works and Facilities,,Pass,1507,512
debt_exclusion,224,Orleans,2011,2010-05-18,New Pumper Truck For Orleans Fire Department,Public Safety,,Pass,1193,815
debt_exclusion,224,Orleans,2011,2010-05-18,Replace Water Treatment Plant Membranes,Public Works and Facilities,,Pass,1590,433
debt_exclusion,309,Ware,2009,2010-05-19,Recreational Facility At The Old Pennybrook Estates Property,Culture and Recreation,,Fail,230,858
debt_exclusion,312,Warwick,2012,2010-05-19,Pay For Repairs To To Warwick Community School Fire Sprinkler System,School,,Pass,63,32
capital_exclusion,320,Wenham,2011,2010-05-20,Purchase Of A Dump Truck With Sander And Plow,PUBLIC WORKS & FACILITIES,145000,Pass,129,26
debt_exclusion,290,Sutton,2011,2010-05-25,"Plan, Construct, Equip And Furnish A New Sutton Middle School",School,,Pass,1593,691
debt_exclusion,307,Walpole,2011,2010-06-05,"Pay Costs To Design,Construct And Equip A New Police Station And Design A New Fire Station",Public Safety,,Fail,1057,4269
capital_exclusion,331,Westhampton,2011,2010-06-05,Purchase Of A Brush Chipper,PUBLIC WORKS & FACILITIES,45000,Pass,58,29
capital_exclusion,331,Westhampton,2011,2010-06-05,Purchase Of A 4wd Vehicle,PUBLIC SAFETY,36900,Pass,48,39
debt_exclusion,067,Concord,2012,2010-06-08,Pay For Towns Assessable Share Of Bonds To Be Issued By Reg. School For Feasibilty Study And Schematic Design Of Concord-Carlisle High School,School,,Pass,1809,450
debt_exclusion,140,Hubbardston,2011,2010-06-08,Assess Additional 150400 For Purpose Of Purchasing A New Or Used Dump Truck For Highway Department,Public Works and Facilities,,Fail,178,335
debt_exclusion,140,Hubbardston,2011,2010-06-08,"Assess Additional 65,000 For Purpose Of Obtaining New Or Used F-450 Pickup Truck For Highway Department",Public Works and Facilities,,Fail,155,357
capital_exclusion,140,Hubbardston,2011,2010-06-08, Purchase Lawn Maintenance Equipment And Materials For Storage Shed,GENERAL OPERATING,10000,Fail,182,332
capital_exclusion,140,Hubbardston,2011,2010-06-08,Maintenance Work For First Year Of A Multi-Year Road Upgrade ,PUBLIC WORKS & FACILITIES,225000,Fail,225,291
debt_exclusion,159,Longmeadow,2011,2010-06-08,Construct An Addition To The High School,School,,Pass,4105,2353
debt_exclusion,297,Tolland,2011,2010-06-15,"Previous Engineering Study, Updating Electrical At Highway And Police Garage, Plow Truck, Replacement Door And Furnace At Library",General Government,,Pass,51,40
debt_exclusion,297,Tolland,2011,2010-06-15,2009 Peterbilt 304 Plow Truck Purchased In Fy09,Public Works and Facilities,,Pass,51,40
debt_exclusion,297,Tolland,2011,2010-06-15,Volvo Loader L70e Purchased In Fy07,Public Works and Facilities,,Pass,50,41
debt_exclusion,297,Tolland,2011,2010-06-15,Purchase Of A 2008 Ford F550 Chassis And 250 Gallon Mini Pumper With Hall 500pm Pump,Public Safety,,Pass,51,40
debt_exclusion,264,Scituate,2012,2010-06-19,"Design, Repair, Improve And Equip The Warmpatuck Elem. School",School,,Pass,439,187
debt_exclusion,351,Yarmouth,2011,2010-06-19,"Design, Repair, Improve And Equip The Wanpatuck Elem. School",School,,Pass,439,187
debt_exclusion,232,Pepperell,2011,2010-06-21,Bond Issued To Purchase New Fire Truck,Public Safety,,Pass,223,159
debt_exclusion,304,Uxbridge,2011,2010-06-22,Fund Construction Of New High School In State Owned Land,School,,Pass,2595,1755
capital_exclusion,304,Uxbridge,2011,2010-06-22,Funding A Study To Evaluate Condition Of Town Bridges,PUBLIC WORKS & FACILITIES,110000,Pass,2212,2098
debt_exclusion,343,Winchendon,2011,2010-07-17,Bond Issued To Purchase Selected Parcels To Build A New Police Station,Public Safety,,Pass,741,428
capital_exclusion,217,Northfield,2011,2010-08-24,Replace Carpet At Pioneer Valley Regional School,SCHOOL,19600,Fail,81,119
capital_exclusion,217,Northfield,2011,2010-08-24,"Install Central Heating, And Central Air In Pioneer Valley Regional School ",SCHOOL,22050,Fail,90,110
debt_exclusion,257,Rutland,2012,2010-09-14,"Purchase A Dt-466 International Snow Fighter, Cab And Chassis Plus A Full Metal Jacket",Public Works and Facilities,,Pass,743,654
debt_exclusion,257,Rutland,2012,2010-09-14,Purchase A Fire Pumper,Public Safety,,Pass,855,558
debt_exclusion,004,Adams,2013,2010-10-21,Borrowing To Be Issued By The Adams Cheshire Reg.Sch. District In Order To Construct Equip And Furnish A Renovation And Addition To Hoosac Valley High School,School,,Pass,971,353
debt_exclusion,058,Cheshire,2013,2010-10-23,"Borrowing To Be Issued By The Adams-Cheshire Regional School District Committee In Order To Construck, Equip Andfurnish A Renovation And Addition To The Hoosac Valley High School",School,,Pass,399,97
debt_exclusion,190,Monroe,2011,2010-10-23,"Borrowing By Adams-Cheshire Reg. Sch. To Construct,Equip, And Furnish A Renovation And Additional To High School",School,,Pass,399,97
debt_exclusion,318,Wellfleet,2011,2010-10-27,"Pay For Surveying Proposed Site By The Sea, Prepare Necessary Tech. And Environmental Studies And Prepare For Const Of Land Based Wind Turbine",General Government,,Pass,273,110
debt_exclusion,038,Boxford,2012,2010-11-02,Finance Design And Construction And Equipment Of A New Public Library,Culture and Recreation,,Pass,2142,2034
debt_exclusion,054,Charlton,2011,2010-11-02,"Design, Construct And Equip A New Highway Operations Facility",Public Works and Facilities,,Pass,3026,2981
debt_exclusion,062,Chilmark,2013,2010-11-02,Replae Pier Connector In Menemsha Destroyed By Fire,Public Works and Facilities,,Pass,466,85
debt_exclusion,076,Dighton,2011,2010-11-02,"Finance, Design, Construction And Equipping Of A New Public Library Facilitly",Culture and Recreation,,Fail,1011,1629
debt_exclusion,111,Granby,2011,2010-11-02,Construct New School Facility,School,,Fail,1472,1532
debt_exclusion,123,Hanson,2012,2010-11-02,Towns Share Of Costs For A Feasibility Study For School,School,,Pass,2162,1903
debt_exclusion,124,Hardwick,2011,2010-11-02,Upgrades To Towns Center Water System Reconstruction Probject,Public Works and Facilities,,Fail,454,488
debt_exclusion,124,Hardwick,2011,2010-11-02,Pay For Towns Share Of Quabbin Regional School District Eduational Support Center Const. Projbec,School,,Fail,451,484
capital_exclusion,140,Hubbardston,2011,2010-11-02,Funding Cleanup Of December 2008 Ice Storm,PUBLIC WORKS & FACILITIES,90649,Fail,604,1406
debt_exclusion,141,Hudson,2011,2010-11-02,Fund Demoliton Of Existing Jfk Middle School Structure,School,,Pass,4314,2830
debt_exclusion,214,Northampton,2011,2010-11-02,Partially Finance The Construction Of A New Police Facility,Public Safety,,Pass,6647,4528
debt_exclusion,216,Northbridge,2011,2010-11-02,New Public Works Facility,Public Works and Facilities,,Fail,2053,2886
debt_exclusion,261,Sandwich,2011,2010-11-02,Finance Remodeling Of Town Buildings,General Government,,Fail,3736,5363
debt_exclusion,324,West Newbury,2012,2010-11-15,Towns Share Of Bond Issued By Pentucket Regional School District For Paying Costs Of Making Repairs To The Districts Elementary School,School,,Pass,540,425
debt_exclusion,164,Lynnfield,2011,2010-11-29,"Complete A Feasibility Study, Addition Of Classroom Space And Associated Costs At Lynnfield High School",School,,Pass,753,290
debt_exclusion,174,Maynard,2012,2010-11-30,"Funding Construction, Equipment And Furnishing Of A New High School",School,,Pass,1764,410
debt_exclusion,234,Petersham,2013,2010-12-06,Finance The Purchase Of A New Fire Truck For Fire Department,Public Safety,,Pass,62,40
debt_exclusion,011,Ashburnham,2012,2010-12-16,Design And Construct The New J.R. Briggs Elementary School,School,,Pass,800,413
debt_exclusion,129,Hawley,2012,2010-12-29,Cleaning Up Or Prevention Of Pollution Caused Ty Three Town Landfill,Public Works and Facilities,,Pass,29,8
debt_exclusion,294,Templeton,2012,2011-01-11,Repair Narragansett Regional School District Middle School Roof,School,,Pass,366,173
debt_exclusion,294,Templeton,2012,2011-01-11,Construct And Equip A Senior Center On Land Located Off Bridge Street,Culture and Recreation,,Pass,318,221
debt_exclusion,306,Wales,2012,2011-01-11,"Purchase Renovate, Construct Improvements, Remodel, Reconstruct, Etc. At The Propertly Located At 2 Main Street, Wales",General Government,,Pass,172,162
debt_exclusion,344,Winchester,2012,2011-01-11,Fund Construction Of A New Elementary School,School,,Pass,3026,2121
debt_exclusion,177,Medway,2012,2011-01-18,"Repair Middle School Including Engineering, Project Mgr. And Related Costs",School,,Pass,731,368
debt_exclusion,009,Andover,2014,2011-01-25,Bancroft School Construction,School,,Pass,1995,1168
debt_exclusion,288,Sudbury,2012,2011-01-25,"Remodel, Reconstruct, Repairs, Window Replacements, Boilers, Etc. All All Expenses Connected Therewith",School,,Pass,1459,354
debt_exclusion,083,East Bridgewater,2012,2011-02-12,"Construct, Renovate, Equip And Furnish The Center At Sachem Rock Farm",Culture and Recreation,,Pass,1973,977
debt_exclusion,083,East Bridgewater,2012,2011-02-12,Constructing A New High School And All Payments Related Thereto,School,,Pass,2547,416
debt_exclusion,235,Phillipston,2014,2011-02-28,Bonds For Narragansett Regional School Boiler,School,,Pass,45,15
debt_exclusion,235,Phillipston,2014,2011-02-28,Bonds For Narragansett Regional School Roof,School,,Pass,45,14
debt_exclusion,334,Westport,2012,2011-03-01,Fund Roof Replacement At High School And Window Replacements At High School; Window Replacemnts At Middle School; Roof Replacements At Macomber School And All Related To Thereto Them All.,School,,Pass,619,334
debt_exclusion,310,Wareham,2012,2011-03-21,Acquire Property On Main Street For Municipal Purposes And Construction Of New Buildings As Needed For Public Safety Buildings,Public Safety,,Pass,605,291
debt_exclusion,316,Webster,2012,2011-03-21,Land Acquisition And Police Station Construction,General Government,,Pass,605,291
debt_exclusion,082,Duxbury,2012,2011-03-26,Construct Designs Topreparte Contract Bid Documents And To Construct A New Police Station,Public Safety,,Pass,2797,1234
debt_exclusion,082,Duxbury,2012,2011-03-26,Fund Cost Of Construction To Rehab The Fire Dept. Headquarters Building On Tremont Street,Public Safety,,Pass,2407,1617
debt_exclusion,082,Duxbury,2012,2011-03-26,Const. Designs For A New Co-Located High School And Middle School On Site Fo Middle School,School,,Pass,2495,1573
debt_exclusion,154,Leverett,2012,2011-03-26,Replacemnt/Repair Roof And Windowns The The 1950 And 56 Portions Of Elementary School,School,,Pass,160,34
debt_exclusion,157,Lincoln,2012,2011-03-28,Complete Full Code Upgrade And Renovation Project Of Town Offices Building,General Government,,Pass,318,191
debt_exclusion,295,Tewksbury,2012,2011-04-02,Pay 50% Of Towns Debt Sevice On All Existing Sewer Bonds In Order To Construct Mun. Seweer System ,Public Works and Facilities,,Pass,2198,2156
debt_exclusion,015,Athol,2012,2011-04-04,Finance Public Library Building And Expansion Project,Culture and Recreation,,Pass,779,549
debt_exclusion,021,Barre,2012,2011-04-04,Fund Engineering And Construction Of Core Barre Common  Traffic Improvement Project And All Cost Related Tereto,Public Works and Facilities,,Pass,556,494
debt_exclusion,077,Douglas,2012,2011-04-05,Pay For Construction Equipping And Furnishing For Elementary School; Repairs To Middle School ,School,,Pass,939,689
debt_exclusion,125,Harvard,2013,2011-04-05,"Fund Development Of Schematic Design Plans For The Construction, Reconst. Renovation And Expansion Of Town-Owned Bldgs.",General Government,,Pass,820,381
debt_exclusion,166,Manchester By The Sea,2012,2011-04-05,Purchase School Technology Equipment And Plan And Develop Additional Playing Fields,School,,Pass,1159,996
debt_exclusion,315,Wayland,2012,2011-04-05,"Purchase School Technology Equipment, Plan And Develop Additional Athletic And Playing Fields",School,,Pass,1159,996
debt_exclusion,124,Hardwick,2012,2011-04-11,Pay For Towns Share Of Repair/Replacement Of Both Artium Roof And Exterior Panels At Regional Middle And High School ,School,,Fail,159,183
debt_exclusion,124,Hardwick,2012,2011-04-11,Pay For Towns Share Of Quabbin Regional School District Educational Support Construction Project,School,,Fail,145,198
debt_exclusion,124,Hardwick,2012,2011-04-11,Pay For Upgrades To Hardwick Enter Water System Reconstruction Project,Public Works and Facilities,,Fail,160,183
capital_exclusion,089,Edgartown,2012,2011-04-14,Purchase Backhoe For Highway Department,PUBLIC WORKS & FACILITIES,98000,Pass,297,200
debt_exclusion,145,Kingston,2012,2011-04-23,Construct And Reconstruct Catch Basins And Drainage Improvements And All Costs Thereto,Public Works and Facilities,,Pass,617,525
debt_exclusion,145,Kingston,2012,2011-04-23,Reconfigure The Transfer Station Including All Costs Thereto,Public Works and Facilities,,Fail,540,599
capital_exclusion,019,Ayer,2012,2011-04-25,"Radio Upgrades For Dpw,Fire,Police Departments",PUBLIC SAFETY,193039,Pass,427,404
capital_exclusion,019,Ayer,2012,2011-04-25,Purchasing A Generator And Automated Hvac Controls For Town,PUBLIC WORKS & FACILITIES,128605,Fail,319,498
capital_exclusion,019,Ayer,2012,2011-04-25,Purchase A 6-Wheel Dump Truck And Truck Lift,PUBLIC WORKS & FACILITIES,175000,Fail,324,496
debt_exclusion,186,Millbury,2012,2011-04-26,Purchase An Aerial Platform Fire Apparatus For Fire Department,Public Safety,,Pass,500,401
debt_exclusion,291,Swampscott,2012,2011-04-26,"Designing, Developing And Construction Of A New Police Station On Town Property",Public Safety,,Pass,887,858
debt_exclusion,001,Abington,2012,2011-04-30,Fund Woodsdale School Green Repair Project - Window And Door Replacement,School,,Pass,954,593
debt_exclusion,047,Buckland,2015,2011-05-02,Repair The Roof At The Buckland/ Shelburne Elementary School,School,,Pass,173,59
debt_exclusion,047,Buckland,2015,2011-05-02,Pay For The Bonds Issued In Order To Repair The Roof And Windows At The Mohawk Trail Regional School,School,,Pass,172,60
debt_exclusion,079,Dracut,2012,2011-05-02,Renovate And Construct An Addition To High School,School,,Pass,3894,1748
debt_exclusion,079,Dracut,2012,2011-05-02,Renovate And Construct An Addition To High School,School,,Pass,3894,1748
debt_exclusion,098,Florida,2012,2011-05-02,Roof Repair Gabriel Memorial,School,,Pass,37,11
debt_exclusion,098,Florida,2012,2011-05-02,Water Infiltration Gabriel Memorial,School,,Pass,37,11
debt_exclusion,120,Hampden,2012,2011-05-02,Purchase A Fire Engine To Replace Old One,Public Safety,,Pass,288,142
capital_exclusion,168,Marblehead,2012,2011-05-02,Landfill Capital Exclusion,GENERAL OPERATING,656000,Pass,3492,2601
debt_exclusion,303,Upton,2012,2011-05-02,Renovations To The Miscoe Hill Middle School,School,,Pass,640,420
debt_exclusion,318,Wellfleet,2012,2011-05-02,"Pay For Paving Projects, Roof Repair And Recreations Field Maintenance",General Government,,Pass,348,193
debt_exclusion,318,Wellfleet,2012,2011-05-02,Construct-Reconstruct Repair Various Public Roads Within Town,Public Works and Facilities,,Pass,384,159
debt_exclusion,318,Wellfleet,2012,2011-05-02,Install Fiber Optic Cables And A Network At Various Town Facilities,General Government,,Fail,224,306
debt_exclusion,242,Provincetown,2012,2011-05-03,Purchase Equipment To Implement Single Stream Recycling Program,General Government,,Pass,578,246
debt_exclusion,242,Provincetown,2012,2011-05-03,Extend Air Conditioning On Second Floor Of Public Library,Culture and Recreation,,Pass,499,320
debt_exclusion,242,Provincetown,2012,2011-05-03,Capital Improvements And Transition Costs Related To Relocation To Veterans Memorial Elementary School,School,,Pass,548,268
debt_exclusion,242,Provincetown,2012,2011-05-03,Pay For Department Of Public Works Fleet Replacement,Public Works and Facilities,,Pass,446,367
debt_exclusion,323,West Brookfield,2013,2011-05-03,Pay For The Bond Issued By The Quaboag Regional School District In Order To Complete Capital Projects To Update Facilities And The Elementary School,School,,Pass,1504,230
debt_exclusion,261,Sandwich,2013,2011-05-05,"Constructing Improvements And Remodeling, Constructing, And Makinging Repairs To Oak Ridge School And Forestdale School Roofs And Windowns",School,,Pass,1852,1076
capital_exclusion,298,Topsfield,2012,2011-05-05,Purchase And Equipping Of A Dump/Plow/Sander For Highway Department,PUBLIC WORKS & FACILITIES,145000,Fail,543,674
debt_exclusion,033,Blandford,2012,2011-05-07,Purchase A New 2011 Cab And Chassis With Plow,Public Works and Facilities,,Pass,133,98
debt_exclusion,033,Blandford,2012,2011-05-07,Purchase A New 2011 Large Dump Truck With Plow And Sander,Public Works and Facilities,,Pass,129,102
debt_exclusion,122,Hanover,2012,2011-05-07,Perform Road Maintenance And Reconstruction,Public Works and Facilities,,Pass,396,356
debt_exclusion,140,Hubbardston,2012,2011-05-07,"Design, Engineer, And Construct New Roof For Middle School",School,,Pass,385,60
debt_exclusion,140,Hubbardston,2012,2011-05-07,"Design, Engineer And Replace Boiler At High School",School,,Pass,388,57
debt_exclusion,140,Hubbardston,2012,2011-05-07,"Design, Engineer, Construct And Equip -High School Science Lab Design Fee-Sprinkler System Upgrades To School Bldgs, Dpw Drainage Improvement Projects And High School Science Lab Improvements",General Government,,Pass,377,69
debt_exclusion,333,Weston,2012,2011-05-07,"Design, Engineer, Replace Boiler At Weston High School",School,,Pass,388,57
debt_exclusion,333,Weston,2012,2011-05-07,"Design, Equip, Engineer And Construct H.S. Science Lab Sprinkler System, Energy Engineering Upgrades To Municipal And School Bldgs. Dpw Drainage Improvement Projects And H.S. Science Lab Improvements",General Government,,Pass,377,69
debt_exclusion,333,Weston,2012,2011-05-07,"Design, Engineer And Construct New Roof For Weston Middle School",School,,Pass,385,60
debt_exclusion,034,Bolton,2012,2011-05-09,Acquire A Perpetual Conservation Restriction On Land Owned By Paul And Barbara Weatherbee,General Government,,Pass,363,177
debt_exclusion,034,Bolton,2012,2011-05-09,Purchase A Used 6-Wheel Dump Body Sanding Truck For Dpw,Public Works and Facilities,,Pass,389,145
capital_exclusion,069,Cummington,2012,2011-05-09,Library Capital Expenditures,CULTURE AND RECREATION,5000,Pass,38,8
debt_exclusion,070,Dalton,2012,2011-05-09,Renovation Of Replacement And Or Rehab Of Roof And Skylights And Craneville Elementary Sch.,School,,Pass,378,313
debt_exclusion,070,Dalton,2012,2011-05-09,"Design, Engineer, Construct Second Floor Renovations -Wiring,Insulation And Stairway Enclosures",General Operating,,Fail,327,365
debt_exclusion,070,Dalton,2012,2011-05-09,"Design, Engineer, Construct Town Hall Handicapped Accessibility-Elevator For All Three Floors Of Town Hall Hall Including Police Dept.",General Operating,,Fail,315,357
debt_exclusion,070,Dalton,2012,2011-05-09,"Design, Engineer, Construct Library Renovations",Culture and Recreation,,Pass,352,340
debt_exclusion,113,Great Barrington,2012,2011-05-09,Purchasing And Equipping New Fire Truck And Other Costs Related,Public Safety,,Pass,311,294
debt_exclusion,203,New Marlborough,2012,2011-05-09,Make Renovations To Town Hall,General Government,,Pass,261,145
debt_exclusion,203,New Marlborough,2012,2011-05-09,Purchase A New Police Cruiser,Public Safety,,Fail,204,205
debt_exclusion,203,New Marlborough,2012,2011-05-09,Costs Of Remodeling And Repairing Southern Berkshire Reg. School,School,,Fail,194,209
debt_exclusion,228,Paxton,2012,2011-05-09,Finance Project To Replace Windows And Repair Part Of Roof At Paxton Center School,School,,Pass,195,118
debt_exclusion,241,Princeton,2012,2011-05-09,Thomas Prince Elementary School,School,,Pass,139,66
debt_exclusion,267,Sheffield,2012,2011-05-09,Regional School Districts Improvements,School,,Fail,158,257
debt_exclusion,269,Sherborn,2012,2011-05-10,Pay For Towns Share To Reconstruct Or Make Extraordinary Repairs To The Regional School Camput,School,,Pass,768,443
debt_exclusion,269,Sherborn,2012,2011-05-10,"Planning, Engineering And Constructin Of A Stormwater Management Program Facilities",Public Works and Facilities,,Fail,497,692
debt_exclusion,269,Sherborn,2012,2011-05-10,Construct A New Access Road And Additional Parking At Pine Hill School Including Design And Costs Related To,School,,Fail,550,680
debt_exclusion,269,Sherborn,2012,2011-05-10,Purchase A Used Snowfighter/Dumptruck For Community Maintenance And Development Deparment,Public Works and Facilities,,Pass,634,561
debt_exclusion,269,Sherborn,2012,2011-05-10,Update Police And Fire Department Communications Equipment,Public Safety,,Pass,688,511
debt_exclusion,300,Truro,2014,2011-05-10,"Pay Costs Of Making Repairs To The Pamet Harbor South Jetty, And For The Payment Of All Costs Incidental And Related Thereto",General Government,,Pass,170,56
debt_exclusion,116,Groveland,2013,2011-05-11,Dr. Elmer S. Bagnali School Bonds,School,,Pass,715,626
debt_exclusion,309,Ware,2013,2011-05-16,Construct Improvements At The Wastewater Treatment Plant,Public Works and Facilities,,Pass,2033,1732
debt_exclusion,312,Warwick,2012,2011-05-16,Purchase Heavy Duty Dump Truck And Sander,Public Works and Facilities,,Pass,56,19
debt_exclusion,038,Boxford,2012,2011-05-17,Pay For The Bond Issued In Order Tp Pay Costs Of Puchasing Land Known As Colby Property,General Government,,Fail,464,522
debt_exclusion,038,Boxford,2012,2011-05-17,"Pay Costs Of Architectural, Engineering, Permitting And All Other Expenses To Complete Phase I  Design Of A New Council On Aging Center     ",Culture and Recreation,,Fail,320,640
debt_exclusion,051,Carlisle,2014,2011-05-17,Sander/Dump Truck Purchase,Public Works and Facilities,,Pass,72,62
debt_exclusion,086,Eastham,2012,2011-05-17,"Prepare Plans, Bidding Documents, Constructing, Equipping, Additions, Remodeling, Etc. For Public Library",School,,Pass,820,562
debt_exclusion,096,Falmouth,2012,2011-05-17,Purchase Police Cruisers And To Repair Town Buildings And Facilities,General Government,,Fail,3030,3500
debt_exclusion,096,Falmouth,2012,2011-05-17,Implement The Comprehensive Wastewater Management Plan,Public Works and Facilities,,Pass,4210,2324
debt_exclusion,096,Falmouth,2012,2011-05-17,"Engineer, Design And Construct Repairs, Modifications And Improvements To The Towns Sewer System",Public Works and Facilities,,Pass,3975,2497
capital_exclusion,096,Falmouth,2012,2011-05-17,Long Pond Filtration Feasibility Pilot Study,PUBLIC WORKS & FACILITIES,800000,Pass,3298,3197
debt_exclusion,122,Hanover,2012,2011-05-17,Pay Costs Of Making General Roadway Repairs And Improvements,Public Works and Facilities,,Pass,832,389
debt_exclusion,122,Hanover,2012,2011-05-17,Buy A New Fire Truck,Public Safety,,Pass,914,314
debt_exclusion,126,Harwich,2012,2011-05-17,Pay For Bonds Issued In Order To Dredge Allen Harbor,Public Works and Facilities,,Pass,834,626
debt_exclusion,126,Harwich,2012,2011-05-17,Expand Cranberry Valley Golf Course Septic System,Culture and Recreation,,Fail,730,741
capital_exclusion,126,Harwich,2012,2011-05-17,Purchase And Equip New Fire Pumper And To Refurbish One 1987 Pierce Fire Pumber,PUBLIC SAFETY,525000,Pass,850,630
capital_exclusion,126,Harwich,2012,2011-05-17,Continuing Comprehensive Wastewater Management Plan,PUBLIC WORKS & FACILITIES,100000,Pass,930,540
debt_exclusion,144,Ipswich,2024,2011-05-17,"Purchase Real Estate For Open Space, Water Supply Proteciton",General Government,,Pass,1247,822
debt_exclusion,173,Mattapoisett,2012,2011-05-17,Make General Road Repairs And Improvemnts,Public Works and Facilities,,Pass,832,389
debt_exclusion,173,Mattapoisett,2012,2011-05-17,Buy A New Fire Truck,Public Safety,,Pass,914,314
debt_exclusion,179,Mendon,2012,2011-05-17,"Renovate Miscoe Hill Middle School-Including Replacement Of Roof, Boiler And Windowns",School,,Pass,922,666
debt_exclusion,179,Mendon,2012,2011-05-17,Purchase Pumper/Tanker Vehicle For Fire Department,Public Safety,,Pass,834,744
debt_exclusion,179,Mendon,2012,2011-05-17,Purchase Multi-Purpose Trackless Vehicle For The Highway Dept.,Public Works and Facilities,,Fail,574,982
capital_exclusion,216,Northbridge,2012,2011-05-17,"Purchase A New Fire Truck, Heavy Duty Dump Truck With Plow -Warning Lights Radio Equipment",GENERAL GOVERNMENT,755000,Pass,475,296
debt_exclusion,224,Orleans,2015,2011-05-17,Fund Replacement Municipal Piers At Rock Harbor And Boat Launch Ramp At River Road,General Government,,Pass,631,365
debt_exclusion,224,Orleans,2017,2011-05-17,Fund The Replacement Of Water Treatment Plant Membranes,Public Works and Facilities,,Pass,741,259
debt_exclusion,226,Oxford,2012,2011-05-17,Pay Costs Of Oxford Middle School Renovation Project Including All Costs,School,,Pass,230,179
debt_exclusion,351,Yarmouth,2012,2011-05-17,Purchase 20 Ton Dump Truck For Making Improvements To Town Building,General Government,,Fail,2164,2170
debt_exclusion,351,Yarmouth,2012,2011-05-17,Finance Improvements To Flax Pond Lodge Bldg. Including Const. And Installation Of Septic System,General Government,,Pass,2537,1840
debt_exclusion,317,Wellesley,2012,2011-05-18,"Fund Plans And Specifications,Construction Remodeling And Equiping Public Works Facility",Public Works and Facilities,,Pass,617,337
debt_exclusion,320,Wenham,2012,2011-05-19,Purchase A Multi-Purpose Trackless Machine For Highway Department,Public Works and Facilities,,Pass,55,24
debt_exclusion,022,Becket,2013,2011-05-21, Purchase And Equip Fire Pumper,Public Safety,,Pass,197,119
debt_exclusion,123,Hanson,2012,2011-05-21,Pay For Towns Share Of Bond Issued By Whitman/Hanson Regional-Making Repairs To Roof At Indian Head School,School,,Fail,549,753
debt_exclusion,152,Lenox,2013,2011-05-23,"Construction, Equipping, Furnishing And Landscaping New Public Works Facility, Including Demolishing Existing One",Public Works and Facilities,,Fail,721,1020
debt_exclusion,175,Medfield,2012,2011-05-23,"Construction, Equipping, Furnishing And Landscaping New Public Works Facility, Including Demolishing Town Garage",Public Works and Facilities,,Fail,721,1020
debt_exclusion,119,Hamilton,2016,2011-05-26,"Pay For The Bonds Issued To Finance The Cost Of Closing And Capping The Town Landfill, Including Planning, Design And Engineering, And All Other Costs",General Government,,Pass,571,336
debt_exclusion,307,Walpole,2012,2011-06-04,General Municipal Purposes,General Government,,Fail,1576,2362
debt_exclusion,307,Walpole,2012,2011-06-04,General Municipal Purposes,General Government,,Fail,1576,2362
debt_exclusion,307,Walpole,2012,2011-06-04,General Municipal Purposes,General Government,,Fail,1576,2362
capital_exclusion,331,Westhampton,2012,2011-06-04,Purchase Of A Backhoe For The Highway Department,PUBLIC WORKS & FACILITIES,98000,Pass,80,36
debt_exclusion,350,Wrentham,2012,2011-06-04,Construct Public Safety Building And Remodel Town Hall,General Government,,Fail,1144,1889
debt_exclusion,003,Acushnet,2012,2011-06-07,Engineering Design And Permitting Of The Proposed Route 20 Sewer System,Public Works and Facilities,,Fail,1631,1940
capital_exclusion,003,Acushnet,2012,2011-06-07,Funding Dpw Capital Expenses ,PUBLIC SAFETY,100000,Fail,1709,1914
debt_exclusion,159,Longmeadow,2013,2011-06-07,Design And Repair Drainage Systems And Erosion Off Ely Way And Englewood Road,Public Works and Facilities,,Pass,267,234
debt_exclusion,288,Sudbury,2012,2011-06-07,Engineering Design And Permitting Of Proposed Route 20 Sewer System,Public Works and Facilities,,Fail,1631,1940
capital_exclusion,288,Sudbury,2012,2011-06-07,Funding Dpw Capital Expenses,PUBLIC WORKS & FACILITIES,100000,Fail,1709,1914
debt_exclusion,096,Falmouth,2012,2011-06-11,"Renovate, Construct, Repairs To High School, Const Pump Station, Sewer Connection",General Government,,Pass,3138,1329
debt_exclusion,096,Falmouth,2012,2011-06-11,"Reconstruct, Refurbish, And Repairs To High School Bleachers And Track",School,,Pass,3164,1300
debt_exclusion,154,Leverett,2012,2011-06-11,Purchase And Equip A New Or Used Fire Engine,Public Safety,,Pass,138,12
debt_exclusion,218,Norton,2012,2011-06-11,"Reconstruct, Refurbishih And Repairs To High School Bleachers And Track",School,,Pass,3164,1300
debt_exclusion,218,Norton,2012,2011-06-11,"Constructing, Remodeling And Expanding High School And Planning, Design Furnish And Equip Pump Station And Sewer Connection",General Government,,Pass,3138,1329
debt_exclusion,168,Marblehead,2012,2011-06-14,"Funding The Permitting, Public Bidding And Construction Of A Cap For The Encompassing The Old Landfill, Etc",Public Works and Facilities,,Pass,3416,2681
debt_exclusion,168,Marblehead,2012,2011-06-14,"Funding The Design, Project Management And Construction Of A New Elementary School",School,,Pass,3394,2753
debt_exclusion,197,Nantucket,2012,2011-06-14,Deisgn And Construct The Upgrades To Treatment Facilities,Public Works and Facilities,,Fail,528,828
debt_exclusion,337,Whately,2012,2011-06-14,Purchase Highway Dump Truck,Public Works and Facilities,,Pass,90,72
capital_exclusion,337,Whately,2012,2011-06-14,Police Cruiser,PUBLIC SAFETY,30000,Fail,67,94
debt_exclusion,257,Rutland,2013,2011-06-20,"Replace A Boiler, Replace Windows And Perform Roof Repairs At Elementary School",School,,Pass,407,256
debt_exclusion,018,Avon,2013,2011-06-21,Replace Roof At Ralph Butler School,School,,Pass,287,222
debt_exclusion,245,Raynham,2012,2011-06-25,Engineer And Construct Interceptor And Lateral Sewers In The South Area Of Town ,Public Works and Facilities,,Pass,326,84
debt_exclusion,085,East Longmeadow,2012,2011-06-28,"Cost Of Athletic Field Lighting System Retrofit,Fence,Bleachers, Etc.",Culture and Recreation,,Fail,362,386
debt_exclusion,085,East Longmeadow,2012,2011-06-28,Pay For The Costs Of The Public Safety Radion Update,Public Safety,,Pass,402,343
debt_exclusion,270,Shirley,2012,2011-06-28,"Repairs And Replace Certain Items For School, Public Works Dept. -Library-Police Dept. And Fire Dept.",General Government,,Pass,551,457
debt_exclusion,204,New Salem,2013,2011-07-11,Brush Truck Bonds,Public Safety,,Pass,51,35
debt_exclusion,204,New Salem,2013,2011-07-11,Fire Station Exhaust Removal System Bonds,Public Safety,,Pass,60,26
capital_exclusion,140,Hubbardston,2012,2011-08-23,Road Repairs ,PUBLIC WORKS & FACILITIES,225000,Fail,220,230
debt_exclusion,334,Westport,2012,2011-09-13, Repave Lots And Paved Areas At High School And Replace Lighting Panels At High School,School,,Fail,468,1654
debt_exclusion,334,Westport,2012,2011-09-13,"Purchase Of Highway Dept. Equipment(Trucks,Plows, Sanders, Etc)",Public Works and Facilities,,Fail,564,1557
debt_exclusion,086,Eastham,2013,2011-09-21,Nauset Regional High Exterior Reconstruction,School,,Pass,456,176
debt_exclusion,022,Becket,2013,2011-09-24,Purchase And Equip Fire Pumper,Public Safety,,Pass,197,119
debt_exclusion,022,Becket,2013,2011-09-24,Purchase And Equip  A Class A Fire Pumper,Public Safety,,Pass,265,135
debt_exclusion,066,Colrain,2013,2011-09-27,Paying Costs Of Roof And Window Replacement At Regional School,School,,Pass,73,65
debt_exclusion,066,Colrain,2013,2011-09-27,Towns Share For Purpose Of Paying Costs Of Roof And Window Replacement At Central School,School,,Pass,77,61
debt_exclusion,038,Boxford,2013,2011-10-22,"Pay Costs Of Repairs, Renovations, Water Storage Expansion Of The Spofford Pond Scholl Water Treatment Plant",School,,Pass,398,161
debt_exclusion,224,Orleans,2012,2011-10-25,Orleans Share Of Nrhs Repair,School,,Pass,324,57
debt_exclusion,318,Wellfleet,2014,2011-10-25,Pay Wellfleets Allocable Share Of Bond Issued By The Nauset Regional School District,School,,Pass,232,46
debt_exclusion,131,Hingham,2012,2011-10-29,Furnishing And Equipping A New Middle School On Main Street,School,,Pass,3078,2353
debt_exclusion,131,Hingham,2012,2011-10-29,"Replacement Of High School Track, Repair School Tennis Court, Design Of Phase Ii Of High School Fields Improvement Project",School,,Pass,3770,1661
debt_exclusion,094,Fairhaven,2012,2011-11-02,Furnish A New Leroy L. Wood Elementary School,School,,Pass,1749,1600
debt_exclusion,051,Carlisle,2013,2011-11-05,"Towns Share Of The Bonds Issued By The Concord-Carlisle Reg. School Dist. For Costs Of Designing, Constructing, Equipping And Furnishing A New District High School",School,,Pass,965,184
debt_exclusion,082,Duxbury,2012,2011-11-05,Design And Construct A New Co-Located Middle And High School,School,,Pass,1932,1528
debt_exclusion,041,Brewster,2013,2011-11-08,"Replace Windows, Exterior Doors, And Roofs At Nauset Reg. High School",School,,Pass,640,216
debt_exclusion,262,Saugus,2013,2011-11-08,Repair The Augustine J. Belmonte Middle School,School,,Pass,2997,1854
debt_exclusion,275,South Hadley,2014,2011-11-08,Library Bonds,Culture and Recreation,,Pass,1751,1412
debt_exclusion,126,Harwich,2012,2011-11-09,Towns Share Of Bond Issued By Monomoy Reg. School District For Purpose Of Feasibilty Study For Construction Of A New School,School,,Pass,554,183
capital_exclusion,126,Harwich,2012,2011-11-09,"Purchasing And Equipping A Nww Type Iii, Advanced Life Support Medical Vehicle",PUBLIC SAFETY,185000,Pass,545,192
debt_exclusion,333,Weston,2012,2011-11-12,"Design, Engineer, Construct And Equip A New Field School On Alphabet Lane In Weston.",School,,Pass,849,231
debt_exclusion,067,Concord,2013,2011-11-15,"Designing, Constructing And Originally Equipping And Furnishing A New District High School And Alternative Physical Education Center",School,,Pass,3572,659
debt_exclusion,158,Littleton,2013,2011-11-19,Reconstruct The Track Facility Located On Town Owned Property At 55 Russell Street,Public Works and Facilities,,Pass,462,299
debt_exclusion,171,Marshfield,2013,2011-11-19,Fund Construction Of A New High School,School,,Pass,4723,2034
debt_exclusion,342,Wilmington,2013,2011-12-06,"Designing, Permitting, Constructing, Equipping And Furnishing A New High School Including Costs Thereof",School,,Pass,3778,1238
debt_exclusion,038,Boxford,2013,2011-12-13,"Costs Of Repairs, Renovations And Replacement Of Ten Classroom Unit Ventilators At Spofford Pond School",School,,Pass,409,150
debt_exclusion,038,Boxford,2013,2011-12-13,"Cost Of Repairs, Renovations And Additional Water Storage And Expansion Of The Spofford Pond School Water Treatment Plant",School,,Pass,398,161
debt_exclusion,038,Boxford,2013,2011-12-13,"Pay For Costs Of Repairs, Renovations, Replacement Of Ten Classroom Unit Ventilators At Spofford Pond School",School,,Pass,409,150
debt_exclusion,280,Spencer,2013,2011-12-13,Pay For The Purchase Of What Is Known As Sibley-Warner Farm,General Government,,Pass,337,144
debt_exclusion,027,Berkley,2013,2011-12-17,"Bond Issued By Somerset-Berkley Regional School District For Paying Costs Of Designing, Constructing Equipping And Furnishing A New High School",School,,Pass,421,185
debt_exclusion,273,Somerset,2013,2011-12-19,"Towns Share Of Bond Issued By Somerset-Berkley Reg.Sch.District For Purpose Of Paying Costs Of Designing,Constructing Etc. For A New High School Including All Costs Related Hereto",School,,Pass,1364,697
debt_exclusion,129,Hawley,2013,2011-12-26,Paying Costs Of Roof And Window Replacement At Mohawk Trail Regional School,School,,Pass,22,5
debt_exclusion,272,Shutesbury,2013,2012-01-10,"Design, Construct, Originally Furnish And Equip The New Library",Culture and Recreation,,Fail,522,523
debt_exclusion,155,Lexington,2013,2012-01-24,"Planning -Constructing, Equipping And Furnishing A New Estabrook Scool On Current Site And All Costs Thereto",School,,Pass,4140,1570
debt_exclusion,155,Lexington,2013,2012-01-24,Reconstructing And Repairs To The Bridge And Bowmans Schools Including Costs Thereto,School,,Pass,3756,1945
debt_exclusion,112,Granville,2014,2012-01-31,Southwick Tolland Middle  Renovation,School,,Pass,217,120
debt_exclusion,279,Southwick,2014,2012-01-31,Bonds For School Projects,School,,Fail,1141,1390
debt_exclusion,297,Tolland,2014,2012-01-31,Pay The Tolland?S Share Of Bonds Issued By Southwick-Tolland Regional School District ,School,,Pass,64,24
debt_exclusion,213,North Reading,2013,2012-03-24,Construct An Addition And Renovate Middle School And Construct New High School,School,,Pass,3075,802
debt_exclusion,101,Franklin,2013,2012-03-27,Construct A New High School And All Other Costs Related Thereto,School,,Pass,7988,1982
debt_exclusion,255,Royalston,2013,2012-04-02,Replace Wastewater Treatment Plant,Public Works and Facilities,,Pass,140,49
debt_exclusion,265,Seekonk,2013,2012-04-02,"Designing, Constructing, Equipping And Furnishing A Human Services/Senior Center And All Costs Related To",Culture and Recreation,,Pass,1459,962
debt_exclusion,340,Williamsburg,2013,2012-04-02,Bonds Issued In Order To Renovate And Construct An Addition To Anne T. Bunphy School Building,School,,Pass,429,79
debt_exclusion,284,Stoneham,2013,2012-04-03,"Additions And Renovations Of The Central School, Which Will Hourse The Middle School Grades 5-8 And Replace Sonteham Middle School",School,,Pass,2009,1688
debt_exclusion,197,Nantucket,2013,2012-04-10,Construction Of A Wind Turbine At Madaket Landfill,Public Works and Facilities,,Fail,799,1491
debt_exclusion,197,Nantucket,2013,2012-04-10,Professional Services To Design And Const. Of Hummock Pond Road Bike Path,Culture and Recreation,,Pass,1841,514
debt_exclusion,197,Nantucket,2013,2012-04-10,20 South Water Street Renovation,Public Works and Facilities,,Fail,795,1465
debt_exclusion,334,Westport,2013,2012-04-10,Pay Costs Of Environmental Remediation At Westport Middle School,School,,Fail,1347,1739
debt_exclusion,089,Edgartown,2013,2012-04-12,Demolish An Existing Building And Construct A New Library,Culture and Recreation,,Pass,480,206
debt_exclusion,327,West Tisbury,2013,2012-04-12,Pay Costs Of Reconstructing Town Roads And All Costs Related Thereto,Public Works and Facilities,,Pass,461,229
debt_exclusion,327,West Tisbury,2013,2012-04-12,Finance Renovation Of West Tisbury Free Public Library,Culture and Recreation,,Pass,559,139
debt_exclusion,251,Rockland,2014,2012-04-14,"Pay Costs Of Designing, Construction Originally Equipping And Furnishing A Senior Center",General Government,,Pass,1546,1202
debt_exclusion,251,Rockland,2014,2012-04-14,"Fund The Design, Engineering, Repair And Reconstruction Of The Streets Listed",General Government,,Pass,1378,1276
debt_exclusion,062,Chilmark,2013,2012-04-23,Conduct Exterior Repairs To West Tisbury School,School,,Pass,187,54
debt_exclusion,232,Pepperell,2013,2012-04-23,New Ambulance For Safety Dept,Public Safety,,Pass,343,191
debt_exclusion,299,Townsend,2013,2012-04-23,Feasibility Study To Examine Possible Construction Of A New Ight School,School,,Pass,233,196
capital_exclusion,300,Truro,2013,2012-04-24,Paying For A Rubber Tire Loader For The Department Of Public Works,PUBLIC WORKS & FACILITIES,150000,Pass,334,285
debt_exclusion,001,Abington,2014,2012-04-28,Feasibility Study Frolio Middle School,School,,Pass,1214,857
debt_exclusion,318,Wellfleet,2014,2012-04-30,Paving Bank & Commercial Street,Public Works and Facilities,,Pass,368,239
debt_exclusion,114,Greenfield,2013,2012-05-01,Construct A New Greenfield High School,School,,Pass,2392,557
debt_exclusion,125,Harvard,2013,2012-05-01,"Design, Construct, Renovate Town Hall",General Government,,Pass,755,736
debt_exclusion,125,Harvard,2014,2012-05-01,Pay For The Bond Issued To Reconstruct And Repair Littleton County Road From Old Schoolhouse Road To The Littleton Town Line,General Government,,Pass,827,624
debt_exclusion,242,Provincetown,2013,2012-05-01,Repair Exterior Walls Of Providence High School,School,,Pass,584,422
debt_exclusion,242,Provincetown,2013,2012-05-01,Purchase Four Pick-Up Trucks And Two Tractors For Dpw,Public Works and Facilities,,Fail,445,560
debt_exclusion,242,Provincetown,2013,2012-05-01,Purchase New Rescue Ambulance For Fire Department,Public Safety,,Pass,681,337
debt_exclusion,242,Provincetown,2013,2012-05-01,"Costs Associated With The Maintenance, Repair And Repaving Of Streets And Sidewalks On Commercial Street",General Government,,Pass,736,284
debt_exclusion,242,Provincetown,2013,2012-05-01,Pay For Costs With Retrofitting Towns Emergency Management Shelter With High Wind Protection Shutters And Emergency Generator,General Government,,Pass,561,445
debt_exclusion,242,Provincetown,2013,2012-05-01,Pay For The Costs Associated With Ongoing Improvements In Towns Drainage System,Public Works and Facilities,,Pass,641,362
debt_exclusion,242,Provincetown,2013,2012-05-01,Pay For Installation And Connection Of The Open Cape Network,General Government,,Pass,514,471
debt_exclusion,311,Warren,2013,2012-05-01,"Towns Allocable Share Of Bond Issued By Quab. Reg. School District For Paying Costs Of Remodeling, Reconstructing And Making Repairs To The Reg./Middle High School Tech Infrastructure Lighting And Mechanical Systems",School,,Pass,285,205
debt_exclusion,311,Warren,2013,2012-05-01,Towns Allocable Share Of Bond Issued By Quab. Reg. School District For Constructing And Reconstructing And Making Repairs To Warren Elem. School Tech. Systems,School,,Pass,284,205
debt_exclusion,323,West Brookfield,2013,2012-05-03,Pay For The Bond Issued By The Quaboag Regional School District In Order To Complete Capital Projects To Pdate Facilities At The Regional Middle/High School,School,,Pass,965,955
debt_exclusion,013,Ashfield,2014,2012-05-05,Purchase Of A Fire Truck,General Government,,Pass,216,106
debt_exclusion,054,Charlton,2013,2012-05-05,"Towns Allocable Share Of The Bond Issued Lby The Southern Worcester County Reg. Voc. School District For Paying Costs Of Designing, Constructing, Equipping And Furnishing An Addition Of The Bay Path Reg. Voc. Tech. H.S.",School,,Pass,484,392
debt_exclusion,333,Weston,2013,2012-05-05,"Design, Engineer, Construct And Equip Dpw Drainage Improvement Projects And Als South Side Drainage Improvement Project",Public Works and Facilities,,Pass,1010,420
debt_exclusion,058,Cheshire,2013,2012-05-07,"Purchase A Current Year Model Gvw 42000 Pounds, Four Wheel Drive Sander-Plow-Dump Truck For Highway Department",Public Works and Facilities,,Pass,242,162
debt_exclusion,080,Dudley,2013,2012-05-07,Towns Share Of Bond Issued By Southern Worcester County Regional Vocational School District- For Designing-Constructing Equipping And Furnishing,School,,Fail,249,353
debt_exclusion,212,North Brookfield,2013,2012-05-07,"Towns Share Of Bond Issued By Southern Worcester County Reg. Voc. Sch. District To Pay For Costs Designing,Construction, Equip And Furnish And Renovate Of The Bay Path Reg.Voc. Tech. High Sch.",School,,Fail,157,189
debt_exclusion,269,Sherborn,2013,2012-05-08,Bond Issued To Make Improvements To Library,Culture and Recreation,,Pass,386,206
debt_exclusion,269,Sherborn,2013,2012-05-08,Purchase Multi-Purpose Sidewalk Plow And Mower For Maintenance Dept.,Public Works and Facilities,,Pass,308,274
debt_exclusion,269,Sherborn,2013,2012-05-08,Purchase A Brush Truck And Equipment For Fire Department,Public Safety,,Pass,316,263
debt_exclusion,269,Sherborn,2013,2012-05-08,Reconstruct And Pave Roadway Inside The Transfer Station,Public Works and Facilities,,Fail,249,334
debt_exclusion,269,Sherborn,2013,2012-05-08,Make Renovations And Improvements To Elder Housing Complex,General Government,,Pass,417,167
debt_exclusion,269,Sherborn,2013,2012-05-08,Make Improvements To Pine Hill School Including Design And Engineering Costs,School,,Pass,389,203
debt_exclusion,269,Sherborn,2013,2012-05-08,"Pay For Planning, Engineering And Construction Of A Stormwater Management Program And Facilities",Public Works and Facilities,,Pass,316,266
debt_exclusion,279,Southwick,2014,2012-05-08,Bonds For School Projects,School,,Pass,1380,1296
debt_exclusion,280,Spencer,2013,2012-05-08,"Pay Towns Share By The Southern Worcester County Regional Voc. School District For Purpose Of Designing, Constructing, Originally Equipping And Furnishing An Addition And Renovation Of Bay Path Reg. Voc. Tech. H>S>",School,,Pass,409,392
debt_exclusion,300,Truro,2018,2012-05-08,Bonds For Engineering And Construction Eagle Creek Tidal Restoration,Public Works and Facilities,,Pass,381,235
debt_exclusion,300,Truro,2018,2012-05-08,Bonds For Engineering And Construction For Town Landfill,Public Works and Facilities,,Pass,426,191
debt_exclusion,104,Aquinnah,2013,2012-05-09,Towns Share Of The Bond Issued By The Up-Island Regional School District For The Purpose Of Paying Costs For The Addition And Renovation Of The West Tisbury School,School,,Pass,39,13
debt_exclusion,104,Aquinnah,2013,2012-05-09,Towns Share Of The Bond By The Up-Island Regional School District For Paying Costs Of Construction Of The New Chilmark School,School,,Pass,39,13
debt_exclusion,104,Aquinnah,2013,2012-05-09,Towns Share Of The Bond Issued By The Up-Island Regional School District For Paying Costs Of Acquiring School Buses,School,,Pass,42,10
debt_exclusion,104,Aquinnah,2013,2012-05-09,Towns Share Of The Bond Issued By Martha'S Vineyard Regional High School District For Acquiring New School Buses,School,,Pass,41,11
debt_exclusion,104,Aquinnah,2013,2012-05-09,Bond Issued By The Up-Island Regional School District For The Purpose Of Paying Costs For Repairs To Eh West Tisbury School,School,,Pass,40,11
capital_exclusion,261,Sandwich,2013,2012-05-10,Sandwich Public Library Construction And Remodeling,CULTURE AND RECREATION,500000,Pass,1013,893
debt_exclusion,027,Berkley,2013,2012-05-12,"Design, Construct And Originaly Equip And Furnish A New Town Hall",General Government,,Pass,336,102
debt_exclusion,095,Fall River,2014,2012-05-12,Bonds For New Town Hall,General Government,,Pass,336,102
debt_exclusion,070,Dalton,2013,2012-05-14,"Capital Improvement Program Consisting Of Police Cruiser And Related Equipment, Highway Equipment-Small Excavator And 1/2 Ton Pick-Up, Etc.",General Government,,Fail,289,294
debt_exclusion,092,Essex,2013,2012-05-14,Renovations To Town Hall And Library Building At 30 Martin Street,Culture and Recreation,,Pass,284,175
debt_exclusion,092,Essex,2013,2012-05-14,Acquire Property For Relocation Of Town Offices From Present Town Hall And Renovation Of Such Property And Equipping Such Offices ,General Government,,Fail,132,319
capital_exclusion,092,Essex,2013,2012-05-14,"Purchase, Refurbish And Equipment Of An Aerial Truck For Fire Department And Renovations To Station To Accomodate Truck",PUBLIC SAFETY,190000,Pass,287,174
debt_exclusion,141,Hudson,2013,2012-05-14,Towns Share Of The Bondissued By Assabet Valley Reg. Voc. School Dist. For Purpose Of Paying Costs Of Assabet Valley Reg. Tech. High School Repair/Renovation Project,School,,Pass,1118,614
debt_exclusion,203,New Marlborough,2013,2012-05-14,Make Renovations To Town Hall,General Government,,Pass,161,75
debt_exclusion,203,New Marlborough,2013,2012-05-14,Purchase A New Highway Truck With Plow And Sander,Public Works and Facilities,,Pass,159,81
debt_exclusion,203,New Marlborough,2013,2012-05-14,Purchase A New Fire Truck,Public Safety,,Fail,115,122
debt_exclusion,228,Paxton,2013,2012-05-14,"Towns Allocable Share Of The Bond Issued By The Southern Worcester County Reg. Voc. Sch. District For The Purpose Of Paying Costs Of Designing, Constructing, Equipping And Furnishing An Addition Of The Bay Path Regional Voc. Tech. H.S.",School,,Fail,250,350
debt_exclusion,257,Rutland,2013,2012-05-14,"Towns Allocable Share Of Bond Issued By Southern Worcester County Reg. Vocational School District For Purpose Of Paying Costs Of Designing, Constructing And Equipping An Addition To And Renovation Of Bay Path Reg. Tech. H.S.",School,,Fail,506,1080
debt_exclusion,260,Sandisfield,2013,2012-05-14,"Pay Costs Of Road Improvements To New Hartford Road, And All Other Costs Thereto",Public Works and Facilities,,Pass,108,71
debt_exclusion,017,Auburn,2013,2012-05-15,"Towns Share Of Bond Issued By Southern Worcester County Regional Vocational School For Paying Costs Of Designing, Constructing, Equipping And Furnishing An Addition To Bay Path Regional Voch. Tech.",School,,Fail,865,883
debt_exclusion,038,Boxford,2013,2012-05-15,Pay For Costs Of Purchasing A New Truck/Spreader With Plow,Public Works and Facilities,,Pass,680,500
debt_exclusion,038,Boxford,2013,2012-05-15,Pay For Costs Of Purchasing A New Pumper Tanker For The Fire Department,Public Safety,,Pass,781,408
capital_exclusion,126,Harwich,2013,2012-05-15,Dredging Harbor Entrance Channels And Placing Sand On Public Beaches In Town,PUBLIC WORKS & FACILITIES,150000,Pass,852,418
debt_exclusion,127,Hatfield,2014,2012-05-15,New Water Transmission Line,Public Works and Facilities,,Pass,399,218
debt_exclusion,127,Hatfield,2014,2012-05-15,Tanker Truck,Public Safety,,Pass,350,271
debt_exclusion,127,Hatfield,2014,2012-05-15,Reconstruction Sidewalks On Main And North St,General Government,,Fail,262,346
capital_exclusion,216,Northbridge,2013,2012-05-15,Design And Installation Of Artificial Turf Surface On Lasell Field,CULTURE AND RECREATION,900000,Fail,632,1084
capital_exclusion,216,Northbridge,2013,2012-05-15,Funding Road Maintenance Program,PUBLIC WORKS & FACILITIES,625000,Pass,1360,331
capital_exclusion,216,Northbridge,2013,2012-05-15,Renovation Of Town Hall Bldgs. And Grounds,GENERAL GOVERNMENT,635000,Pass,1003,670
debt_exclusion,224,Orleans,2013,2012-05-15,Fund Removal And Replacement Of Current Playground Structure At Elementary School,School,,Pass,1419,564
debt_exclusion,226,Oxford,2013,2012-05-15,"Towns Allocation Share Of Bond Issued By Southern Worcester County Reg. Voch. School District For Purpose Of Paying Costs Of Designing, Constructing, Equipping And Furnishing An Addition To And Renovation Of The Bay Path Regional Voc. Tech. High Sch.",School,,Pass,318,52
debt_exclusion,226,Oxford,2014,2012-05-15,"Pay Costs Of Designing, Constructing, Originally Equipping And Furnishing An Addition To And Renovation Of The Bay Path Vocational Technical High School ",School,,Fail,181,187
debt_exclusion,127,Hatfield,2013,2012-05-17,Demolish And Clear Site Of The School Street School,School,,Pass,325,302
debt_exclusion,127,Hatfield,2013,2012-05-17,Renovate Town Hall,General Government,,Fail,224,405
capital_exclusion,123,Hanson,2013,2012-05-19,Purchasing And Equipping A New Fire Truck,PUBLIC SAFETY,390000,Pass,896,709
capital_exclusion,253,Rowe,2013,2012-05-19,Paying Down In Fullthe Sun Trust Esco Master Equipment Lease,PUBLIC WORKS & FACILITIES,320000,Pass,91,67
debt_exclusion,139,Hopkinton,2013,2012-05-21,Purchase Of A Fire Department Tender Truck,Public Safety,,Pass,1093,675
debt_exclusion,139,Hopkinton,2014,2012-05-21,Elmwood Elementary School Renovations,School,,Pass,404,112
debt_exclusion,139,Hopkinton,2014,2012-05-21,Traffic Signal And Intersection Improvement,Public Works and Facilities,,Pass,1021,761
debt_exclusion,139,Hopkinton,2014,2012-05-21,Hopkinton High School,School,,Pass,986,798
capital_exclusion,139,Hopkinton,2013,2012-05-21,Library Building Envelope Repairs And Replacement Of Knob And Tub Electrical Systems,GENERAL OPERATING,50000,Pass,1041,727
debt_exclusion,173,Mattapoisett,2013,2012-05-22,Make General Repairs And Improvments Tothe Roads Within The Town,Public Works and Facilities,,Pass,172,115
debt_exclusion,323,West Brookfield,2013,2012-05-22,Making General Repairs And Improvements To The Roads Within The Town,Public Works and Facilities,,Pass,172,115
debt_exclusion,154,Leverett,2014,2012-06-02,Bonds For Fiber Optic Network,General Government,,Pass,462,90
capital_exclusion,331,Westhampton,2013,2012-06-02,Purchase Of And Installation Of Compactor For Transfer Station,PUBLIC WORKS & FACILITIES,25000,Pass,88,52
debt_exclusion,043,Brimfield,2013,2012-06-04,"Repairs To Town Hall Annex Building, Including Hiring Of A Engineer",General Government,,Fail,239,402
debt_exclusion,043,Brimfield,2013,2012-06-04,Pay For Bond Issued In Order To Purchase And Equip Fire Truck,Public Safety,,Pass,382,265
debt_exclusion,043,Brimfield,2013,2012-06-04,"Purchase Parcel Of Land Located At Palmer Road, Brimfield",General Government,,Fail,222,414
debt_exclusion,143,Huntington,2014,2012-06-04,Bonds For Fire Department Pumper Truck,Public Safety,,Pass,101,66
debt_exclusion,206,Newburyport,2013,2012-06-05,"Pay Costs Of Designing, Constructing, Furnishing And Commissioning A New Bresnahan Model School Building",School,,Pass,3992,1720
debt_exclusion,206,Newburyport,2013,2012-06-05,"Pay Costs Of Designing, Constructing, Renovating And Upgrading The Nock/Molin Upper Elementary School",School,,Pass,4001,1708
debt_exclusion,206,Newburyport,2013,2012-06-05,"Pay Costs Of Designing, Constructing, Furnishing And Commissioning A New Senionr And Community Center At Site Of Elementary School",Culture and Recreation,,Pass,3211,2497
debt_exclusion,305,Wakefield,2013,2012-06-09,Costs Of Demoliton Of Existing Galvin Middle School And Const. Of A New Middle School,School,,Pass,4474,1020
debt_exclusion,227,Palmer,2013,2012-06-12,"Finance Design, Construction, Equipping Andfurnishing Of A New Police Station On Town Property",Public Safety,,Pass,976,596
debt_exclusion,303,Upton,2013,2012-06-12,"Construction Of Well Field- Related Pumping Station, And West River St. Water Main And Installation Of Supervisory Control And Data Acquisition System",Public Works and Facilities,,Pass,253,155
debt_exclusion,334,Westport,2013,2012-06-19,"Upgrade The Towns Data Processing Functions - Phone Systems, Servers, Desktop Terminals, Printers, Etc.",General Government,,Fail,2040,2453
debt_exclusion,168,Marblehead,2014,2012-06-21,Quint Fire Truck,Public Safety,,Pass,1905,1542
debt_exclusion,168,Marblehead,2014,2012-06-21,Pleasant Street Area Drainage Project,Public Works and Facilities,,Pass,2394,1067
debt_exclusion,168,Marblehead,2014,2012-06-21,Lead Mills Land Acquisition,General Government,,Pass,2263,1216
debt_exclusion,168,Marblehead,2014,2012-06-21,Old Town House Accessibility Project,General Government,,Pass,1990,1475
debt_exclusion,316,Webster,2013,2012-06-25,Pay Costs Of Park Avenue Elem. School Replacement Project,School,,Pass,950,307
debt_exclusion,191,Monson,2013,2012-06-26,Construction Of New Town Office/Police Facility And Demoliton Of Existing Facility ,General Government,,Pass,694,472
debt_exclusion,278,Southbridge,2014,2012-06-26,Bonds Issued For The Southern Worcester Regional School,School,,Pass,751,714
debt_exclusion,343,Winchendon,2013,2012-07-21,"Acquire Real Property For Relocation Of Police Station From Present Station And For Design, Construction And Renovation Of The Property",Public Safety,,Pass,561,470
debt_exclusion,343,Winchendon,2013,2012-07-21,Purchase And Equip A 4-Wheel Drive Pick-Up For Fire Deparment,Public Safety,,Fail,364,657
debt_exclusion,343,Winchendon,2013,2012-07-21,Equip A Sidewalk Tractor And Attachment For Department Of  Public Works,Public Works and Facilities,,Fail,375,646
debt_exclusion,343,Winchendon,2013,2012-07-21,Purchase A 10 Wheel Dump Truck And Plow For Dept. Of Public Works,Public Works and Facilities,,Fail,425,599
debt_exclusion,343,Winchendon,2013,2012-07-21,Replace Roof On Town Garage,General Government,,Fail,418,600
debt_exclusion,343,Winchendon,2013,2012-07-21,Purchase And Equip A Tanker Truck For Fire Department,Public Safety,,Fail,484,537
debt_exclusion,310,Wareham,2013,2012-07-25,Pay Costs For Feasibility Study At Elementary School In Wareham,School,,Fail,712,1666
debt_exclusion,310,Wareham,2013,2012-07-25,Repair High School Gym Roof,School,,Fail,979,1401
debt_exclusion,310,Wareham,2013,2012-07-25,"Fund Purchase Of Instructional Materials Used For Classrooms I.E. Text Books, Technology",School,,Fail,827,1553
debt_exclusion,076,Dighton,2013,2012-08-09,"Finance Design, Construction ,Furnishing And Equipping Of A New Police Headquarters",Public Safety,,Pass,392,254
capital_exclusion,343,Winchendon,2013,2012-08-20,Repair Roof On Fire Station,PUBLIC SAFETY,15000,Pass,616,408
debt_exclusion,055,Chatham,2016,2012-09-06,Paying For Construction Costs Of A New School Which Will Be Named Monomoy Regional High School,School,,Pass,1140,771
debt_exclusion,106,Gill,2014,2012-09-06,Purchase And Install A Roof And Perform Related Maintenance To The Roof And Cupola Of The Town Hall,General Government,,Pass,246,45
debt_exclusion,106,Gill,2014,2012-09-06,"Purchase A Police Cruiser, In-Car Computer And Associated Cruiser Equipment For Police Department",Public Safety,,Pass,175,115
debt_exclusion,106,Gill,2014,2012-09-06,Purchase And Install A Roof And Perform Related Maintenance To The Roof And Cupola Of The Town Hall,General Government,,Pass,246,45
debt_exclusion,106,Gill,2014,2012-09-06,"Purchase A Police Cruiser, In-Car Computer And Associated Cruiser Equipment For Police Department",General Government,,Pass,175,115
debt_exclusion,126,Harwich,2013,2012-09-06,Towns Allocable Share Of The Bond Issued By The Monomy Regional School District For Paying Costs For The Construction Of New School On Land Owned Bly Town Which Is The Land That The High School Currently Exists,School,,Pass,2371,926
debt_exclusion,146,Lakeville,2013,2012-09-15,Bond Issued By Freetown-Lakeville Regional School District For Paying Costs Of Updating Technology Infrastructure And All Costs Relatedto,School,,Pass,517,280
debt_exclusion,222,Oakham,2013,2012-09-16,Exepmt To Pay Bond On Lease/Purchase/Equip Pumper Fire Truck,Public Safety,,Pass,113,67
debt_exclusion,102,Freetown,2013,2012-09-24,"Towns Allocable Share Of The Bond Issued By Freetown-Lakeville Regional School District For Paying For Costs Of Updating Technology Infrastructure, Including All Costs",School,,Pass,424,172
debt_exclusion,226,Oxford,2014,2012-10-04,Pay Costs Of Renovating And Adding To Bay Path Vocational Technical High School,School,,Fail,536,539
debt_exclusion,257,Rutland,2014,2012-10-04,Towns Share Of Bonds For Southern Worcester County Rsd,School,,Pass,317,270
debt_exclusion,322,West Bridgewater,2013,2012-10-06,Costs Of Constructing A New Middle-Senior High School,School,,Pass,1177,553
debt_exclusion,029,Bernardston,2013,2012-11-06,Replace Roof At Bernardston Elementary School,School,,Pass,849,187
debt_exclusion,029,Bernardston,2013,2012-11-06,Purchase New Truck For Highway Dept.,Public Works and Facilities,,Pass,723,316
debt_exclusion,070,Dalton,2013,2012-11-06,Highway Department Equipment- Small Excavator- 1/2 Ton Pick-Up,Public Works and Facilities,,Fail,1437,1601
debt_exclusion,070,Dalton,2013,2012-11-06,"Converting Heating System To Natural Gas, Installing Insulation At Town Hall Offices- Air Conditioning At The Meeting Room",General Government,,Fail,1453,1613
debt_exclusion,070,Dalton,2013,2012-11-06,Police Department Equipment,Public Safety,,Fail,1482,1560
debt_exclusion,080,Dudley,2014,2012-11-06,Bond Issued In Order To Puchase A Ladder Truck For Fire Department,Public Safety,,Pass,2846,1944
debt_exclusion,105,Georgetown,2013,2012-11-06,"Finance, Design, Construct And Equip A New Elementary School Bldg.",School,,Pass,2432,2254
debt_exclusion,119,Hamilton,2013,2012-11-06,Bond Issued By Hamilton-Wenham Regional School District For Purpose Of Paying Costs Of Replacing Roof At Cutler Elementary School,School,,Pass,2548,1569
debt_exclusion,119,Hamilton,2013,2012-11-06,"Bond Issued By Hamilton-Wenham Regional School District For Paying Costs Of Replacing The Winthrop School Roof, Replacing Windows At Cutler And Buker Schools And Istalling Insulation And A Fire Suppression System At Buker School",School,,Pass,2560,1537
debt_exclusion,156,Leyden,2013,2012-11-06,"Making Improvements To Town Hall And Converting Heating System To Natural Gas, Instal Air Conditioning In Cran Meeting Room",General Government,,Fail,1453,1613
debt_exclusion,156,Leyden,2013,2012-11-06,Highway Department Equipment,Public Works and Facilities,,Fail,1437,1601
debt_exclusion,156,Leyden,2013,2012-11-06,Police Cruiser And Related Equipment,Public Safety,,Fail,1482,1560
debt_exclusion,179,Mendon,2013,2012-11-06,Renovate And Equip Former St. Michael'S Property And Other Improvements Related Thereto,Culture and Recreation,,Pass,1847,1439
debt_exclusion,179,Mendon,2013,2012-11-06,Purchase Former St. Michaels Church Property For Future Use For Public Library,Culture and Recreation,,Pass,1984,1308
debt_exclusion,320,Wenham,2013,2012-11-06,Cutler Elementary School Roof Repair,School,,Pass,1408,748
debt_exclusion,320,Wenham,2013,2012-11-06,"Winthrop, Cutler And Buker School Building Upgrades",School,,Pass,1408,742
debt_exclusion,019,Ayer,2014,2012-11-17,Ayer Shirley Regional School Renovations,School,,Pass,176,164
debt_exclusion,270,Shirley,2014,2012-11-17,The Amounts Required To Pay Its Allocable Share Of The Bond Issued By The Ayer Shirley Reg. Sch. District In Order To Add To And Renovate The  Ayer Shirley Reg. High School,School,,Pass,937,437
debt_exclusion,051,Carlisle,2014,2012-11-27,Purchase Moseley Goff Property,General Government,,Pass,198,48
debt_exclusion,288,Sudbury,2013,2012-12-04,General John Nixon School Repairs,School,,Pass,1279,514
debt_exclusion,003,Acushnet,2014,2012-12-10,Police State Renovation,Public Safety,,Pass,543,455
debt_exclusion,079,Dracut,2015,2012-12-11,"Pay For The Bond Issued By The Greater Lowell Technical High School District In Order To Pay Cost Of Adding, Renovating, Reconstructing And Making Extraordinary Repairs To The District High School",School,,Pass,1448,667
debt_exclusion,117,Hadley,2014,2013-01-08,Tractor,Public Works and Facilities,,Pass,112,98
debt_exclusion,117,Hadley,2014,2013-01-08,Wheel Chair Van,School,,Pass,127,83
debt_exclusion,175,Medfield,2014,2013-01-21,Purchase Parcel Of Land On Foundry And Philips St,General Government,,Pass,1022,514
debt_exclusion,332,Westminster,2014,2013-01-29,New Senior Community Center,Culture and Recreation,,Pass,403,179
debt_exclusion,228,Paxton,2015,2013-02-26,Bay Path Rsd School Project Bonds,School,,Pass,139,134
debt_exclusion,275,South Hadley,2014,2013-02-26,Plains Elementary School,School,,Pass,1364,721
debt_exclusion,316,Webster,2014,2013-03-11,"Paying Costs Of Designing, Constructing, Originally Equipping And Furnishing An Addition To And Renovation Of The Bay Path Regional Vocational Technical High School, Located At 57 Old Muggett Hill Road, Charlton",School,,Pass,103,55
debt_exclusion,207,Newton,2014,2013-03-12,Renovate/ Replace The A.E. Elementary School,School,,Pass,9909,7896
debt_exclusion,207,Newton,2014,2013-03-12,Renovate/ Replace Cabot Elementary School,School,,Pass,9883,7923
debt_exclusion,276,Southampton,2014,2013-03-18,Repair & Replace Roof Of The William E. Norris School,School,,Pass,139,19
debt_exclusion,213,North Reading,2014,2013-03-22,Renovate Middle School And Create New Integrated Middle-High School,School,,Pass,1964,1090
debt_exclusion,157,Lincoln,2014,2013-03-25,Installation Of The Fire Suppression System At The Lincoln Public Library And All Costs Incidental And Related Thereto ,Culture and Recreation,,Pass,173,59
debt_exclusion,265,Seekonk,2014,2013-04-01,Bonds For New Fire Station,Public Safety,,Pass,779,768
debt_exclusion,246,Reading,2014,2013-04-02,Renovate And Expand The Reading Library,Culture and Recreation,,Pass,2096,1074
debt_exclusion,089,Edgartown,2014,2013-04-11,Bonds For Painting Water Department Standpipe,General Government,,Pass,278,91
capital_exclusion,089,Edgartown,2014,2013-04-11,Purchase Two Fire Trucks,PUBLIC SAFETY,634000,Pass,267,105
debt_exclusion,119,Hamilton,2015,2013-04-11,Essex North Shore School Project,School,,Pass,453,285
debt_exclusion,134,Holden,2014,2013-04-11,Mountview Middle School Bonds,School,,Pass,1945,793
debt_exclusion,221,Oak Bluffs,2014,2013-04-11,Roadway Improvement Plan Bonds,Public Works and Facilities,,Pass,274,112
debt_exclusion,327,West Tisbury,2014,2013-04-11,Bonds For New Police Station,Public Safety,,Pass,167,89
debt_exclusion,327,West Tisbury,2015,2013-04-11,Constructing And Equipping New Police Station To Be Located At The Public Safety Building Site,General Government,,Pass,167,59
debt_exclusion,327,West Tisbury,2016,2013-04-11,Constructing And Equipping A New Police Station To Be Located At The Public Safety Building Site,General Government,,Pass,167,59
debt_exclusion,120,Hampden,2014,2013-04-29,"Pay For The Bonds To Be Issued In Order To Finance The Cost Of Road, Intersection And Drainage Improvements And Reconstruction Consisting Of Resurfacing Thereof",Public Works and Facilities,,Pass,281,185
debt_exclusion,021,Barre,2014,2013-04-30,"Replace Roof, Install Windows And Other Appurtenances For Ruggles Lane School ",School,,Pass,263,201
capital_exclusion,062,Chilmark,2014,2013-04-30,Funds For Purchasing And Equipping A New Police Vehicle,GENERAL GOVERNMENT,31000,Pass,185,67
debt_exclusion,066,Colrain,2016,2013-04-30,Bond For New Fire Pumper,Public Safety,,Pass,178,88
debt_exclusion,175,Medfield,2014,2013-04-30,New Public Works Facility,Public Works and Facilities,,Pass,1298,831
debt_exclusion,186,Millbury,2021,2013-04-30,Brierly And Ramshorn Dams,General Government,,Pass,1382,1166
debt_exclusion,187,Millis,2014,2013-04-30,Acquire A New Ladder-Pumper Or Quaint Fire Truck,Public Safety,,Pass,767,502
debt_exclusion,259,Salisbury,2014,2013-04-30,Bonds For New Library,Culture and Recreation,,Pass,1134,733
debt_exclusion,318,Wellfleet,2017,2013-04-30,Bonds For New Fire Tanker Truck,Public Safety,,Pass,554,320
debt_exclusion,318,Wellfleet,2017,2013-04-30,Bonds For Public Restrooms At Bakers Field,Culture and Recreation,,Pass,620,243
debt_exclusion,318,Wellfleet,2017,2013-04-30,Bonds For Roof Replacement Wellfleet Elem School,School,,Pass,712,160
debt_exclusion,013,Ashfield,2015,2013-05-04,Pay For The Purchase Of A New Highway Grader,General Government,,Pass,117,48
debt_exclusion,237,Plainfield,2014,2013-05-04,Front End Loader,Public Works and Facilities,,Pass,60,29
debt_exclusion,116,Groveland,2014,2013-05-06,"Purchase A Certain Parcel Of Land Located At 150 Center Street, As Described In Article 12 Of The 2013 Annual Town Meeting Warrant",General Government,,Pass,794,468
debt_exclusion,204,New Salem,2014,2013-05-06,Swift River School,School,,Pass,71,8
debt_exclusion,193,Monterey,2014,2013-05-07,Purchase Of A Grader,Public Works and Facilities,,Pass,60,26
debt_exclusion,242,Provincetown,2014,2013-05-07,Repairs & Cap. Improvements To Facilities On Macmillan Pier Resulting From Coastal Storm,General Government,,Pass,846,355
debt_exclusion,242,Provincetown,2014,2013-05-07,Re-Paving Portions Of Commercial St. & Additional Roadway Maintenance ,Public Works and Facilities,,Pass,923,274
debt_exclusion,288,Sudbury,2014,2013-05-07,"Bonds For Final Design And Construction Police Headquarters On Town Own Land, Including The Payments Of All Costs Incidental And Related Thereto",Public Safety,,Pass,2622,2539
capital_exclusion,288,Sudbury,2014,2013-05-07,Traffic Improvements To Town Center,PUBLIC SAFETY,700000,Pass,2798,2442
debt_exclusion,333,Weston,2014,2013-05-11,"Bonds For Drainage Improvement Projects, Roundabout And New Police Dept. Design",General Government,,Pass,772,722
debt_exclusion,113,Great Barrington,2014,2013-05-13,"Remodeling, Reconstructing And Making Extraordinary Repairs To The Dewey Bldg.",General Government,,Pass,537,389
debt_exclusion,113,Great Barrington,2014,2013-05-13,Purchasing And Equipping A New Fire Truck,Public Safety,,Pass,490,453
debt_exclusion,147,Lancaster,2017,2013-05-13,Repairs To Old Center School/Prescott Building,School,,Pass,351,221
debt_exclusion,203,New Marlborough,2014,2013-05-13,Pay For Bonds In Order To Purchase A New Highway Truck W/ Plow And Sander,Public Works and Facilities,,Pass,207,126
debt_exclusion,203,New Marlborough,2014,2013-05-13,Pay For Bonds In Order To Purchase A New Front End Loader For The Highway Dept.,Public Works and Facilities,,Pass,191,137
debt_exclusion,203,New Marlborough,2014,2013-05-13,Pay For Bonds In Order To Purchase A New Fire Truck,Public Safety,,Fail,152,180
debt_exclusion,203,New Marlborough,2014,2013-05-13,"Pay For Bonds In Order To Design, Plan, Repair And Construct Bridges",Public Works and Facilities,,Pass,188,101
debt_exclusion,179,Mendon,2014,2013-05-14,Purchase Multi-Purpose Trackless Vehicle For Highway Dept.,Public Works and Facilities,,Pass,341,253
debt_exclusion,269,Sherborn,2014,2013-05-14,Pay Towns Allocable Share Of Bond(S) Issued By The Dover-Sherborn Regional School District In Order To Add Air-Conditioning To The Middle School Including The Payments Of All Costs Incidental And Related Thereto,School,,Pass,377,194
debt_exclusion,269,Sherborn,2014,2013-05-14,"Capital Purchases For And Improvements To The Fire And Cmd Departments, And The Pine Hill School",General Government,,Pass,383,185
debt_exclusion,269,Sherborn,2014,2013-05-14,"Pay Towns Allocable Share Of Bond(S) Issued By The Dover-Sherborn Regional School District In Order To Pay For Various Items Of Capital Equipment And Improvements, Including The Payments Of All Costs Incidental And Related Thereto",School,,Pass,390,177
capital_exclusion,280,Spencer,2014,2013-05-14,Funding The Spencer E Brookfield Regional School Dist. Assessment,SCHOOL,2261212,Fail,314,1072
capital_exclusion,300,Truro,2014,2013-05-14,"Paying For A Transfer Trailer For The Dept. Of Public Works, And For Payment Of All Costs Incidental And Related Thereto For ",PUBLIC WORKS & FACILITIES,75000,Pass,179,138
capital_exclusion,300,Truro,2014,2013-05-14,Funding A Part Time Assistant Health And Conservation Agent Position,GENERAL GOVERNMENT,42000,Pass,159,158
debt_exclusion,055,Chatham,2016,2013-05-16,"Paying Costs Of Designing And Constructing Various Projects Involving Wastewater Collection Facilities, Including Facilities For Surface Water Nutrient Management",General Government,,Pass,912,491
debt_exclusion,017,Auburn,2014,2013-05-21,"Construct, Equip, And Furnish A New Middle School",School,,Pass,1344,723
debt_exclusion,036,Bourne,2015,2013-05-21,"Pay For Costs Of Planning, Constructing, Originally Equipping And Furnishing A Public Works Facility And Ancillary Space On Town Owned Land, Including All Costs",General Government,,Pass,1134,991
debt_exclusion,038,Boxford,2014,2013-05-21,Floor Drains And Subsurface Tight Tanks At Fire Station,Public Safety,,Pass,652,230
debt_exclusion,096,Falmouth,2014,2013-05-21,"Pay Costs Of Decommissioning, Dismantling, And Removing Wind I And Wind Ii, Repaying Grants And All Other Cost Thereto",General Government,,Fail,2940,6001
debt_exclusion,096,Falmouth,2014,2013-05-21,"Pay Costs Of Design, Construction And Any Other Costs Relate To Wastewater Mgt. Plan, Treatment System, Filtration Plant And Any Other Costs Relate Thereto",Public Works and Facilities,,Pass,5094,3646
debt_exclusion,126,Harwich,2014,2013-05-21,Fund Highway Paving And Sidewalk Repairs As Outlined In Article 14 Of The May 2013 Annual Town Meeting,Public Works and Facilities,,Pass,644,385
capital_exclusion,126,Harwich,2014,2013-05-21,Purchase And Equip One (1) New Fire Engine And All Costs Incidental And Related Thereto ,GENERAL GOVERNMENT,425000,Pass,665,388
capital_exclusion,126,Harwich,2014,2013-05-21,Purchase And Equip One (1) New Generator And All Costs Incidental For Fire Station 1 And Related Thereto ,GENERAL GOVERNMENT,102000,Pass,700,350
capital_exclusion,126,Harwich,2014,2013-05-21,Funding Phase Ii Of The Community Center Lower Level Project,GENERAL GOVERNMENT,310000,Fail,224,819
capital_exclusion,126,Harwich,2014,2013-05-21,"Funding Construction Of The Muddy Creek Bridge For The Fiscal Year Beginning July 1, 2013",GENERAL GOVERNMENT,187500,Pass,598,447
capital_exclusion,126,Harwich,2014,2013-05-21,Funding The Town Capital Stabilization Fund,GENERAL GOVERNMENT,100000,Fail,442,567
debt_exclusion,144,Ipswich,2014,2013-05-21,Linebrook Rd & Doyon Sch Prkg-Reconstruction/Sidewalks/Bicycle Safety ,General Government,,Pass,662,585
debt_exclusion,166,Manchester By The Sea,2014,2013-05-21,Engineering Costs For Cleanup Of Pine Street,Public Works and Facilities,,Pass,629,322
debt_exclusion,173,Mattapoisett,2014,2013-05-21,Pay Cost Of Making Repairs And Improvements To Roads W/In Town (Phase Iii) On Towns 5 Yr. Rd. Improvement Plan,Public Works and Facilities,,Pass,273,188
capital_exclusion,216,Northbridge,2014,2013-05-21,Purchase Medium Dump Truck,PUBLIC WORKS & FACILITIES,623034,Pass,733,395
debt_exclusion,224,Orleans,2014,2013-05-21,"Fund Maintenance Dredging In Rock Harbor, Including All Expenses Incidental And Related Thereto",Public Works and Facilities,,Pass,1759,447
debt_exclusion,224,Orleans,2014,2013-05-21,"Fund The Boiler Replacement At The Orleans Elementary School, Including All Expenses Incidental And Related Thereto",School,,Pass,1964,269
debt_exclusion,224,Orleans,2014,2013-05-21,"Fund Comprehensive Water Quality Improvement Plan, Including All Expenses Incidental And Related Thereto",Public Works and Facilities,,Fail,779,1416
debt_exclusion,224,Orleans,2014,2013-05-21,"Fund The Purchase Of A New Street Sweeper For The Highway Department, Including All Expenses Incidental And Related Thereto",Public Works and Facilities,,Pass,1397,638
debt_exclusion,224,Orleans,2014,2013-05-21,"Fund Conservation Mooring Replacement Pilot Program, Including All Expenses Incidental And Related Theretoincidental And Related Thereto",Public Works and Facilities,,Fail,541,1622
debt_exclusion,224,Orleans,2014,2013-05-21,"Fund The Construction Of A Snack Shack At Skaket Beach, Including All Expenses Incidental And Related Thereto",Culture and Recreation,,Pass,1527,690
debt_exclusion,224,Orleans,2014,2013-05-21,"Fund Safety And Security Resources For Interior And Exterior Extremities Of Orleans Elementary School, Including All Expenses Incidental And Related Thereto",School,,Pass,1749,469
debt_exclusion,224,Orleans,2014,2013-05-21,"Fund A Stormwater Management Plan, Design And Construction, Including All Expenses Incidental And Related Thereto",Public Works and Facilities,,Pass,1567,629
debt_exclusion,224,Orleans,2014,2013-05-21,"Fund Engineering Design Of A Phase 1a Wastewater Management Plan, Including All Expenses Incidental And Related Thereto",Public Works and Facilities,,Pass,1386,931
debt_exclusion,226,Oxford,2014,2013-05-21,Pay Towns Allocable Share Of Bond(S) Issued By Southern Worcester County Regional Vocational School District (Bay Path),School,,Fail,215,259
debt_exclusion,080,Dudley,2014,2013-06-23,"Pay Towns Share Of Bond(S) Issued By The Southern Worcester County Regional Vocational School District To Pay Costs Of Design, Construction, Originally Equipping And Furnishing An Addition To And Renovation Of The Bay Path Hs",School,,Pass,1011,1005
debt_exclusion,070,Dalton,2015,2013-06-25,Playground Equipment At Becket Washington School,School,,Fail,507,682
debt_exclusion,070,Dalton,2015,2013-06-25,Walkway Replacement At Wahconah Reg High School,School,,Pass,632,554
debt_exclusion,070,Dalton,2015,2013-06-25,Air Handling At Craneville School,School,,Pass,651,536
debt_exclusion,070,Dalton,2015,2013-06-25,Carpeting At Craneville School,School,,Fail,588,599
debt_exclusion,070,Dalton,2015,2013-06-25,Refurbishing Auditorium Seats At Wahconah Reg High,School,,Fail,571,605
debt_exclusion,070,Dalton,2015,2013-06-25,Replacement Of Boiler At Central Berkshire Rsd Office,School,,Fail,498,680
debt_exclusion,070,Dalton,2015,2013-06-25,Central Berkshire Rsd Replacement Of Two Vehicles,School,,Fail,423,743
debt_exclusion,070,Dalton,2015,2013-06-25,Central Berkshire Security Improvements At All District Schools,School,,Pass,693,487
debt_exclusion,166,Manchester By The Sea,2014,2013-06-25,"Pay Costs Of Repairing The Sewer Outfall Pipe Located In The Tidal Zone Of Manchester Harbor, And For Payment Of All Costs Incidental And Related Thereto",Public Works and Facilities,,Pass,1077,387
debt_exclusion,166,Manchester By The Sea,2014,2013-06-25,"Pay Costs Of Repairing Storm Damage To The Singing Beach, Ocean Street And Sidewalk, Drainage And Related Structures, Black & White Beaches, Seawall And Boulders And Tuck?S Point, And For Payment Of All Costs Incidental And Related Thereto",Public Works and Facilities,,Pass,1053,411
debt_exclusion,168,Marblehead,2014,2013-06-25,Green Street Remediation,Public Works and Facilities,,Pass,3186,2235
debt_exclusion,168,Marblehead,2014,2013-06-25,Abbot Hall Tower Repairs,General Government,,Pass,3888,1617
debt_exclusion,187,Millis,2015,2013-06-25,"Pay For Bond Issued For Design, Construction, Environmental Remediation, Equipping, And Furnishings A New Police Station And Renovations To Existing Police-Fire Station For Fire Department Use",General Government,,Pass,1135,1129
debt_exclusion,202,New Braintree,2014,2013-06-25,Fire Truck,Public Safety,,Pass,165,90
debt_exclusion,286,Stow,2015,2013-06-25,"Funding The Purchase Of Two Parcels Of Land Located At 323 Great Road, Stow",General Government,,Pass,1042,798
debt_exclusion,343,Winchendon,2014,2013-07-13,Tractor For Snow Removal Purchase,Public Works and Facilities,,Fail,302,351
debt_exclusion,343,Winchendon,2014,2013-07-13,Aerial Tower Fire Truck Purchase,Public Safety,,Pass,340,319
capital_exclusion,343,Winchendon,2014,2013-07-13,Purchase 1 Ton Dump Truck,PUBLIC WORKS & FACILITIES,60000,Pass,333,321
capital_exclusion,343,Winchendon,2014,2013-07-13,Purchase Surveillance Cameras,SCHOOL,71963,Fail,303,353
capital_exclusion,343,Winchendon,2014,2013-07-13,Purchase 1 Ton 4x4 Utility Truck,PUBLIC WORKS & FACILITIES,55000,Fail,273,359
capital_exclusion,343,Winchendon,2014,2013-07-13,Puchase 4x4 Pick Up Truck,PUBLIC SAFETY,57000,Pass,382,282
debt_exclusion,265,Seekonk,2014,2013-07-29,Bonds For New Senior Center,Culture and Recreation,,Pass,803,568
debt_exclusion,245,Raynham,2014,2013-08-13,Laliberte Elementary School Roof Replacement,School,,Pass,1487,594
debt_exclusion,245,Raynham,2014,2013-08-13,Lb Merrill Roof Replacement,School,,Pass,1477,592
debt_exclusion,349,Worthington,2014,2013-08-17,New Pumper Truck,Public Safety,,Pass,49,48
debt_exclusion,042,Bridgewater,2015,2013-08-24,"Pay Costs Of Renovating The Academy Bldg., Renovating The Memorial  Bldg., Renovating The Fire House And Bond  Issued  By The Bridgewater-Raynham Regional  School District  To Make Repairs  To The Middle  School Roof",General Government,,Pass,889,520
debt_exclusion,321,West Boylston,2014,2013-09-07,Purchase Building For Use As Town Offices,General Government,,Pass,629,193
debt_exclusion,255,Royalston,2014,2013-09-09,Complete The Lease/Purchase And Equipping Of A Pumper Engine For Fire Station #2,General Government,,Pass,163,57
debt_exclusion,106,Gill,2014,2013-09-10,Prchase A Dump Truck With Sander And Plow And Related Accessories For The Highway Dept.,General Government,,Fail,38,39
debt_exclusion,055,Chatham,2015,2013-10-10,"Pay Costs Of Design, Construction, Renovation And Equipping For A New Fire Station On Depot Road",General Government,,Pass,509,164
debt_exclusion,075,Dennis,2014,2013-10-10,Town Offices On Route 134,General Government,,Pass,741,363
debt_exclusion,219,Norwell,2014,2013-10-19,Renovations To Fire Station To Allow Property To Also Serve As A New Police Station,General Government,,Pass,903,672
debt_exclusion,175,Medfield,2015,2013-10-21,Land Purchase On Foundry And Philips Streets,General Government,,Pass,1022,514
debt_exclusion,125,Harvard,2014,2013-11-05,Reconstruction Of Harvard Town Hall,General Government,,Fail,649,841
debt_exclusion,271,Shrewsbury,2014,2013-11-05,Public Library,Culture and Recreation,,Pass,4842,3311
debt_exclusion,346,Winthrop,2015,2013-11-05,Middle/High School Building Project,School,,Pass,3284,1881
debt_exclusion,119,Hamilton,2015,2013-11-21,Winthrop Elementary School Heating Sysytem,School,,Pass,262,65
debt_exclusion,119,Hamilton,2015,2013-11-21,Bessie Buker Elementary,School,,Pass,262,65
capital_exclusion,261,Sandwich,2014,2013-11-21,"Constructing Improvements And Remodeling, Constructing, Reconstructing And Making Extraordinary Repairs To The Sandwich High School A Wing And For Capital Improvements Associated With Moving All 7th And 8th Grades To Sandwich High School ",SCHOOL,650000,Pass,1345,925
capital_exclusion,261,Sandwich,2014,2013-11-21,"Constructing Improvements And Remodeling, Constructing, Reconstructing And Making Extraordinary Repairs To The Sandwich High School Swimming Pool And Associated Mechanical Equipment",SCHOOL,980000,Pass,1151,1126
debt_exclusion,015,Athol,2014,2013-12-09,Bonds For Athol Elementary,School,,Pass,727,446
debt_exclusion,344,Winchester,2015,2013-12-10,Pay For The Bonds To Be Issued For The Remodeling Of And Construction Of An Addition To Winchester High School,School,,Pass,5103,2403
debt_exclusion,264,Scituate,2015,2013-12-14,Library Renovations,Culture and Recreation,,Pass,1062,417
debt_exclusion,162,Lunenburg,2015,2014-01-11,"Onstruct A New Lunenburg Middle/High School Designed For Approximately 820 Students In Grade 6/12, To Be Located At 1079 Massachusetts Avenue, Lunenburg, Ma 01462",School,,Pass,1414,543
debt_exclusion,231,Pembroke,2015,2014-01-25,Bond For Roof Replacement Projects,School,,Pass,1171,214
debt_exclusion,045,Brookfield,2015,2014-02-10,New Police Station,Public Safety,,Pass,642,272
debt_exclusion,265,Seekonk,2015,2014-02-10,"Purchase A Parcel Of Land And Buildings Thereon And Designing, Constructing, Reconstructing, Furnishing And Equipping All Or Any Portion Of Such Buildings For Use As A Senior Center",General Government,,Pass,600,269
debt_exclusion,331,Westhampton,2015,2014-02-22,Roof And Front Doors At Westhampton Elementary,School,,Pass,77,11
debt_exclusion,014,Ashland,2015,2014-03-18,Middle And Warren Schools Roof Repairs,School,,Pass,728,129
debt_exclusion,014,Ashland,2015,2014-03-18,South Middlesex Voke Roof Repairs,School,,Pass,709,147
debt_exclusion,054,Charlton,2015,2014-03-18,Dudley-Charlton Rsd School Project,School,,Pass,566,405
debt_exclusion,080,Dudley,2015,2014-03-18,"Renovating The Recreational Facility, Track, Athletic-Field Lighting And Concession Stand",School,,Pass,744,246
debt_exclusion,175,Medfield,2015,2014-03-31,Bond To Purchase Medfield State Hospital,General Government,,Pass,1277,104
debt_exclusion,288,Sudbury,2015,2014-03-31,Construct A New Police Department Headquarters,General Government,,Pass,1676,1285
debt_exclusion,026,Belmont,2015,2014-04-01,"Pay For Bonds/Notes For Design, Demolish And Reconstruct Underwood Pool Facility On Cottage Street, Including Replacement Of Swimming Pool, Bath House, Filter House And Associated Work",Culture and Recreation,,Pass,3377,2093
debt_exclusion,115,Groton,2015,2014-04-01,Construct The New Center Fire Station On Farmers Row,General Government,,Pass,1439,579
debt_exclusion,246,Reading,2015,2014-04-01,Pay Bonds To Renovate And Expand Reading Public Library,General Operating,,Pass,2429,1900
debt_exclusion,188,Millville,2016,2014-04-07,Pay Towns Allocable Share Of The Bond Issued By The Blackstone- Millville Regional School District For The Purpose Of Paying The Costs Of Replacing The Roof And Its Appurtenant Components At The Millville Elementary School,School,,Pass,123,35
debt_exclusion,247,Rehoboth,2015,2014-04-07,"Dighton-Rehoboth Rsd For Roof Repairs To The Beckwith Middle School, Located At 330 Winthrop Street, Rehoboth",School,,Pass,735,568
debt_exclusion,247,Rehoboth,2015,2014-04-07,"Dighton-Rehoboth Rsd For Roof Repairs To The Dighton-Rehoboth Regional High School, Located At 2700 Regional Road, In North Dighton",School,,Fail,653,655
capital_exclusion,125,Harvard,2015,2014-04-08,Purchasing A New Front End Loader For The Dpw,GENERAL GOVERNMENT,160000,Pass,379,252
debt_exclusion,221,Oak Bluffs,2015,2014-04-10,Pay The Costs Of Constructing A New Fire Station,General Government,,Pass,421,415
debt_exclusion,221,Oak Bluffs,2015,2014-04-10,Pay The Costs Of Constructing A New Town Hall,General Government,,Fail,389,446
debt_exclusion,076,Dighton,2016,2014-04-12,"Pay Costs Of Making Roof Repairs To The Dighton Middle School, Located At 1250r Somerset Avenue In Dighton",School,,Pass,529,221
debt_exclusion,076,Dighton,2016,2014-04-12,"Pay Costs Of Making Roof Repairs To The Dighton Elementary School Project, Located At 1250 Somerset Avenue, In Dighton",School,,Pass,523,229
debt_exclusion,076,Dighton,2016,2014-04-12,"Pay Costs Of Making Roof Repairs To The Dighton-Rehoboth Regional High School, Located At 2700 Regional Road, In North Dighton",School,,Pass,504,251
debt_exclusion,245,Raynham,2015,2014-04-26,Construct Sewers,Public Works and Facilities,,Pass,276,100
debt_exclusion,245,Raynham,2015,2014-04-26,Sewers In The South Raynham Area Of Town,Public Works and Facilities,,Pass,276,100
debt_exclusion,232,Pepperell,2016,2014-04-28,"Pay For Bond Issued By North Middlesex Rsd In Order To Pay Costs Of Constructing A New District High School, Located At 19 Main St. Townsend",School,,Pass,1262,801
debt_exclusion,299,Townsend,2016,2014-04-28,Pay Cost To Construct New High School,School,,Pass,1050,716
debt_exclusion,011,Ashburnham,2015,2014-04-29,"Design And Construct New Dpw, Water And Sewer Facility",Public Works and Facilities,,Fail,148,514
debt_exclusion,186,Millbury,2016,2014-04-29,Bonds For Fire Dept Self Contained Breathing Apparatus,Public Safety,,Pass,965,464
debt_exclusion,013,Ashfield,2016,2014-05-03,Pay For The Towns Portion For Repair Work For Sanderson Academy,School,,Pass,168,61
debt_exclusion,013,Ashfield,2016,2014-05-03,Pay For The Purchase Of A Highway Truck,General Government,,Pass,157,71
debt_exclusion,013,Ashfield,2016,2014-05-03,Pay For The Towns Portion For Repair Work For Mohawk Trail Regional Middle & High School,School,,Pass,167,16
debt_exclusion,047,Buckland,2017,2014-05-05,"Pay For Repair Work To Buckland-Shelburne Elementary, To Inc'L Parking Lot & Sidewalk Replacement, Re-Pointing/Re-Caulking & Masonry Repairs, Replacement Of Fogged Thermo Pane Windows, Fl Replacement, Condensing Unit And Ptec Unit Replacements",School,,Pass,55,23
debt_exclusion,047,Buckland,2017,2014-05-05,"Pay For Repair Work To Mohawk Trail Reg Mid & Hs, To Inc'L Drainage Upgrades, Parking Lot Resurfacing, Re-Pointing/Re-Caulking Work, Fl Replacements, Heating, Ventilation & Ac Upgrades, Auditorium Lighting Equip. Upgrades & Installation Of 2nd Egress",School,,Pass,54,25
debt_exclusion,212,North Brookfield,2015,2014-05-05,Adding To And Reconstructing The Bay Path Regional Vocational Technical High School,School,,Fail,273,373
debt_exclusion,294,Templeton,2014,2014-05-05,Templeton Center Elem Feasibility/Design Study,School,,Pass,737,706
debt_exclusion,318,Wellfleet,2016,2014-05-05,Repaving/Restriping Town Parking Lot At The South Wellfleet General Store,General Government,,Pass,325,148
debt_exclusion,318,Wellfleet,2016,2014-05-05,"Preparing A Study, Plans And Design, Permitting And Preparation Of Construction, And Other Related Documents As Required By The Commonwealth Of Massachusetts In Preparation For Route 6 And Main Street Intersection Improvements",General Government,,Pass,341,129
debt_exclusion,318,Wellfleet,2016,2014-05-05,Paying Costs Of The Partial Roof Replacement Of The Nauset Regional Middle School Located At 70 Route 28 Orleans Ma 02653,School,,Pass,384,89
debt_exclusion,318,Wellfleet,2016,2014-05-05,"Repairing, Replacing And Improving The Hvac System In Town Hall And Replacing The Boiler In The Police Station",General Government,,Pass,347,126
debt_exclusion,318,Wellfleet,2016,2014-05-05,Purchasing The Following Equipment For Use By The Department Of Public Works: One Ton Dump Truck; Sidewalk Plow; Refuse Trailer; Recycling Compactors; Excavator And Replacement Transfer Station Truck Scales,Public Works and Facilities,,Pass,283,184
debt_exclusion,318,Wellfleet,2016,2014-05-05,"Partial Roof Replacement Of The Wellfleet Elementary School, Located At 100 Lawrence Road, Wellfleet, Massachusetts",School,,Pass,417,54
debt_exclusion,318,Wellfleet,2016,2014-05-05,"Repairing, Replacing And Improving The Drainage At Baker Field And Reconstructing The Four Existing Tennis Courts",General Government,,Pass,297,174
debt_exclusion,193,Monterey,2015,2014-05-06,"Purchase Of A Grader Which Was Accepted At The July 12, 2013 Annual Town Meeting",General Government,,Pass,119,28
debt_exclusion,193,Monterey,2015,2014-05-06,"Purchase Fire Department Rescue Vehicle And Hydraulic Tools Which Was Accepted At The May 4, 2013 Annual Town Meeting",General Government,,Pass,120,27
debt_exclusion,242,Provincetown,2015,2014-05-06,Re-Paving Of Portions Of Commercial Street As Outlined In The Town-Wide Paving Plan,General Government,,Pass,649,215
debt_exclusion,242,Provincetown,2015,2014-05-06,Roadway Maintenance Plan As Outlined In The Town-Wide Paving Plan,General Government,,Pass,633,235
capital_exclusion,261,Sandwich,2015,2014-05-08,Roadway And Infrastructure Repairs,PUBLIC WORKS & FACILITIES,1300000,Pass,1375,1095
debt_exclusion,333,Weston,2015,2014-05-10,"Design, Engineer, Construct Police Station, Council On Aging Space, Case Campus Master Plan And Various Improvement Projects",General Government,,Pass,538,205
debt_exclusion,105,Georgetown,2015,2014-05-12,Bonds To Renovate And Repair Middle High School,School,,Pass,477,239
debt_exclusion,203,New Marlborough,2015,2014-05-12,Purchase A New Highway Truck W/ Plow And Sander,General Government,,Pass,257,163
debt_exclusion,203,New Marlborough,2015,2014-05-12,"Design, Plan, Repair And Construct The So Called, Clayton Mill River Bridge",General Government,,Pass,316,94
debt_exclusion,203,New Marlborough,2015,2014-05-12,Purchase A New Fire Truck,General Government,,Pass,250,171
debt_exclusion,215,Northborough,2015,2014-05-12,Bonds For Construction At Lincoln St School,School,,Pass,1018,228
debt_exclusion,257,Rutland,2016,2014-05-12,Pay For The Bond Issued In Order To Purchase And Equip A New Ambulance,General Government,,Pass,794,332
debt_exclusion,254,Rowley,2015,2014-05-13,Purchasing A Ladder Truck For The Fire Dept.,General Government,,Pass,415,278
debt_exclusion,269,Sherborn,2015,2014-05-13,Pine Hill School Capital Imp; Purchase And Installation New Hvac System; Equipment And Building Improvements For Dover-Sherborn Rsd,General Government,,Pass,361,138
debt_exclusion,269,Sherborn,2015,2014-05-13, New Fire Department Ladder Truck,General Government,,Pass,317,185
debt_exclusion,269,Sherborn,2015,2014-05-13,Dump Truck For The Community Maintenance And Development Dept.; Purchase And Install New Hardware And Software For The Fuel Management System,General Government,,Pass,308,194
debt_exclusion,280,Spencer,2015,2014-05-13,Towns Allocable Share Of Bond Issued By Spencer East Brookfield Rsd For Purchasing Computers And Upgraded Technology Related Equipment,School,,Fail,830,1216
debt_exclusion,286,Stow,2015,2014-05-13,Funding Architectural And Engineering Services Necessary For Project Design Development And Complete Construction Documents For Building A New Fire Station,General Government,,Fail,146,294
debt_exclusion,286,Stow,2015,2014-05-13,"Funding Renovations To The Pompositticut School, In Order To Convert School Into A Shared Use Fire Station And Community Center",School,,Pass,397,96
capital_exclusion,300,Truro,2015,2014-05-13,"Paying For A New Tank And Replacement Pump For An Existing Tank Truck, And For The Payment Of All Other Costs Incidental And Related Thereto",CULTURE AND RECREATION,50000,Pass,319,158
capital_exclusion,300,Truro,2015,2014-05-13,"Paying For A Transfer Trailer For The Department Of Public Works, And For The Payment Of All Other Costs Incidental And Related Thereto",GENERAL GOVERNMENT,75000,Pass,306,176
debt_exclusion,055,Chatham,2022,2014-05-14,Bonds For Designing And Constructing Various Projects Wastewater Collection Facility,Public Works and Facilities,,Pass,898,448
debt_exclusion,096,Falmouth,2017,2014-05-14,"Pay Costs Of Engineering, Design, Construction And Other Related Costs To Implement The Comprehensive Wastewater Mgmt Plan And Related Projects",Public Works and Facilities,,Pass,3916,3319
debt_exclusion,096,Falmouth,2017,2014-05-14,Pay Costs Of Design And Construction Of A Water Treatment System Water Filtration Plant And Any Other Related Costs,Public Works and Facilities,,Pass,4701,2510
debt_exclusion,141,Hudson,2016,2014-05-14,"Fund The Design, Site Improvements And Construction Of A Combined Public Works And Police Headquarters Facility With All Associated Appurtenances",General Government,,Pass,1301,1002
debt_exclusion,123,Hanson,2015,2014-05-17,"Demolishing Maquan And Indian Head Elementary Schools And Designing, Constructing, Originally Equipping And Furnishing A New Pre-K Through Grade 5 Elementary School",School,,Fail,1140,2183
debt_exclusion,106,Gill,2015,2014-05-19,"Purchase And Install A Roof And Perform Related Maintenance To The Roof Of The Public Safety Complex (Police, Fire, And Highway Departments)",General Government,,Pass,92,31
debt_exclusion,106,Gill,2015,2014-05-19,"Purchase And Install A Roof And Perform Related Maintenance To The Roof Of The Public Safety Complex (Police, Fire, And Highway Departments)",General Government,,Pass,92,31
debt_exclusion,139,Hopkinton,2015,2014-05-19,"Pay For The Bond Issued For Costs Related To The Renovation, Restoration, Expansion, Construction, And Reconstruction Of The Hopkinton Public Library",Culture and Recreation,,Pass,1364,736
debt_exclusion,222,Oakham,2015,2014-05-19,Pathfinder Rsd Roof Replacement,School,,Pass,192,108
debt_exclusion,312,Warwick,2015,2014-05-19,Pay For The Debt Issued To For The Warwick Community School Roof Replacement And Related Expenses,School,,Pass,87,48
debt_exclusion,041,Brewster,2015,2014-05-20,Bonds For Nauset Rsd Partial Roof Replacement,School,,Pass,1273,431
debt_exclusion,041,Brewster,2015,2014-05-20,Bonds For The Eddy Elementary School Building,School,,Pass,1143,555
debt_exclusion,041,Brewster,2015,2014-05-20,Bonds For A New Fire Station Building,General Government,,Fail,817,883
debt_exclusion,086,Eastham,2015,2014-05-20,"Pay Costs Of Engineering, Design, Dredging And Material Disposal For Rock Harbor, To Be Expended In Conjunction With The Town Of Orleans",General Government,,Pass,1077,341
debt_exclusion,086,Eastham,2015,2014-05-20,Pay The Towns Allocable Share Of Bond For Partial Roof Replacement Of The Nauset Regional Middle School ,School,,Pass,1203,227
capital_exclusion,096,Falmouth,2014,2014-05-20,Construction Of All Purpose Athletic Field,CULTURE AND RECREATION,1661146,Fail,2347,4911
capital_exclusion,096,Falmouth,2015,2014-05-20,Constructing An All Purpose Athletic Field,CULTURE AND RECREATION,1661146,Fail,2347,4911
debt_exclusion,126,Harwich,2015,2014-05-20,Fund The Road Maintenance Program As Requested In The Capital Plan,General Government,,Pass,590,362
debt_exclusion,126,Harwich,2015,2014-05-20,"Aquire All Or A Portion Of Land Now Or Formally Owned By Julia T. Downey, Trustee, Located On The South Side Of Route 28 In Harwich, Ma",General Government,,Pass,656,324
capital_exclusion,126,Harwich,2015,2014-05-20,Maintaining Dredge Sand From Channels,PUBLIC WORKS & FACILITIES,350000,Pass,640,337
capital_exclusion,126,Harwich,2015,2014-05-20,"Dumptruck With Plow, Hook-Lift Truck With Compactor And Plow And Hotbox Trailer",PUBLIC WORKS & FACILITIES,280795,Pass,540,431
capital_exclusion,126,Harwich,2015,2014-05-20,Ambulance For Fire Department,PUBLIC SAFETY,240000,Pass,692,295
capital_exclusion,126,Harwich,2015,2014-05-20,Powerlift Stretchers For Ambulances,PUBLIC SAFETY,56000,Pass,706,277
capital_exclusion,126,Harwich,2015,2014-05-20,Overhauling Transfer Station,PUBLIC WORKS & FACILITIES,250000,Pass,578,405
debt_exclusion,166,Manchester By The Sea,2017,2014-05-20,"Pay Costs Of Water Mains, Wastewater Manage Plan And Sewer Pipes",Public Works and Facilities,,Pass,1031,269
debt_exclusion,173,Mattapoisett,2015,2014-05-20,Pay Costs Of Making General Repairs And Improvements To The Roads Within The Town As Shown In Phase Iv On The Town?S 5 Yr Rd. Infrastructure Improvement Plan,General Government,,Pass,620,303
debt_exclusion,224,Orleans,2015,2014-05-20,Fund Maintenance Dredging In Rock Harbor,Public Works and Facilities,,Pass,1409,225
debt_exclusion,224,Orleans,2015,2014-05-20,"Pay Costs Of Engineering, Planning And Hydrogeologic Studies Necessary For The Development Of Septage, Wastewater, Groundwater And Stormwater Management Plans",General Government,,Pass,1143,483
debt_exclusion,224,Orleans,2015,2014-05-20,Fund The Purchase Of A New Ambulance For Fire And Rescue Department,General Government,,Pass,1325,310
debt_exclusion,224,Orleans,2015,2014-05-20,Pay The Towns Allocable Share Of Bond For Partial Roof Replacement Of The Nauset Regional Middle School ,School,,Pass,1437,197
debt_exclusion,266,Sharon,2015,2014-05-20,Construct A Public Safety Facility,General Government,,Pass,1351,865
debt_exclusion,282,Sterling,2016,2014-05-24,Purchase And Equip A New Pumper Fire Truck,General Government,,Pass,802,472
debt_exclusion,282,Sterling,2016,2014-05-24,"Fund Architectural Design, Owner'S Project Manager, Complete Construction And All Items And Services Related To Completing A New Senior Center With Community Usage To Be Built On The Corner Of Boutelle Rd And Muddy Pond Rd",General Government,,Pass,661,649
debt_exclusion,331,Westhampton,2015,2014-06-07,Truck For Highway Dept,Public Works and Facilities,,Pass,97,48
debt_exclusion,064,Clinton,2015,2014-06-09,Pay For The Purchase Of A New Fire Engine,General Government,,Pass,495,243
debt_exclusion,064,Clinton,2015,2014-06-09,Pay For The Renovation Of The Track At The Clinton Veteran'S Athletic Complex,Health and Human Service,,Pass,427,305
debt_exclusion,064,Clinton,2015,2014-06-09,Pay For Removal And Replacement Of Asbestos-Containing Ceiling Tiles In The Clinton Middle School,School,,Pass,546,196
debt_exclusion,064,Clinton,2015,2014-06-09,Pay For The Installation Of Concrete Sidewalks Along Water Street From High Street To The Nashua River Bridge,General Government,,Pass,454,286
debt_exclusion,064,Clinton,2015,2014-06-09,Pay For The Purchase Of Any And All Uhf Radio Equipment Needed To Replace The Defective Emergency Communication Equipment At The Clinton Fire Department,General Government,,Pass,425,302
debt_exclusion,128,Haverhill,2015,2014-06-10,Bonds For Reconstruction Of Caleb Dustin Hunking School,School,,Pass,4814,1778
debt_exclusion,227,Palmer,2015,2014-06-10,Finance The Replacement Flooring At The Old Mill Pond School,School,,Fail,529,659
debt_exclusion,117,Hadley,2015,2014-06-19,Purchase And Equip A Dump Truck For The Department Of Public Works,Public Works and Facilities,,Fail,139,284
debt_exclusion,117,Hadley,2015,2014-06-19,"Purchase And Install Radio Equipment And Associated Expenses For The Police Department, Fire Department, And The Communications Center",General Government,,Pass,260,166
debt_exclusion,117,Hadley,2015,2014-06-19,Purchase And Install And Associated Expenses For Two Generators For The School Department,School,,Pass,237,188
debt_exclusion,117,Hadley,2015,2014-06-19,Pay For The Bond Issued In Order To Purchase And Equip A Heavy Rescue/Pumper Truck For The Fire Department,General Government,,Pass,220,206
debt_exclusion,117,Hadley,2015,2014-06-19,Purchase And Equip A Dump Truck For The Department Of Public Works,Public Works and Facilities,,Fail,179,247
debt_exclusion,058,Cheshire,2015,2014-06-24,Bonds For Dump Truck And Equipment,Public Works and Facilities,,Pass,112,59
debt_exclusion,058,Cheshire,2015,2014-06-24,Bonds For Pumper Truck,Public Safety,,Pass,102,69
capital_exclusion,288,Sudbury,2015,2014-06-24,Purchasing An Ambulance And Fire Engine,GENERAL GOVERNMENT,685000,Pass,473,265
debt_exclusion,343,Winchendon,2015,2014-06-28,Emergency Generator Toytown Elementary,School,,Pass,481,363
debt_exclusion,343,Winchendon,2015,2014-06-28,Beals Memorial Library Accessibility Upgrade,Culture and Recreation,,Pass,523,321
debt_exclusion,343,Winchendon,2015,2014-06-28,Dump Truck And Plow For Cemetary Department,Public Works and Facilities,,Fail,390,453
debt_exclusion,120,Hampden,2015,2014-06-30,"Pay For Bonds To Be Issued In Order To Design, Construct, Furnish And Landscape A New Police Station To Be Located On Allen Street In Hampden, Ma",General Government,,Pass,266,248
debt_exclusion,012,Ashby,2017,2014-08-28,Construction Of A New District High School,School,,Pass,426,342
debt_exclusion,222,Oakham,2015,2014-09-09,Extraordinary Repairs At Quabbin Rsd,School,,Pass,175,117
debt_exclusion,001,Abington,2016,2014-10-18,Construct A New Co-Located Middle School And High School With Pre-Kindergarten,School,,Pass,2820,595
debt_exclusion,054,Charlton,2016,2014-11-04,Purchase A 2015 Freightliner Dump Truck For Use By The Highway Department,General Government,,Fail,2032,2311
debt_exclusion,054,Charlton,2016,2014-11-04,Purchase A Fire Engine To Replace And Combine Engines T-1 & E 5,General Government,,Pass,2519,1820
debt_exclusion,062,Chilmark,2015,2014-11-04,Pay For The Bond Issued In Order To Repair And Reconstruct Certain Public Ways,General Government,,Pass,308,110
debt_exclusion,078,Dover,2017,2014-11-04,Bonds For 46 Springdale Ave,General Government,,Pass,2018,609
debt_exclusion,133,Holbrook,2016,2014-11-04,Finance The Construction Of A Building And To Acquire Equipment And Furnishings Related Thereto For A Pre-Kindergarten To Grade Twelve School,School,,Pass,3102,1108
capital_exclusion,216,Northbridge,2015,2014-11-04,Road Maintenance And Repair Program,PUBLIC WORKS & FACILITIES,300000,Pass,2792,2569
capital_exclusion,216,Northbridge,2015,2014-11-04,Capital Purchase For The School Department,SCHOOL,310000,Fail,2533,2760
debt_exclusion,224,Orleans,2016,2014-11-04,Pay Costs Of Partial Window/Door Replacement At Orleans Elementary School,School,,Pass,2641,640
debt_exclusion,224,Orleans,2016,2014-11-04,Pay Costs Of Preparing Design Plans For The Construction Of A New Department Of Public Works Maintenance Garage To Be Located On Giddiah Hill Road,Public Works and Facilities,,Pass,1911,1349
debt_exclusion,224,Orleans,2019,2014-11-04,Streetscape Enhancements,Public Works and Facilities,,Pass,1950,1314
debt_exclusion,307,Walpole,2015,2014-11-04,"Design And Construction, Originally Equipping  & Furnishing A New Police Station,  Senior Center, Fire Station, & Public Works Bldg And Renovation & Improvements  To Town Hall, Public Works Garage, And Current Police Station",General Government,,Fail,4709,5758
debt_exclusion,241,Princeton,2016,2014-12-09,Make Ready Projects For High Speed Internet,General Government,,Pass,484,73
debt_exclusion,317,Wellesley,2016,2014-12-09,Widow Replacement At Middle School (40 Kingsbury),School,,Pass,1423,356
capital_exclusion,123,Hanson,2016,2014-12-13,Roof Repair Indian Head Elementary,SCHOOL,680000,Pass,660,219
debt_exclusion,117,Hadley,2016,2015-01-06,Repair Municipal Buildings,General Government,,Pass,186,59
debt_exclusion,264,Scituate,2016,2015-01-10,Finance The Construction Of A Public Safety Complex At Route 3a And Mann Lot Road And To Acquire Equipment And Furnishings Related Thereto,Public Safety,,Pass,3043,2494
debt_exclusion,264,Scituate,2016,2015-01-10,"Finance The Design, Construction And Equipping Of A Middle School, High School Auditorium And High School Space Renovations",School,,Pass,2933,2616
debt_exclusion,316,Webster,2018,2015-01-26,Bonds For Chester C Corbin Rublic Library,Culture and Recreation,,Pass,284,157
debt_exclusion,317,Wellesley,2016,2015-03-03,"Pay For The Bonds Issued In Order To Fund The Purchase Of The Property At 156 Weston Road, Commonly Known And Referred To As The North 40 Consisting Of Approximately 46 Acres More Or Less",General Government,,Pass,2107,509
debt_exclusion,286,Stow,2016,2015-03-07,Funding All Construction Work To Make Extensive Building Improvements And Renovations To Pompositticut School To Convert Said School Into A Share Use Fire Station And Community Center,School,,Pass,476,103
debt_exclusion,301,Tyngsborough,2016,2015-03-10,Road Repair And Reconstruction,Public Works and Facilities,,Pass,494,404
debt_exclusion,301,Tyngsborough,2016,2015-03-10,High School Roof And Boiler,School,,Pass,544,360
debt_exclusion,267,Sheffield,2017,2015-03-16,Southern Berkshire Roof/Boiler Project,School,,Pass,244,71
debt_exclusion,203,New Marlborough,2017,2015-03-18,Pay Bonds For Replacing Roof And Boilers At Sbrsd,School,,Pass,137,34
capital_exclusion,157,Lincoln,2016,2015-03-30,Conduct A Feasibility Study To Develop Building Project Renovation Or Repair Choices For The Lincoln School ,SCHOOL,750000,Pass,628,209
capital_exclusion,157,Lincoln,2016,2015-03-30,"Develop Of A Campus Master Plan For Ballfield Road School Complex, To Including An Evaluation Of Traffic/Circulation, Site Accessibility, Safety, Parking, Wetlands, Zoning Set-Backs, Septic And Building Locations",SCHOOL,75000,Pass,692,143
debt_exclusion,175,Medfield,2016,2015-03-30,Public Safety Building,Public Safety,,Pass,1603,650
debt_exclusion,125,Harvard,2016,2015-04-07,"Fund The Design, Construction, Reconstruction And Renovation Of The Hildreth House, Including, Handicapped Accessibility Improvements And Safety Issues",General Government,,Pass,602,191
debt_exclusion,125,Harvard,2016,2015-04-07,Purchase A New Tanker Truck To Replace The Tanker Truck Purchased In 1989,Public Works and Facilities,,Pass,660,127
capital_exclusion,125,Harvard,2016,2015-04-07,Purchasing And Installing An Air-Exchange System For The Broomfield School Science Lab ,SCHOOL,185000,Pass,615,169
debt_exclusion,197,Nantucket,2017,2015-04-14,"Pay For Professional Services For The Construction Installation And Equipping Of New, And/Or Additions To Existing School Building",School,,Pass,1854,543
debt_exclusion,197,Nantucket,2017,2015-04-14,New And/Or Additions To Existing School Building,School,,Pass,1854,543
debt_exclusion,197,Nantucket,2017,2015-04-14,Fire Station At 4 Fairgrounds Road,Public Safety,,Pass,1799,598
debt_exclusion,334,Westport,2016,2015-04-14,"Paving Macomber School Parking Lot, (2) A New Well For Westport Hs, (3) A New Pickup Truck For The Highway Department And (4) Cars/Suv?S For The Fire Dept.",General Government,,Fail,1109,1837
debt_exclusion,334,Westport,2016,2015-04-14,The Police Station Mold Remediation ? Phase One And Acquire And Equip Capital Equipment,General Government,,Fail,1105,1852
debt_exclusion,089,Edgartown,2016,2015-04-16,Pay For The Bond Issued To The County Of Dukes County In Order To Purchase And Improve A Building To Provide Health And Human Services To County Residents,Health and Human Service,,Pass,354,108
debt_exclusion,089,Edgartown,2016,2015-04-16,"Pay The Town Share Of The Bond Issued By The Martha Regional High School District For The Purpose Of Paying Costs Of Designing, Construction Originally Equipping And Furnishing A New Administration Building",School,,Pass,284,175
debt_exclusion,089,Edgartown,2016,2015-04-16,Pay Costs Of Paving Meetinghouse Way,General Government,,Pass,262,206
capital_exclusion,089,Edgartown,2016,2015-04-16,"Pay The Costs Of Paving Meetinghouse Way, Including The Payment Of All Costs Incidental And Related Thereto",GENERAL GOVERNMENT,755000,Pass,256,214
debt_exclusion,119,Hamilton,2016,2015-04-16,Pay Costs Of Purchasing And Equipping A New Ladder Truck For The Use Of The Fire Department,General Government,,Pass,818,476
debt_exclusion,327,West Tisbury,2016,2015-04-16,Pay For The Bond Issued To The County Of Dukes County In Order To Purchase And Improve A Building To Provide Health And Human Services For County Residents,Health and Human Service,,Pass,180,171
debt_exclusion,327,West Tisbury,2016,2015-04-16,Pay For The Bond Issued To The Up Island Regional School District In December Two Thousand Eleven (2011) For The Purpose Of Making Repairs To The West Tisbury School,School,,Pass,206,145
capital_exclusion,001,Abington,2016,2015-04-25,Purchasing And Equipping An Aerial/Ladder Truck For The Abington Fire Department,GENERAL GOVERNMENT,1200000,Pass,700,506
debt_exclusion,145,Kingston,2016,2015-04-25,Pay The Cost Of Replacing The Hvac System At The Elementary School,School,,Pass,775,273
capital_exclusion,189,Milton,2017,2015-04-28,Special Vote For Injured Ps Person Must Be Entered Annually,GENERAL GOVERNMENT,500000,Pass,2435,1986
capital_exclusion,189,Milton,2018,2015-04-28,Special Vote For Injured Ps Person Must Be Entered Annually,GENERAL GOVERNMENT,500000,Pass,2432,1986
capital_exclusion,189,Milton,2019,2015-04-28,Special Vote For Injured Ps Person Must Be Entered Annually,GENERAL GOVERNMENT,500000,Pass,2432,1986
capital_exclusion,189,Milton,2020,2015-04-28,Special Cote For Injured Ps Person Must Be Entered Annual,GENERAL GOVERNMENT,500000,Pass,2432,1986
capital_exclusion,189,Milton,2021,2015-04-28,Special Vote For Ps Person Injured On The Job,GENERAL GOVERNMENT,500000,Pass,2432,1986
capital_exclusion,189,Milton,2022,2015-04-28,Special Vote For Ps Person Injured On The Job,PUBLIC SAFETY,500000,Pass,2432,1986
capital_exclusion,189,Milton,2023,2015-04-28,Special Vote For Ps Person Injured On The Job,PUBLIC SAFETY,500000,Pass,2432,1986
capital_exclusion,189,Milton,2024,2015-04-28,Special Vote For Ps Person Injured On The Job,PUBLIC SAFETY,500000,Pass,2342,1986
debt_exclusion,296,Tisbury,2016,2015-04-28,"Fund The Purchase And Associated Costs To Acquire Property At 14 Pine Street, Assessors' Map Parcel #24-A-24",General Government,,Fail,185,391
debt_exclusion,296,Tisbury,2016,2015-04-28,"Fund The Purchase And Associated Costs Of Acquiring Assessors' Map Parcels #6-B-8.1 And #6-8-8.2, Main Street",General Government,,Fail,210,309
debt_exclusion,296,Tisbury,2016,2015-04-28,"Pay For The Bond Issued In Order To Fund The Design, Engi-Neering And Associated Costs Of Underground Utilities For Beach Road",General Government,,Pass,320,219
debt_exclusion,296,Tisbury,2016,2015-04-28,Fund The Purchase And Associated Costs To Acquire The Former Vna Building At Breakdown Lane For Use By The Center For Living,General Government,,Pass,290,254
debt_exclusion,296,Tisbury,2016,2015-04-28,"Pay The Town'S Allocable Share Of The Bond Issued By The Martha'S Vineyard Regional High School District For The Purpose Of Paying Costs Of Designing, Constructing, Originally Equipping And Furnishing A New Administrative Bldg.",School,,Fail,212,326
debt_exclusion,062,Chilmark,2016,2015-04-29,"Pay Costs Of Purchasing And Improving A Building To Provide Health And Human Services For County Residents, As Authorized By Chapter 287 Of The Acts Of 2014",General Government,,Pass,106,35
debt_exclusion,062,Chilmark,2016,2015-04-29,"Pay For Bond Issued By Martha'S Vineyard Regional Hs Committee To Pay Costs Of Designing, Constructing, Originally Equipping And Furnishing A New Administrative Building",School,,Fail,69,76
capital_exclusion,189,Milton,2025,2015-04-29,Special Vote For Ps Person Injured On The Job,PUBLIC SAFETY,500000,Pass,2342,1986
capital_exclusion,189,Milton,2026,2015-04-29,Special Vote For Ps Person Injured On Job,PUBLIC SAFETY,500000,Pass,2342,1986
debt_exclusion,013,Ashfield,2017,2015-05-02,Town Portion Of Repair Work At Sanderson Academy,School,,Pass,112,38
debt_exclusion,013,Ashfield,2017,2015-05-02,Bond For Repair Work At Mohawk Trail Rsd,School,,Pass,109,41
debt_exclusion,013,Ashfield,2017,2015-05-02,Towns Portion To Purchase School Bus,School,,Pass,103,47
debt_exclusion,231,Pembroke,2016,2015-05-02,Purchase Equipment For The Department Of Public Works,Public Works and Facilities,,Pass,1656,1259
debt_exclusion,066,Colrain,2021,2015-05-04,Bonds For Broadband,General Government,,Pass,203,81
debt_exclusion,235,Phillipston,2016,2015-05-04,"Pay For Equipment For The Fire Department: Self-Contained Breathing Apparatus, Firefighting Protective Clothing And Fire Hoses",General Government,,Pass,214,177
debt_exclusion,318,Wellfleet,2016,2015-05-04,"Pay Costs Of Design And Construction Drawings, Bidding And Bid Documents For The Renovation Of The Existing Police Station And To Engage An Owner?S Project Manager",General Government,,Pass,471,377
debt_exclusion,318,Wellfleet,2016,2015-05-04,Pay Costs Of Purchasing And Initially Equipping A Replacement Fire Engine For Fire Department Engine 94,General Government,,Pass,555,294
debt_exclusion,318,Wellfleet,2016,2015-05-04,"Pay Additional Costs Of Preparing A Study, Plans And Designs, Permitting And Preparation Of Construction, And Other Related Documents Required By The Commonwealth In Preparation For Rt. 6 & Main Street Intersection Improvements",General Government,,Pass,604,246
debt_exclusion,318,Wellfleet,2016,2015-05-04,"Pay For The Additional Costs Of Preparing An Engineering Study, Plans And Designs, Permitting And Other Related Documents Required For The Maintenance Dredging Of Wellfleet Harbor",General Government,,Pass,683,166
debt_exclusion,318,Wellfleet,2016,2015-05-04,Pay The Costs Of Collecting And Processing Side Scan Sonar Imagery And Related Bathymetric Data For Areas Of Wellfleet Harbor Outside The Cape Cod National Seashore,General Government,,Pass,529,303
debt_exclusion,318,Wellfleet,2016,2015-05-04,Pay Costs Of Replacing And Improving The Canopy And Constructing An Attendant House At The Transfer Station,General Government,,Pass,467,370
debt_exclusion,318,Wellfleet,2016,2015-05-04,"Pay Costs Of Repaving The Mayo Beach Parking Lot, And For The Payment Of All Other Costs Incidental And Related Thereto",General Government,,Pass,535,306
debt_exclusion,046,Brookline,2016,2015-05-05,Replace And Expand The Edward Devotion School,School,,Pass,8185,1949
debt_exclusion,051,Carlisle,2016,2015-05-05,Fund The Purchase Of New Pumper Truck For The Fire Department,General Government,,Pass,336,95
debt_exclusion,051,Carlisle,2016,2015-05-05,Pay For The Town Of Carlisle'S Apportioned Share Of A Bond To Be Issued By The Concord-Carlisle Regional School District To Purchase New School Busses For The District,School,,Pass,301,130
debt_exclusion,193,Monterey,2017,2015-05-05,Pay For Bond(S) For The Southern Berkshire Regional School District Roof And Boiler Project,School,,Pass,169,34
debt_exclusion,193,Monterey,2017,2015-05-05,Pay For Bond(S) For The Issues To Construct A New Transfer Station,General Government,,Pass,144,58
debt_exclusion,193,Monterey,2017,2015-05-05,Purchase And Outfitting Of A 2015 Or 2016 Ford F-550 Truck For The Highway Department,Public Works and Facilities,,Pass,158,43
debt_exclusion,193,Monterey,2017,2015-05-05,Construct A New Transfer Station,General Government,,Pass,144,58
debt_exclusion,193,Monterey,2017,2015-05-05,"Southern Berkshire Regional School District Roof And Boiler Project Which Was Accepted At The February 26, 2015 Special Town Meeting",School,,Pass,169,34
debt_exclusion,193,Monterey,2017,2015-05-05,Purchase And Outfitting Of A 2015 Or 2016 Ford F-550 Truck For The Highway Department,General Government,,Pass,158,43
debt_exclusion,242,Provincetown,2016,2015-05-05,Pay For The Cost Associated With The Capital Maintenance And Repair Of Macmillan Pier,General Government,,Pass,405,194
debt_exclusion,242,Provincetown,2016,2015-05-05,Pay For The Cost Associated To Replace Pier Floating Docks And To Purchase And Install A Wave Attenuation System,General Government,,Pass,354,227
debt_exclusion,330,Westford,2016,2015-05-05,Design And Construct A New Center Fire Station On The Town-Owned Parcel Of Land,General Government,,Pass,770,730
debt_exclusion,237,Plainfield,2020,2015-05-09,Bond To Repair Sanderson Academy Boiler And Heat Valve,School,,Pass,134,9
debt_exclusion,237,Plainfield,2020,2015-05-09,Bond To Pay For Broadband,General Government,,Pass,134,10
debt_exclusion,237,Plainfield,2020,2015-05-09,Bond To Repair Mohawk Trail Middle And High School,School,,Pass,133,10
debt_exclusion,237,Plainfield,2020,2015-05-09,Bond To Pay For New School Bus,School,,Pass,129,13
debt_exclusion,333,Weston,2016,2015-05-09,"Bonds For Field School, Dpw Drainage, Case Campus Master Plan",General Government,,Pass,858,351
debt_exclusion,027,Berkley,2016,2015-05-10,"Pay Costs Of Refurbishing Existing 1988 1,500 Gallon Capacity Fire Tanker Truck And Purchasing A New Fire Tanker Truck And Related Equipment",General Government,,Pass,443,212
debt_exclusion,039,Boylston,2016,2015-05-11,Public Library,Culture and Recreation,,Pass,357,165
debt_exclusion,039,Boylston,2016,2015-05-11,Bonds For Dpw Building,Public Works and Facilities,,Pass,414,102
debt_exclusion,069,Cummington,2020,2015-05-11,Broadband Network Construction,General Government,,Pass,110,66
debt_exclusion,203,New Marlborough,2016,2015-05-11,"Fund The Town'S Share Of Construction, Installation And Start-Up Of A High-Speed Broadband Network Costs",General Government,,Pass,108,75
debt_exclusion,228,Paxton,2016,2015-05-11,Finance A New 2015mack Heavy Duty/Single Axle Combination Dump/Sander/Plow Truck For The Department Of Public Works,Public Works and Facilities,,Pass,153,136
debt_exclusion,228,Paxton,2016,2015-05-11,Pay For Bond To Finance A New Emergency/Rescue Ambulance For The Fire Department,General Government,,Pass,153,137
debt_exclusion,345,Windsor,2020,2015-05-11,Installation And Start-Up Of A Regional Broadband Network,General Government,,Pass,157,58
debt_exclusion,113,Great Barrington,2016,2015-05-12,"Remodeling, Reconstructing And Making Extraordinary Repairs To The Dewey School Building And Property",School,,Pass,538,413
debt_exclusion,179,Mendon,2016,2015-05-12,Provide Funding To Purchase A Vehicle For The Highway Department,General Government,,Pass,854,447
debt_exclusion,179,Mendon,2016,2015-05-12,Additional Funding For The Taft Public Library Renovation Project,General Government,,Pass,686,620
debt_exclusion,254,Rowley,2023,2015-05-12,Triton Regional Stadium,School,,Pass,352,259
debt_exclusion,259,Salisbury,2016,2015-05-12,"Design, Construct And Equip A New Police Station Located At 175 Beach Road",General Government,,Pass,934,406
debt_exclusion,269,Sherborn,2022,2015-05-12,Bonds For Sherborn Public Library Expansion,School,,Pass,501,160
capital_exclusion,300,Truro,2016,2015-05-12,Pay For Refurbishing Of The Playground For The Truro Central School,SCHOOL,125000,Pass,150,78
capital_exclusion,300,Truro,2016,2015-05-12,Pay For Defibrillators For The Fire/Rescue Department,GENERAL GOVERNMENT,78000,Pass,195,41
debt_exclusion,104,Aquinnah,2016,2015-05-13,Purchase And Improve A Building To Provide Health And Human Services For County Residents As Authorized By Chapter 287 Of The Acts Of2014,General Government,,Pass,95,45
debt_exclusion,104,Aquinnah,2016,2015-05-13,"Paying Towns Allocable Share Of Bond Issued By Martha'S Vineyard Regional High School District For Purpose Of Paying The Costs Of Designing, Constructing, Originally Equipping And Furnishing A Bldg",School,,Fail,61,78
debt_exclusion,104,Aquinnah,2016,2015-05-13,Purchase The Real Property Located At Numbers 9 & 13 Aquinnah Circle,General Government,,Pass,97,40
debt_exclusion,169,Marion,2016,2015-05-15,Bonds To Purchase New Ambulance,Public Safety,,Pass,671,380
debt_exclusion,169,Marion,2016,2015-05-15,Bonds To Purchase New Pumper Truck,Public Safety,,Pass,672,400
debt_exclusion,022,Becket,2020,2015-05-16,Bonds For High Speed Broadband Network,General Government,,Pass,272,85
debt_exclusion,123,Hanson,2016,2015-05-16,Pay For Bond Issued By The Whitman-Hanson Regional School District For The Purpose Of Paying Purchasing And Upgrading Computers In The Hanson Elementary And Middle School And Hanson?S Portion Of The Regional High School,School,,Pass,647,452
debt_exclusion,253,Rowe,2020,2015-05-16,Bonds For Rowe'S Share Of Regional Broadband Network,General Government,,Pass,130,27
capital_exclusion,338,Whitman,2016,2015-05-16,"Fund The Town?S Share Of Costs Relating To The Purchase Of Technology Equipment  For The Whitman-Hanson Regional School District In Conley, Duval, Whitman Middle School And Whitman-Hanson Regional Hs",SCHOOL,836500,Pass,431,342
debt_exclusion,339,Wilbraham,2016,2015-05-16,"Pay For The Principal And Interest On A $4,200,000 Portion Of The Bond Issues In Order To Pay Costs Of Purchasing Land, Planning, Designing And Constructing A New Police Facility",General Government,,Pass,1369,886
debt_exclusion,139,Hopkinton,2017,2015-05-18,Land Acq 15 Claflin Ave,General Government,,Pass,920,757
debt_exclusion,139,Hopkinton,2017,2015-05-18,Land Acq 135 Hayden Rowe St Parcel U23-28-0,General Government,,Pass,1124,584
debt_exclusion,139,Hopkinton,2017,2015-05-18,Bonds Hopkins And High School Roof Repairs,School,,Pass,1198,550
debt_exclusion,139,Hopkinton,2017,2015-05-18,Lan Acq 147 Hayden Rowe St ,General Government,,Pass,939,757
debt_exclusion,139,Hopkinton,2017,2015-05-18,Bond New Public Works Headquarters,Public Works and Facilities,,Pass,1049,675
debt_exclusion,139,Hopkinton,2017,2015-05-18,Land Acq 102 Fruit St,General Government,,Pass,958,746
debt_exclusion,184,Middleton,2016,2015-05-18,Replace Portions Of The Roof And Make Related Repairs To The Fuller Meadow School,School,,Pass,822,517
debt_exclusion,260,Sandisfield,2018,2015-05-18,"Fund Construction, Installation And Start-Up Of A Regional Broadband Network",General Government,,Pass,189,91
debt_exclusion,041,Brewster,2016,2015-05-19,Bonds Roadway Reconstruction Project,Public Works and Facilities,,Pass,527,270
debt_exclusion,096,Falmouth,2016,2015-05-19,"Replace The Windows At The Lawrence School, 113 Lakeview Ave.",School,,Pass,3543,1143
debt_exclusion,126,Harwich,2016,2015-05-19,Fund Road Maintenance Program As Requested In The Capital Plan,General Government,,Pass,1384,760
debt_exclusion,126,Harwich,2016,2015-05-19,Fund The Muddy Creek Bridge Construction Project,General Government,,Pass,1224,918
debt_exclusion,126,Harwich,2016,2015-05-19,"Aquire, For Wastewater Treatment And/Or Effluent Recharge, All Or A Portion Of Land Now Or Formally Owned By The Heirs Of Judah Eldridge Et Al",Public Works and Facilities,,Fail,650,1561
debt_exclusion,126,Harwich,2016,2015-05-19,"Fund The Engineering Design And Associated Permitting To Replace The Saqutucket Municipal Marina Docks, Piles And Service To Include A Handicapped Accessible Ramp System And Dredge",General Government,,Pass,1200,955
capital_exclusion,126,Harwich,2016,2015-05-19,Purchasing Updated Equipment For Our Public Safety Answering Points And Ancillary Supplies Located In The Public Safety Building,PUBLIC SAFETY,60000,Pass,1134,1005
capital_exclusion,126,Harwich,2016,2015-05-19,Purchasing And Equipping One New Ambulance And Necessary Equipment For The Fire Department,GENERAL GOVERNMENT,357000,Pass,1421,777
capital_exclusion,126,Harwich,2016,2015-05-19,Purchasing Three (3) New Cardiac Monitors And (3) New Automatic External Defibrillators With A Five Year Service Contract  For The Harwich Fire Department,GENERAL GOVERNMENT,134946,Pass,1680,511
capital_exclusion,126,Harwich,2016,2015-05-19,Purchasing One (1) New Fire Chief Response Vehicle ,GENERAL GOVERNMENT,38290,Fail,919,1259
capital_exclusion,126,Harwich,2016,2015-05-19,Funding The Monomoy Regional School Harwich Assessment For Capital Program,SCHOOL,184125,Pass,1247,949
debt_exclusion,127,Hatfield,2016,2015-05-19,Purchase And Renovate The Former Holy Trinity Church On Main Street For A Senior Center,General Government,,Fail,208,386
debt_exclusion,136,Holliston,2016,2015-05-19,"Purchase And Renovate Property, Known As 1750 Washington Street For Use By The Park Commission, Youth And Family Services And Veterans? Services For Offices And Programs",General Government,,Pass,810,353
debt_exclusion,173,Mattapoisett,2016,2015-05-19,Pay Costs Of Making General Repairs And Improvements To The Road Within The Town As Shown On Phase V Of The Town?S Five Year Road Infrastructure Improvement Plan,General Government,,Pass,126,50
capital_exclusion,216,Northbridge,2016,2015-05-19,Financing A 2015 Street Sweeper And A 2015 Combination Dump Truck With Wing Plow For The Use Of The Department Of Public Works,GENERAL GOVERNMENT,381500,Pass,527,125
debt_exclusion,224,Orleans,2016,2015-05-19,Fund Soil/Site Testing And Preliminary Design Plans For New Dpw Bldg,General Government,,Pass,1226,566
debt_exclusion,224,Orleans,2016,2015-05-19,Purchase Front End Loader For Transfer Station,General Government,,Pass,1343,463
debt_exclusion,224,Orleans,2016,2015-05-19,Design Plans For New Fuel Depot,General Government,,Pass,1188,559
debt_exclusion,224,Orleans,2016,2015-05-19,Perfect And Quiet Town'S Title To Nauset Spit,General Government,,Pass,1381,437
debt_exclusion,224,Orleans,2016,2015-05-19,Fund Design Plans For New Police Station,General Government,,Pass,1303,521
debt_exclusion,224,Orleans,2016,2015-05-19,Demolition Of Hubler Cottages And Offices,General Government,,Pass,1231,553
debt_exclusion,224,Orleans,2016,2015-05-19,Water Quality Management Plan,General Government,,Pass,1396,420
debt_exclusion,224,Orleans,2016,2015-05-19,Fund Town Center Plan,General Government,,Pass,1108,677
debt_exclusion,226,Oxford,2016,2015-05-19,"Paying Costs Of Designing, Constructing, Originally Equipping And Furnishing An Addition To And Renovation Of The Bay Path Regional Vocational Technical High School, Located At 57 Old Muggett Hill Road, Charlton",School,,Fail,321,422
debt_exclusion,226,Oxford,2016,2015-05-19,Pay Costs Of Making Repairs To The Memorial Hall Tower,General Government,,Fail,290,452
capital_exclusion,226,Oxford,2016,2015-05-19,Techonoloy Purchase For Schools,SCHOOL,810000,Pass,407,344
debt_exclusion,283,Stockbridge,2018,2015-05-19,Bonds To Pay For Interlaken Water Tanks And Church St Water Line Replacement,Public Works and Facilities,,Pass,294,157
capital_exclusion,288,Sudbury,2016,2015-05-19,Construction And Repair Parking Lots And Sidewalks,GENERAL GOVERNMENT,200000,Pass,684,547
capital_exclusion,288,Sudbury,2016,2015-05-19,Safety And Security Access,SCHOOL,220000,Pass,657,570
debt_exclusion,304,Uxbridge,2017,2015-05-19,Land Acq For New Fire Station Main St,Public Safety,,Pass,681,185
debt_exclusion,053,Charlemont,2016,2015-05-26,"Fund The Town?S Share Of The Costs Of Construction, Installation, And Start-Up Of A High Speed Broadband Network",General Government,,Pass,151,95
debt_exclusion,200,New Ashford,2019,2015-05-26,Bonds For Start-Up Of High-Speed Broadband Network Through Mlp,General Government,,Pass,59,16
debt_exclusion,064,Clinton,2016,2015-06-08,Pay For The Phase 1 Savage Field Renovation Project,Culture and Recreation,,Fail,856,1183
debt_exclusion,140,Hubbardston,2016,2015-06-09,Bonds For New Ambulance,Public Safety,,Fail,304,313
debt_exclusion,140,Hubbardston,2016,2015-06-09,Bonds For New Fire Truck,Public Safety,,Fail,274,341
debt_exclusion,140,Hubbardston,2016,2015-06-09,Bonds For New Senior Center,Culture and Recreation,,Fail,264,357
debt_exclusion,151,Leicester,2016,2015-06-09,"Pay Costs Of Site Acquisition, Designing, Constructing, Originally Equipping And Furnishing A New Fire Station",General Government,,Pass,650,584
debt_exclusion,227,Palmer,2016,2015-06-09,"Finance Floor Replacement At The Old- Mill Pond School Including Design, Removal And Disposal Of Existing Materials, Floor Preparation, Moisture Mitigation, Hvac Repairs And Other Measures Nec To Prevent Recurrence Of A Mold Problem",School,,Fail,276,373
debt_exclusion,337,Whately,2016,2015-06-09,Western Massachusetts Rpl Building For Town Office,General Government,,Pass,329,77
debt_exclusion,344,Winchester,2017,2015-06-09,Bonds For Aberjona River Flood Mitigation Project,Public Works and Facilities,,Pass,1716,914
debt_exclusion,344,Winchester,2017,2015-06-09,Bonds For Skillings Field Project,Culture and Recreation,,Fail,1157,1473
debt_exclusion,272,Shutesbury,2017,2015-06-10,Debt To Install Regional Broadband Network,General Government,,Pass,526,43
debt_exclusion,080,Dudley,2016,2015-06-15,Bonds For New Fire Station,Public Safety,,Fail,422,664
debt_exclusion,168,Marblehead,2018,2015-06-16,Bonds To Pay For Repair And Replacement Of Drainage Pipe And Construction Of New Xfer Station,Public Works and Facilities,,Pass,1934,666
debt_exclusion,102,Freetown,2016,2015-06-22,Richmond Bridge Repairs,Public Works and Facilities,,Fail,47,71
debt_exclusion,050,Canton,2017,2015-06-23,Bonds For Hanes Elementary School,School,,Pass,898,286
debt_exclusion,117,Hadley,2016,2015-06-23,Bonds For New School Bus,School,,Pass,120,98
debt_exclusion,117,Hadley,2016,2015-06-23,Bonds For New Police Cruiser,Public Safety,,Pass,133,85
debt_exclusion,156,Leyden,2016,2015-06-23,"Fund The Towns Share Of The Costs Of Construction, Installation And Start-Up Of A Regional Broadband Network",General Government,,Pass,125,62
debt_exclusion,192,Montague,2016,2015-06-23,"Fund The Towns Allocable Share Of Costs To Replace Windows In The Sheffield School Auditorium/Gymnasium Wing, Including The Payment Of All Other Costs Relative Thereto ",School,,Pass,327,73
debt_exclusion,297,Tolland,2016,2015-06-27,Public Library Replacement Windows,Culture and Recreation,,Pass,79,30
debt_exclusion,276,Southampton,2016,2015-07-09,"Designing, Constructing, Originally Equipping And Furnishing A New Public Safety Complex",General Government,,Fail,262,834
debt_exclusion,276,Southampton,2016,2015-07-09,Designing And Engineering A New Public Safety Complex,Public Safety,,Fail,313,775
debt_exclusion,276,Southampton,2016,2015-07-09,Purchasing A Fuel Station And Generator For The Highway Department,General Government,,Fail,341,750
debt_exclusion,204,New Salem,2019,2015-07-20,Bonds For Regional High Speed Broadband,General Government,,Pass,177,6
debt_exclusion,108,Goshen,2021,2015-07-25,Bonds For Regional Broadband,General Government,,Pass,170,27
debt_exclusion,319,Wendell,2019,2015-07-27,Bonds For Const. And Install Of Regional Broadband,General Government,,Pass,164,26
debt_exclusion,297,Tolland,2016,2015-08-01,Bonds For Regional Broadband Network,General Government,,Pass,94,34
debt_exclusion,006,Alford,2017,2015-09-08,Installation Of Broadband Network,Public Works and Facilities,,Pass,118,18
debt_exclusion,225,Otis,2016,2015-09-08,"Pay Costs Of Designing, Acquiring And Constructing A Wind Turbine For The Production Of Electricity For Use By The Town And Other Entities",General Government,,Pass,189,96
debt_exclusion,140,Hubbardston,2016,2015-09-09,"Purchase A New Ambulance, And Any Related Equipment",General Government,,Fail,470,472
debt_exclusion,140,Hubbardston,2016,2015-09-09,Pay For The Bond Issued In Order To Construct A New Combined Police And Fire Public Safety Facility,General Government,,Fail,410,533
debt_exclusion,140,Hubbardston,2016,2015-09-09,"Construct A New Senior Center Facility, And To Purchase Any Related Equipment",General Government,,Fail,450,501
debt_exclusion,013,Ashfield,2017,2015-09-10,Debt Service For High Speed Internet Installation,General Government,,Pass,381,121
debt_exclusion,018,Avon,2016,2015-09-15,"Pay Costs Of Planning, Designing And Constructing A New Police Facility To Be Located At The Crowley School Property, And To Pay Costs Of Planning, Designing And Renovating The Existing Fire Station",General Government,,Pass,521,253
debt_exclusion,167,Mansfield,2017,2015-09-15,"Pay Costs Of Designing, Constructing, Originally Equipping And Furnishing A New Combined Department Of Public Works Garage And Public Safety Complex Facility",General Government,,Pass,1240,1060
debt_exclusion,060,Chesterfield,2019,2015-09-21,Fund Municipal Light Plant ,Public Works and Facilities,,Pass,187,53
debt_exclusion,139,Hopkinton,2017,2015-10-26,Bond For New Early Elem School Hayden Rowe St,School,,Pass,1211,431
debt_exclusion,242,Provincetown,2017,2015-10-27,"School Remodel, Heat, Gym Roof & Windows & Generator",School,,Pass,264,119
debt_exclusion,242,Provincetown,2021,2015-10-27,Bonds For Docks And Wave Attenuation System,General Government,,Pass,354,227
debt_exclusion,332,Westminster,2017,2015-11-03,Pay For Bonds Issued For Whitman River Sewer System,Public Works and Facilities,,Pass,262,194
debt_exclusion,151,Leicester,2020,2015-11-10,Bonds For New Public Library,General Government,,Pass,379,182
debt_exclusion,313,Washington,2020,2015-11-14,Bonds For Broadband Network,General Government,,Pass,76,25
debt_exclusion,225,Otis,2017,2015-11-17,Bonds For Start-Up High Speed Broadband Network,General Government,,Pass,162,69
debt_exclusion,321,West Boylston,2016,2015-11-17,Pay For The Bonds For Design And Construct A New Police Department Facility ,Public Safety,,Pass,562,105
debt_exclusion,041,Brewster,2017,2015-12-01,Costs Associated With New Fire House Plans,Public Safety,,Pass,748,722
debt_exclusion,294,Templeton,2017,2015-12-05,Bonds For Templeton Police Station,General Government,,Pass,958,442
debt_exclusion,294,Templeton,2017,2015-12-05,Bonds For Templeton School Project,School,,Pass,806,597
debt_exclusion,124,Hardwick,2017,2015-12-08,Constructing New Elementary School,School,,Pass,806,597
debt_exclusion,052,Carver,2017,2015-12-12,Construct Carver Elementary School On The Existing School Site,School,,Pass,1727,503
debt_exclusion,337,Whately,2017,2015-12-15,Bonds For Pumper Truck And Equipment,Public Safety,,Pass,48,27
debt_exclusion,241,Princeton,2017,2015-12-17,Land Purchase Bonds Fieldstone And Smith Farms,General Government,,Pass,241,94
debt_exclusion,117,Hadley,2018,2016-01-19,Bond To Buy And Equip School Bus,School,,Pass,163,139
debt_exclusion,208,Norfolk,2019,2016-01-19,Bond To Pay To Construct New Police Station And Repair Fire Station,Public Safety,,Pass,658,613
debt_exclusion,074,Deerfield,2017,2016-03-01,"Complete The Deerfield Elementary School Roof Replacement Project, And Other Labor And Materials Directly Related Thereto",School,,Pass,1387,518
debt_exclusion,111,Granby,2017,2016-03-01,Bonds For Projects At East Meadow Elem,School,,Pass,1649,800
debt_exclusion,341,Williamstown,2017,2016-03-01,Renovations To Mount Greylock Rsd,School,,Pass,2226,351
debt_exclusion,031,Billerica,2018,2016-03-05,"Construct A New Billerica Memorial High School, Inclusive  Of  Abatement  And Demolition  Of The Existing High School Structures; New Parking Lots, Fields And A Stadium Complex",School,,Pass,6448,906
debt_exclusion,148,Lanesborough,2017,2016-03-15,Renovating And Additions To Mount Greylock Reg Middle School And Hs,School,,Pass,633,499
debt_exclusion,157,Lincoln,2017,2016-03-28,Minuteman Rvts School Construction,School,,Pass,128,67
capital_exclusion,157,Lincoln,2017,2016-03-28,Articulated Loader And Street Sweeper,PUBLIC WORKS & FACILITIES,320000,Pass,296,54
debt_exclusion,182,Middleborough,2017,2016-04-02,"Pay Costs Of Constructing A New Police Station, Inc'L, But Not Limited To, The Employment Of Professionals And Equipping And Furnishing Said Building And All Other Costs",General Government,,Pass,1276,674
debt_exclusion,124,Hardwick,2017,2016-04-11,Bonds For  Gilbertville Water Pollution Control Upgrade,Public Works and Facilities,,Fail,177,188
debt_exclusion,125,Harvard,2017,2016-04-12,Feasibility Study For Hildreth Elementary School,School,,Pass,604,158
debt_exclusion,197,Nantucket,2020,2016-04-12,Bonds Wastewater Treatment Facility Shimmo/Monomy,Public Works and Facilities,,Pass,1103,672
debt_exclusion,067,Concord,2017,2016-04-14,Bonds Issued By Concord-Carlisle Rsd Landfill Site Remediation,School,,Fail,418,587
debt_exclusion,067,Concord,2017,2016-04-14,Bonds Issued For School Transportation Facility,School,,Pass,696,308
debt_exclusion,067,Concord,2017,2016-04-14,Bonds Issued By Minuteman Rvsd School Build Project,School,,Pass,745,259
debt_exclusion,327,West Tisbury,2017,2016-04-14,Bonds For New Highway Dept Building,Public Works and Facilities,,Pass,144,87
debt_exclusion,296,Tisbury,2019,2016-04-26,Bonds To Fund Feasibility Study For Tisbury School Project,School,,Pass,333,100
debt_exclusion,116,Groveland,2017,2016-05-02,Bonds For Aerial Ladder For Fire Department,Public Safety,,Pass,541,479
debt_exclusion,116,Groveland,2018,2016-05-02,Npmds Fpr Aerial Ladder Truck,Public Safety,,Pass,541,479
capital_exclusion,116,Groveland,2017,2016-05-02,Aerial Ladder Truck,PUBLIC SAFETY,650000,Fail,411,606
debt_exclusion,276,Southampton,2017,2016-05-02,Funding Second Shift Ambulance Service,Public Safety,,Fail,302,388
debt_exclusion,155,Lexington,2017,2016-05-03,Renovation To Elementary And To Middle Schools,School,,Pass,3333,2135
debt_exclusion,252,Rockport,2017,2016-05-03,Design Construct And Equip New Dpw Facility,Public Works and Facilities,,Fail,658,800
debt_exclusion,261,Sandwich,2017,2016-05-05,Improvements And Remodeling To The 2 Fire Departments,Public Safety,,Pass,1657,1621
debt_exclusion,261,Sandwich,2020,2016-05-05,Construction Of A New Police Headquarters And Repairs To Two Fire Departments,Public Safety,,Pass,1657,1621
capital_exclusion,261,Sandwich,2017,2016-05-05,Sandwich Public Roads,PUBLIC WORKS & FACILITIES,1300000,Pass,1805,1451
debt_exclusion,298,Topsfield,2017,2016-05-05,Bonds For Town Hall Reconstruction,General Government,,Pass,746,733
debt_exclusion,147,Lancaster,2019,2016-05-06,Bonds For Minuteman Voc Tech Constucttion,School,,Pass,251,153
debt_exclusion,013,Ashfield,2017,2016-05-07,Bonds For Purchase Of A Back Hoe,Public Works and Facilities,,Pass,143,70
debt_exclusion,033,Blandford,2023,2016-05-07,Broadband,Culture and Recreation,,Pass,80,56
debt_exclusion,321,West Boylston,2017,2016-05-07,Purchase Of A Back Hoe,Public Works and Facilities,,Pass,143,70
debt_exclusion,333,Weston,2017,2016-05-07,"Bonds For Drainage Improvements, Middle School Paving, Police Fiber Loop, Pond And Dam Rehab, Case House, Case Campus, Proctor Field",General Government,,Pass,635,222
debt_exclusion,028,Berlin,2017,2016-05-09,Construction Of New Town Barn,General Government,,Pass,196,114
debt_exclusion,028,Berlin,2017,2016-05-09,Repay Borrowing For Funding Wildlife Corridors,Culture and Recreation,,Fail,121,173
debt_exclusion,069,Cummington,2020,2016-05-09,Roof Repair Berkshire Trail School,School,,Pass,96,32
debt_exclusion,105,Georgetown,2017,2016-05-09,Bonds For Improvements To Elm Street,Public Works and Facilities,,Pass,262,256
capital_exclusion,203,New Marlborough,2017,2016-05-09,Fund Town And Regional School Budget,GENERAL GOVERNMENT,300000,Fail,115,132
debt_exclusion,193,Monterey,2017,2016-05-10,Pay For Bonds To Install Regional Broadband,Public Works and Facilities,,Pass,149,53
debt_exclusion,193,Monterey,2017,2016-05-10,Pay For Bonds To Purchase A Fire Truck,Public Safety,,Pass,162,46
debt_exclusion,254,Rowley,2018,2016-05-10,Bonds To Pay For Repair And Constructing Major Systems At Pine Grove Elementary School,School,,Pass,494,378
debt_exclusion,254,Rowley,2018,2016-05-10,Bonds To Pay For Expanding Police Station,Public Safety,,Pass,494,382
debt_exclusion,269,Sherborn,2017,2016-05-10,Purchase New Ambulance And Equip,Public Safety,,Pass,629,217
debt_exclusion,280,Spencer,2019,2016-05-10,Comprehensive Road Improvement Projects,Public Works and Facilities,,Pass,1439,892
debt_exclusion,286,Stow,2017,2016-05-10,Bonds For Minuteman Regional School,School,,Pass,284,160
debt_exclusion,317,Wellesley,2017,2016-05-10,Pay For Bonds Issues To Build Tolles Parsons Senior Ctr,General Government,,Pass,2221,1722
debt_exclusion,104,Aquinnah,2018,2016-05-11,Bonds For A Fire Pumper Truck,Public Safety,,Pass,132,15
debt_exclusion,068,Conway,2018,2016-05-12,Bonds For New Pumper Truck For Fire Department,Public Safety,,Pass,236,143
debt_exclusion,169,Marion,2017,2016-05-13,Bonds For Orr School Capital Improvement,School,,Pass,594,370
debt_exclusion,078,Dover,2025,2016-05-16,Minuteman Hs Debt Exclusion,School,,Pass,84,80
debt_exclusion,006,Alford,2018,2016-05-17,Purchase And Equip New Fire Truck,Public Safety,,Pass,41,8
debt_exclusion,113,Great Barrington,2018,2016-05-17,Purchasing And Equipping New Fire Truck,Public Safety,,Pass,290,236
debt_exclusion,126,Harwich,2018,2016-05-17,Bonds For Reconstruction Of Saquatucket Muni Marina Docks,Culture and Recreation,,Pass,1157,352
debt_exclusion,126,Harwich,2018,2016-05-17,Bonds To Pay For Road Maintenance Program,Public Works and Facilities,,Pass,1101,386
debt_exclusion,140,Hubbardston,2017,2016-05-17,Purchase And Equip New Fire Truck,Public Safety,,Pass,290,236
debt_exclusion,166,Manchester By The Sea,2017,2016-05-17,"Pay Costs Of Water Mains, Wastewater Manage Plan And Sewer Pipes",Public Works and Facilities,,Pass,401,83
debt_exclusion,173,Mattapoisett,2018,2016-05-17,Pay Costs Of Making General Repairs And Improvements To The Roads Within The Town As Shown In Phase Vi Of The Towns Road Infrastructure Improvement Plan,General Government,,Pass,184,81
debt_exclusion,203,New Marlborough,2017,2016-05-17,Purchase New Ladder Truck For Fire Dept,Public Safety,,Fail,821,870
debt_exclusion,216,Northbridge,2017,2016-05-17,Dpw Building Construction,Public Works and Facilities,,Pass,622,179
debt_exclusion,224,Orleans,2017,2016-05-17,Fundi Amended Water Quality Management Plan,Public Works and Facilities,,Pass,1457,520
debt_exclusion,224,Orleans,2017,2016-05-17,Additional Nauset Beach Parking Lot,Culture and Recreation,,Pass,1584,431
debt_exclusion,224,Orleans,2017,2016-05-17,Design New Dpw/Nr Facility,Public Works and Facilities,,Pass,1391,588
debt_exclusion,224,Orleans,2017,2016-05-17,New Fueld Depot,Public Works and Facilities,,Pass,1439,526
debt_exclusion,224,Orleans,2017,2016-05-17,Police Station,Public Safety,,Pass,1558,482
debt_exclusion,224,Orleans,2017,2016-05-17,Replace Rock Harbor Bulkhead,Culture and Recreation,,Pass,1684,337
debt_exclusion,224,Orleans,2017,2016-05-17,Bonds For Nauset Estuary Project,General Government,,Pass,1422,497
debt_exclusion,224,Orleans,2017,2016-05-17,Hvac Orleans Elementary,School,,Pass,1733,272
debt_exclusion,224,Orleans,2017,2016-05-17,Feasibilty Study For Skaket Beach Admin Building,Culture and Recreation,,Pass,1232,744
debt_exclusion,288,Sudbury,2017,2016-05-17,Purchase A New Fire Truck,Public Safety,,Fail,821,870
debt_exclusion,288,Sudbury,2017,2016-05-17,Bonds For New Community Center,General Government,,Fail,647,1013
capital_exclusion,288,Sudbury,2017,2016-05-17,School Rooftop Hvac Unit,SCHOOL,75000,Pass,891,797
capital_exclusion,288,Sudbury,2017,2016-05-17,Fire Department Ambulance,PUBLIC SAFETY,265000,Pass,946,751
capital_exclusion,288,Sudbury,2017,2016-05-17,Design And Construction Of Walkways In Town,GENERAL GOVERNMENT,100000,Fail,748,942
capital_exclusion,288,Sudbury,2017,2016-05-17,Repairs To Underground Fuel System At Dpw,PUBLIC WORKS & FACILITIES,250000,Fail,758,926
capital_exclusion,288,Sudbury,2017,2016-05-17,Crosswalk Traffic Signal,PUBLIC SAFETY,25000,Pass,870,825
capital_exclusion,288,Sudbury,2017,2016-05-17,Addition On Dpw Garage,PUBLIC WORKS & FACILITIES,220000,Fail,535,1143
capital_exclusion,288,Sudbury,2017,2016-05-17,Vehicle And Equip For Public Works,PUBLIC WORKS & FACILITIES,492500,Fail,571,1115
capital_exclusion,288,Sudbury,2017,2016-05-17,Reconstructing And Repairs To Town Buildings,GENERAL GOVERNMENT,195000,Fail,647,1040
capital_exclusion,288,Sudbury,2017,2016-05-17,Extraordinary Repairs To Ls Rsd,SCHOOL,122320,Fail,700,994
capital_exclusion,288,Sudbury,2017,2016-05-17,Repair Driveways Parking Lots And Sidewalks For Schools And Town,GENERAL GOVERNMENT,84000,Fail,755,939
capital_exclusion,288,Sudbury,2017,2016-05-17,Construct Garage Next To Nixon School,GENERAL GOVERNMENT,95000,Fail,454,1209
capital_exclusion,288,Sudbury,2017,2016-05-17,Reconstructing The Tennis Courts,GENERAL GOVERNMENT,175000,Fail,724,970
debt_exclusion,162,Lunenburg,2017,2016-05-21,Bonds For Pavement Management Plan,Public Works and Facilities,,Pass,181,127
debt_exclusion,136,Holliston,2018,2016-05-24,Bonds Issues For Roadway Improvements,Public Works and Facilities,,Pass,1085,692
debt_exclusion,088,Easton,2019,2016-06-07,Renovate And Expand Fronthingham Community Center,General Government,,Fail,1945,3225
debt_exclusion,285,Stoughton,2017,2016-06-07,Stoughton High School Project,School,,Pass,3831,1027
debt_exclusion,251,Rockland,2017,2016-06-11,Athletic Field,Culture and Recreation,,Fail,752,1310
debt_exclusion,251,Rockland,2019,2016-06-11,"Bonds To Pay For Road Repair, Reconstruction And Maintenacne",General Government,,Pass,1090,968
debt_exclusion,064,Clinton,2017,2016-06-13,Pay For The Phase 1 Savage Field Renovation Project,Culture and Recreation,,Pass,534,398
debt_exclusion,080,Dudley,2017,2016-06-13,Bonds For New Police Cruisers,Public Safety,,Pass,235,158
debt_exclusion,010,Arlington,2018,2016-06-14,Bonds For Thompson And Gibbs Schools,School,,Pass,7196,2505
debt_exclusion,010,Arlington,2018,2016-06-14,Bonds For New Minuteman Rsd,School,,Pass,6193,3470
debt_exclusion,010,Arlington,2018,2016-06-14,Bonds For Arlington High Feasibility Study,School,,Pass,7419,2283
capital_exclusion,140,Hubbardston,2017,2016-06-14,Ambulance Purchase,PUBLIC SAFETY,250000,Pass,349,315
debt_exclusion,168,Marblehead,2018,2016-06-14,"Bonds For Study, Renovation And Recon Of Elbridge Gerry School",School,,Pass,2176,875
debt_exclusion,168,Marblehead,2018,2016-06-14,Bonds For A Pumper Truck For The Fire Dept,Public Safety,,Pass,2403,628
debt_exclusion,117,Hadley,2017,2016-06-16,Bonds For Backhoe For Public Works Department,Public Works and Facilities,,Pass,169,66
debt_exclusion,117,Hadley,2017,2016-06-16,Bonds For New Roof Public Safety Building,Public Safety,,Pass,176,59
debt_exclusion,346,Winthrop,2018,2016-06-21,Bonds For Millers Field/Lewis Lake Project,Culture and Recreation,,Pass,1807,949
debt_exclusion,192,Montague,2017,2016-06-27,Bonds For Stormdrain Overflow,Public Works and Facilities,,Pass,402,200
debt_exclusion,192,Montague,2017,2016-06-27,Bonds For Strathmore Mill Complex,Public Works and Facilities,,Pass,361,242
debt_exclusion,081,Dunstable,2017,2016-06-30,Bonds Issues To Renovate The Greater Lowell Tech Hs,General Government,,Pass,377,335
debt_exclusion,058,Cheshire,2017,2016-07-11,Bonds For Police Cruiser ,Public Safety,,Fail,84,90
debt_exclusion,058,Cheshire,2017,2016-07-11,Bonds For Dump Truck And Equip,Public Works and Facilities,,Pass,99,77
debt_exclusion,334,Westport,2019,2016-08-02,Bonds To Pay For New Police Station,Public Safety,,Pass,1192,761
debt_exclusion,257,Rutland,2017,2016-09-08,Bonds For Central Tree Middle School,School,,Pass,532,341
debt_exclusion,034,Bolton,2023,2016-09-20,Bonds For New District School,School,,Pass,179,93
debt_exclusion,122,Hanover,2018,2016-10-01,Bonds For Addition To Center Elementary School,School,,Pass,1707,358
capital_exclusion,300,Truro,2017,2016-10-10,Repairs For The Outfall Pipe At East Harbor,PUBLIC WORKS & FACILITIES,120000,Pass,362,125
debt_exclusion,124,Hardwick,2017,2016-10-17,Bonds For Gilbertville Water Pollution Control Upgrade,Public Works and Facilities,,Fail,162,191
capital_exclusion,242,Provincetown,2017,2016-10-17,Year Round Rental Housing,GENERAL GOVERNMENT,500000,Pass,538,473
debt_exclusion,321,West Boylston,2017,2016-10-18,Construction Of New Police Station And Equipment,Public Safety,,Pass,598,265
debt_exclusion,108,Goshen,2018,2016-10-24,Bonds For Regional Broadband,General Government,,Pass,170,27
debt_exclusion,080,Dudley,2018,2016-11-08,"Bonds To Pay For Remodel, Reconstruction And Repairs To Fire Station At 128 West Main St",Public Safety,,Pass,3270,2039
debt_exclusion,127,Hatfield,2021,2016-11-08,Town Hall Renovation - Phase 2,General Government,,Pass,1064,892
debt_exclusion,199,Needham,2017,2016-11-08,Bond Issued For Hillside School,School,,Pass,11836,5273
debt_exclusion,205,Newbury,2017,2016-11-08,Build New Police Station & Repairs To Town Hall,Public Safety,,Pass,2212,2112
capital_exclusion,216,Northbridge,2017,2016-11-08,Fire Truck & Rockdale Wwi Memorial,GENERAL GOVERNMENT,650000,Pass,4646,3401
debt_exclusion,222,Oakham,2017,2016-11-08,Pay Bond To Renovate Fire Station,Public Safety,,Pass,679,456
debt_exclusion,224,Orleans,2018,2016-11-08,Fund An Amended Water Quality Plan And Associated Adaptive Management Plan For The Town,Public Works and Facilities,,Pass,2757,1374
debt_exclusion,274,Somerville,2018,2016-11-08,"Bonds To Design, Engineer, Construct New High School",School,,Pass,26752,10374
debt_exclusion,318,Wellfleet,2018,2016-11-16,"Pay For The Design, Construction, Equipping And Furnishing Of The Renovation Of The Existing Police Station",General Government,,Pass,299,99
debt_exclusion,036,Bourne,2018,2016-12-06,Bonds For Police Station Facility,Public Safety,,Pass,2749,806
debt_exclusion,036,Bourne,2018,2016-12-06,Bonds For Peeples Elementary School,School,,Pass,2387,1161
debt_exclusion,075,Dennis,2021,2016-12-06,Bonds For Construction Of Dennis Senior Center,Culture and Recreation,,Pass,1249,501
debt_exclusion,197,Nantucket,2020,2016-12-06,Nantucket Landfill Closure,Public Works and Facilities,,Pass,759,494
debt_exclusion,197,Nantucket,2020,2016-12-06,Bonds Surfside Wastewater Treatment Facility,Public Works and Facilities,,Fail,472,779
debt_exclusion,197,Nantucket,2020,2016-12-06,Bonds For School Project Funding,School,,Pass,673,580
debt_exclusion,076,Dighton,2018,2017-01-10,"Finance Design, Construction Of New Police Headquarters",Public Safety,,Pass,379,337
debt_exclusion,117,Hadley,2018,2017-01-10,Bonds For Upgrades To Municipal Storm Water System,Public Works and Facilities,,Pass,389,20
debt_exclusion,117,Hadley,2018,2017-01-10,Bonds To Pay For Police Vehicles And Equip,Public Safety,,Pass,468,23
debt_exclusion,117,Hadley,2018,2017-01-10,Bonds To Pay For Public Works Vehicles And Equip,Public Works and Facilities,,Pass,523,24
debt_exclusion,117,Hadley,2018,2017-01-10,Bonds To Pay For Installation Of Computer And Information Tech For School,School,,Pass,410,23
debt_exclusion,117,Hadley,2018,2017-01-10,Bonds To Pay For Installation Of Hvac System For School,School,,Pass,501,20
debt_exclusion,117,Hadley,2018,2017-01-10,Bonds To Pay For Installation Of Hvac System For Public Safety Complex For Police And Fire,Public Safety,,Pass,473,22
debt_exclusion,117,Hadley,2018,2017-01-10,Bonds To Pay For Engineering Survey And Assessment To Municipal Levee System,Public Works and Facilities,,Pass,472,28
debt_exclusion,117,Hadley,2018,2017-01-10,Bonds To Pay For Design And Construction Of Substation For The Fire Dept,Public Safety,,Pass,460,7
debt_exclusion,117,Hadley,2018,2017-01-10,Bonds To Pay For The Design And Construction Of A Senior Center For Coa,General Government,,Pass,490,3
debt_exclusion,242,Provincetown,2021,2017-02-07,Bonds For Harbor Hill Land Purchase,General Government,,Pass,503,240
debt_exclusion,234,Petersham,2019,2017-03-06,Asbestos Removal At Nichewaug Inn And Assumpta Academy,General Government,,Pass,132,46
capital_exclusion,157,Lincoln,2018,2017-03-27,Feasibility Study And Plans For Community At Hartwell Complex,CULTURE AND RECREATION,150000,Pass,536,126
capital_exclusion,157,Lincoln,2018,2017-03-27,Purchase Bucket Truck For Dpw,PUBLIC WORKS & FACILITIES,75000,Pass,609,57
capital_exclusion,157,Lincoln,2018,2017-03-27,Purchase Small Dump Truck For Dpw,PUBLIC WORKS & FACILITIES,75000,Pass,595,66
debt_exclusion,344,Winchester,2018,2017-03-28,Bonds To Pay For Construction Of Athletic Fields At Skillings Field,Culture and Recreation,,Pass,2571,1833
debt_exclusion,295,Tewksbury,2018,2017-04-01,Bonds To Pay For A New Fire Station At 984 Main St.,Public Safety,,Pass,1351,932
debt_exclusion,295,Tewksbury,2018,2017-04-01,Bonds To Pay For A New Dpw Facility,Public Works and Facilities,,Fail,773,1491
debt_exclusion,295,Tewksbury,2018,2017-04-01,Bonds To Pay For New Town Center,General Government,,Fail,740,1529
debt_exclusion,247,Rehoboth,2017,2017-04-03,Bonds To Pay For Municipal Govt Complex,General Government,,Fail,1197,1317
debt_exclusion,265,Seekonk,2020,2017-04-03,"Bonds To Design, Renovate, Construct And All Other Associated Costs",General Government,,Pass,816,294
debt_exclusion,265,Seekonk,2020,2017-04-03,Bonds For Mildred H. Aitken Elementary School Door And Window Repairs,School,,Pass,244,178
debt_exclusion,072,Dartmouth,2019,2017-04-04,Bonds To Pay For New Police Station,Public Safety,,Pass,2317,1147
debt_exclusion,125,Harvard,2018,2017-04-04,Bonds To Pay For Restoration Of Fire Ponds,Public Safety,,Pass,590,119
debt_exclusion,125,Harvard,2018,2017-04-04,Bonds To Pay For A New Dump Truck,Public Works and Facilities,,Pass,486,219
debt_exclusion,125,Harvard,2018,2017-04-04,Bonds To Repair And Renovate The Bromfield Science Lab,School,,Pass,588,129
debt_exclusion,221,Oak Bluffs,2018,2017-04-12,Bonds To Pay For A New Town Hall,General Government,,Pass,627,509
capital_exclusion,089,Edgartown,2018,2017-04-13,"Purchasing Or Taking By Eminent Domain The  So-Called  ''Yellow House, The Underlying Approximately .26 Acres Of Land, And The Accessory  Building-Located At 66 Main Street",GENERAL GOVERNMENT,1500000,Pass,399,152
capital_exclusion,089,Edgartown,2018,2017-04-13,Purchase And Equip A Class A Pumper For The Fire Department,GENERAL GOVERNMENT,575000,Pass,420,127
capital_exclusion,089,Edgartown,2018,2017-04-13,"Construct A Bike Lane On Meshacket Road, Between The West Tisbury Road And Marsh Hawk Circle",GENERAL GOVERNMENT,255000,Pass,433,114
capital_exclusion,089,Edgartown,2018,2017-04-13,Purchase A New Dredge,GENERAL GOVERNMENT,600000,Pass,401,149
capital_exclusion,089,Edgartown,2018,2017-04-13,Purchase A Patrol/Collection Vessel With Trailer For The Harbormaster,GENERAL GOVERNMENT,160000,Pass,407,142
debt_exclusion,019,Ayer,2018,2017-04-24,Bonds To Pay For Dpw Operations Center,Public Works and Facilities,,Pass,182,116
debt_exclusion,019,Ayer,2018,2017-04-24,Bonds For Parks Dept Storage And Maintenance,Culture and Recreation,,Pass,208,93
debt_exclusion,019,Ayer,2018,2017-04-24,Bonds To Pay For West Main St Bridge,General Government,,Pass,235,66
debt_exclusion,019,Ayer,2018,2017-04-24,Bonds To Pay For Dpw Highway Storage Garage,Public Works and Facilities,,Pass,187,110
debt_exclusion,186,Millbury,2018,2017-04-25,Bonds For Feasibility Study For Raymond Shaw Elementary School,School,,Pass,650,216
debt_exclusion,171,Marshfield,2022,2017-04-29,Fund Replacement Roof Furnace Brook Middle School,School,,Pass,1250,362
debt_exclusion,029,Bernardston,2018,2017-05-01,Bonds For Turner Falls Bridge,Public Works and Facilities,,Pass,57,14
debt_exclusion,187,Millis,2019,2017-05-01,Bonds To Pay For New Clyde Brown Elementary School,School,,Pass,1087,698
debt_exclusion,212,North Brookfield,2018,2017-05-01,Bonds To Pay For New Roof For Elementary School At 10 New School Dr.,School,,Pass,346,196
debt_exclusion,235,Phillipston,2018,2017-05-01,Bonds To Pay For Repairs To Queen Lake Dam,Public Works and Facilities,,Pass,138,99
debt_exclusion,318,Wellfleet,2018,2017-05-01,Feasibility Study For Nauset Rsd,School,,Pass,477,156
debt_exclusion,242,Provincetown,2018,2017-05-02,Bonds To Pay For New Police Station,Public Safety,,Pass,539,202
debt_exclusion,252,Rockport,2018,2017-05-02,Bonds For Emergency Communications System,Public Safety,,Pass,1434,975
debt_exclusion,298,Topsfield,2018,2017-05-04,Bonds For New Roof And Windows Proctor And Steward Schools,School,,Pass,1231,349
capital_exclusion,298,Topsfield,2018,2017-05-04,Donibristle Farm Land Aquisition,CULTURE AND RECREATION,500000,Pass,1089,497
debt_exclusion,013,Ashfield,2022,2017-05-06,Bonds Associated With Landfill Closure And Transfer Stat. Permitting,Public Works and Facilities,,Pass,125,24
debt_exclusion,013,Ashfield,2022,2017-05-06,Bonds To Purchase Highway Pickup Truck,Public Works and Facilities,,Pass,88,42
debt_exclusion,237,Plainfield,2018,2017-05-06,Pay For A Fully Equipped Dump Truck,General Government,,Pass,72,17
debt_exclusion,333,Weston,2018,2017-05-06,"Bonds Town Center, Dpw Drainage, 2 Field Projects, Case Campus",General Government,,Pass,812,195
debt_exclusion,028,Berlin,2018,2017-05-08,Bonds To Pay For The Acquiring Land To Link Hiking Corridors,Culture and Recreation,,Pass,428,304
debt_exclusion,034,Bolton,2018,2017-05-08,Bonds For Bolton Conservation Trust,Culture and Recreation,,Pass,519,292
debt_exclusion,070,Dalton,2018,2017-05-08,Bonds For Demolition Of Old Dalton High School,School,,Pass,524,230
debt_exclusion,070,Dalton,2018,2017-05-08,Bonds For Wahconah Regional Hs Building,School,,Pass,519,234
debt_exclusion,228,Paxton,2018,2017-05-08,Bond To Pay For Plan And Design Of New Dpw,Public Works and Facilities,,Fail,136,160
capital_exclusion,228,Paxton,2018,2017-05-08,Purchase New Police Interceptor,PUBLIC SAFETY,41910,Pass,155,143
capital_exclusion,228,Paxton,2018,2017-05-08,Replace Windows And Minor Repairs To Senior Center,GENERAL GOVERNMENT,120000,Fail,130,168
capital_exclusion,228,Paxton,2018,2017-05-08,Painting Lead Abatement And Minor Repairs For Town Hall,GENERAL GOVERNMENT,70000,Pass,161,135
debt_exclusion,113,Great Barrington,2019,2017-05-09,Improvements To Town Hall And Library,General Government,,Pass,383,181
debt_exclusion,193,Monterey,2018,2017-05-09,"Bonds Design, Renovation And Construction Of Library",Culture and Recreation,,Pass,130,17
debt_exclusion,254,Rowley,2018,2017-05-09,Bonds To Pay For Repair And Constructing Major Systems At Pine Grove Elementary School,School,,Pass,733,367
debt_exclusion,269,Sherborn,2018,2017-05-09,Bonds For Pine Hill Cemetery Roads And Drainage Improvements,Public Works and Facilities,,Pass,527,501
debt_exclusion,269,Sherborn,2018,2017-05-09,Bonds For Snowfighter Dump Truck,General Government,,Pass,586,447
debt_exclusion,269,Sherborn,2018,2017-05-09,"Bonds  To Fund Repairs, Maintenance And Improvements To Roads",Public Works and Facilities,,Pass,637,396
debt_exclusion,277,Southborough,2018,2017-05-09,Bonds To Pay For Public Safety Complex,Public Safety,,Pass,1085,493
debt_exclusion,286,Stow,2018,2017-05-09,Bonds For Improvements To Route 117,Public Works and Facilities,,Pass,574,238
debt_exclusion,300,Truro,2018,2017-05-09,Bond Issued For Culvert Repair,Public Works and Facilities,,Pass,284,110
debt_exclusion,055,Chatham,2020,2017-05-11,Surface Water Nutrient Mgmt,General Government,,Pass,1281,535
debt_exclusion,055,Chatham,2021,2017-05-11,"Pay Bonds For Waterfront Infrastructure Design, Construction, Land Acquisition And Other Associated Costs",General Government,,Pass,1233,586
debt_exclusion,081,Dunstable,2018,2017-05-15,Bonds For Engineering Costs For Town Water System,Public Works and Facilities,,Pass,315,220
debt_exclusion,081,Dunstable,2018,2017-05-15,Bonds Engineering Cost Sidewalk High St,Public Works and Facilities,,Fail,244,290
debt_exclusion,081,Dunstable,2018,2017-05-15,Bonds For New Plow/Sander,Public Works and Facilities,,Pass,315,215
debt_exclusion,081,Dunstable,2018,2017-05-15,Bonds For New Fire Engine,Public Safety,,Fail,266,266
debt_exclusion,184,Middleton,2018,2017-05-15,Bonds For Natsue Way Rec Area,Culture and Recreation,,Pass,472,442
debt_exclusion,038,Boxford,2018,2017-05-16,Bonds For Spoford Pond School Roof And Window Replacement,School,,Pass,791,271
debt_exclusion,041,Brewster,2018,2017-05-16,Bonds To Pay For Feasibility Study For Nauset High School,School,,Pass,375,195
debt_exclusion,086,Eastham,2018,2017-05-16,Bonds To Pay For The Demolition And Site Restoration Of Tri-Town Septage Treatment Plant,Public Works and Facilities,,Pass,679,136
debt_exclusion,086,Eastham,2018,2017-05-16,Bonds To Pay For Feasibility Study For Nauset Rsd,School,,Pass,637,176
debt_exclusion,096,Falmouth,2020,2017-05-16,Bonds For New Senior Center,General Government,,Pass,3953,3062
debt_exclusion,110,Grafton,2019,2017-05-16,"Fund The Construction, Renovation And Expansion Of The Grafton Public Library",General Government,,Pass,1197,953
debt_exclusion,110,Grafton,2019,2017-05-16,"Fund The Pre-Construction, Constructing, Equipping And Furnishing Of A New Dpw Facility To Be Located At 48 Old Westboro Road",Public Works and Facilities,,Pass,1353,778
debt_exclusion,115,Groton,2018,2017-05-16,Bonds For Land Purchase Farmers Row For Senior Center,Culture and Recreation,,Fail,247,1327
debt_exclusion,115,Groton,2018,2017-05-16,Bonds For Design And Construction Bidding New Senior Center,Culture and Recreation,,Fail,716,957
debt_exclusion,126,Harwich,2018,2017-05-16,Bonds For Water Delivery To Chatham And Design Of Pleasant Bay Watershed,Public Works and Facilities,,Pass,1380,342
debt_exclusion,126,Harwich,2018,2017-05-16,Bonds For Solar Capable Cart Barn And Provide Environmental Upgrades To Club House And Pro Shop,Culture and Recreation,,Pass,882,824
debt_exclusion,126,Harwich,2018,2017-05-16,Bonds To Pay For Road Maintenance Program,Public Works and Facilities,,Pass,1331,372
debt_exclusion,126,Harwich,2018,2017-05-16,Bonds To Pay For Saquatucket Harbor Landside Renovations,Culture and Recreation,,Pass,963,735
debt_exclusion,126,Harwich,2018,2017-05-16,Bonds For Cold Brook Project,Public Works and Facilities,,Pass,1320,387
debt_exclusion,126,Harwich,2018,2017-05-16,Bonds For Developing Construction Plans For Fire Station 2 At  Rt. 149 And 137,Public Safety,,Pass,1005,708
capital_exclusion,126,Harwich,2018,2017-05-16,Purchase A New Pumper For Fire Dept,PUBLIC SAFETY,420000,Pass,1095,622
debt_exclusion,166,Manchester By The Sea,2018,2017-05-16,Pay For Bonds For Improving The Water And Wastewater Systems,Public Works and Facilities,,Pass,203,49
capital_exclusion,166,Manchester By The Sea,2018,2017-05-16,Purchase And Convert Led Streetlights,PUBLIC WORKS & FACILITIES,300000,Pass,170,84
debt_exclusion,172,Mashpee,2019,2017-05-16,Bonds To Pay For Repairs To Quashnet School,School,,Pass,1043,352
debt_exclusion,173,Mattapoisett,2019,2017-05-16,Bond To Pay For Phase Vii Road Improvement,Public Works and Facilities,,Pass,237,102
debt_exclusion,179,Mendon,2018,2017-05-16,Bonds For New Police Station,Public Safety,,Pass,601,289
debt_exclusion,224,Orleans,2018,2017-05-16,Bonds To Pay For Demolition Of Tri Town Septage Facilty,Public Works and Facilities,,Pass,1322,373
debt_exclusion,224,Orleans,2018,2017-05-16,Bonds To Implement Water Quality Mgmt And Adaptive Mgmt Plan,Public Works and Facilities,,Pass,1269,449
debt_exclusion,224,Orleans,2018,2017-05-16,Bonds Issued By Nauset Rsd For Feasibility Study,School,,Pass,1330,358
debt_exclusion,224,Orleans,2018,2017-05-16,Bonds To Construct A New Dpw And Natural Resources Central Garage,Public Works and Facilities,,Pass,1212,499
debt_exclusion,283,Stockbridge,2018,2017-05-16,Bonds To Pay For New Fire Truck,Public Safety,,Pass,266,74
debt_exclusion,283,Stockbridge,2018,2017-05-16,Bonds To Pay For Design And Construction Of Town Roads And Bridges,Public Works and Facilities,,Pass,284,60
debt_exclusion,139,Hopkinton,2018,2017-05-17,Fund Design And Construction Of Traffic And Pedestrian Safety Improvements On Hayden Rowe,Public Safety,,Pass,1382,866
debt_exclusion,139,Hopkinton,2018,2017-05-17,Repair The Hvac System On The Main St. Fire Station Roof,General Government,,Pass,1561,658
debt_exclusion,053,Charlemont,2019,2017-05-23,Bond To Pay For New Truck For Highway Dept,Public Works and Facilities,,Pass,119,111
debt_exclusion,053,Charlemont,2019,2017-05-23,Bond To Pay For New Suv Police Cruiser,Public Safety,,Fail,108,121
debt_exclusion,053,Charlemont,2019,2017-05-23,Bond To Pay For Air Packs And Air Bottles For The Fire Dept,Public Safety,,Pass,150,80
debt_exclusion,290,Sutton,2018,2017-05-23,"Bonds For Design, Construction New Police Station",Public Safety,,Pass,579,243
debt_exclusion,106,Gill,2018,2017-06-05,Purchase A Police Cruiser And Associated Equipment For The Police Department,General Government,,Pass,115,71
debt_exclusion,175,Medfield,2018,2017-06-05,Bonds To Buy Land And Build Affordable Housing,General Government,,Pass,904,108
debt_exclusion,146,Lakeville,2018,2017-06-06,Bonds To Pay For New Police Station,Public Safety,,Pass,747,414
debt_exclusion,321,West Boylston,2018,2017-06-06,Bonds To Pay For New Senior Center,General Government,,Pass,707,430
debt_exclusion,067,Concord,2020,2017-06-08,Bonds For Landfill Site Remediation,Public Works and Facilities,,Pass,535,159
debt_exclusion,232,Pepperell,2019,2017-06-12,Bond To Pay For Repairs To Varnum Brook Elementary School,School,,Pass,347,145
debt_exclusion,232,Pepperell,2019,2017-06-12,Bond To Pay For Repairs To Sannacook Early Childhood Ctr,School,,Pass,341,152
debt_exclusion,232,Pepperell,2019,2017-06-12,Bond To Pay For Repairs To Hawthorne Brook Middle School,School,,Pass,343,149
debt_exclusion,051,Carlisle,2018,2017-06-13,Bonds For Landfill Remediation For Concord-Carlisle Rsd,Public Works and Facilities,,Pass,388,137
debt_exclusion,051,Carlisle,2018,2017-06-13,Bonds For Public Safety Communication Tower,Public Safety,,Pass,376,155
debt_exclusion,159,Longmeadow,2018,2017-06-13,"Bonds For Land, Construction And Equip New Dpw Facility",Public Works and Facilities,,Pass,1178,106
debt_exclusion,262,Saugus,2018,2017-06-20,Bonds For Const And Equip New Middle/High School,School,,Pass,3481,1451
debt_exclusion,262,Saugus,2018,2017-06-20,Bonds For Const And Equip Belmonte Middle School,School,,Pass,3380,1534
capital_exclusion,222,Oakham,2018,2017-06-23,Purchasing And Equipping A Police Cruiser ,PUBLIC SAFETY,40000,Fail,142,225
capital_exclusion,222,Oakham,2018,2017-06-23,Purchasing A Dishwasher For The Oakham Center School ,SCHOOL,19000,Pass,260,111
capital_exclusion,222,Oakham,2018,2017-06-23,Replacing Fire Department Furnace ,PUBLIC SAFETY,10000,Pass,214,157
debt_exclusion,127,Hatfield,2018,2017-06-27,Bonds To Pay For Phase 2 Of Water Main Transmission Line Construction,General Government,,Pass,148,91
debt_exclusion,247,Rehoboth,2018,2017-06-27,Dighton-Rehoboth Rsd For Roof And Window Repairs,School,,Pass,556,409
capital_exclusion,247,Rehoboth,2018,2017-06-27,Installation Of Door Security Systems,SCHOOL,87203,Pass,579,386
debt_exclusion,255,Royalston,2018,2017-06-27,Construction Of Broadband Service,General Government,,Pass,1250,36
debt_exclusion,255,Royalston,2018,2017-06-27,Bonds To Pay For 10 Wheel Sander,Public Works and Facilities,,Pass,117,43
debt_exclusion,204,New Salem,2019,2017-07-10,Bonds For New Tanker Truck,Public Safety,,Pass,57,32
debt_exclusion,012,Ashby,2019,2017-07-11,Bonds To Pay For Repairs And Hvac At Varnum Brook Elementary School,School,,Pass,166,129
debt_exclusion,012,Ashby,2019,2017-07-11,Bonds To Pay For Repairs And Hvac At Squannacook Early Childhood Ctr,School,,Pass,161,133
debt_exclusion,012,Ashby,2019,2017-07-11,Bond To Pay For Repairs And Hvac At Hawthorne Middle School,School,,Pass,178,116
debt_exclusion,331,Westhampton,2018,2017-08-05,Bonds For 10 Wheel Dump Truck,Public Works and Facilities,,Pass,80,40
debt_exclusion,265,Seekonk,2019,2017-08-08,"Bond To Design, Purchase And Install Public Safety Radio",Public Safety,,Pass,471,288
debt_exclusion,118,Halifax,2018,2017-08-16,Bonds To Pay For Repairs And Renovations At Halifax Elementary School,School,,Pass,301,229
debt_exclusion,018,Avon,2023,2017-09-12,Bonds For Public Works Brentwood Streets And Roads,Public Works and Facilities,,Pass,204,129
debt_exclusion,270,Shirley,2018,2017-09-13,Bonds To Buy And Equip A New Fire Truck,Public Safety,,Pass,286,141
debt_exclusion,117,Hadley,2018,2017-09-14,Bond To Buy And Equip A Dump Truck,Public Works and Facilities,,Pass,157,147
debt_exclusion,117,Hadley,2018,2017-09-14,Bond To Buy And Equip A Back Hoe,Public Works and Facilities,,Fail,150,154
debt_exclusion,020,Barnstable,2020,2017-09-19,Bond To Construct New School At Cape Cod Rths,School,,Pass,1749,890
debt_exclusion,042,Bridgewater,2020,2017-10-24,Bonds To Pay For New District High School,School,,Pass,370,138
debt_exclusion,075,Dennis,2020,2017-10-24,Bonds For New Cape Cod Regional Tech Hs ,School,,Pass,1535,516
debt_exclusion,086,Eastham,2019,2017-10-24,"Pay The Town'S Share Of The Bond Issued By The Cape Cod Rtsd For Paying Costs Of Designing, Constructing, Originally Equipping And Furnishing A New District Hs To Be Located At 351 Pleasant Lake Avenue",School,,Pass,663,201
debt_exclusion,126,Harwich,2020,2017-10-24,Bonds For New District Tech High School,School,,Pass,370,138
debt_exclusion,172,Mashpee,2019,2017-10-24,Cape Code Reg Tech Hs,School,,Pass,677,203
debt_exclusion,224,Orleans,2019,2017-10-24,Bonds For Construction Of Sanitary Sewer Collection System Under Main St ,Public Works and Facilities,,Pass,1102,412
debt_exclusion,224,Orleans,2019,2017-10-26,Bonds For Improvements To Hvac Or Orleans Elem School,School,,Pass,1360,159
capital_exclusion,222,Oakham,2018,2017-10-31,Purchasing A Classroom Communication System For The Oakham Center School,SCHOOL,12000,Pass,240,130
debt_exclusion,182,Middleborough,2019,2017-11-04,Bonds To Pay For New High School,School,,Pass,2095,973
debt_exclusion,117,Hadley,2018,2017-11-14,Bonds To Build A New Goodwin Memorial Library,Culture and Recreation,,Pass,683,470
debt_exclusion,117,Hadley,2018,2017-11-14,Bonds To Build New Senior Center,Culture and Recreation,,Pass,704,447
debt_exclusion,155,Lexington,2018,2017-12-04,"Bonds For Maria Hastings Elementary School, Incl Other Site Improvements Incidental Or Directly Related To Such Construction",School,,Pass,3841,2221
debt_exclusion,155,Lexington,2018,2017-12-04,"Bonds For A New Lexington Children'S Place, Incl Other Site Improvements Incidental Or Directly Related To Such Construction",School,,Pass,3138,2913
debt_exclusion,155,Lexington,2018,2017-12-04,"Bonds For A New Headquarters Fire Station, Incl Other Site Improvements Incidental Or Directly Related To Such Construction",Public Safety,,Pass,3971,2090
debt_exclusion,219,Norwell,2019,2017-12-09,Bonds For New Library,Culture and Recreation,,Pass,1119,345
debt_exclusion,288,Sudbury,2018,2017-12-11,Bonds To Pay For New Fire Station,Public Safety,,Fail,509,667
debt_exclusion,223,Orange,2019,2018-01-08,Feasibility Study For Dexter Park School,School,,Pass,366,176
debt_exclusion,321,West Boylston,2019,2018-02-27,"Construct A New Senior Center Facility, And Purchase Any Related Equipment, As Well As Architect And Owners Project Management Costs",General Government,,Pass,607,497
debt_exclusion,334,Westport,2019,2018-02-27,Bonds To Pay For Design & Const Of Middle & High School,School,,Pass,3108,1789
debt_exclusion,095,Fall River,2022,2018-03-06,Bonds To Build New B.M.C. Durfee High School,School,,Pass,4998,3166
capital_exclusion,157,Lincoln,2019,2018-03-26,Purchase Of A New Fire Engine,PUBLIC SAFETY,600000,Pass,741,139
debt_exclusion,161,Ludlow,2019,2018-03-26,Design And Construction Of Senior Center,General Government,,Pass,2054,936
debt_exclusion,161,Ludlow,2019,2018-03-26,Design And Construction Of Chapin Elementary School,School,,Pass,1880,1099
debt_exclusion,198,Natick,2019,2018-03-27,Bonds To Pay For New Jfk Middle School,School,,Pass,4830,811
debt_exclusion,315,Wayland,2019,2018-03-27,Design And Construction Of Wayland High Stadium Complex,School,,Pass,1419,1281
debt_exclusion,315,Wayland,2019,2018-03-27,Design And Install Of Electrical System For Town Offices,General Government,,Pass,1889,790
debt_exclusion,315,Wayland,2021,2018-03-27,Bonds For Renovations To Wayland Town Bldg And Fire Station 2,General Government,,Pass,1889,790
debt_exclusion,315,Wayland,2021,2018-03-27,Bonds For New Hs Stadium Complex And All Associated Costs,School,,Pass,1419,1281
debt_exclusion,344,Winchester,2022,2018-03-27,Bonds For Mccall School Expansion Project,School,,Pass,1929,914
debt_exclusion,247,Rehoboth,2019,2018-04-02,Bonds To Pay For Dighton-Rehoboth Rsd Roof Replacement,School,,Pass,1074,457
debt_exclusion,016,Attleboro,2019,2018-04-03,Bonds For New High School On Rathbun Willard Dr,School,,Pass,5556,2905
debt_exclusion,015,Athol,2019,2018-04-09,Bonds To Pay For Repair Of Athol High,School,,Pass,251,67
debt_exclusion,015,Athol,2019,2018-04-09,"Bonds To Pay For Repairs To Exchange St Bridge, Replace Dpw Barn Roof And Pleasant St Sidewalk",General Government,,Pass,215,103
debt_exclusion,197,Nantucket,2019,2018-04-10,Storm Water Discharge System Improvements,Public Works and Facilities,,Pass,1558,566
debt_exclusion,197,Nantucket,2019,2018-04-10,Sparks Ave Sidewalk Improvements,Public Works and Facilities,,Pass,1196,912
debt_exclusion,197,Nantucket,2019,2018-04-10,Renovate Marine Division Building,Culture and Recreation,,Pass,1162,942
debt_exclusion,197,Nantucket,2019,2018-04-10,Public Works Facility Improvement Design,Public Works and Facilities,,Pass,1082,1008
debt_exclusion,197,Nantucket,2019,2018-04-10,Sewer Infrastucture Repairs,Public Works and Facilities,,Pass,1634,479
debt_exclusion,197,Nantucket,2019,2018-04-10,Old South Road Area Trans Improvement,Public Works and Facilities,,Fail,954,1170
capital_exclusion,197,Nantucket,2019,2018-04-10,"Combined Public Works Proj , Fire Dept, It And Schools",GENERAL GOVERNMENT,1545720,Pass,1155,947
capital_exclusion,089,Edgartown,2019,2018-04-12,Rebuilding And Resurfacing Town Streets,PUBLIC WORKS & FACILITIES,400000,Pass,619,246
capital_exclusion,089,Edgartown,2019,2018-04-12,"Repairing Sidewalks, Bike Paths And Drainage Systems",PUBLIC WORKS & FACILITIES,350000,Pass,733,205
capital_exclusion,089,Edgartown,2019,2018-04-12,Various Wastewater Projects,PUBLIC WORKS & FACILITIES,3726500,Pass,588,322
capital_exclusion,089,Edgartown,2019,2018-04-12,New Street Sweeper,PUBLIC WORKS & FACILITIES,225000,Pass,562,356
capital_exclusion,089,Edgartown,2019,2018-04-12,New Hangar At Katama Airport,GENERAL GOVERNMENT,1200000,Fail,466,469
debt_exclusion,221,Oak Bluffs,2019,2018-04-12,Bonds To Pay For Replacing Roof And Hvac At Oak Bluffs School,School,,Pass,702,241
debt_exclusion,124,Hardwick,2019,2018-04-23,Bonds For Glbertville Water Pollution Upgrade,Public Works and Facilities,,Pass,252,161
debt_exclusion,296,Tisbury,2018,2018-04-26,Bonds For Underground Utility System,General Government,,Pass,743,420
debt_exclusion,318,Wellfleet,2021,2018-04-30,Bonds For A New Cc Tech District High School,School,,Pass,591,173
debt_exclusion,242,Provincetown,2019,2018-05-01,Bonds To Pay For 2 New Firetrucks,Public Safety,,Pass,708,205
debt_exclusion,242,Provincetown,2019,2018-05-01,Bonds To Pay For Replacement Firehouse Heating System,Public Safety,,Pass,786,197
debt_exclusion,242,Provincetown,2019,2018-05-01,Bonds To Pay For Cape Code Regional Tech Construction And Associated Costs,School,,Pass,580,309
debt_exclusion,242,Provincetown,2019,2018-05-01,Bonds To Pay For Beach Protection Projects,Culture and Recreation,,Pass,715,251
debt_exclusion,013,Ashfield,2019,2018-05-05,Bonds To Purchase Highway Dump Truck,Public Works and Facilities,,Pass,162,40
debt_exclusion,014,Ashland,2020,2018-05-05,Bonds For Valentine Property,General Government,,Pass,1916,387
debt_exclusion,014,Ashland,2020,2018-05-05,Bonds For Mindess Elementary School,School,,Pass,1914,390
debt_exclusion,333,Weston,2019,2018-05-05,"Bonds For Drainage Improvements, Fire Pumper Truck And Route 30 Roadway Reconstruction Design",General Government,,Pass,381,113
debt_exclusion,190,Monroe,2019,2018-05-07,Bonds To Upgrade Treatment Plant Including All Associated Costs,Public Works and Facilities,,Pass,10,2
debt_exclusion,261,Sandwich,2020,2018-05-07,Constructing And Improvements To Sandwich Public Roads And Public Infrastructure,Public Works and Facilities,,Pass,1066,856
debt_exclusion,294,Templeton,2019,2018-05-07,Bonds For Templeton Police Station,Public Safety,,Pass,613,523
debt_exclusion,319,Wendell,2019,2018-05-07,Bonds For New Dpw Dump Truck,Public Works and Facilities,,Pass,80,21
debt_exclusion,046,Brookline,2019,2018-05-08,"Renovate And Expand Brookline High School, Acquisition And Reconstruction Of Property Located At 111 Cypress St, Repairs To Broolline High School, The Evelyn Kirrane Aquatic Center, The Unified Arts Building, The 66 Tappan St. Gym And Cypress Field",School,,Pass,3690,2022
debt_exclusion,125,Harvard,2019,2018-05-08,"Bonds To Construct An Ada Entrance At Hapgood Library And Renovations, Repairs And Improvments",Culture and Recreation,,Pass,1392,553
debt_exclusion,125,Harvard,2019,2018-05-08,"Bonds To Construct, Furnish And Equip New Hildreth Elementary School",School,,Pass,1170,855
debt_exclusion,269,Sherborn,2019,2018-05-08,Bonds To Pay For New Street Sweeper,Public Works and Facilities,,Pass,426,275
debt_exclusion,269,Sherborn,2019,2018-05-08,Bonds To Pay For Urban Interface Pumper To Replace Engine 6,Public Safety,,Pass,499,207
debt_exclusion,269,Sherborn,2019,2018-05-08,Bonds To Pay For Repairs To Pine Hill School,School,,Pass,526,183
debt_exclusion,269,Sherborn,2019,2018-05-08,Bonds To Pay For The Town'S Share Repairs To Dover Sherborn Rsd,School,,Pass,521,184
debt_exclusion,269,Sherborn,2019,2018-05-08,Bonds To Pay For Hose Water Supply Pumper To Replace Engine 2,Public Safety,,Pass,495,207
capital_exclusion,300,Truro,2019,2018-05-08,To Pay For The Replacement Of Swap Shop And Associated Costs,PUBLIC WORKS & FACILITIES,100000,Pass,343,240
capital_exclusion,300,Truro,2019,2018-05-08,"To Pay For The Replacement Of Library Roof, Skylights And Other Associated ",CULTURE AND RECREATION,150000,Pass,457,131
debt_exclusion,065,Cohasset,2018,2018-05-12,"Professional Services, Reconstruction And Addition To Town Hall",General Government,,Fail,572,635
debt_exclusion,070,Dalton,2020,2018-05-14,Bonds For Reconstruction Of Dalton Division Rd,Public Works and Facilities,,Pass,119,103
debt_exclusion,092,Essex,2019,2018-05-14,Bonds To Finance New Fire Station Construction And Associated Costs,Public Safety,,Pass,405,347
debt_exclusion,228,Paxton,2019,2018-05-14,Bond To Pay For New Backhoe,Public Works and Facilities,,Pass,190,181
capital_exclusion,228,Paxton,2019,2018-05-14,Replacing Coa Van,CULTURE AND RECREATION,22000,Pass,238,136
debt_exclusion,257,Rutland,2019,2018-05-14,Bonds To Pay For And Equip A New Ambulance,Public Safety,,Pass,665,261
debt_exclusion,289,Sunderland,2019,2018-05-14,Bonds For All-Wheel Drive Pumper Tanker Fire Truck,Public Safety,,Pass,324,250
debt_exclusion,086,Eastham,2019,2018-05-15,Bonds To Pay Costs Associated With Nauset Estuary Dredging,General Government,,Pass,405,160
debt_exclusion,086,Eastham,2019,2018-05-15,Bonds To Pay Costs Associated With Police Station New Roof And Building Renovations,Public Safety,,Pass,458,110
debt_exclusion,086,Eastham,2019,2018-05-15,Bonds To Pay Continued Costs Associated With Rock Harbor Improvement Plan,General Government,,Pass,418,146
debt_exclusion,086,Eastham,2019,2018-05-15,Bonds To Pay Costs Associated With Salt Pond Remediation,General Government,,Pass,459,108
debt_exclusion,096,Falmouth,2020,2018-05-15,Bonds For Synthetic Field At Falmouth High,School,,Pass,4005,2898
debt_exclusion,113,Great Barrington,2020,2018-05-15,"Bonds For Improvements Of Mason Library, Housatonic Fire Station And Dewey School Including All Associated Costs",General Government,,Pass,568,333
debt_exclusion,126,Harwich,2019,2018-05-15,Bonds For Comprehensive Wastewater Mgmt Plan,Public Works and Facilities,,Pass,1287,524
debt_exclusion,126,Harwich,2019,2018-05-15,Fund The Road Maintenance Program As Requested In The Capital Plan For Fy19,Public Works and Facilities,,Pass,1330,473
debt_exclusion,126,Harwich,2019,2018-05-15,Bonds For  Fire Station 2 At 149 Route 137; Including Equipment And Furnishing,Public Safety,,Pass,1154,657
debt_exclusion,126,Harwich,2019,2018-05-15,"Bonds For Pet Cremation Retort Including Design, Constriction And Equipment ",Public Works and Facilities,,Fail,267,1530
capital_exclusion,166,Manchester By The Sea,2019,2018-05-15,Repair And Reconstruction Of The Central Street Dam And Culvert,GENERAL GOVERNMENT,400000,Pass,738,416
debt_exclusion,172,Mashpee,2019,2018-05-15,Cape Code Reg Tech Hs,School,,Pass,919,486
debt_exclusion,224,Orleans,2019,2018-05-15,"Bonds For Preparation Of Nauset Beach Retreat Master Plan And Design, Along With Associated Expenses ",Culture and Recreation,,Pass,737,156
debt_exclusion,224,Orleans,2019,2018-05-15,"Bonds For Water Quality And Associated Adaptive Management Plans, Along With Associated Expenses",General Government,,Pass,648,234
debt_exclusion,224,Orleans,2019,2018-05-15,Bonds To Pay Share Of The Construction And Associated Expenses For Cape Code Regional Tech High School,School,,Pass,721,167
debt_exclusion,224,Orleans,2019,2018-05-15,"Bonds For Construction Of Skaket Beach Admin Building And Restrooms, Along With Associated Expenses",Culture and Recreation,,Fail,401,469
capital_exclusion,226,Oxford,2018,2018-05-15,"Purchase Of An Ambulance, Fire Department Vehicle With Equipment And Fire Station Upgrades.",PUBLIC SAFETY,318000,Fail,457,974
capital_exclusion,226,Oxford,2018,2018-05-15,Purchase New Fire Engine With Equipment And Repairing/Refurbishing Tower Ladder Druch,PUBLIC SAFETY,500000,Fail,476,979
debt_exclusion,351,Yarmouth,2019,2018-05-15,Bond To Pay For New Regional High School,School,,Pass,1582,967
capital_exclusion,226,Oxford,2018,2018-05-16,Funding Additional School Operating Expenses ,SCHOOL,600000,Fail,584,885
debt_exclusion,142,Hull,2019,2018-05-21,"Pay Bond For Road And Sidewalk Construction, Repair With Associated Costs ",Public Works and Facilities,,Pass,940,600
debt_exclusion,192,Montague,2020,2018-05-21,Bonds For Ps Facility Turner Falls Rd,Public Safety,,Pass,688,649
debt_exclusion,041,Brewster,2019,2018-05-22,Bonds For New Cape Cod Reg Tech High,School,,Pass,1161,499
debt_exclusion,087,Easthampton,2023,2018-05-22,New Pre-K - 8 School Project To Be Located At 200 Park Street,School,,Pass,2831,2102
debt_exclusion,115,Groton,2019,2018-05-22,Bonds To Construct New Senior Center,Culture and Recreation,,Pass,814,793
debt_exclusion,173,Mattapoisett,2019,2018-05-22,"Pay Bonds For Road Repairs, Improvements And Associated Costs",Public Works and Facilities,,Pass,172,55
debt_exclusion,283,Stockbridge,2019,2018-05-22,Bonds To Pay For Construction Of Highway Garage,Public Works and Facilities,,Pass,199,53
debt_exclusion,203,New Marlborough,2019,2018-05-29,Bonds To Purchase A New Highway Grader,Public Works and Facilities,,Pass,231,184
debt_exclusion,043,Brimfield,2019,2018-06-04,"New Town Buildings And Repairing, Renovating And Equipping  Existing Town-Owned Buildings, Including The Highway Department Facility And The Public Safety Complex",General Government,,Pass,415,323
capital_exclusion,175,Medfield,2019,2018-06-11,Preparation Of Town Wide Master Plan,GENERAL GOVERNMENT,150000,Pass,1665,1329
capital_exclusion,175,Medfield,2019,2018-06-11,Feasibility Study For New Park And Recreation Facility,CULTURE AND RECREATION,150000,Pass,1598,1405
capital_exclusion,140,Hubbardston,2019,2018-06-12,Public Library Roof Replacement,CULTURE AND RECREATION,100000,Pass,358,186
debt_exclusion,159,Longmeadow,2020,2018-06-12,Bonds For New Coa Facility,General Government,,Pass,1220,772
debt_exclusion,288,Sudbury,2019,2018-06-12,Bonds To Pay For Dpw Equip,Public Works and Facilities,,Fail,543,610
debt_exclusion,288,Sudbury,2019,2018-06-12,Bonds To Pay For Repair To Stearns Mill Pond Dam And Dutton Road Bridge,General Government,,Pass,669,482
debt_exclusion,288,Sudbury,2019,2018-06-12,Bonds To Pay For Repair Or Replacement Of Underground Fuel Storage At Dpw Facility,Public Works and Facilities,,Pass,611,542
debt_exclusion,300,Truro,2019,2018-06-19,Bonds For Fire Department Tender,Public Safety,,Pass,416,152
debt_exclusion,117,Hadley,2019,2018-06-21,Bond To Provide Additional Monies To Design And Build A Fire Substation For The Fire Department,General Government,,Pass,210,201
debt_exclusion,168,Marblehead,2020,2018-06-21,Costs Of Constructing And Reconstructing Seawalls And Fences,Public Works and Facilities,,Pass,1555,326
debt_exclusion,108,Goshen,2019,2018-06-25,Bonds To Repair Landfill Cap,General Government,,Pass,52,10
capital_exclusion,012,Ashby,2019,2018-06-26,New Public Safety Building,PUBLIC SAFETY,540000,Pass,342,276
capital_exclusion,012,Ashby,2019,2018-06-26,New Ambulance,PUBLIC SAFETY,220000,Pass,405,214
capital_exclusion,012,Ashby,2019,2018-06-26,Improvements To Town Hall,GENERAL GOVERNMENT,100000,Pass,359,259
debt_exclusion,265,Seekonk,2020,2018-07-16,Bonds For Accelerated Repair Project,General Government,,Pass,244,178
debt_exclusion,245,Raynham,2019,2018-07-24,Bond To Construct Interceptor And Lateral Sewers,General Government,,Pass,127,44
debt_exclusion,331,Westhampton,2019,2018-07-24,Bonds For Bucket Loader,Public Works and Facilities,,Pass,243,97
debt_exclusion,079,Dracut,2020,2018-09-04,Bonds For Security Equipment At Various Schools,School,,Pass,330,164
debt_exclusion,079,Dracut,2020,2018-09-04,Bonds To Build A New Fire Station,Public Safety,,Pass,364,132
capital_exclusion,222,Oakham,2019,2018-09-04,Purchase Highway Dept Vehicle,PUBLIC WORKS & FACILITIES,30000,Pass,200,170
capital_exclusion,222,Oakham,2019,2018-09-04,Police Station Building Repairs,PUBLIC SAFETY,21000,Pass,200,173
debt_exclusion,108,Goshen,2019,2018-10-02,Repair Of Landfill Cap As Ordered By Ma Dep,General Government,,Pass,79,9
debt_exclusion,014,Ashland,2020,2018-11-06,"Bonds For New Public Safety Building At East Union Street To Include Design, Construction And All Associated Costs. ",Public Safety,,Pass,4925,2341
debt_exclusion,026,Belmont,2019,2018-11-06,Bond To Pay For New Belmont High School,School,,Pass,9574,2971
debt_exclusion,038,Boxford,2019,2018-11-06,Bonds To Pay For Non-School Facilities Plan,General Government,,Fail,1494,2533
debt_exclusion,086,Eastham,2020,2018-11-06,Bonds To Pay For Tri Town Septage Demolition And Reconstruction,General Government,,Pass,2148,882
debt_exclusion,092,Essex,2019,2018-11-06,Finance Replacement Of Manchester Elementary School At 43 Lincoln Street,School,,Pass,1140,831
debt_exclusion,151,Leicester,2020,2018-11-06,Bonds To Purchase Highway Equip And Vehicles,Public Works and Facilities,,Pass,2342,2011
debt_exclusion,166,Manchester By The Sea,2020,2018-11-06,Bonds For Manchester Essex Middle School,School,,Pass,2227,867
debt_exclusion,180,Merrimac,2019,2018-11-06,Bonds To Pay For New Police Station,Public Safety,,Pass,1885,1363
debt_exclusion,197,Nantucket,2019,2018-11-06,Transportation Related Improvements In Milestone Road Area,Public Works and Facilities,,Fail,2430,2502
debt_exclusion,197,Nantucket,2019,2018-11-06,Transportation Related Improvements In Old South Road Area,Public Works and Facilities,,Fail,2434,2513
debt_exclusion,198,Natick,2020,2018-11-06,Bonds To Pay For Construction Of New West Natick Fire Station #4,Public Safety,,Pass,12394,4232
debt_exclusion,199,Needham,2019,2018-11-06,Bond To Pay For New Public Safety Building And Fire Station #2,Public Safety,,Pass,10423,4997
debt_exclusion,216,Northbridge,2019,2018-11-06,Bonds To Pay For New Edward Balmer Elementary School,School,,Pass,4405,2360
debt_exclusion,224,Orleans,2020,2018-11-06,Bonds For Nauset Beach Retreat Master Plan And Relocation,General Government,,Pass,2748,1050
debt_exclusion,224,Orleans,2020,2018-11-06,Bonds To Pay For Demolition Of Tri-Town Septage Facility,General Government,,Pass,2734,1046
debt_exclusion,271,Shrewsbury,2020,2018-11-06,Bonds To Pay For New Elementary School At 214 Lake St.,School,,Pass,10792,5109
debt_exclusion,288,Sudbury,2019,2018-11-06,Bonds To Pay For New Community Center,General Government,,Fail,4268,4673
debt_exclusion,288,Sudbury,2019,2018-11-06,Bonds To Pay For Purchase Of 82 Morse Rd.,General Government,,Pass,6014,3069
debt_exclusion,310,Wareham,2019,2018-11-06,Bonds For New Pre K - 4th Grade School At Minot Forest School Site.,School,,Pass,5211,3718
debt_exclusion,320,Wenham,2019,2018-11-06,Bonds For Safety Accessibility And Infrastructure,School,,Pass,239,162
debt_exclusion,320,Wenham,2019,2018-11-06,Bonds For Hamilton Wenham Fire Suppression System,School,,Pass,286,121
debt_exclusion,047,Buckland,2020,2018-11-14,Bonds To Pay For Highway Facility,Public Works and Facilities,,Pass,151,142
debt_exclusion,102,Freetown,2020,2018-12-01,Bonds For New Police Station,Public Safety,,Pass,757,380
debt_exclusion,157,Lincoln,2020,2018-12-03,Bonds To Pay For Renovation To Lincoln School,School,,Pass,1150,537
debt_exclusion,134,Holden,2020,2018-12-04,"Construct, Equip, And Furnish A New Department Of Public Works Facility And Salt Shed",Public Works and Facilities,,Pass,705,344
debt_exclusion,232,Pepperell,2020,2018-12-10,Ladder Truck,Public Safety,,Pass,498,153
debt_exclusion,234,Petersham,2020,2018-12-10,Bonds To Pay For High Speed Broadband,General Government,,Pass,231,18
debt_exclusion,100,Framingham,2021,2018-12-11,Bonds For New Fuller Middle School,School,,Pass,4301,703
debt_exclusion,117,Hadley,2020,2018-12-18,Bonds To Purchase & Equip A Ford F-550 Dump Truck,Public Works and Facilities,,Pass,103,76
debt_exclusion,117,Hadley,2020,2018-12-18,Bonds Issued To Replace Cafeteria Equipment,School,,Pass,139,40
debt_exclusion,075,Dennis,2022,2019-01-10,Bonds For New Intermediate/Middle School,School,,Pass,1361,879
debt_exclusion,127,Hatfield,2020,2019-02-26,"Bonds For Town Hall 2nd Exterior Ramp, Kitchen Expansion And Relocate Building Inspectors Office",General Government,,Fail,94,109
debt_exclusion,127,Hatfield,2020,2019-02-26,Bonds To Pay For Phase 2 Of Town Hall Renovation Project,General Government,,Pass,131,72
debt_exclusion,295,Tewksbury,2020,2019-04-06,Design And Construct New Elementary School At 135 Pleasant St,School,,Pass,2593,1330
debt_exclusion,197,Nantucket,2020,2019-04-09,Bonds Acquisition Of Properties For Affordable Housing,General Government,,Pass,1625,1474
debt_exclusion,197,Nantucket,2020,2019-04-09,Bonds Acquisition Of 1-3 Miller Lane,General Government,,Fail,1085,1872
debt_exclusion,197,Nantucket,2020,2019-04-09,Costs Of Public Safety Facility Aux Building,Public Safety,,Fail,1110,1927
debt_exclusion,197,Nantucket,2020,2019-04-09,Bonds Surfside Area Road Construction,Public Works and Facilities,,Fail,1362,1701
debt_exclusion,197,Nantucket,2020,2019-04-09,Bonds For Orange Street Bike Path,Culture and Recreation,,Pass,1997,1093
debt_exclusion,197,Nantucket,2020,2019-04-09,Nantucket Landfill,Public Works and Facilities,,Pass,1913,1139
debt_exclusion,197,Nantucket,2020,2019-04-09,Bonds For Town Pier Improvements Located At 34 Washington St,Public Works and Facilities,,Pass,2279,841
debt_exclusion,197,Nantucket,2020,2019-04-09,Bonds For Old South Rd/ Fairgrounds Rd Road Improvements,Public Works and Facilities,,Fail,1550,1566
capital_exclusion,197,Nantucket,2020,2019-04-09,Public Works Equipment,PUBLIC WORKS & FACILITIES,1282534,Pass,1775,1301
debt_exclusion,089,Edgartown,2020,2019-04-11,Bonds To Pay For New Hangar,General Government,,Pass,354,267
debt_exclusion,089,Edgartown,2020,2019-04-11,Bonds To Pay For Bulkhead And Wooden Walkways At 1 Morse St.,General Government,,Pass,472,132
capital_exclusion,089,Edgartown,2020,2019-04-11,"Repairing Sidewalks, Bike Paths And Drainage Systems",GENERAL GOVERNMENT,350000,Pass,453,164
capital_exclusion,019,Ayer,2020,2019-04-22,Purchase Fire Engine,PUBLIC SAFETY,650000,Pass,358,150
debt_exclusion,296,Tisbury,2020,2019-04-23,Bonds For Wastewater Treatment System Improvements  And  Other Associated Costs,Public Works and Facilities,,Pass,658,265
debt_exclusion,296,Tisbury,2020,2019-04-23,Bonds For Tisbury School Facility Renovation And All Associated Costs,School,,Pass,719,224
debt_exclusion,315,Wayland,2020,2019-04-23,Bond For Design And Construction Of Wayland High Stadium Complex,School,,Pass,1465,738
debt_exclusion,315,Wayland,2020,2019-04-23,Bond For Design And Construction Of Loker Conservation & Recreation Area.,Culture and Recreation,,Pass,1112,1101
debt_exclusion,062,Chilmark,2020,2019-04-24,Pay For Bonds Issued To Purchase 399 Middle Rd. Parcel 026-94-0,General Government,,Pass,212,67
debt_exclusion,062,Chilmark,2020,2019-04-24,Pay For Bonds Issued For Design Of Fire Station At 3 Menemsha Cross Rd. & Ems Building At 399 Middle Rd.,Public Safety,,Pass,226,53
debt_exclusion,318,Wellfleet,2020,2019-04-29,Bonds For A Refuse Recycling Trailer,Public Works and Facilities,,Pass,473,280
debt_exclusion,318,Wellfleet,2020,2019-04-29,Bonds To Pay For A Police Cruiser,Public Safety,,Pass,433,325
debt_exclusion,318,Wellfleet,2020,2019-04-29,Bonds To Purchase Parcel 17 On Map 34,General Government,,Pass,485,277
debt_exclusion,318,Wellfleet,2020,2019-04-29,Bonds For Buildings And Grounds At Town Hall And Library,General Government,,Pass,478,279
debt_exclusion,318,Wellfleet,2020,2019-04-29,Bonds For A New Aerial Firetruck,Public Safety,,Pass,505,248
debt_exclusion,318,Wellfleet,2020,2019-04-29,Bonds For A Street Sweeper,Public Works and Facilities,,Pass,403,343
debt_exclusion,318,Wellfleet,2020,2019-04-29,Bonds For A Front End Loader,Public Works and Facilities,,Pass,409,337
debt_exclusion,318,Wellfleet,2020,2019-04-29,Bonds For Dredging Welfleet Harbor,General Government,,Pass,680,87
debt_exclusion,336,Weymouth,2020,2019-04-30,"Bond For Maria Weston Chapman Middle School Design, Construction And Associated Costs.",School,,Pass,6871,2239
debt_exclusion,237,Plainfield,2020,2019-05-04,Bond For Fully Equipped Dump Truck,Public Works and Facilities,,Pass,67,8
debt_exclusion,237,Plainfield,2020,2019-05-04,Broadband ,General Government,,Pass,72,4
debt_exclusion,333,Weston,2020,2019-05-04,"Drainage Improvement,Culverts, Radio System Upgrades,Case House Renovations Town Center Improvement Project",Public Works and Facilities,,Pass,551,458
debt_exclusion,116,Groveland,2020,2019-05-06,Bond To Pay Groveland'S Share Of New Middle/High School In Pentucket Regional School District,School,,Pass,1840,370
debt_exclusion,180,Merrimac,2021,2019-05-06,Bonds For New Middle/High School,School,,Pass,1622,305
debt_exclusion,202,New Braintree,2020,2019-05-06,Bonds For Self Contained Breathing Apparatus,Public Safety,,Pass,63,17
debt_exclusion,319,Wendell,2020,2019-05-06,Bonds For Front End Loader,Public Works and Facilities,,Pass,84,38
debt_exclusion,324,West Newbury,2021,2019-05-06,Bonds For New Middle/High School,School,,Pass,1740,124
debt_exclusion,125,Harvard,2020,2019-05-07,Bonds For The Old Library New Slate Roof ,Culture and Recreation,,Pass,309,160
debt_exclusion,125,Harvard,2020,2019-05-07,Bonds For Engineering And Design Improvements On Ayer Road ,Public Works and Facilities,,Pass,283,180
debt_exclusion,125,Harvard,2020,2019-05-07,Bonds For New Dump Truck,Public Works and Facilities,,Pass,328,135
debt_exclusion,130,Heath,2020,2019-05-10,Bonds High Speed Broadband Network,General Government,,Pass,146,36
debt_exclusion,070,Dalton,2021,2019-05-13,Bonds For New Wahconah Regional Hs,School,,Pass,576,386
debt_exclusion,092,Essex,2020,2019-05-13,Bonds For 11 John Wise Ave. Public Safety Facility Construction Design And Associated Costs,Public Safety,,Pass,327,226
capital_exclusion,257,Rutland,2020,2019-05-13,Purchase A Backhoe And Safety Equipment,PUBLIC WORKS & FACILITIES,148266,Pass,465,260
debt_exclusion,051,Carlisle,2020,2019-05-14,"Bonds For Police Station Design, Construction And Modernization",Public Safety,,Pass,529,373
debt_exclusion,090,Egremont,2021,2019-05-14,Mt. Washington Road Repairs,Public Works and Facilities,,Pass,231,131
debt_exclusion,090,Egremont,2021,2019-05-14,School Repairs,School,,Pass,239,124
debt_exclusion,113,Great Barrington,2022,2019-05-14,"Bonds For Housatonic School, Transfer Station, Fire, Police And Town Hall",General Government,,Pass,692,402
debt_exclusion,179,Mendon,2020,2019-05-14,Bonds For Additional Cost Of Police Station Project,Public Safety,,Pass,247,165
debt_exclusion,215,Northborough,2020,2019-05-14,Bonds For New Fire Station,Public Safety,,Pass,886,589
debt_exclusion,269,Sherborn,2020,2019-05-14,"Bonds For Renovations To The Pine Hill School, Including The Payment Of All Associated Costs",School,,Pass,496,195
debt_exclusion,269,Sherborn,2020,2019-05-14,Bonds For Renovations Of Town Buildings,General Government,,Pass,433,247
debt_exclusion,269,Sherborn,2020,2019-05-14,Bonds For Two New Pick-Up Trucks With Highway Equipment For The Community Maintenance And Development Department,Public Works and Facilities,,Pass,416,263
debt_exclusion,269,Sherborn,2020,2019-05-14,Bonds For New Tractor For The Community Maintenance And Development Department,Public Works and Facilities,,Pass,431,252
debt_exclusion,269,Sherborn,2020,2019-05-14,"Bonds For New Material Processing Equipment, For The Community Maintenance And Development Department",Public Works and Facilities,,Pass,420,258
debt_exclusion,269,Sherborn,2020,2019-05-14,Bonds For New Air Compressor And Two Jack Hammers For The Community Maintenance And Development Department,Public Works and Facilities,,Pass,459,229
debt_exclusion,269,Sherborn,2020,2019-05-14,"Bonds For New Breathing Support Equipment (Scba Oxygen), Including All Associated Costs",Public Safety,,Pass,549,145
debt_exclusion,286,Stow,2020,2019-05-14,Pay Bonds For Fire Departments New Class A Pumper Truck,Public Safety,,Pass,305,72
debt_exclusion,286,Stow,2020,2019-05-14,Pay Bonds For New Hvac System At Town Building,General Government,,Pass,281,95
debt_exclusion,300,Truro,2020,2019-05-14,Bonds To Pay For New District High School,School,,Pass,250,71
debt_exclusion,300,Truro,2020,2019-05-14,Bonds To Pay For Walsh Way Properties,General Government,,Pass,280,45
debt_exclusion,300,Truro,2020,2019-05-14,Bonds To Pay For Eagle Creek Neck And Culverts,General Government,,Pass,276,53
debt_exclusion,055,Chatham,2022,2019-05-16,"Bonds For Designing, Construction Various Projects Involving Wastewater Collections",Public Works and Facilities,,Pass,303,88
debt_exclusion,169,Marion,2020,2019-05-17,Bonds To Improve Athletic Fields Old Rochester,School,,Pass,660,323
capital_exclusion,169,Marion,2020,2019-05-17,Front Load Rubbish Packer,PUBLIC WORKS & FACILITIES,582090,Fail,394,498
capital_exclusion,169,Marion,2020,2019-05-17,Comprehensive Wastewater Management Plan,PUBLIC WORKS & FACILITIES,350000,Pass,675,274
debt_exclusion,216,Northbridge,2020,2019-05-17,Bonds To Pay For Lassell Field,Culture and Recreation,,Pass,936,561
debt_exclusion,264,Scituate,2020,2019-05-18,"Bond For New Section Gates School, Senior Center And Vets Gym",Culture and Recreation,,Pass,1896,1726
debt_exclusion,313,Washington,2020,2019-05-18,"Bonds For New Wahconah Regional High School To Include Design, Construction, Equipping, Furnishing And All Other Associated Costs",School,,Pass,37,28
debt_exclusion,338,Whitman,2020,2019-05-18,"Bonds For New Police Station With Equipment, Repair Fire Station And Town Hall ",Public Safety,,Pass,746,626
debt_exclusion,261,Sandwich,2020,2019-05-19,"Community Preservation Act, Restoration Of Land",General Government,,Pass,1562,453
debt_exclusion,261,Sandwich,2020,2019-05-19,Municipal Water Improvements,Public Works and Facilities,,Pass,1159,863
debt_exclusion,139,Hopkinton,2020,2019-05-20,Bonds For New Ladder Truck,Public Safety,,Pass,1483,628
debt_exclusion,081,Dunstable,2020,2019-05-21,Bonds To Pay For The Water System Improvements Project,Public Works and Facilities,,Pass,162,66
debt_exclusion,086,Eastham,2020,2019-05-21,Bonds To Pay For Project Moving Towards A Targeted Watershed Mgmt Plan,Public Works and Facilities,,Pass,562,135
debt_exclusion,086,Eastham,2020,2019-05-21,Bonds To Pay For Purchase Of Parcel Of Land For Angelo'S Supermarket,General Government,,Pass,554,150
debt_exclusion,115,Groton,2020,2019-05-21,Bonds To Renovate Dpw Facilities,Public Works and Facilities,,Pass,785,760
debt_exclusion,115,Groton,2020,2019-05-21,Bonds For Public Library New Roof ,Culture and Recreation,,Pass,995,554
capital_exclusion,166,Manchester By The Sea,2020,2019-05-21,New Ambulance,PUBLIC SAFETY,270000,Pass,150,60
capital_exclusion,166,Manchester By The Sea,2020,2019-05-21,"Drainage, Sidewalk And Culvert Repair",PUBLIC WORKS & FACILITIES,295000,Pass,163,47
debt_exclusion,173,Mattapoisett,2020,2019-05-21,"Bonds For New Fire Station To Include Design, Construction, Equipment And All Other Associated Costs",Public Safety,,Pass,1227,161
debt_exclusion,173,Mattapoisett,2020,2019-05-21,"Bonds For Improvements Of Athletic Facilities And Auditorium Of Old Rochester High School Includes Design, Construction And All Associated Costs",School,,Pass,865,521
debt_exclusion,224,Orleans,2020,2019-05-21,"Bonds To Pay For Collection System, Wastewater Treatment And Disposal System",Public Works and Facilities,,Pass,1056,354
debt_exclusion,224,Orleans,2020,2019-05-21,Bonds To Pay For New Methane Gas Flare,Public Works and Facilities,,Pass,1057,317
debt_exclusion,224,Orleans,2020,2019-05-21,Bonds For Main St And Villiage Ctr Reconstruction,General Government,,Pass,952,435
debt_exclusion,224,Orleans,2020,2019-05-21,Bonds To Pay For Feasibility Study For New Fire Station,Public Safety,,Fail,673,711
debt_exclusion,224,Orleans,2020,2019-05-21,"Bond To For Bulkhead, Loading Dock And Storm Drain",Public Works and Facilities,,Pass,1102,286
debt_exclusion,266,Sharon,2020,2019-05-21,Bond For New Public Library,Culture and Recreation,,Pass,2199,890
debt_exclusion,050,Canton,2020,2019-05-28,"Bonds For Bolivar Pool Aquatic Center Construction, Repair, Equipment And All Associated Costs.",Culture and Recreation,,Pass,1501,406
debt_exclusion,063,Clarksburg,2020,2019-05-28,"Bonds For Construction, Repair, Replacement Of Municipal Roadways Culverts And Buildings",General Government,,Pass,196,137
debt_exclusion,154,Leverett,2020,2019-06-01,Bonds For New Wells For Houses Near Capped Landfill,General Government,,Pass,131,17
debt_exclusion,154,Leverett,2020,2019-06-01,Bonds For New Water Line From Amherst,General Government,,Pass,111,33
debt_exclusion,331,Westhampton,2021,2019-06-01,New Public Safety Complex,Public Safety,,Pass,227,216
debt_exclusion,234,Petersham,2021,2019-06-03,Bonds For Quick Attack Pumper Truck,Public Safety,,Pass,79,18
debt_exclusion,067,Concord,2021,2019-06-04,Bonds For New Sanborn Middle School,School,,Pass,1313,200
debt_exclusion,288,Sudbury,2020,2019-06-04,Bonds For The Purchase Of Camp Sewataro Land At 1 Liberty Ledge Includes All Associated Costs.,General Government,,Pass,2561,2196
debt_exclusion,108,Goshen,2021,2019-06-05,Bonds For New Roof At New Hingham Reg Elementary School,School,,Pass,67,38
debt_exclusion,139,Hopkinton,2020,2019-06-10,Bonds To Purchase Land For Town Hall  Parking Lot,General Government,,Pass,1327,592
debt_exclusion,139,Hopkinton,2020,2019-06-10,Bonds To Purchase Land For Downtown Municipal Parking Lot,Culture and Recreation,,Pass,1305,773
debt_exclusion,265,Seekonk,2020,2019-06-10,"Bonds For Mildred Aitken Elementary School Air Conditioning Includes Design, Construction And All Other Associated Costs",School,,Pass,555,431
debt_exclusion,265,Seekonk,2020,2019-06-10,"Bonds For Mildred Aitken Elementary School Expansion Includes Design, Construction And All Other Associated Costs",School,,Pass,633,363
debt_exclusion,010,Arlington,2020,2019-06-11,Demolish And Rebuild Arlington High,School,,Pass,9761,2930
debt_exclusion,159,Longmeadow,2021,2019-06-11,Bonds For Wolf Swamp Fields Improvements,Culture and Recreation,,Pass,1182,799
debt_exclusion,297,Tolland,2020,2019-06-12,Bonds To Pay For Excavator,Public Works and Facilities,,Pass,59,43
debt_exclusion,297,Tolland,2020,2019-06-12,Bonds To Pay For New Fire Truck,Public Safety,,Pass,63,39
debt_exclusion,117,Hadley,2020,2019-06-18,Bonds For Dpw Cleaning And Repair Of Ditches,Public Works and Facilities,,Pass,261,151
debt_exclusion,117,Hadley,2020,2019-06-18,Bonds For Dpw Mini Excavator,Public Works and Facilities,,Pass,208,202
debt_exclusion,117,Hadley,2020,2019-06-18,Bonds For Dpw Hot Box,Public Works and Facilities,,Pass,223,188
debt_exclusion,117,Hadley,2020,2019-06-18,Bonds For Dpw Skid Steer,Public Works and Facilities,,Pass,206,205
debt_exclusion,168,Marblehead,2020,2019-06-18,Bonds For Repairs To Fort Sewall,General Government,,Pass,4492,903
debt_exclusion,168,Marblehead,2020,2019-06-18,Bonds For New Gerry School,School,,Pass,3440,1976
capital_exclusion,168,Marblehead,2020,2019-06-18,Purchase And Plant Trees,CULTURE AND RECREATION,50000,Pass,3669,1743
debt_exclusion,276,Southampton,2021,2019-06-18,Bonds For All Costs Associated With New East St. Bridge,General Government,,Pass,496,323
debt_exclusion,276,Southampton,2021,2019-06-18,Bonds For New Dump Truck With Plow And Sander,Public Works and Facilities,,Pass,467,352
debt_exclusion,276,Southampton,2021,2019-06-18,Bonds For Norris Elementary School Improvement Project,School,,Pass,474,345
debt_exclusion,074,Deerfield,2020,2019-06-24,Bond For Wastewater Upgrade,General Government,,Fail,194,226
debt_exclusion,074,Deerfield,2020,2019-06-24,Bonds For Frontier Rsd Capital Improvement Plan,School,,Pass,218,199
debt_exclusion,054,Charlton,2020,2019-08-13,Bonds For The New Public Safety Building Construction And Equipment Including All Associate Costs,Public Safety,,Fail,491,860
debt_exclusion,074,Deerfield,2020,2019-09-09,Bonds For Upgrade To South Deerfield Wastewater Treatment Facility,Public Works and Facilities,,Pass,729,297
debt_exclusion,146,Lakeville,2020,2019-09-10,Bonds To Pay For Rt 79 Rehab Project,Public Works and Facilities,,Fail,173,573
debt_exclusion,255,Royalston,2020,2019-09-10,Bond To Fund Abatement Of Waste And New Roof At Raymond School,School,,Pass,101,90
debt_exclusion,007,Amesbury,2020,2019-10-08,Bonds To Pay For New Amesbury Elementary School,School,,Pass,1357,1237
debt_exclusion,252,Rockport,2020,2019-10-15,Bonds To Pay For New Dpw Facility At 2 Dpw Way,Public Works and Facilities,,Pass,200,165
debt_exclusion,042,Bridgewater,2022,2019-10-19,Bonds For New Mitchell Elementary School,School,,Pass,2154,1498
debt_exclusion,088,Easton,2020,2019-11-05,Bonds To Construct New Elementary School On Parkview Site,School,,Pass,3301,841
debt_exclusion,137,Holyoke,2019,2019-11-05,New Middle Schools,School,,Fail,2694,4873
debt_exclusion,351,Yarmouth,2021,2019-11-05,"Bonds For New Dpw Garage, Office And Associated Costs",Public Works and Facilities,,Pass,1290,747
debt_exclusion,117,Hadley,2020,2019-11-07,Emergency Generator For Fire And Police Dept,Public Safety,,Fail,207,208
debt_exclusion,117,Hadley,2020,2019-11-07,F.D Extrication Equip,Public Safety,,Fail,191,224
debt_exclusion,117,Hadley,2020,2019-11-07,Dpw Compactor,Public Works and Facilities,,Fail,114,301
debt_exclusion,117,Hadley,2020,2019-11-07,Dpw Mower,Public Works and Facilities,,Fail,113,302
debt_exclusion,117,Hadley,2020,2019-11-07,School Bus,School,,Fail,167,248
debt_exclusion,117,Hadley,2020,2019-11-07,School Department It Equipment,School,,Fail,165,249
debt_exclusion,186,Millbury,2021,2019-11-19,Bonds For New Athletic Fields And Associated Structures,School,,Pass,1026,474
debt_exclusion,186,Millbury,2021,2019-11-19,Bonds For New Re Shaw Elementary School,School,,Pass,1103,398
debt_exclusion,266,Sharon,2021,2019-11-19,Bond For New Sharon High School,School,,Pass,2558,1413
debt_exclusion,171,Marshfield,2021,2019-11-23,"Bonds For Public Works, Police Facility And Senior Center",Public Works and Facilities,,Pass,1844,1503
debt_exclusion,062,Chilmark,2020,2019-12-04,Bond For A Fire Station,Public Safety,,Pass,78,22
debt_exclusion,188,Millville,2020,2019-12-04,Pay For Millville Elementary School Boiler Replacement Project,School,,Pass,101,31
debt_exclusion,251,Rockland,2021,2019-12-07,Bonds For New Rockland Elementary School,School,,Pass,960,913
debt_exclusion,046,Brookline,2021,2019-12-10,Enlarge Existing School On Driscoll School Property,School,,Pass,3955,2773
debt_exclusion,068,Conway,2021,2019-12-12,Bonds For Highway Maintenance Facility,Public Works and Facilities,,Pass,161,32
debt_exclusion,002,Acton,2021,2019-12-17,Bonds For Town'S Share Of New Gates Elementary School And Early Childhood Program,School,,Pass,1122,364
debt_exclusion,002,Acton,2021,2019-12-17,Bonds For A New Fire Station,Public Safety,,Pass,1169,315
debt_exclusion,002,Acton,2021,2019-12-17,Bonds For A New District School,School,,Pass,1041,418
debt_exclusion,037,Boxborough,2021,2019-12-17,New Ct Doulas Gates School And Carol Heubner Early Education Center,School,,Pass,233,60
debt_exclusion,058,Cheshire,2021,2020-01-07,Bond For Used Road Grader,Public Works and Facilities,,Pass,95,73
debt_exclusion,139,Hopkinton,2021,2020-02-03,Bonds For Construction And Improvements To Hopkinton  High School,School,,Pass,725,229
debt_exclusion,139,Hopkinton,2021,2020-02-03,Bonds For Modular Classrooms Are Hopkins School,School,,Pass,730,224
debt_exclusion,139,Hopkinton,2021,2020-02-03,Bonds For Modular Classrooms At Elmwood School,School,,Pass,727,227
debt_exclusion,015,Athol,2021,2020-04-06,Bonds For Towh Hall Roof And Cupola Repairs,General Government,,Pass,132,49
debt_exclusion,124,Hardwick,2021,2020-04-13,Bonds For Glbertville Water Pollution Upgrade,Public Works and Facilities,,Pass,181,64
capital_exclusion,062,Chilmark,2021,2020-06-10,Elementary School Window Replacement,SCHOOL,169136,Pass,128,24
capital_exclusion,062,Chilmark,2021,2020-06-10,Installation Of Dust Collection System,SCHOOL,5216,Pass,136,16
debt_exclusion,022,Becket,2021,2020-06-13,Bonds For New Wahconah Regional High School,School,,Pass,130,51
debt_exclusion,080,Dudley,2021,2020-06-15,Bonds For Repair To Dudley Municipal Center,General Government,,Fail,271,368
debt_exclusion,080,Dudley,2021,2020-06-15,Bonds To Purchase Street Sweeper,Public Works and Facilities,,Fail,247,391
debt_exclusion,146,Lakeville,2021,2020-06-16,Bonds To Pay For Rt 79 Rehab ,Public Works and Facilities,,Pass,601,572
capital_exclusion,089,Edgartown,2021,2020-06-18,Purchase Parcel Of Land At Map 20c Lot 134.1,GENERAL GOVERNMENT,650000,Pass,531,162
capital_exclusion,089,Edgartown,2021,2020-06-18,"Building And Repairing Sidewalks, Bike Paths, Parking Lots And Storm Water Drainage",GENERAL GOVERNMENT,100000,Pass,592,101
capital_exclusion,089,Edgartown,2021,2020-06-18,Rebuilding And Resurfacing Town Streets,GENERAL GOVERNMENT,100000,Pass,544,146
debt_exclusion,221,Oak Bluffs,2021,2020-06-18,Bonds To Pay For New Town Hall,General Government,,Pass,503,338
debt_exclusion,134,Holden,2022,2020-06-22,"Bonds For Repairs Davis Hill, Dawson And Mayo Elementary School",School,,Pass,664,242
debt_exclusion,125,Harvard,2021,2020-06-23,New Roof For Old Library,General Government,,Fail,536,630
debt_exclusion,125,Harvard,2021,2020-06-23,New Detached Addition To Hidreth House,General Government,,Fail,435,721
debt_exclusion,125,Harvard,2021,2020-06-23,Replace Middle School Ramp,School,,Fail,556,606
debt_exclusion,127,Hatfield,2021,2020-06-23,Bonds For Rt 5 Sewer And Water Infrastructure,Public Works and Facilities,,Pass,369,294
debt_exclusion,174,Maynard,2022,2020-06-23,Bonds For Roof Restoration Green Meadow Elementary,School,,Pass,662,176
debt_exclusion,223,Orange,2021,2020-06-23,Renovating Fisher Hall School,School,,Pass,598,260
debt_exclusion,224,Orleans,2021,2020-06-23,Improvements To Fire Station Hvac,Public Safety,,Pass,1530,361
debt_exclusion,224,Orleans,2021,2020-06-23,Preliminary Design Of Meetinghouse Pond Wastewater Facility,Public Works and Facilities,,Pass,1360,498
debt_exclusion,224,Orleans,2021,2020-06-23,"Additional Cost Of Collection System, Wastewater Treatment And Disposal System",Public Works and Facilities,,Pass,1345,518
debt_exclusion,296,Tisbury,2021,2020-06-23,Bonds For Comprehensive Wastewater Management,Public Works and Facilities,,Pass,623,176
debt_exclusion,055,Chatham,2025,2020-06-25,"Pay Bonds For Design, Engineering, Permitting, Construction Improvements For Transfer Station Facility-97 Sam Ryder Road",Public Works and Facilities,,Pass,415,140
debt_exclusion,119,Hamilton,2022,2020-06-25,Bonds For Hamilton-Wenham Regional Improvements,School,,Pass,708,259
debt_exclusion,320,Wenham,2021,2020-06-25,Rsd Fy2021 Capital Plan,School,,Pass,567,338
debt_exclusion,320,Wenham,2021,2020-06-25,Purchase And Equip Fire Truck,School,,Pass,486,430
debt_exclusion,013,Ashfield,2021,2020-06-27,Bonds For Jashfield Lake Dam Repair And Maintenance,Public Works and Facilities,,Pass,219,26
debt_exclusion,034,Bolton,2021,2020-06-29,Bonds To Acquire 43 Acres Off Forbush Mill Rd,General Government,,Pass,326,142
debt_exclusion,069,Cummington,2021,2020-06-29,Wahconah Regional Hs Project,School,,Pass,150,66
debt_exclusion,113,Great Barrington,2021,2020-06-30,"Bonds For Improvements To Town Hall, Mason And Ramsdell Libraries",General Government,,Pass,358,132
debt_exclusion,140,Hubbardston,2022,2020-06-30,Replace Hubbardston Center School Roof,School,,Pass,246,89
capital_exclusion,166,Manchester By The Sea,2021,2020-06-30,Improvements To The Water Distribution Center,PUBLIC WORKS & FACILITIES,725000,Pass,539,155
debt_exclusion,226,Oxford,2021,2020-06-30,Design And Resonstructing Roadways,Public Works and Facilities,,Fail,279,766
debt_exclusion,242,Provincetown,2022,2020-06-30,Bonds To Replace Ambulance,Public Safety,,Pass,625,212
debt_exclusion,300,Truro,2023,2020-06-30,Bonds For A New Ambulance,Public Safety,,Pass,255,187
debt_exclusion,351,Yarmouth,2021,2020-06-30,New District Middle School Construction Project,School,,Pass,1913,1396
debt_exclusion,154,Leverett,2022,2020-07-18,Bonds For Excavator,Public Works and Facilities,,Pass,80,6
debt_exclusion,331,Westhampton,2021,2020-07-25,Pick Up Truck For Highway Dept,Public Works and Facilities,,Pass,152,68
debt_exclusion,191,Monson,2021,2020-09-01,Bonds To Replace Roof At Quarry Hill Community School,School,,Pass,1546,955
debt_exclusion,269,Sherborn,2021,2020-09-01,Bonds For Stormwater Consulting And Improvement Services,Public Works and Facilities,,Pass,819,513
debt_exclusion,269,Sherborn,2021,2020-09-01,Bonds For Pine Hill School Improvements,School,,Pass,942,405
debt_exclusion,269,Sherborn,2021,2020-09-01,Bonds For Engineering And Consulting Services Pine Hill Rd,Public Works and Facilities,,Pass,755,586
debt_exclusion,269,Sherborn,2021,2020-09-01,Bonds For Town Building Maintenance And Improvements,General Government,,Pass,828,506
debt_exclusion,269,Sherborn,2021,2020-09-01,Bonds For Portable Radios For Fire Department,Public Safety,,Pass,956,391
debt_exclusion,269,Sherborn,2021,2020-09-01,Bonds For Wheeled Excavator For Dpw,Public Works and Facilities,,Pass,759,571
debt_exclusion,269,Sherborn,2021,2020-09-01,Bonds For Maintenance And Roadway Improvement,Public Works and Facilities,,Pass,916,420
debt_exclusion,276,Southampton,2022,2020-09-01,Bonds For New Dump Truck With Plow And Sander,Public Works and Facilities,,Pass,802,591
debt_exclusion,318,Wellfleet,2021,2020-09-08,Bonds For New Police Cruiser,Public Safety,,Fail,364,374
debt_exclusion,318,Wellfleet,2021,2020-09-08,Bond For A New Replacement Command Vehicle For Fire And Rescue Dept,Public Safety,,Fail,350,391
debt_exclusion,318,Wellfleet,2021,2020-09-08,Bonds To Replace Fire & Rescue Equp On Forestry 90 Vehicle,Public Safety,,Pass,406,326
debt_exclusion,318,Wellfleet,2021,2020-09-08,Bond To Replace Ems Equip,Public Safety,,Pass,525,214
debt_exclusion,318,Wellfleet,2021,2020-09-08,Bond To Replace 2004 Backhoe,Public Works and Facilities,,Fail,347,385
debt_exclusion,318,Wellfleet,2021,2020-09-08,Bond To Build Replacement Guard Shack And Extend Transfer Station Canopy,Public Works and Facilities,,Fail,340,391
debt_exclusion,318,Wellfleet,2021,2020-09-08,Bond To Fund Engineering Of Fire Suppression System At Welfleet Elementary,School,,Pass,589,150
debt_exclusion,318,Wellfleet,2021,2020-09-08,Bond To Repair Lt. Island Rd.,Public Works and Facilities,,Pass,394,341
debt_exclusion,318,Wellfleet,2021,2020-09-08,Bonds For New Watermain And Infrastructure On Rt 6,Public Works and Facilities,,Pass,501,239
debt_exclusion,333,Weston,2021,2020-09-10,Bonds For Drainage And Town And School Network Improvements,General Government,,Pass,1362,779
debt_exclusion,040,Braintree,2022,2020-09-26,Bonds For Replacing School Roofs,School,,Pass,5796,1682
debt_exclusion,040,Braintree,2022,2020-09-26,Bonds For Feasibility Study To Redevelopment Of Braintree High School,School,,Pass,5286,2193
debt_exclusion,040,Braintree,2022,2020-09-26,Bonds To Enhance Security At School System,School,,Pass,5404,2076
debt_exclusion,040,Braintree,2022,2020-09-26,"Bonds For New South Middle School Design, Contruction, Furnishing",School,,Pass,5586,1897
capital_exclusion,144,Ipswich,2022,2020-10-20,Bonds For New Public Safety Building,PUBLIC SAFETY,2250000,Fail,995,1029
debt_exclusion,046,Brookline,2022,2020-11-03,Bonds For Newbury College Land Purchase,General Government,,Pass,18908,8020
debt_exclusion,054,Charlton,2021,2020-11-03,Bonds For New Public Safety Building,Public Safety,,Fail,3718,4060
capital_exclusion,080,Dudley,2022,2020-11-03,Purchase Of Ambulance,PUBLIC SAFETY,260000,Pass,3450,2320
debt_exclusion,107,Gloucester,2023,2020-11-03,East Gloucester/Veteran'S Elementary School,General Government,,Pass,9078,8218
debt_exclusion,212,North Brookfield,2022,2020-11-03,Bonds To Upgrade Sewer Treatment Facilities,Public Works and Facilities,,Pass,1620,775
debt_exclusion,271,Shrewsbury,2022,2020-11-03,Bonds For New Police Station,Public Safety,,Pass,12148,7987
debt_exclusion,288,Sudbury,2021,2020-11-03,Bond For Parcel Of Land Mile Post Qbs 3.4 And 4.8,General Government,,Pass,8433,3448
debt_exclusion,288,Sudbury,2021,2020-11-03,Bond To Repair Fairbank Community Center And Atkinson Pool,Culture and Recreation,,Pass,6873,5026
debt_exclusion,334,Westport,2021,2020-11-03,Bonds For A New Roof At Westport Elementary School,School,,Pass,5555,4265
debt_exclusion,305,Wakefield,2024,2020-11-07,Wakefield Hs Feasibility Study,School,,Pass,200,1
debt_exclusion,058,Cheshire,2022,2020-11-21,Bonds For New F-550 For Plowing And Sanding,Public Works and Facilities,,Pass,171,129
debt_exclusion,224,Orleans,2022,2020-12-01,Fund Community Ctr Feasibility Study,Funds,,Fail,595,770
debt_exclusion,224,Orleans,2022,2020-12-01,Engineering Design/Permit For Nauset Estuary Dredging,Culture and Recreation,,Pass,846,535
debt_exclusion,224,Orleans,2022,2020-12-01,Engineering Design/Permit For Nauset Estuary Bldg Project,Culture and Recreation,,Pass,943,437
debt_exclusion,224,Orleans,2022,2020-12-01,Mill Pond Landing Restoration Project,Culture and Recreation,,Pass,707,656
debt_exclusion,224,Orleans,2022,2020-12-01,New Pumper Truck For Fd,Public Safety,,Pass,974,413
debt_exclusion,224,Orleans,2022,2020-12-01,Fire Station Feasibility Study,Public Safety,,Pass,869,518
debt_exclusion,317,Wellesley,2022,2020-12-01,Bonds For Renovation For Middle School Building Systems,School,,Pass,3215,1014
debt_exclusion,119,Hamilton,2021,2020-12-03,"Bonds For Design, Construction And Renovations To Town Hall ",General Government,,Fail,461,669
debt_exclusion,164,Lynnfield,2022,2020-12-08,Bonds For Huckleberry Hill And Summer St Schools,School,,Pass,1316,648
debt_exclusion,174,Maynard,2022,2020-12-16,Bonds For A New Fire Station,Public Safety,,Pass,1123,366
debt_exclusion,012,Ashby,2022,2021-01-12,Bonds For Public Safety Building,Public Works and Facilities,,Pass,597,457
debt_exclusion,014,Ashland,2022,2021-01-27,Bonds For New Public Safety Bldg,Public Safety,,Pass,1558,205
debt_exclusion,014,Ashland,2022,2021-01-27,Bonds For New Mindess Elementary School,School,,Pass,1543,219
debt_exclusion,331,Westhampton,2022,2021-03-13,Bonds For New Public Safety Complex 48 Stage Road,Public Works and Facilities,,Pass,350,186
debt_exclusion,041,Brewster,2022,2021-03-30,Bonds To Renovate Nauset Reg Hs,School,,Pass,2158,1415
debt_exclusion,086,Eastham,2022,2021-03-30,Bonds For Renovation Of Nauset Reg Hs,School,,Pass,1479,476
debt_exclusion,224,Orleans,2022,2021-03-30,Bond For Renovation Of Nauset Reg Hs,School,,Pass,1619,633
debt_exclusion,318,Wellfleet,2022,2021-03-30,Bonds To Renovate Nauset Region Hs,School,,Pass,910,159
debt_exclusion,344,Winchester,2024,2021-03-30,Bonds For Muraco Elementary School Culvert,General Government,,Pass,2734,909
debt_exclusion,218,Norton,2022,2021-04-10,"Bonds To Plan,Design, Construct, Furnish Town Hall, Community Support Center And Athletic Complex At Norton Public Schools",General Government,,Pass,1675,1583
debt_exclusion,334,Westport,2022,2021-04-13,Bonds For New Bristol Agr High School,School,,Pass,682,125
capital_exclusion,221,Oak Bluffs,2022,2021-04-15,Technology Infrastructure Upgrades At Mvrhs,SCHOOL,183572,Pass,446,235
capital_exclusion,221,Oak Bluffs,2022,2021-04-15,Electric Buses For Mvrhs,SCHOOL,73128,Pass,408,277
debt_exclusion,340,Williamsburg,2023,2021-04-19,Bonds For Public Safety Complex,Public Safety,,Pass,358,187
debt_exclusion,189,Milton,2024,2021-04-27,Construct And Equip A New Fire Headquarters And Two Fire Sub-Stations,Public Safety,,Pass,3507,937
debt_exclusion,270,Shirley,2023,2021-05-04,The Amounts Require To Pay Its Allocable Share Of Regional School New Athletic Field Complex,School,,Pass,675,515
debt_exclusion,119,Hamilton,2021,2021-05-06,Town Hall Improvement,General Government,,Fail,442,513
debt_exclusion,172,Mashpee,2023,2021-05-08,Phase 1- Town Comp Nitrogen/Wastewater Mgmnt,General Government,,Pass,1446,217
debt_exclusion,333,Weston,2022,2021-05-08,"Bonds To Construct Drainage Improvements, F Wing High School Roof, Pumper Engine",General Government,,Pass,757,441
debt_exclusion,029,Bernardston,2022,2021-05-10,Bond For Replacing Snow Plow Equipment,Public Works and Facilities,,Pass,155,46
debt_exclusion,029,Bernardston,2022,2021-05-10,Bond For Building A New Fire Station,Public Safety,,Pass,133,68
debt_exclusion,034,Bolton,2023,2021-05-10,Bond For New Fire Truck,Public Safety,,Pass,108,47
debt_exclusion,113,Great Barrington,2022,2021-05-11,Bonds For Building Improvements To Police Station And Construction Public Restrooms,Public Safety,,Pass,599,343
debt_exclusion,242,Provincetown,2022,2021-05-11,Bonds To Pay Costs Of Implementing Improvements Of Town'S Storm Water,Public Works and Facilities,,Pass,1033,261
debt_exclusion,303,Upton,2023,2021-05-11,"Construction, Equipping, Furnishing Community Center",General Government,,Pass,806,727
debt_exclusion,231,Pembroke,2022,2021-05-15,Bonds To Design/Construct Community Ctr Sr Ctr,Culture and Recreation,,Pass,1136,850
debt_exclusion,081,Dunstable,2022,2021-05-18,Bonds For Roads Dpt Loader,Public Works and Facilities,,Pass,265,175
debt_exclusion,081,Dunstable,2022,2021-05-18,Bonds For Fd Rescue Vehicle,Public Safety,,Pass,262,180
debt_exclusion,096,Falmouth,2024,2021-05-18,Bonds For New Roof At Teaticket Elementary,School,,Pass,3021,670
debt_exclusion,125,Harvard,2023,2021-05-18,Slate Roof For Old Library,General Government,,Pass,655,316
debt_exclusion,126,Harwich,2022,2021-05-18,Bond For Pumper/Ladder Fire Truck,Public Safety,,Pass,829,422
debt_exclusion,126,Harwich,2022,2021-05-18,Bond For Road Maintenance  Program,Public Works and Facilities,,Pass,988,383
debt_exclusion,144,Ipswich,2024,2021-05-18,Topsfield Rd Reconstruction,Public Works and Facilities,,Pass,935,375
debt_exclusion,144,Ipswich,2024,2021-05-18,Town Hill Water Tanks-Design & Construct,Public Works and Facilities,,Pass,1136,193
debt_exclusion,173,Mattapoisett,2022,2021-05-18,"Bonds To Pay For Improvements To Main, Water, Beacon And Marion Rd.",Public Works and Facilities,,Pass,1058,634
debt_exclusion,139,Hopkinton,2022,2021-05-22,Bonds For Hopkinton Middle School Hvac And Digital Upgrade,School,,Pass,610,160
debt_exclusion,139,Hopkinton,2022,2021-05-22,Bonds For New Marathon School,School,,Pass,529,243
debt_exclusion,139,Hopkinton,2022,2021-05-22,Bonds For New Middle Schools Roof,School,,Pass,613,159
debt_exclusion,139,Hopkinton,2022,2021-05-22,Bonds For New Police Station Roof,Pre-Proposition 2 1/2 Debt,,Pass,589,181
debt_exclusion,249,Richmond,2022,2021-05-22,"Bonds For A New Town Hall, Library Community Ctr",General Government,,Pass,260,22
debt_exclusion,273,Somerset,2022,2021-05-22,Bonds For A New Somerset Middle School,School,,Pass,918,873
debt_exclusion,089,Edgartown,2022,2021-05-25,Bonds To Restore Memorial Wharf At 50 Dock St,General Government,,Pass,297,30
debt_exclusion,115,Groton,2022,2021-05-25,Bonds For New Elementary School At 342 Main St,School,,Pass,1063,639
debt_exclusion,224,Orleans,2022,2021-05-25,Bonds To Purchase Portion Of Gov Prence Properties,General Government,,Pass,939,544
debt_exclusion,224,Orleans,2022,2021-05-25,Design Of Nauset Dredging Project,Public Works and Facilities,,Pass,1099,379
debt_exclusion,224,Orleans,2022,2021-05-25,Mill Pond Landing Restoration Project,Public Works and Facilities,,Pass,1008,470
debt_exclusion,224,Orleans,2022,2021-05-25,Design Meetinghouse Pond Collection And Pumping Station Project,Public Works and Facilities,,Pass,1151,326
debt_exclusion,224,Orleans,2022,2021-05-25,Window And Roof Replacement At Orleans Elementary,School,,Pass,1277,210
debt_exclusion,062,Chilmark,2022,2021-05-26,Bond For Construction Of Fire Station And Ems Building,Public Safety,,Pass,247,46
debt_exclusion,013,Ashfield,2022,2021-06-05,Bonds For Repair Work To Sanderson Academy,School,,Pass,185,41
debt_exclusion,013,Ashfield,2022,2021-06-05,Bonds For Repair Work At Mohawk Trail Rsd,School,,Pass,173,42
debt_exclusion,278,Southbridge,2023,2021-06-08,New Fire Station,Public Safety,,Pass,807,780
debt_exclusion,068,Conway,2023,2021-06-10,Bonds For Paving A Section Of Shelburne Falls Rd,Public Works and Facilities,,Pass,75,13
debt_exclusion,009,Andover,2023,2021-06-15,Bond To Fund Unfunded Pension Liability,Employee Benefits,,Pass,1579,668
debt_exclusion,009,Andover,2023,2021-06-15,"Bonds To Design, Construct Elementary School",School,,Pass,1796,504
debt_exclusion,184,Middleton,2023,2021-06-15,"Bonds To Acquire 52 Acres,Design,Construct,Furnish Public Safety Building",Public Safety,,Pass,1009,522
debt_exclusion,197,Nantucket,2022,2021-06-15,Bonds For Improvements To Newton Rd ,Public Works and Facilities,,Pass,861,724
debt_exclusion,197,Nantucket,2022,2021-06-15,Bonds For Acquiring Affordable Housing Purposes Including All Costs Incidental,General Government,,Pass,990,619
debt_exclusion,197,Nantucket,2022,2021-06-15,"Bonds For Designing, Constructing, Equipping And Furnishing A Field House At Nobadeer Fields",Public Works and Facilities,,Pass,925,665
debt_exclusion,197,Nantucket,2022,2021-06-15,Bonds For Improvements To Lovers Lane,Public Works and Facilities,,Pass,941,657
debt_exclusion,197,Nantucket,2022,2021-06-15,Bonds For Improvements To Children'S Beach Storm Water Pump Station,Public Works and Facilities,,Pass,1278,335
capital_exclusion,197,Nantucket,2022,2021-06-15,Public Works And Other Capital Outlays,PUBLIC WORKS & FACILITIES,751160,Pass,1049,570
debt_exclusion,269,Sherborn,2022,2021-06-15,Bonds For Equipment And One Ton Truck ,Public Works and Facilities,,Pass,533,243
debt_exclusion,269,Sherborn,2022,2021-06-15,Bond To Fund Turf Field For Laurel Farms,Public Works and Facilities,,Fail,234,531
debt_exclusion,269,Sherborn,2022,2021-06-15,Bonds For Purchasing 2 New Police Cruisers,Public Safety,,Pass,486,280
debt_exclusion,269,Sherborn,2022,2021-06-15,Bonds For Improving Woodhaven/Leland Farms Public Water Supply,Public Works and Facilities,,Pass,559,202
debt_exclusion,269,Sherborn,2022,2021-06-15,Bonds For Improving Pine Hill Access Rd And Campus,Public Works and Facilities,,Pass,516,265
debt_exclusion,269,Sherborn,2022,2021-06-15,Bonds For Replacing Hose ,Public Safety,,Pass,642,138
debt_exclusion,269,Sherborn,2022,2021-06-15,Bonds For Town Buildings And Facilities Renovations,General Government,,Pass,556,212
debt_exclusion,269,Sherborn,2022,2021-06-15,Bonds For Roadway Management,Public Works and Facilities,,Pass,560,214
debt_exclusion,055,Chatham,2022,2021-06-17,Bonds For Design And Constructing Various Wastewater Collection Facility Projects,General Government,,Pass,831,217
debt_exclusion,055,Chatham,2022,2021-06-17,"Bonds For Design, Construction Of New Coa Facility",General Government,,Fail,481,508
debt_exclusion,055,Chatham,2022,2021-06-17,"Bonds For Designing, Constructing Various Storm Water Collection Projects",Public Works and Facilities,,Pass,820,229
debt_exclusion,078,Dover,2022,2021-06-21,Bonds For Caryl Community Center Project,Culture and Recreation,,Pass,569,99
debt_exclusion,168,Marblehead,2023,2021-06-22,New Fire Pumper Truck,Public Safety,,Pass,3418,894
debt_exclusion,168,Marblehead,2023,2021-06-22,Renovation Of Abbot Public Library,Culture and Recreation,,Pass,3021,1346
debt_exclusion,276,Southampton,2022,2021-06-22,Single Axle Dump Truck,Public Works and Facilities,,Fail,592,676
debt_exclusion,276,Southampton,2026,2021-06-22,Town Greenway,Culture and Recreation,,Pass,650,618
debt_exclusion,296,Tisbury,2022,2021-06-22,"Bonds For Repair Of Roadway Surfaces, Sidewalks And Drainage",Public Works and Facilities,,Pass,893,135
debt_exclusion,296,Tisbury,2022,2021-06-22,Bonds For Renovation To Tisbury School,School,,Pass,821,224
debt_exclusion,297,Tolland,2023,2021-06-23,Bonds To Pay For New Dump Truck For Dpw,Public Works and Facilities,,Pass,38,17
debt_exclusion,038,Boxford,2023,2021-06-29,Center At Ten Elm,Health and Human Service,,Pass,560,185
debt_exclusion,138,Hopedale,2022,2021-06-29,"Bonds To Engineer, Construct Various Town Projects",General Operating,,Pass,181,140
debt_exclusion,318,Wellfleet,2022,2021-06-30,Bonds To Purchase Portable Radio Replacements,Public Safety,,Pass,693,217
debt_exclusion,318,Wellfleet,2022,2021-06-30,Bonds To Purchase Emergency Response Vessel For Marina,Public Safety,,Pass,623,286
debt_exclusion,318,Wellfleet,2022,2021-06-30,Bonds To Purchase Replacement 3/4 Ton Pick-Up Truck,Public Works and Facilities,,Pass,544,353
debt_exclusion,318,Wellfleet,2022,2021-06-30,Bonds To Purchase Replacement Transfer Station Roll-Off Truck,Public Works and Facilities,,Pass,544,347
debt_exclusion,318,Wellfleet,2022,2021-06-30,Bonds To Purchase Engineering Services For Mayo Creek,Public Works and Facilities,,Pass,577,304
debt_exclusion,318,Wellfleet,2022,2021-06-30,Bonds To Replace Baseball Backstops At Baker'S Field,Culture and Recreation,,Pass,559,334
debt_exclusion,318,Wellfleet,2022,2021-06-30,Bonds To Prepare A Study And Plans For Route 6 And Main St Improvements,Public Works and Facilities,,Pass,563,331
debt_exclusion,318,Wellfleet,2022,2021-06-30,Bonds To Pay For Subsidies/Assist In Installation Of I &A Septic Systems,Public Works and Facilities,,Pass,620,267
debt_exclusion,318,Wellfleet,2022,2021-06-30,Bonds For Permeable Reactive Barrier At 117 & 111east Commercial St,Public Works and Facilities,,Pass,507,353
debt_exclusion,318,Wellfleet,2022,2021-06-30,Bonds To Pay Costs Of Designing And Construction Of Wastewater Facilities Affordable Housing Project,Public Works and Facilities,,Pass,702,194
debt_exclusion,106,Gill,2022,2021-07-12,Bonds For Dump Truck With Plow,Public Works and Facilities,,Pass,68,23
debt_exclusion,203,New Marlborough,2022,2021-07-12,Bond Issued To Repair Hatchery Road,Public Works and Facilities,,Pass,74,20
debt_exclusion,223,Orange,2022,2021-08-23,Purchase Self Contained Breathing Apparatus,Public Safety,,Pass,113,32
debt_exclusion,058,Cheshire,2022,2021-08-24,Route 8 Water Main Replacement,Public Works and Facilities,,Pass,102,48
debt_exclusion,058,Cheshire,2022,2021-08-24,Bonds For Freightlinerm-2  Dump Truck,Public Works and Facilities,,Pass,91,60
debt_exclusion,265,Seekonk,2023,2021-08-30,Bond For Reno Of The Seekonk Connolly Field & Track,School,,Pass,5460,4080
debt_exclusion,047,Buckland,2024,2021-08-31,Bonds For Mohawk Trail Capital Improvement Proj,School,,Pass,91,18
debt_exclusion,047,Buckland,2024,2021-08-31,Bonds To Pay For Costs For Capital Improvement Projects At Buckland-Shelburne Elementary School,School,,Pass,94,15
debt_exclusion,212,North Brookfield,2023,2021-09-07,Bonds To Purchase 63-65 Donovan Rd,General Government,,Pass,187,34
debt_exclusion,151,Leicester,2023,2021-09-20,Bonds To Purchase The Former Becker College Campus Other Associated Costs,General Government,,Pass,1222,205
debt_exclusion,041,Brewster,2023,2021-10-05,Bonds To Acquire W.H. Besse Cartway 66 Acres,Culture and Recreation,,Pass,2877,395
debt_exclusion,041,Brewster,2023,2021-10-05,Bonds To Acquire 3057 Main St,Culture and Recreation,,Pass,2846,414
debt_exclusion,291,Swampscott,2022,2021-10-19,"Design,Develop And Construction Of Hadley New Elementary School",School,,Pass,2741,1470
debt_exclusion,339,Wilbraham,2022,2021-10-23,"Bond For Design, Const, Equip & Furn Adult Community Center",General Government,,Pass,1117,343
debt_exclusion,144,Ipswich,2022,2021-10-26,"Public Safety Building-Design, Construct, Equip",Public Works and Facilities,,Pass,1412,610
debt_exclusion,335,Westwood,2022,2021-10-26,Bonds For New Paul R. Hanlon Elementary School,School,,Pass,1815,667
debt_exclusion,125,Harvard,2022,2021-11-02,"Bonds To Purchase, Design Lancaster County Place Condominiums",General Government,,Pass,804,311
debt_exclusion,125,Harvard,2022,2021-11-02,Bonds To Purchase Pumper Truck,Public Safety,,Pass,868,250
debt_exclusion,224,Orleans,2022,2021-11-02,Bonds To Fund The Installation Of Landfill Gas Flare Replacement Project,Public Safety,,Pass,1356,451
debt_exclusion,224,Orleans,2022,2021-11-02,"Bonds To Fund Construction Of 218 Space Parking Lot Connecting To Nauset Beach Parking Lot, Including All Expenses Incidental And Related Thereto",Public Works and Facilities,,Pass,1350,487
debt_exclusion,224,Orleans,2022,2021-11-02,Bonds To Fund The Rock Harbor Dredging Project,Public Works and Facilities,,Pass,1439,398
debt_exclusion,244,Randolph,2023,2021-11-02,"Design, Construction, Equipping, Furnishing Lyons Elementary",School,,Pass,1484,1205
debt_exclusion,284,Stoneham,2023,2021-11-02,Bonds For New High School,School,,Pass,2906,688
debt_exclusion,307,Walpole,2022,2021-11-02,New Middle School At 625 Washington St.,School,,Pass,4015,2484
debt_exclusion,075,Dennis,2023,2021-12-07,Construction Of Fire Station 2,General Government,,Pass,724,153
debt_exclusion,317,Wellesley,2023,2021-12-07,Bonds For New Hunnewell Elementary School,School,,Pass,2951,797
debt_exclusion,317,Wellesley,2023,2021-12-07,Bonds For New John Hardly Elementary School,School,,Pass,3021,724
debt_exclusion,050,Canton,2023,2021-12-14,"Bonds For St Gerard Majella Catholic Church For Land, Buildings, Consultants",General Government,,Pass,675,398
debt_exclusion,287,Sturbridge,2024,2022-01-24,Senior Center Project,General Government,,Pass,289,172
debt_exclusion,344,Winchester,2024,2022-01-25,Bonds Northeast Metro Regional High School Construction,School,,Pass,679,60
debt_exclusion,285,Stoughton,2023,2022-02-01,Bonds To Construct And Furnish Fire Station,Public Safety,,Pass,1311,594
debt_exclusion,067,Concord,2023,2022-02-03,Bonds For New Middle School,School,,Pass,2124,475
debt_exclusion,247,Rehoboth,2022,2022-03-18,Bonds To Pay For Bristol-Plymouth Reg Voc Tech Sch,School,,Fail,403,465
debt_exclusion,082,Duxbury,2023,2022-03-26,Design And Construct A New Dpw Facility,Public Works and Facilities,,Pass,1086,510
debt_exclusion,015,Athol,2023,2022-04-04,"Bonds For Pinedale Ave Bridge, Fryeville Bridge, Crescent St Sluiceway",Public Works and Facilities,,Pass,188,46
debt_exclusion,015,Athol,2023,2022-04-04,Bonds To Purchase/Equip Fire Pumper Apparatus,Public Safety,,Pass,163,71
debt_exclusion,220,Norwood,2024,2022-04-04,Design & Construct New Middle School,School,,Pass,2396,843
debt_exclusion,292,Swansea,2027,2022-04-11,"Share Of The Debt For Greater Fall River Voke, Diman",School,,Pass,549,494
debt_exclusion,221,Oak Bluffs,2023,2022-04-14,Bonds For Replacement Oak Bluffs Elementary School Boiler,School,,Pass,795,194
capital_exclusion,327,West Tisbury,2023,2022-04-14,"Howes House Project, Inc Proj Mngr, Design And Const",GENERAL GOVERNMENT,423000,Pass,664,190
debt_exclusion,042,Bridgewater,2023,2022-04-23,Bonds For New Fire Station And Reno Station 2,Public Safety,,Pass,1153,446
debt_exclusion,062,Chilmark,2023,2022-04-27,Bond For New Fire Station And Ems Building,Public Safety,,Pass,273,45
debt_exclusion,062,Chilmark,2023,2022-04-27,Bond To Upgrade Hvac Systems At Chilmark School,School,,Pass,268,50
debt_exclusion,074,Deerfield,2023,2022-05-02,Bonds For Upgrade To South Deerfield Wastewater Treatment Facility,Public Works and Facilities,,Pass,553,281
debt_exclusion,116,Groveland,2023,2022-05-02,Bond To Pay Petucket Regional School Annual Assessment,School,,Fail,445,729
debt_exclusion,261,Sandwich,2023,2022-05-05,"Bond For Improvements, Constructing, Reconstructing Sandwich Public School Buildings",School,,Pass,1582,879
debt_exclusion,027,Berkley,2023,2022-05-07,"Bond Issued Police Cruisers, Plow Sanders, Street Sweeper",General Government,,Pass,294,227
debt_exclusion,333,Weston,2023,2022-05-07,"Bonds For 6 Items Dpw Drainage, Rt 20 Intersection, Bogle Brook Culvert, School Snow Removal, Air Supply Vehicle, It Update Phase 2",General Government,,Pass,518,296
capital_exclusion,228,Paxton,2023,2022-05-09,Security System At Paxton Center School,SCHOOL,50000,Pass,368,230
capital_exclusion,228,Paxton,2023,2022-05-09,Outdoor Lights At Tivnan Field,CULTURE AND RECREATION,80000,Pass,338,270
debt_exclusion,019,Ayer,2024,2022-05-10,Bond For Fire Pumper,Public Safety,,Pass,291,88
debt_exclusion,051,Carlisle,2024,2022-05-10,Towns Share Of Bond Issued By Concord-Carlisle School For Design And Reconstruction Of High School Access Road,School,,Pass,737,320
debt_exclusion,113,Great Barrington,2023,2022-05-10,"Bonds For Improvements To Town Hall Campus, Teague Senior Ctr/Parking Lot, Ramsdell Library",General Government,,Pass,227,87
debt_exclusion,197,Nantucket,2023,2022-05-10,Bonds For Design For New Our Island Home Facility,General Government,,Pass,1621,673
debt_exclusion,197,Nantucket,2023,2022-05-10,Bonds For Supp Appropriation For New Habormaster Facility,Culture and Recreation,,Pass,1499,752
debt_exclusion,197,Nantucket,2023,2022-05-10,Bonds To Repave Pleasant St And Improve Sidewalks,Public Works and Facilities,,Pass,1690,584
debt_exclusion,197,Nantucket,2023,2022-05-10,Bond For Repairs To Loran Barracks,General Government,,Pass,1467,756
debt_exclusion,197,Nantucket,2023,2022-05-10,Bond For Nantucket Ps Athletic Facility,School,,Pass,1413,851
debt_exclusion,197,Nantucket,2023,2022-05-10,Bond For Central Municipal Facility 2 Fairgrounds Rd,General Government,,Fail,843,1362
debt_exclusion,197,Nantucket,2023,2022-05-10,Bond For Construction Of Town Employee Housing,General Government,,Pass,1584,666
debt_exclusion,197,Nantucket,2023,2022-05-10,Bond For Pfas Soil Investigation,General Government,,Pass,1759,487
debt_exclusion,197,Nantucket,2023,2022-05-10,Bond For Affordable Housing,General Government,,Pass,1560,698
debt_exclusion,197,Nantucket,2023,2022-05-10,Bond For Water Main Extension,Public Works and Facilities,,Pass,1738,496
debt_exclusion,197,Nantucket,2023,2022-05-10,Bonds For Purchasing 10-12 Washington St,General Government,,Pass,1295,890
capital_exclusion,197,Nantucket,2023,2022-05-10,"General Operating Expenses Dpw, Public Safety",GENERAL OPERATING,1176000,Pass,1522,708
debt_exclusion,242,Provincetown,2023,2022-05-10,Bonds To Pay Costs Of Cammery Wharf Park Devel. Project,General Government,,Pass,495,131
debt_exclusion,242,Provincetown,2023,2022-05-10,Bonds To Pay Costs Of New Police Station,Public Safety,,Pass,493,133
debt_exclusion,252,Rockport,2023,2022-05-10,Bonds To Pay For New Dpw Facility Upper Main,Public Works and Facilities,,Pass,1167,727
debt_exclusion,269,Sherborn,2023,2022-05-10,Bond For Window Replacement Woodhaven Elder Housing,Public Works and Facilities,,Pass,284,69
debt_exclusion,269,Sherborn,2023,2022-05-10,Bond To Fund Roadway Improvements,Public Works and Facilities,,Pass,274,75
debt_exclusion,269,Sherborn,2023,2022-05-10,Bond To Fund Town Building/Facilities Improvements And Renovations,General Government,,Pass,258,90
debt_exclusion,269,Sherborn,2023,2022-05-12,Bond To Fund Stormwater Consulting And Improvements,Public Works and Facilities,,Pass,264,82
debt_exclusion,269,Sherborn,2023,2022-05-12,Bond For Floor Repairs/Improvements At Pine Hill School,School,,Pass,293,64
debt_exclusion,269,Sherborn,2023,2022-05-12,Bond For Roof Repairs/Improvements Dover-Sherborn Reg. School,School,,Pass,285,64
debt_exclusion,169,Marion,2024,2022-05-13,Bond Construction And Equipping New Dpw Ops Bldg,Public Works and Facilities,,Pass,592,246
debt_exclusion,315,Wayland,2023,2022-05-13,Bond For New Wayland Council On Aging Comm Ctr,Culture and Recreation,,Pass,1552,679
debt_exclusion,315,Wayland,2023,2022-05-13,Bond For Costs Of Natural Grass Athletic Field At Loker Conservation And Rec Area,Culture and Recreation,,Pass,1413,815
debt_exclusion,131,Hingham,2024,2022-05-14,Build A New Pool At Ss Country Club,Culture and Recreation,,Pass,2525,857
debt_exclusion,139,Hopkinton,2023,2022-05-16,Bonds Issued To Replace Fruit St Turf Field,Culture and Recreation,,Pass,1274,835
debt_exclusion,139,Hopkinton,2023,2022-05-16,Bonds Issues To Pay Increased Costs Marathon School Addition,School,,Pass,1455,646
debt_exclusion,139,Hopkinton,2023,2022-05-16,Bonds For Upgrades And Repairs Of Fire Station No 2,Public Safety,,Pass,1644,461
debt_exclusion,139,Hopkinton,2023,2022-05-16,Bonds For Repair Work On Lake Maspenock Dam Area,Culture and Recreation,,Pass,1585,499
debt_exclusion,139,Hopkinton,2023,2022-05-16,"Bonds Issued To Replace Air Handling Units In Middle School, Hs Buildings",School,,Pass,1670,445
debt_exclusion,139,Hopkinton,2023,2022-05-16,Bonds For Replacing Fire Engine And Related Equipment,Public Safety,,Pass,1680,433
debt_exclusion,096,Falmouth,2023,2022-05-17,Bonds For  New Wastewater Treatment Facility,Public Works and Facilities,,Pass,3112,1084
debt_exclusion,096,Falmouth,2023,2022-05-17,Bonds For New Fire Station On Sandwich Rd.,Public Safety,,Pass,2738,1430
debt_exclusion,216,Northbridge,2023,2022-05-17,Bonds To Pay For New Fire Station,Public Safety,,Pass,455,103
debt_exclusion,224,Orleans,2023,2022-05-17,Bonds For Construction Of Meetinghouse Pond Collection System,Public Works and Facilities,,Pass,654,249
debt_exclusion,224,Orleans,2023,2022-05-17,Bonds To Fund It Modernization Project,General Government,,Pass,617,282
debt_exclusion,224,Orleans,2023,2022-05-17,Bonds For Construction Of Town'S Drainage In Meetinghouse Sewer Area,Public Works and Facilities,,Pass,658,247
debt_exclusion,276,Southampton,2026,2022-05-17,Gvw Wheel Loader Highway Loader,Public Works and Facilities,,Pass,155,148
debt_exclusion,301,Tyngsborough,2023,2022-05-17,"Bonds To Design, Construct, Furnish New Middle School",School,,Pass,1376,637
debt_exclusion,264,Scituate,2023,2022-05-21,"Bond To Demolish Water Treatment Facility, Design Construct Equip A Water Treatment Plant",Public Works and Facilities,,Pass,2295,914
debt_exclusion,286,Stow,2026,2022-05-21,Randall Library Renovations,Culture and Recreation,,Pass,602,285
debt_exclusion,155,Lexington,2023,2022-06-06,"Bonds For A New Police Station Incl Demo,Architect,Furnishings",Public Safety,,Pass,1615,1236
debt_exclusion,080,Dudley,2023,2022-06-13,Purchase Of Highway Equipment,Public Works and Facilities,,Pass,363,177
debt_exclusion,080,Dudley,2023,2022-06-13,Purchase Of Public Safety Vehicles,Public Safety,,Pass,320,222
debt_exclusion,106,Gill,2026,2022-06-21,Purchase Responder 4wd Fire Truck,Public Safety,,Pass,47,12
debt_exclusion,168,Marblehead,2024,2022-06-21,"Roof Replacements, Road & Sidewalk Improvements, Smart Panels, Hvac, Salt Shed, Hs Boiler",General Operating,,Pass,3347,2178
debt_exclusion,318,Wellfleet,2023,2022-06-21,Bonds To Pay Costs Of Installing Fire Suppression @ Elementary School,School,,Pass,642,135
debt_exclusion,146,Lakeville,2023,2022-06-28,Bonds To Acquire 44 Clear Pond Rd,General Government,,Pass,1158,653
debt_exclusion,186,Millbury,2025,2022-06-28,Construct A New Fire Headquarters Building,Public Safety,,Pass,234,95
debt_exclusion,316,Webster,2023,2022-06-28,Bartlett High School Renovation,School,,Pass,1095,611
capital_exclusion,081,Dunstable,2023,2022-07-19,Of Paying For Capital Expenses In Relation To The Groton-Dunstable Regional School District ,SCHOOL,188974,Pass,188,179
debt_exclusion,202,New Braintree,2024,2022-08-02,Town Hall Repairs,General Government,,Pass,70,20
debt_exclusion,067,Concord,2023,2022-09-06,Bond For Cchs Improvements Including Hs Access Road,School,,Pass,2631,2120
debt_exclusion,203,New Marlborough,2024,2022-09-06,Bond For Capital Road Projects,Public Works and Facilities,,Pass,279,155
debt_exclusion,255,Royalston,2023,2022-09-06,"Purchase 2 Dpw Trucks, Paint Whitney Hall",Public Works and Facilities,,Pass,204,119
debt_exclusion,318,Wellfleet,2023,2022-09-20,Bonds To Purchase Land At 80 State Highway ,General Government,,Pass,583,247
debt_exclusion,084,East Brookfield,2024,2022-10-04,School Construction,School,,Pass,298,189
debt_exclusion,280,Spencer,2024,2022-10-04,David Prouty High School Addition/Renovation Project,School,,Pass,1456,1052
debt_exclusion,026,Belmont,2024,2022-11-08,Bond To Pay For New Skating Rink,Culture and Recreation,,Fail,5710,6051
debt_exclusion,026,Belmont,2024,2022-11-08,Bond To Pay For New Belmont Public Liibrary,Culture and Recreation,,Pass,6881,4963
debt_exclusion,046,Brookline,2025,2022-11-08,Fire Station Renovations,Public Safety,,Pass,13794,5630
debt_exclusion,080,Dudley,2023,2022-11-08,Bonds To Purchase New Fire Engine And Related Equipment,Public Safety,,Pass,2218,1830
debt_exclusion,131,Hingham,2024,2022-11-08,Construct Public Safety Building,Public Safety,,Pass,7539,4178
debt_exclusion,131,Hingham,2024,2022-11-08,Replace Elementary School,School,,Pass,8980,2872
debt_exclusion,134,Holden,2024,2022-11-08,Bonds For Recreational Fields,Culture and Recreation,,Pass,5294,3714
debt_exclusion,221,Oak Bluffs,2023,2022-11-08,Bonds For Upgrading Wastewater Treatment Facility,Public Works and Facilities,,Pass,1464,658
debt_exclusion,223,Orange,2023,2022-11-08,Library Expansion,Culture and Recreation,,Fail,1233,1291
debt_exclusion,247,Rehoboth,2023,2022-11-08,Bonds For Bristol Plymouth Rsd Building Project,School,,Fail,2052,2927
debt_exclusion,320,Wenham,2024,2022-11-08,Bonds For Feasibility Study For Cutler Elementary ,School,,Pass,981,500
debt_exclusion,330,Westford,2025,2022-11-08,New Municipal Building At 51 Main St,General Government,,Fail,5076,5567
debt_exclusion,330,Westford,2025,2022-11-08,Renovate Jv Fletcher Library,General Government,,Pass,6620,4212
debt_exclusion,164,Lynnfield,2023,2022-12-06,Bonds For Demolition Of South Lynnfield Fire Station,Public Safety,,Pass,695,508
debt_exclusion,074,Deerfield,2023,2022-12-08,Fund Construction Of Library,Culture and Recreation,,Pass,909,707
debt_exclusion,344,Winchester,2024,2023-01-07,Bonds For Lynch Elementary School,School,,Pass,2902,619
debt_exclusion,041,Brewster,2024,2023-01-10,Costs Associated With Nauset Reno,School,,Pass,1467,946
debt_exclusion,086,Eastham,2024,2023-01-10,Bonds For Renovation Of Nauset Regional Hs,School,,Pass,1049,384
debt_exclusion,224,Orleans,2024,2023-01-10,Additional Bonds For Renovation Of Nauset Reg Hs ,School,,Pass,1107,372
debt_exclusion,318,Wellfleet,2024,2023-01-10,Bond To Renovate Nauset Regional Hs ,School,,Pass,598,144
debt_exclusion,343,Winchendon,2024,2023-01-19,Bonds For New Fire Station,Public Safety,,Pass,143,92
debt_exclusion,208,Norfolk,2024,2023-01-28,"Demolishing, Reconstructing, Originally Equipping, And Furnishing A New Fire Station Located At 117 Main Street",Public Safety,,Pass,1364,467
debt_exclusion,305,Wakefield,2024,2023-01-28,Construct Wakefield Memorial Hs,School,,Pass,1231,42
debt_exclusion,067,Concord,2024,2023-02-16,Bonds For Add Costs To New Middle School,School,,Pass,2338,1537
debt_exclusion,305,Wakefield,2024,2023-03-11,Ballot To Construct Wakefield Memorial Hs,School,,Pass,3431,1433
debt_exclusion,207,Newton,2025,2023-03-14,Renovate/Replace Countryside Elementary School,School,,Pass,10478,9479
debt_exclusion,207,Newton,2025,2023-03-14,Renovate/Replace Franklin Elementary School,School,,Pass,10509,9455
debt_exclusion,082,Duxbury,2024,2023-03-25,"Engineering, Design, Permitting And Construction Of The Duxbury Beach Seawall",General Government,,Pass,776,728
capital_exclusion,288,Sudbury,2024,2023-03-27,Purchase Of New Fire Engine,PUBLIC SAFETY,1020000,Pass,1858,1443
debt_exclusion,021,Barre,2024,2023-04-03,To Pay For The Bond Issued In Order To Purchase Fire Department Self Contained Breathing Apparatus; Fire Department Engine One; Fire Department Engine Four; Ambulance; Highway Pick Up Truck With Plow; Highway 1 Ton Dump Truck With Plow; Solar Array,Public Safety,,Pass,189,184
debt_exclusion,102,Freetown,2024,2023-04-03,Towns Allocable Share Of Bond Issued For Bristol-Plymouth Regional Technical District High School,School,,Pass,432,280
debt_exclusion,026,Belmont,2024,2023-04-04,"Bond To Pay For New Rink, Sports Facility",Culture and Recreation,,Pass,3920,2432
debt_exclusion,247,Rehoboth,2024,2023-04-04,Bonds For  Bristol Plymouth Rsd,School,,Fail,370,413
debt_exclusion,119,Hamilton,2025,2023-04-06,Athletic Fields At Hw Regional High School,School,,Pass,814,617
debt_exclusion,320,Wenham,2025,2023-04-06,Bonds For Athletic And Recreation Facilities At Hwr High School,School,,Pass,558,355
debt_exclusion,251,Rockland,2024,2023-04-08,Rockland Fire Station,Public Safety,,Fail,765,905
debt_exclusion,125,Harvard,2025,2023-04-09,Dpw Building Project,Public Works and Facilities,,Pass,785,503
debt_exclusion,334,Westport,2024,2023-04-11,Diman Regional School,School,,Pass,1042,668
debt_exclusion,089,Edgartown,2025,2023-04-13,Reconstructing North Wharf,General Government,,Pass,431,65
debt_exclusion,089,Edgartown,2026,2023-04-13,Bonds For New Fire Station,Public Safety,,Pass,380,120
debt_exclusion,221,Oak Bluffs,2024,2023-04-13,Bonds Issued To Fund Costs Re Phase 2 Of Farm Pond Culvert Replacement,Public Works and Facilities,,Pass,521,174
debt_exclusion,221,Oak Bluffs,2024,2023-04-13,Bonds Issued To Fund The Wastewater Design And Improvements Part 1 And 2 And Downtown Sidewalks,Public Works and Facilities,,Pass,521,184
debt_exclusion,221,Oak Bluffs,2024,2023-04-13,Bonds Issued To Fund Costs Of The East Chop Drive Resilient Infrastructure/Ec Bluff Revetment Project,Public Works and Facilities,,Pass,494,207
debt_exclusion,221,Oak Bluffs,2024,2023-04-13,Bonds Issued By Mvrsd To Pay Costs Of Feasibility Study Re Hs ,School,,Pass,498,203
capital_exclusion,221,Oak Bluffs,2024,2023-04-13,Assess Additional Re And Pp Taxes To Fund Repairs To The Harbor East Chop Public Bulkhead For Fy 2023,PUBLIC WORKS & FACILITIES,250000,Pass,465,241
capital_exclusion,221,Oak Bluffs,2024,2023-04-13,Asess Additional Re And Pp Taxes To Fund Acquisition Of Highway Replacement Loader For Fy 2023 ,PUBLIC WORKS & FACILITIES,200000,Pass,395,301
debt_exclusion,327,West Tisbury,2024,2023-04-13,Hvac Library,General Government,,Pass,288,55
debt_exclusion,327,West Tisbury,2024,2023-04-13,Mvrsd Feasibilty Study,School,,Pass,259,84
debt_exclusion,042,Bridgewater,2024,2023-04-22,Bond For New B-P School,School,,Pass,650,308
debt_exclusion,062,Chilmark,2024,2023-04-26,Bond To Upgrade Hvac Systems At Chilmark School,School,,Pass,355,73
debt_exclusion,062,Chilmark,2024,2023-04-26,Bond For Feasibility Study Mvrsd Possible Reconstruction Or Replacement Of District Hs,School,,Pass,337,90
debt_exclusion,293,Taunton,2025,2023-04-29,Public Safety Building,Public Safety,,Pass,1885,987
debt_exclusion,212,North Brookfield,2025,2023-05-01,Fire Highway Project,Public Safety,,Pass,394,221
debt_exclusion,212,North Brookfield,2025,2023-05-01,Sewer System Improvements,Public Works and Facilities,,Pass,426,190
debt_exclusion,318,Wellfleet,2024,2023-05-01,Water Main For Maurice'S Campground,General Government,,Pass,515,360
debt_exclusion,318,Wellfleet,2024,2023-05-01,"Waste Water Design,Planning And Permitting",General Government,,Pass,530,342
debt_exclusion,318,Wellfleet,2024,2023-05-01,Waste Water For Maruice'S Camground ,General Government,,Pass,495,375
debt_exclusion,318,Wellfleet,2024,2023-05-01,New Ambulance,Public Safety,,Pass,494,373
debt_exclusion,318,Wellfleet,2024,2023-05-01,Maintenance Dredging,General Government,,Pass,607,262
debt_exclusion,318,Wellfleet,2024,2023-05-01,Replacement Water Meters,General Government,,Fail,385,460
debt_exclusion,318,Wellfleet,2024,2023-05-01,Marina Pick Up Truck,General Government,,Fail,331,545
debt_exclusion,318,Wellfleet,2024,2023-05-01,Marina Masterplan,General Government,,Fail,415,454
debt_exclusion,318,Wellfleet,2024,2023-05-01,Enhanced Septic Subsidies,Health and Human Service,,Pass,494,385
debt_exclusion,318,Wellfleet,2024,2023-05-01,Fire Station Garage Doors,Public Safety,,Pass,468,416
debt_exclusion,318,Wellfleet,2024,2023-05-01,Upgrade Of White Crest Beach Bathrooms,General Government,,Fail,409,461
capital_exclusion,318,Wellfleet,2024,2023-05-01,Elementary School Ada Upgrades,SCHOOL,0,Pass,476,373
capital_exclusion,318,Wellfleet,2024,2023-05-01,Adult Community Center Study,CULTURE AND RECREATION,50000,Fail,301,576
debt_exclusion,008,Amherst,2024,2023-05-02,Construct New Elementary School,School,,Pass,3308,783
debt_exclusion,046,Brookline,2024,2023-05-02,Bonds For New Prek - 8 School,School,,Pass,6303,5994
debt_exclusion,330,Westford,2025,2023-05-02,Blanchard Middle School Msba Roof Project,School,,Pass,1574,519
debt_exclusion,330,Westford,2025,2023-05-02,New Municipal Building At 51 Main St,General Government,,Fail,727,1344
debt_exclusion,013,Ashfield,2024,2023-05-06,Bonds To Purchase A New Fire Truck,Public Safety,,Pass,127,45
debt_exclusion,172,Mashpee,2025,2023-05-06,Wastewater Plant & Treatment System 1a,Public Works and Facilities,,Pass,924,227
debt_exclusion,172,Mashpee,2025,2023-05-06,Dpw Roof/Th Hvac/Fire Truck,Public Safety,,Pass,810,338
debt_exclusion,034,Bolton,2025,2023-05-08,Bond For New Fire Truck,Public Safety,,Pass,195,54
debt_exclusion,141,Hudson,2024,2023-05-08,"Fund Design,Engineering, Etc Of New Dpw Facility",Public Works and Facilities,,Pass,613,569
debt_exclusion,019,Ayer,2024,2023-05-09,Bonds For West Main Street Bridge,General Government,,Pass,278,65
debt_exclusion,019,Ayer,2024,2023-05-09,Bonds For Fire Dept Ladder Truck,Public Safety,,Pass,288,56
debt_exclusion,090,Egremont,2024,2023-05-09,Fire Truck,Public Safety,,Pass,156,16
debt_exclusion,090,Egremont,2024,2023-05-09,Dump Truck,Public Works and Facilities,,Pass,151,22
debt_exclusion,113,Great Barrington,2024,2023-05-09,"Bonds For Town Buildings And Grounds Improvements Capital Projects Including The Courthouse, Cemetery Building, Mausoleum, Highway Building, Transfer Station, Gb And Housatonic Fire Stations, Mason And Ramsdell Libraries, Police Station",General Government,,Pass,573,228
debt_exclusion,125,Harvard,2024,2023-05-09,Harvard-Devens Water Connection,Public Works and Facilities,,Pass,689,245
debt_exclusion,205,Newbury,2024,2023-05-09,Build New Town Hall,General Government,,Fail,576,1098
debt_exclusion,242,Provincetown,2024,2023-05-09,Bonds To Pay Costs Of Macmillan Pier Waterline Replacemet Project And For The Payment Of All Other Costs Incidental And Related Thereto,Public Works and Facilities,,Pass,695,199
debt_exclusion,269,Sherborn,2024,2023-05-09,Bond To Fund Storm Water Consulting And Improvement Services Dpw,Public Works and Facilities,,Pass,568,249
debt_exclusion,269,Sherborn,2024,2023-05-09,Town'S Share Bond For Dover-Sherborn Rsdl Equip And/Or Improvements,School,,Pass,588,238
debt_exclusion,269,Sherborn,2024,2023-05-09,Bond For Dpw Roadway Management,Public Works and Facilities,,Pass,556,259
debt_exclusion,269,Sherborn,2024,2023-05-09,Bond To Fund Town Facilities And Infrastructure,General Operating,,Pass,540,270
debt_exclusion,296,Tisbury,2025,2023-05-09,Bonds Issued By Mvrhd For Mvrhs Feasibility Study,School,,Pass,415,185
debt_exclusion,055,Chatham,2024,2023-05-11,"Bonds For Redesign, Renovation, Construction And Equipping The Town'S Transfer Station",Public Works and Facilities,,Pass,785,304
debt_exclusion,055,Chatham,2024,2023-05-11,"Bonds For Redesign, Renovation, And Construction Of Various Projects Involving Wastewater Collection Facilities And Systems",Public Works and Facilities,,Pass,875,195
debt_exclusion,055,Chatham,2024,2023-05-11,"Bonds For Design, Construction And Equipping A New Coa Facility",General Government,,Pass,624,481
debt_exclusion,231,Pembroke,2024,2023-05-13,Bonds To Construct Public Safety Bldg Washington St/School St,Public Safety,,Pass,1187,937
debt_exclusion,139,Hopkinton,2025,2023-05-15,Bonds For Public School Hvac Renewal,School,,Pass,1088,328
debt_exclusion,139,Hopkinton,2025,2023-05-15,Bonds For Paving Of Pratt Way And Evergreen Cemetery,Public Works and Facilities,,Pass,836,563
debt_exclusion,139,Hopkinton,2025,2023-05-15,Bonds For Sidewalks Emc Park,Public Works and Facilities,,Pass,858,544
debt_exclusion,139,Hopkinton,2025,2023-05-15,Bonds For Sidewalks Chestnut/Wild/Smith,Public Works and Facilities,,Pass,877,532
debt_exclusion,139,Hopkinton,2025,2023-05-15,Bonds For Hopkins School Addition,School,,Pass,1009,407
debt_exclusion,139,Hopkinton,2025,2023-05-15,Bonds For Fire Station 2 Design,Public Safety,,Pass,941,465
debt_exclusion,086,Eastham,2024,2023-05-16,Bonds For Rock Harbor Dredge,General Government,,Pass,716,351
debt_exclusion,086,Eastham,2024,2023-05-16,Bonds For Wastewater Engineering And Design,General Government,,Pass,776,296
debt_exclusion,126,Harwich,2024,2023-05-16,Bond For East Harwich Wastewater Collection System Expansion,Public Works and Facilities,,Pass,1349,509
debt_exclusion,126,Harwich,2024,2023-05-16,Bond For Route 28 Sewer Pipe Installation,Public Works and Facilities,,Pass,1365,502
debt_exclusion,144,Ipswich,2025,2023-05-16,Sch Roofs - Middle & High ,School,,Pass,1651,720
debt_exclusion,144,Ipswich,2025,2023-05-16,Sch Roofs - Doyon & Winthrop ,School,,Pass,1597,770
debt_exclusion,173,Mattapoisett,2024,2023-05-16,Improvements To Pearl And Oakland Streets,Public Works and Facilities,,Pass,989,636
debt_exclusion,224,Orleans,2024,2023-05-16,Bond For Rock Harbor Dredging,Public Works and Facilities,,Pass,1165,285
debt_exclusion,224,Orleans,2024,2023-05-16,Pilgrim Lake Fish Ladder,Culture and Recreation,,Pass,1013,418
debt_exclusion,224,Orleans,2024,2023-05-16,Bond For Veterans Memorial Park Rehabilitation,Culture and Recreation,,Pass,914,516
debt_exclusion,224,Orleans,2024,2023-05-16,Bond For Ladder Truck,Public Safety,,Pass,1044,404
debt_exclusion,224,Orleans,2024,2023-05-16,Bond For Fuel Tanks,Public Works and Facilities,,Pass,1079,347
debt_exclusion,224,Orleans,2024,2023-05-16,Bond For Additional Costs Phase Ii Meetinghouse Pond Sewer,Public Works and Facilities,,Pass,1054,381
debt_exclusion,224,Orleans,2024,2023-05-16,Bond For Additional Costs Phase 1 Downtown Sewer,Public Works and Facilities,,Pass,1149,355
debt_exclusion,224,Orleans,2024,2023-05-16,Bond To Fund Survey And Design Phase Iii Sewer Study,Public Works and Facilities,,Pass,1061,432
debt_exclusion,338,Whitman,2024,2023-05-20,To Fund New Dpw Building,Public Works and Facilities,,Pass,722,366
debt_exclusion,197,Nantucket,2024,2023-05-23,Landfill Closure Costs - Supplemental,Public Works and Facilities,,Pass,1413,632
debt_exclusion,197,Nantucket,2024,2023-05-23,Bonds For Surfside Area Roads - Supplmental,Public Works and Facilities,,Pass,1174,673
debt_exclusion,197,Nantucket,2024,2023-05-23,Wauwinet Road Shared Use Path - Supplemental,Public Works and Facilities,,Pass,1460,615
debt_exclusion,197,Nantucket,2024,2023-05-23,"Nobadeer Playing Fields Additions, Renovations And Site Enhancements",Public Works and Facilities,,Pass,1044,984
capital_exclusion,197,Nantucket,2024,2023-05-23,"Capital Outlay Exclusion - Vehicles For Fire, Public Works, Fuel Tank Replacement And Grounds Equipment For The School",GENERAL GOVERNMENT,970000,Pass,1427,634
debt_exclusion,297,Tolland,2024,2023-05-23,Purchase A Cruiser,Public Safety,,Pass,46,23
debt_exclusion,297,Tolland,2024,2023-05-23,Purchase A Dump Truck,Public Works and Facilities,,Pass,47,22
debt_exclusion,297,Tolland,2024,2023-05-23,Purchase Equipment And The Installation For The 911 Communications Upgrade,Public Safety,,Pass,48,21
debt_exclusion,128,Haverhill,2024,2023-06-06,Bonds For Reconstruction Of Dr. Albert B. Consentino Middle School,School,,Pass,3215,2764
debt_exclusion,078,Dover,2024,2023-06-12,Bonds For Caryl Community Center Project,Culture and Recreation,,Pass,437,198
capital_exclusion,080,Dudley,2024,2023-06-12,Hs Feasibility Study,SCHOOL,463000,Fail,931,1735
debt_exclusion,232,Pepperell,2024,2023-06-12,Public Safety Complex,Public Safety,,Fail,456,1077
debt_exclusion,191,Monson,2024,2023-06-14,Fire Station Renovation,Public Safety,,Pass,823,377
debt_exclusion,202,New Braintree,2027,2023-07-24,Purchase New Fire Truck,Public Safety,,Pass,46,19
debt_exclusion,234,Petersham,2026,2023-08-14,Police Cruisers,Public Safety,,Pass,66,36
debt_exclusion,204,New Salem,2024,2023-08-29,Bonds For New Pumper Truck,Public Safety,,Pass,88,65
debt_exclusion,255,Royalston,2024,2023-09-12,Purchase Hydrulic Heavy-Duty Lift,Public Works and Facilities,,Pass,61,43
debt_exclusion,255,Royalston,2024,2023-09-12,Purchase Vibratory Roller And Trailer,Public Works and Facilities,,Pass,65,39
debt_exclusion,222,Oakham,2024,2023-09-14,Fire Truck,Public Safety,,Pass,363,107
debt_exclusion,286,Stow,2025,2023-09-23,Stow'S Share Nashoba Reg High School ,School,,Pass,907,712
debt_exclusion,034,Bolton,2025,2023-09-25,Debt Exclusion For Bolton'S Allocable Share Of The Bond For A New Nashoba Regional High School,School,,Pass,834,228
debt_exclusion,147,Lancaster,2025,2023-09-25,New Nashoba Regional High School,School,,Pass,484,372
debt_exclusion,318,Wellfleet,2024,2023-09-27,Lawrence Hill Wastewater Treatment Facility  ,General Government,,Pass,711,264
debt_exclusion,001,Abington,2025,2023-10-21,Construct And Equip New Fire Station And Dpw,Public Safety,,Pass,582,378
debt_exclusion,088,Easton,2024,2023-11-04,Public Safety & Dpw Buildings,Public Safety,,Pass,1125,1066
debt_exclusion,338,Whitman,2024,2023-11-04,New Middle School,School,,Pass,1005,837
debt_exclusion,085,East Longmeadow,2024,2023-11-07,Pay For Bonds Issued For New High School,General Government,,Pass,3598,1618
debt_exclusion,085,East Longmeadow,2024,2023-11-07,Pay For Bonds Issued For New Natatorium (Pool),General Government,,Pass,3240,1949
debt_exclusion,101,Franklin,2025,2023-11-07,Construct New Tricounty School,School,,Pass,1329,316
debt_exclusion,174,Maynard,2024,2023-11-07,Bonds For A New Elementary School,School,,Pass,1504,329
debt_exclusion,178,Melrose,2025,2023-11-07,Fire Station Renos And Police Station,Public Safety,,Pass,5335,3313
debt_exclusion,224,Orleans,2024,2023-11-07,Aerial Ladder Truck,Public Safety,,Pass,1190,510
debt_exclusion,346,Winthrop,2024,2023-11-07,Fire Station,Public Safety,,Fail,1439,2584
debt_exclusion,065,Cohasset,2024,2023-11-18,Purchase Of Bldg Located At 1 Pleasant St. Cohasset For Purpose Of New Town Hall,General Government,,Fail,1044,1054
debt_exclusion,065,Cohasset,2024,2023-11-18,Purchase Of Bldg Located At 135 King St. Cohasset For Police And Public Safety,Public Safety,,Pass,1289,809
debt_exclusion,139,Hopkinton,2025,2023-11-28,Bonds For Elmwood School Replacement,School,,Pass,996,635
debt_exclusion,081,Dunstable,2025,2023-11-30,Bonds For Water Infrastructure Improvements (Pfas),Public Works and Facilities,,Pass,326,83
debt_exclusion,074,Deerfield,2024,2023-12-05,Bonds For Road And Sidewalk Reconstruction And Repair,Public Works and Facilities,,Fail,191,195
debt_exclusion,117,Hadley,2024,2023-12-12,New Ladder Truck For Fd,Public Safety,,Fail,302,322
debt_exclusion,226,Oxford,2026,2023-12-12,Roof Replacements For Schools,School,,Pass,446,218
debt_exclusion,117,Hadley,2025,2023-12-20,Renovation Of Boys And Girls Locker Rooms @Ha,School,,Pass,375,248
debt_exclusion,074,Deerfield,2026,2024-01-16,Bonds For Road And Sidewalk Reconstruction And Repair,Public Works and Facilities,,Pass,555,458
debt_exclusion,157,Lincoln,2025,2024-03-25,Build Community Center,General Government,,Pass,944,709
debt_exclusion,265,Seekonk,2024,2024-04-01,Non-Binding Tri-County Debt Exclustion,School,,Fail,1101,1164
debt_exclusion,350,Wrentham,2025,2024-04-01,"Design,Constructing,Furnishing New Dist Hs",School,,Pass,708,394
debt_exclusion,125,Harvard,2025,2024-04-09,Dpw Building Project,Public Works and Facilities,,Pass,785,503
debt_exclusion,334,Westport,2025,2024-04-09," Bonds For Design, Construct Water And Sewer System",Public Works and Facilities,,Fail,1335,2209
debt_exclusion,089,Edgartown,2025,2024-04-11,Replace And Construct 2 Sewer Force Mains,General Government,,Pass,490,66
capital_exclusion,089,Edgartown,2025,2024-04-11,Purchase Parcel Of Land,GENERAL GOVERNMENT,1550000,Pass,425,130
debt_exclusion,221,Oak Bluffs,2025,2024-04-11,Bonds For Replacement Of Oak Bluffs Elementary School Boiler,School,,Pass,679,150
debt_exclusion,221,Oak Bluffs,2025,2024-04-11,Bonds For Replacement Of One Fire/Ems Ambulance And One Fire Dept Attack Pumper,Public Works and Facilities,,Pass,578,247
debt_exclusion,221,Oak Bluffs,2025,2024-04-11,Bonds Issued To Fund Costs Of Wastewater Design And Installation Of Plant Improvements,Public Works and Facilities,,Pass,657,170
debt_exclusion,221,Oak Bluffs,2025,2024-04-11,Bonds For Rehabilitation Of The Harbor Jetties,Public Works and Facilities,,Pass,648,183
debt_exclusion,327,West Tisbury,2025,2024-04-11,Hvac Library,General Government,,Pass,310,64
debt_exclusion,029,Bernardston,2025,2024-04-29,Purchase New Fire Truck,Public Safety,,Pass,160,73
debt_exclusion,013,Ashfield,2025,2024-05-04,Bonds To Purchase A New Dump Truck,Public Works and Facilities,,Pass,136,43
debt_exclusion,054,Charlton,2025,2024-05-04,Bonds For Fire Station,Public Safety,,Pass,1065,641
debt_exclusion,237,Plainfield,2025,2024-05-04,Fire Truck 2024 E,Public Safety,,Pass,136,20
debt_exclusion,237,Plainfield,2025,2024-05-04,Highway Dept. Plow/Dump Truck,Public Works and Facilities,,Pass,123,31
debt_exclusion,091,Erving,2025,2024-05-06,"Demolish The Structures And Conduct Necessary Site Clean Up, To Make A Safe And Clean Site At The Former Ip Mill",General Government,,Fail,91,146
debt_exclusion,099,Foxborough,2025,2024-05-06,Renovation Of Dpw Facilities,Public Works and Facilities,,Pass,1313,1186
debt_exclusion,099,Foxborough,2025,2024-05-06,New Community Center,Health and Human Service,,Pass,1484,1054
debt_exclusion,099,Foxborough,2025,2024-05-06,Remodel Public Safety Building,Public Safety,,Pass,1566,973
debt_exclusion,303,Upton,2025,2024-05-07,Share Or Bvt Reg. School Roof Reconstruction And Hvac Replacement,School,,Pass,517,312
debt_exclusion,298,Topsfield,2025,2024-05-09,"Bonds For Masconomet Opm & Design For Hvac, Roof, Building Management System",School,,Pass,582,426
debt_exclusion,027,Berkley,2025,2024-05-11,"The Amounts Required To Pay For Berkley'S Share Of The Bond Issued In Order To Fund The Construction Of A New Bristol-Plymouth Regional Technical High School, Including The Payment Of Costs Incidental And Related Thereto",School,,Pass,704,572
debt_exclusion,172,Mashpee,2025,2024-05-11,Dpw/Pd Project,Public Works and Facilities,,Pass,1601,820
debt_exclusion,172,Mashpee,2025,2024-05-11,Wastewater Plant & Treatment System,General Government,,Pass,1979,476
debt_exclusion,134,Holden,2025,2024-05-13,Athletic Fields And Playground,Culture and Recreation,,Pass,1706,1389
capital_exclusion,134,Holden,2025,2024-05-13,"School, Athletic Fields, Ambulance",GENERAL GOVERNMENT,670000,Pass,2049,1105
debt_exclusion,150,Lee,2025,2024-05-13,Public Safety Building,Public Safety,,Pass,268,148
debt_exclusion,257,Rutland,2025,2024-05-13,Deby Exclusion For New Ladder Truck,Public Safety,,Pass,615,442
debt_exclusion,075,Dennis,2025,2024-05-14,New Fire Apparatus,Public Safety,,Pass,1274,502
debt_exclusion,090,Egremont,2025,2024-05-14,Fire Truck,Public Safety,,Pass,156,27
debt_exclusion,113,Great Barrington,2025,2024-05-14,"Bonds For Town Buildings And Grounds Improvements Capital Projects Including The Courthouse, Gb Fire Station, Mason And Ramsdell Libraries, Police Station, Town Hall And Emergency Improvements To Buildings Town-Wide",General Government,,Pass,432,247
debt_exclusion,179,Mendon,2025,2024-05-14,Bonds For Mendon Senior & Community Center,General Operating,,Fail,577,629
debt_exclusion,242,Provincetown,2025,2024-05-14,Bond To Fund The Construction And Site Development Of The Motta Field Master Plan Redevelopment,Culture and Recreation,,Pass,5790,336
debt_exclusion,269,Sherborn,2025,2024-05-14,Bond For Dpw Roadway Management,Public Works and Facilities,,Pass,552,205
debt_exclusion,269,Sherborn,2025,2024-05-14,Bond For Dump Truck/Snow Fighter,Public Works and Facilities,,Pass,527,224
debt_exclusion,269,Sherborn,2025,2024-05-14,Bond For Storm Water Ms4 Compliance,Public Works and Facilities,,Pass,544,207
debt_exclusion,269,Sherborn,2025,2024-05-14,Bond For Renovation Of Jameson Field 4,Public Works and Facilities,,Pass,444,305
debt_exclusion,269,Sherborn,2025,2024-05-14,Bond For Public Water Supply Treatment For Pfas,General Government,,Pass,555,196
debt_exclusion,269,Sherborn,2025,2024-05-14,Bond For Pine Hill School Hvac,School,,Pass,577,189
debt_exclusion,269,Sherborn,2025,2024-05-14,Bond For Sherborn Historical Items Display/Preservation,General Government,,Pass,456,301
debt_exclusion,055,Chatham,2025,2024-05-16,"Pay Bonds For Waterfront Infrastructure Design, Construction, Land Acquisition And Other Associated Costs",General Government,,Pass,604,407
debt_exclusion,055,Chatham,2025,2024-05-16,"Bonds For Redesign, Renovation, Construction And Equipping The Town'S Transfer Station",Public Works and Facilities,,Pass,608,401
debt_exclusion,169,Marion,2025,2024-05-17,"Finance, Construction And Equipping Of A New Building",Public Works and Facilities,,Pass,492,289
debt_exclusion,264,Scituate,2025,2024-05-18,New Consolidated Cushing Hatherly School,School,,Pass,2184,1216
debt_exclusion,139,Hopkinton,2025,2024-05-20,Bonds To Replace East Main Street Water Main,Public Works and Facilities,,Pass,1729,915
debt_exclusion,139,Hopkinton,2025,2024-05-20,Bonds To Replace Ozone Treatment System At Ashland Water Treatment Plant,Public Works and Facilities,,Pass,1699,936
debt_exclusion,139,Hopkinton,2025,2024-05-20,Bonds For Granite St Culvert Replacement,Public Works and Facilities,,Pass,1332,1290
debt_exclusion,139,Hopkinton,2025,2024-05-20,"Bonds For Sidewalk And Drainage Improvements To Dicarlo Rd, Peppercorn Rd, And Barbara Rd",Public Works and Facilities,,Fail,1039,1557
debt_exclusion,139,Hopkinton,2025,2024-05-20,Bonds For Ash St And Fenton St Drainage Improvements,Public Works and Facilities,,Pass,1362,1274
debt_exclusion,139,Hopkinton,2025,2024-05-20,Bonds For Addition To Hopkins School,School,,Pass,1384,1274
debt_exclusion,139,Hopkinton,2025,2024-05-20,Bonds To Replace School Hvac Systems,School,,Pass,1654,1009
debt_exclusion,139,Hopkinton,2025,2024-05-20,Bonds To Digitize All Town Records,General Government,,Pass,1577,1074
debt_exclusion,312,Warwick,2025,2024-05-20,Purchase A New Fire Truck,Public Safety,,Pass,79,73
debt_exclusion,038,Boxford,2025,2024-05-21,Masconomet Design And Opm For Repairs And Renovations,School,,Pass,869,485
debt_exclusion,051,Carlisle,2025,2024-05-21,Bond For Fire Engine,Public Safety,,Pass,570,155
debt_exclusion,051,Carlisle,2025,2024-05-21,"Bonds For Police Station Design, Engineering, Renovation And Other Costs",Public Safety,,Pass,515,205
debt_exclusion,096,Falmouth,2025,2024-05-21,Bonds For New Roof At North Falmouth Elementary Schol,School,,Pass,4084,1272
debt_exclusion,110,Grafton,2025,2024-05-21,Fund Blackstone Valley Tech Roof,General Government,,Pass,1442,904
debt_exclusion,110,Grafton,2025,2024-05-21,Fund Bonds For A New Fire Truck,Public Safety,,Pass,1526,830
debt_exclusion,117,Hadley,2025,2024-05-21,New Ladder Truck For Fd,Public Safety,,Pass,773,416
debt_exclusion,126,Harwich,2025,2024-05-21,Bonds For Monomoy Regional Middle School Siding Renovation,School,,Pass,545,237
debt_exclusion,166,Manchester By The Sea,2025,2024-05-21,Bonds For Improvements To Water & Wastewater Systems,Public Works and Facilities,,Pass,546,150
capital_exclusion,166,Manchester By The Sea,2025,2024-05-21,Towns Share Of The Reginal Schools District Feasibility Study For The Essex Elementary School,SCHOOL,660000,Pass,484,223
debt_exclusion,184,Middleton,2025,2024-05-21,Regional School Debt Service,School,,Fail,464,718
debt_exclusion,197,Nantucket,2025,2024-05-21,"Employee Housing Feasibility, Design And Construciton",General Government,,Fail,1052,1159
debt_exclusion,197,Nantucket,2025,2024-05-21,Tom Nevers Park Debris Removal,Public Works and Facilities,,Pass,1346,855
debt_exclusion,197,Nantucket,2025,2024-05-21,Newtown Rd Supplemental Funding,Public Works and Facilities,,Pass,1108,1061
debt_exclusion,197,Nantucket,2025,2024-05-21,Supplemental Funding Dpw Design,Public Works and Facilities,,Fail,1066,1129
debt_exclusion,197,Nantucket,2025,2024-05-21,Reconstruction Of The Jetties Beach Tennis Courts,Public Works and Facilities,,Pass,1290,914
debt_exclusion,197,Nantucket,2025,2024-05-21,Public Safety Auxiliary Building,Public Safety,,Fail,967,1214
debt_exclusion,197,Nantucket,2025,2024-05-21,Expansion Of Landfill Cell 3b,Public Works and Facilities,,Pass,1428,761
debt_exclusion,197,Nantucket,2025,2024-05-21,31 Western Avenue Acquistion,General Government,,Fail,736,1435
capital_exclusion,197,Nantucket,2025,2024-05-21,"Capital Exclusion - Fire Trucks, Dpw Vehicles, General Government Vehicles",GENERAL GOVERNMENT,4338916,Pass,1321,851
debt_exclusion,216,Northbridge,2025,2024-05-21,Bonds For Bvt Hvac,School,,Pass,511,349
debt_exclusion,224,Orleans,2025,2024-05-21,Final Design Lakes And Ponds Collection And Pumping Station,Public Works and Facilities,,Pass,1144,317
debt_exclusion,224,Orleans,2025,2024-05-21,Fund Rock Harbor Commercial Wharf Improvements,Public Works and Facilities,,Pass,1209,272
debt_exclusion,304,Uxbridge,2025,2024-05-21,Bvt Regional Sch Roof And Hvac Replacement,School,,Pass,821,682
debt_exclusion,064,Clinton,2025,2024-06-10,"Design, Construct And Equip New Middle School",School,,Pass,1040,477
debt_exclusion,080,Dudley,2025,2024-06-10,"Pay To Repair Dudley Middle School Roof, Upgrading Fire Alarms And Cameras/Video Infrastructure",School,,Pass,686,637
debt_exclusion,005,Agawam,2025,2024-06-11,High School Project,Funds,,Pass,3610,1455
debt_exclusion,285,Stoughton,2025,2024-06-11,K-5 Elementary School,School,,Fail,2320,2884
debt_exclusion,024,Belchertown,2025,2024-06-17,Construct New Jabish Brook Middle School And Adjacent Athletic Fields,School,,Fail,1548,2539
debt_exclusion,318,Wellfleet,2025,2024-06-18,Bonds To Purchase 1035 Cemetery Rd ,General Government,,Pass,335,324
debt_exclusion,276,Southampton,2025,2024-06-25,For Public Safety Land (College Highway),Public Safety,,Pass,628,404
debt_exclusion,300,Truro,2025,2024-06-27,Truro Central School Hvac Upgrades,School,,Pass,416,66
debt_exclusion,300,Truro,2025,2024-06-27,Engineering & Construction Of Dpw Facility,Public Works and Facilities,,Pass,384,97
debt_exclusion,300,Truro,2025,2024-06-27,Mill Pond Road Culvert Replacement & Salt Marsh Restoration,Public Works and Facilities,,Pass,408,73
debt_exclusion,218,Norton,2024,2024-07-23,"Addt'L $6,500,000.00 In Re & Personal Property Taxes To Fund Fy 2025 P[Eratomg Budget",General Operating,,Fail,1466,3911
debt_exclusion,218,Norton,2024,2024-07-23,"Addt'L $4,000,000.00 In Re & Personal Property Taxes To Fund Fy 2025 P[Eratomg Budget",General Operating,,Fail,1779,3610
debt_exclusion,218,Norton,2024,2024-07-23,"Revoke Acceptance G.L. C.31, Civil Service Law For All Positions In The Fire Department",General Government,,Fail,1884,3198
debt_exclusion,218,Norton,2025,2024-07-23,"Addt'L $4,000,000 In Re & Personal Property Taxes To Fund Fy 2025 Operating Budget",General Operating,,Fail,1779,3610
debt_exclusion,255,Royalston,2025,2024-08-06,One Ton Truck For Dpw,Public Works and Facilities,,Pass,131,92
debt_exclusion,255,Royalston,2025,2024-08-06,Police Car,Public Safety,,Pass,120,101
debt_exclusion,255,Royalston,2025,2024-08-06,Remodeling Raymond School For Office Space,Public Works and Facilities,,Pass,129,94
debt_exclusion,058,Cheshire,2025,2024-08-12,Fire Truck,Public Safety,,Pass,296,200
debt_exclusion,058,Cheshire,2025,2024-08-12,Police Cruiser,Public Safety,,Fail,228,267
debt_exclusion,186,Millbury,2025,2024-09-03,Blackstone Valley Reg. Tech School,School,,Pass,1106,755
debt_exclusion,075,Dennis,2025,2024-10-08,Wastewater Implementation Plan - Phase 1,Public Works and Facilities,,Pass,1150,212
debt_exclusion,027,Berkley,2025,2024-11-05,"The Amounts Required To Pay For The Bonds Issued In Order To Pay Costs Of Designing, Constructing, Equipping And Furnishing A New Berkley Community School Located 59 South Main St",School,,Pass,2055,1869
debt_exclusion,056,Chelmsford,2025,2024-11-05,Design And Reconstruction Of West And South Fire Stations,Public Safety,,Pass,11817,8257
debt_exclusion,076,Dighton,2025,2024-11-05,Debt Exclusion - Bristol Agricultural High School,School,,Fail,2053,2307
debt_exclusion,076,Dighton,2025,2024-11-05,Debt Exclusion - Bristol Plymouth Regional Vocational School ,School,,Fail,2145,2215
debt_exclusion,144,Ipswich,2025,2024-11-05,Noresco Energy Improvements,General Government,,Fail,3736,4736
debt_exclusion,176,Medford,2025,2024-11-05,Debt Exclusion For New Fire Station,Public Safety,,Fail,13791,14188
debt_exclusion,179,Mendon,2025,2024-11-05,Bonds For Mendon Senior & Community Center,General Operating,,Fail,1879,1947
debt_exclusion,213,North Reading,2025,2024-11-05,Purchase A Ladder Truck For The Fire Department,Public Safety,,Pass,4991,4171
debt_exclusion,213,North Reading,2025,2024-11-05,Reconstruct Chestnut Street Bridge Over The Ipswich River ,Public Works and Facilities,,Pass,4585,4537
debt_exclusion,215,Northborough,2025,2024-11-05,New Fire Station Construction,Public Safety,,Pass,5653,3159
debt_exclusion,216,Northbridge,2026,2024-11-05,Construction Of Recreational Park At Cross St,General Government,,Fail,4242,4264
debt_exclusion,216,Northbridge,2026,2024-11-05,Demolition Of Cross St School,General Government,,Pass,4358,4138
debt_exclusion,041,Brewster,2025,2024-12-03,Sea Camps Comprehensive Plan Phase 1,Culture and Recreation,,Fail,1255,1579
debt_exclusion,050,Canton,2026,2024-12-10,Bonds To Construct New Galvin Middle School,School,,Pass,2924,1019
debt_exclusion,296,Tisbury,2026,2025-01-07,Bonds Issued To Renovate And Repair Vineyard Haven Public Library,General Government,,Pass,305,130
debt_exclusion,323,West Brookfield,2026,2025-01-14,Fire Truck,Public Safety,,Pass,184,89
debt_exclusion,124,Hardwick,2026,2025-01-18,Purchase Of A New Fire Pumper Truck,Public Safety,,Pass,123,67
debt_exclusion,251,Rockland,2026,2025-01-25,South Shore Regional Voc Tec,School,,Pass,863,651
debt_exclusion,146,Lakeville,2026,2025-01-28,Bonds To Pay For New Fire Station,Public Safety,,Pass,813,346
debt_exclusion,208,Norfolk,2026,2025-02-01,Freeman Kennedy School Expansion,School,,Fail,662,1205
debt_exclusion,073,Dedham,2026,2025-02-08,Construct A New Oakdale Elementary School,School,,Fail,2586,2936
debt_exclusion,138,Hopedale,2026,2025-02-11,Hopedale J/S Hs Roof ,School,,Pass,234,133
debt_exclusion,234,Petersham,2026,2025-03-03,"Demo, Deconstruction & Removal Of Nichewaug Inn & Maria Assumpta Academy",General Government,,Pass,104,13
debt_exclusion,234,Petersham,2026,2025-03-03,Utility Pole Survey & Make Ready Work For Broadband,General Government,,Pass,106,12
debt_exclusion,346,Winthrop,2026,2025-04-05,Middle School Demo/Fire Station Rebuild,Public Safety,,Pass,2955,1007
debt_exclusion,021,Barre,2026,2025-04-07,To Pay For The Bond Issued To Purchase And Equip Fire Truck,Public Safety,,Pass,387,280
debt_exclusion,265,Seekonk,2026,2025-04-07,Binding Tri County Debt Exclusion,School,,Pass,789,723
debt_exclusion,285,Stoughton,2026,2025-04-08,K-5 Elementary School,School,,Pass,2824,2208
debt_exclusion,327,West Tisbury,2026,2025-04-08,Uirsd Bond For Repairs,School,,Pass,285,117
debt_exclusion,327,West Tisbury,2026,2025-04-08,Uirsc Bond For Study,School,,Pass,189,157
debt_exclusion,119,Hamilton,2026,2025-04-10,New Consolidated Elementary School,School,,Pass,1013,1000
debt_exclusion,221,Oak Bluffs,2026,2025-04-10,Bonds For Flood Resiliency Improvements For Dukes County Pump Station,Public Works and Facilities,,Pass,622,187
debt_exclusion,320,Wenham,2026,2025-04-10,Paying Costs Of The New Cutler Elementary School,School,,Pass,584,404
debt_exclusion,251,Rockland,2026,2025-04-12,Rockland Fire Station,Public Safety,,Fail,872,1013
capital_exclusion,251,Rockland,2026,2025-04-12,Fire Department Ladder Truck,PUBLIC SAFETY,2000000,Fail,906,985
debt_exclusion,003,Acushnet,2025,2025-04-22,Energy Efficiency Upgrades/Hvac Install,School,,Fail,244,787
debt_exclusion,062,Chilmark,2026,2025-04-30,Approve Borrowing Authorized By Regional School District Committee Of The Uirsdc To Pay Costs Of Various Capital Repairs To District Facilities,School,,Pass,146,56
debt_exclusion,013,Ashfield,2026,2025-05-03,Bonds To Fund Bronson Ave Retaining Wall Repair,Public Works and Facilities,,Pass,171,25
debt_exclusion,180,Merrimac,2026,2025-05-05,Bond To Fund Town-Wide Road Repairs And Construction,Public Works and Facilities,,Fail,452,568
debt_exclusion,318,Wellfleet,2026,2025-05-05,Enhanced Septic Subsidies,General Government,,Pass,294,105
capital_exclusion,318,Wellfleet,2026,2025-05-05,Marina Repairs ,PUBLIC WORKS & FACILITIES,600000,Pass,355,65
debt_exclusion,271,Shrewsbury,2026,2025-05-06,"Design, Construct, Repair, Renovate, Expand, Replace Buildind At 205-211 South St And Design, Repair, Renovate Municipal Bldg 100 Maple Ave.",Public Works and Facilities,,Fail,1995,2532
debt_exclusion,303,Upton,2026,2025-05-06,Share Of Mursd Recreation Facilities At Nipmuc & Miscoe,School,,Pass,537,191
debt_exclusion,303,Upton,2026,2025-05-06,Share Of Mursd Equipment & Projects For All 4 Schools,School,,Pass,571,156
debt_exclusion,303,Upton,2026,2025-05-06,Share Of Mursd Roof Replacement At Nipmuc Hs,School,,Pass,608,120
debt_exclusion,172,Mashpee,2026,2025-05-10,Gunters Lane Facility Design & Engineering,Public Works and Facilities,,Pass,1464,460
debt_exclusion,172,Mashpee,2026,2025-05-10,Aluminum Sulfate Treatment For Mashpee/Wakeby,Public Works and Facilities,,Pass,1468,466
debt_exclusion,172,Mashpee,2026,2025-05-10,Wastewater Phase 3 Recharge Evalutation,Public Works and Facilities,,Pass,1554,404
debt_exclusion,172,Mashpee,2026,2025-05-10,Police Station,Public Safety,,Pass,1388,586
debt_exclusion,039,Boylston,2026,2025-05-12,Fire Station,Public Safety,,Pass,557,284
debt_exclusion,039,Boylston,2026,2025-05-12,Renovation Of Gough House For Senior Center,Culture and Recreation,,Fail,368,471
debt_exclusion,075,Dennis,2026,2025-05-13,Sesuit Harbor West Design & Construction Project,Culture and Recreation,,Pass,1288,1250
debt_exclusion,075,Dennis,2026,2025-05-13,Golf Courses Irrigation System Replacements,Culture and Recreation,,Pass,1607,868
debt_exclusion,075,Dennis,2026,2025-05-13,Pumper Truck And Brush Truck For The Fire Dept.,Public Safety,,Pass,1960,604
debt_exclusion,090,Egremont,2026,2025-05-13,Mt. Washington Road Repairs,Public Works and Facilities,,Pass,191,62
debt_exclusion,113,Great Barrington,2026,2025-05-13,"Bonds For Purchasing Two Police Cruisers, 25 Handheld Radios 9 On-Board Apparatus Radios, Mower, Dump Truck Freightliner, Excavator, Pickup Truck, Van And To Fund Capital Projects At The Courthouse, Libraries, Streets, Bridges, Etc.",General Government,,Pass,156,70
debt_exclusion,113,Great Barrington,2026,2025-05-13,Bonds For Costs Related To The Building Of A Temporary Bridge On Brookside Road Over The Housatonic River And For Temporary Emergency Services Facilities Related.  ,General Government,,Pass,182,54
capital_exclusion,113,Great Barrington,2026,2025-05-13,"Purchase Drone And Electric Bicycle, Two Transit Vehicles, File Server, Mower, Construction Mats And Funding For Capital Improvements And Equipment For Town Parks",GENERAL GOVERNMENT,90000,Pass,142,85
debt_exclusion,179,Mendon,2026,2025-05-13,Bonds For Nipmuc School Roof,School,,Pass,566,101
debt_exclusion,179,Mendon,2026,2025-05-13,Bonds For Athletic Facilites,School,,Pass,455,211
debt_exclusion,179,Mendon,2026,2025-05-13,Bonds For Facilities Repairs All Schools,School,,Pass,495,170
debt_exclusion,206,Newburyport,2026,2025-05-13,"Pay Costs Of Constructing And Equipping A New Recreation And Youth Services Center, Including The Payment Of All Costs Incidental Or Related Thereto",Culture and Recreation,,Pass,2543,1630
debt_exclusion,246,Reading,2026,2025-05-13,New Community Center,Culture and Recreation,,Pass,2578,2307
debt_exclusion,246,Reading,2026,2025-05-13,Replace Kiliam School Building,School,,Pass,3864,1027
debt_exclusion,269,Sherborn,2026,2025-05-13,Bond For Construction Of  Hist. Items Display & Preservation,General Government,,Pass,587,428
debt_exclusion,269,Sherborn,2026,2025-05-13,Bond For Roadway Management,Public Works and Facilities,,Pass,759,225
debt_exclusion,269,Sherborn,2026,2025-05-13,Bond For Fire Dept. Ambulance,Public Safety,,Pass,801,200
debt_exclusion,269,Sherborn,2026,2025-05-13,Bond For Turf Field/Track/Fencing For Reg. Hs & Ms,School,,Pass,634,375
debt_exclusion,269,Sherborn,2026,2025-05-13,Bond For Refurbish Of Dump Truck/Snow Fighter,Public Works and Facilities,,Pass,742,248
debt_exclusion,300,Truro,2026,2025-05-13,Engineering Controls To Mitigate Pfas,Public Works and Facilities,,Pass,510,152
debt_exclusion,300,Truro,2026,2025-05-13,Storm Water Infrastructure Pond Rd,Public Works and Facilities,,Pass,516,145
debt_exclusion,300,Truro,2026,2025-05-13,Tcs Hvac And Roof Repairs,School,,Pass,540,127
debt_exclusion,300,Truro,2026,2025-05-13,Solar Electric Facilities,Public Works and Facilities,,Pass,508,155
debt_exclusion,055,Chatham,2026,2025-05-15,Bonds For Various Projects Involving Wastewater Collection Facilities And Systems,General Government,,Pass,1057,350
debt_exclusion,269,Sherborn,2026,2025-05-15,Bond For Jameson Field Tennis Courts & Fencing,Culture and Recreation,,Pass,699,310
debt_exclusion,169,Marion,2026,2025-05-16,Bonds For Road And Sidewalk Repairs,Public Safety,,Pass,653,263
debt_exclusion,169,Marion,2026,2025-05-16,Bonds For Renovation Of Town House,General Operating,,Pass,573,335
debt_exclusion,219,Norwell,2026,2025-05-17,Regional Technical Hs New Building,School,,Pass,2087,1329
debt_exclusion,240,Plympton,2026,2025-05-17,Building Of New Fire Station,Public Safety,,Fail,272,416
debt_exclusion,111,Granby,2026,2025-05-19,Renovation Of West Street School For Town Offices,General Government,,Fail,399,460
debt_exclusion,224,Orleans,2026,2025-05-19,Fund Engineering Services Phase Ii Meetinghouse Pond Area,Public Works and Facilities,,Pass,1107,443
debt_exclusion,006,Alford,2026,2025-05-20,Improvements To Town Facilities,General Government,,Pass,42,5
debt_exclusion,036,Bourne,2026,2025-05-20,"Pay For Costs Of Planning, Building New Fire Station",Public Safety,,Pass,784,274
debt_exclusion,038,Boxford,2026,2025-05-20,Bonds To Pay For New Department Of Public Works Building,Public Works and Facilities,,Pass,964,406
debt_exclusion,086,Eastham,2026,2025-05-20,Costs Of Acquisition Of State Hwy Properties,Public Works and Facilities,,Pass,404,149
debt_exclusion,096,Falmouth,2026,2025-05-20,"Bonds For Engineering, Design And Construction Of Phase 1 Sewer Project",Public Works and Facilities,,Pass,4055,1519
debt_exclusion,126,Harwich,2026,2025-05-20,Bonds For Monomoy Regional Middle School Siding And Windows,School,,Pass,1575,440
debt_exclusion,126,Harwich,2026,2025-05-20,Bonds For Fire Dept Pumper/Fire Engine And 2 Ambulances,Public Safety,,Pass,1452,544
debt_exclusion,126,Harwich,2026,2025-05-20,Bonds For Great Sand Lakes Area Sewer Construction,Public Works and Facilities,,Pass,1320,663
debt_exclusion,127,Hatfield,2026,2025-05-20,"Bonds To Replace Boilers & Roof At Hes, Mill & Pave Schools",School,,Pass,410,371
debt_exclusion,144,Ipswich,2026,2025-05-20,Purchase & Equip Ladder Truck For Fire Dept,Public Safety,,Pass,1283,283
capital_exclusion,166,Manchester By The Sea,2026,2025-05-20,Design And Engineering For A New Dpw Facility,PUBLIC WORKS & FACILITIES,660000,Pass,437,210
debt_exclusion,173,Mattapoisett,2026,2025-05-20,Renovation Of Highway Building,Public Works and Facilities,,Pass,684,473
debt_exclusion,173,Mattapoisett,2026,2025-05-20,Reconstruction Of Oakland Street,Public Works and Facilities,,Pass,683,470
debt_exclusion,197,Nantucket,2026,2025-05-20,Dpw Building - Supplemental,Public Works and Facilities,,Fail,944,1195
debt_exclusion,197,Nantucket,2026,2025-05-20,Our Island Homw,General Government,,Pass,1185,1006
debt_exclusion,197,Nantucket,2026,2025-05-20,Town Employee Housing,General Government,,Fail,1019,1077
debt_exclusion,197,Nantucket,2026,2025-05-20,Tom Nevers Bike Path Supplemental,General Government,,Pass,1580,575
capital_exclusion,197,Nantucket,2026,2025-05-20,"Capital Exclusion - Fire Trucks, Dpw Vehicles, General Government Vehicles",GENERAL GOVERNMENT,1556000,Pass,1261,869
debt_exclusion,216,Northbridge,2026,2025-05-20,Borrow To Build Senior Center,Culture and Recreation,,Pass,1364,1353
debt_exclusion,224,Orleans,2026,2025-05-20,Construction Lakes And Ponds Area Collection And Pumping Station Project,Public Works and Facilities,,Pass,1209,365
debt_exclusion,224,Orleans,2026,2025-05-20,Design Of New Fire Station,Public Safety,,Pass,1043,538
debt_exclusion,224,Orleans,2026,2025-05-20,Construction Of Town Cove Bulkhead Replacement,Public Works and Facilities,,Pass,1131,434
debt_exclusion,224,Orleans,2026,2025-05-20,Design And Construction Of Municipal Solar ,Public Works and Facilities,,Pass,1121,453
debt_exclusion,276,Southampton,2026,2025-05-20,Publice Safety Building,Public Safety,,Fail,516,1382
debt_exclusion,264,Scituate,2026,2025-05-31,Scituate Share Of Cost For Bonds For South Shore Vocational School,School,,Pass,1967,925
debt_exclusion,051,Carlisle,2026,2025-06-03,"Bonds For Police Station Design, Engineering, Renovation And Other Costs",Public Safety,,Pass,636,306
debt_exclusion,211,North Attleborough,2026,2025-06-03,Bonds For New Na High School,School,,Pass,4000,2462
debt_exclusion,335,Westwood,2026,2025-06-03,"Bonds For Construction, Equipping And Furnishing A New Fire Station ",Public Safety,,Fail,1056,1236
debt_exclusion,319,Wendell,2026,2025-06-04,Debt Exclusion For Windows And Doors,School,,Pass,117,0
debt_exclusion,319,Wendell,2026,2025-06-04,Borrowing For Tanker Truck,Public Safety,,Pass,117,0
debt_exclusion,168,Marblehead,2026,2025-06-10,Mary Alley Building Improvement & Hvac,General Government,,Pass,4088,1857
debt_exclusion,168,Marblehead,2026,2025-06-10,High School Roof & Hvac,School,,Pass,4436,1579
debt_exclusion,140,Hubbardston,2026,2025-06-17,Purchase And Equip New Fire Truck,Public Safety,,Pass,229,114
debt_exclusion,140,Hubbardston,2026,2025-06-17,Purchase And Equip New Brush Mower,Public Works and Facilities,,Pass,208,151
debt_exclusion,140,Hubbardston,2026,2025-06-17,Purchase And Equip Used Plow Truck,Public Works and Facilities,,Pass,230,130
debt_exclusion,120,Hampden,2026,2025-06-23,Fire Station Repair/Renovate/Expansion,Public Safety,,Pass,339,252
debt_exclusion,086,Eastham,2026,2025-06-24,Wastewater Treatment Plant,Public Works and Facilities,,Pass,798,141
debt_exclusion,063,Clarksburg,2026,2025-06-25,Roof At Elementary School,School,,Pass,200,50
debt_exclusion,265,Seekonk,2027,2025-07-21,Binding Seekonk Public Library Renovations,General Government,,Pass,855,627
debt_exclusion,058,Cheshire,2026,2025-08-04,Police Cruiser,Public Safety,,Pass,88,77
debt_exclusion,319,Wendell,2026,2025-08-04,Bond For Windows And Doors At Elementary School,School,,Pass,113,99
debt_exclusion,319,Wendell,2026,2025-08-04,Bond For Tanker Truck,Public Safety,,Pass,125,87
debt_exclusion,067,Concord,2026,2025-08-19,Amenities Building,School,,Fail,1180,1565
debt_exclusion,067,Concord,2026,2025-08-19,Five Year Road Maintenance Program,Public Works and Facilities,,Pass,1766,978
debt_exclusion,335,Westwood,2026,2025-09-09,"Bonds For Construction, Equipping And Furnishing A New Fire Station ",Public Safety,,Fail,1861,2349
capital_exclusion,251,Rockland,2026,2025-09-13,Fire Department Ladder Truck,PUBLIC SAFETY,2000000,Pass,1243,875
debt_exclusion,119,Hamilton,2026,2025-09-15,New Consolidated Elementary School (Regional),School,,Fail,1691,1875
debt_exclusion,320,Wenham,2026,2025-09-15,Paying Costs Of The New Cutler Elementary School,School,,Fail,1691,1875
debt_exclusion,342,Wilmington,2026,2025-09-16,"Designing Permitting, Constructing Elementary School",School,,Pass,2559,1571
debt_exclusion,159,Longmeadow,2026,2025-09-30,Bonds For A Consolidated Glenbrook & Williams Middle School,School,,Pass,2129,1360
debt_exclusion,251,Rockland,2026,2025-10-15,Rockland Fire Station,Public Safety,,Pass,1157,962
debt_exclusion,172,Mashpee,2026,2025-10-25,Gunters Lane Recharge And Treatment Facility,Public Works and Facilities,,Pass,1009,315
debt_exclusion,158,Littleton,2026,2025-11-01,"Design, Construct, Furnish, Equip New Shaker Lane School",School,,Pass,1588,359
debt_exclusion,004,Adams,2027,2025-11-04,Nbvrsd Mccann Hs Repairs,School,,Pass,553,169
debt_exclusion,019,Ayer,2026,2025-11-04,Bonds For Senior Center Building,Culture and Recreation,,Pass,677,354
debt_exclusion,022,Becket,2026,2025-11-04,Bond For Paved Roads Repair,Public Works and Facilities,,Pass,156,100
debt_exclusion,113,Great Barrington,2027,2025-11-04,Monument High School Project ,School,,Pass,1568,607
debt_exclusion,144,Ipswich,2026,2025-11-05,Elementary School Feasibility Study,School,,Pass,692,250
debt_exclusion,051,Carlisle,2026,2025-11-13,Bonds For Fire Station Renovation Design,Public Safety,,Pass,246,54
debt_exclusion,083,East Bridgewater,2026,2025-11-15,Constructing A New Central School And All Payments Related Thereto,School,,Pass,719,628
debt_exclusion,145,Kingston,2026,2025-11-15,Kes  - Partial Roof Replacement,School,,Pass,294,224
debt_exclusion,146,Lakeville,2027,2025-11-18,Bonds To Pay For Old Colony Voc H.S.,School,,Pass,488,411
debt_exclusion,186,Millbury,2026,2025-11-18,Millbury Memorial High School Roofs Project,School,,Pass,164,86
debt_exclusion,155,Lexington,2027,2025-12-08,Bonds To Pay For New Lexington High School,School,,Pass,5301,3285
debt_exclusion,187,Millis,2027,2025-12-08,Middle/High School Renovation,School,,Pass,1599,547
debt_exclusion,288,Sudbury,2027,2025-12-16,Bond To Pay For Replacement Of Haynes School Roof,School,,Pass,632,264
debt_exclusion,288,Sudbury,2027,2025-12-16,Bond To Pay For Replacement Of  Nixon School Roof,School,,Pass,635,261
debt_exclusion,294,Templeton,2027,2026-01-06,Bond For Narragansett Roofs,School,,Pass,202,68
debt_exclusion,171,Marshfield,2027,2026-01-10,Martinson School Roof Replacement,School,,Pass,1037,381
debt_exclusion,037,Boxborough,2027,2026-03-17,Purchase Of Property At 984 Massachusetts Ave For New Firehouse,Public Safety,,Pass,470,52
debt_exclusion,037,Boxborough,2027,2026-03-17,New Firehouse Design And Bid Funding,Public Safety,,Pass,462,60
debt_exclusion,082,Duxbury,2027,2026-03-28,"Feasibility Study For The Alden School, 75 Alden Street",School,,Pass,2444,1648
debt_exclusion,076,Dighton,2026,2026-04-11,Debt Exclusion - Bdebt Exclusion - Bristol Agricultural High Schoolristol Plymouth Regional Vocational School ,School,,Fail,383,772
debt_exclusion,076,Dighton,2026,2026-04-11,Debt Exclusion - Bristol Plymouth Regional Vocational School ,School,,Fail,353,806
debt_exclusion,076,Dighton,2027,2026-04-11,Debt Exclusion - Bristol Plymouth Regional Vocational School ,School,,Fail,353,806
debt_exclusion,076,Dighton,2027,2026-04-11,Debt Exclusion - Bristol Agricultural High School,School,,Fail,383,772
debt_exclusion,218,Norton,2027,2026-04-11,Bonds To Pay For Middle School Roof Replacement,School,,Pass,620,563
debt_exclusion,119,Hamilton,2027,2026-04-16,Hw Regional High School New Roof,School,,Pass,936,278
debt_exclusion,221,Oak Bluffs,2027,2026-04-16,Bond Issued To Fund Costs Associated With The Construction Of Flood Resiliency Improvements For Dukes County Ave Pump Station,Public Works and Facilities,,Pass,475,132
debt_exclusion,221,Oak Bluffs,2027,2026-04-16,Bond Issued To Fund And Pay Costs Associated With The Wastewater Sewer Extension Design And Engineering Phase 1,Public Works and Facilities,,Pass,478,133
debt_exclusion,221,Oak Bluffs,2027,2026-04-16,Bond Issued To Fund And Pay Costs Associated With The Purchase Or Eminent Domain Taking Of 1 Circuit Ave,General Government,,Pass,451,162
debt_exclusion,320,Wenham,2027,2026-04-16,High School Roof Replacement,School,,Pass,438,96
debt_exclusion,327,West Tisbury,2027,2026-04-16,Hvac Police Department,General Government,,Pass,481,194
capital_exclusion,089,Edgartown,2027,2026-04-17,Aquiring Property Located At 4 M Daniels Lane,GENERAL GOVERNMENT,500000,Pass,352,99
debt_exclusion,343,Winchendon,2027,2026-05-04,Toy Town Elementary Roof & Ada Compliant,School,,Pass,342,263
debt_exclusion,343,Winchendon,2027,2026-05-04,Memorial Elementary Roof & Ada Compliant,School,,Pass,352,252
debt_exclusion,343,Winchendon,2027,2026-05-04,Murdock Middle/High Roof,School,,Pass,348,257
debt_exclusion,125,Harvard,2027,2026-05-05,Eldridge Road Culvert,Public Works and Facilities,,Pass,357,192
debt_exclusion,208,Norfolk,2027,2026-05-05,Ability Of Town To Finance It'S Share Of Tri County School Expansion Vote,School,,Pass,846,426
debt_exclusion,258,Salem,2027,2026-05-05,Construction Of New High School,School,,Pass,4148,3068
debt_exclusion,298,Topsfield,2027,2026-05-07,"Bonds For Masconomet Feasibility & Design Hvac, Roof",School,,Fail,443,512
debt_exclusion,065,Cohasset,2026,2026-05-09,"Design, Renovate, Equip, Construct & Furnish Bld Located At 135 King St. Cohasset For General And Public Safety Purposes And All Related Incidental Costs",Public Safety,,Fail,715,900
debt_exclusion,143,Huntington,2027,2026-05-09,Bond For A New Fire Truck And Equipment,Public Safety,,Pass,104,94
debt_exclusion,172,Mashpee,2027,2026-05-09,Hvac Upgrades- Quashnet ,School,,Pass,1067,533
debt_exclusion,172,Mashpee,2027,2026-05-09,Watewater - Waquoit Bay Watershed,Public Works and Facilities,,Pass,1134,474
debt_exclusion,172,Mashpee,2027,2026-05-09,Hvac Replacement- Senior Center ,Culture and Recreation,,Pass,1098,497
debt_exclusion,241,Princeton,2027,2026-05-11,Public Safety Building Project,Public Safety,,Pass,757,288
debt_exclusion,090,Egremont,2027,2026-05-12,First Responder Truck And Police Vehicle,Public Safety,,Pass,164,75
debt_exclusion,215,Northborough,2027,2026-05-12,Bonds For Zeh School Recovery Project,School,,Pass,1144,580
debt_exclusion,269,Sherborn,2027,2026-05-12,Dshs Roof/Skylight Replacement,School,,Pass,182,95
debt_exclusion,269,Sherborn,2027,2026-05-12,Repairs And Improvements To Town Facilities,Public Works and Facilities,,Pass,180,94
debt_exclusion,269,Sherborn,2027,2026-05-12,Bond For Pine Hill School Water Supply Tank,Public Works and Facilities,,Pass,204,75
debt_exclusion,269,Sherborn,2027,2026-05-12,Recycling Center Improvements,Public Works and Facilities,,Pass,189,89
debt_exclusion,269,Sherborn,2027,2026-05-12,Bond For Roadway Management ,Public Works and Facilities,,Pass,182,93
debt_exclusion,303,Upton,2027,2026-05-12,Renovation & Expansion Of Dpw Building,Public Works and Facilities,,Pass,971,665
debt_exclusion,055,Chatham,2027,2026-05-14,"Bonds For Design, Engineering & Construction Of Ryder'S Cove Landing Bulkhead & Boat Ramp",General Government,,Pass,1286,307
debt_exclusion,055,Chatham,2027,2026-05-14,"Bonds For Design, Engineering, And Construction Of Barn Hill Landing Bulkhead",General Government,,Pass,1273,318
debt_exclusion,228,Paxton,2027,2026-05-14,"Bond For F-150, Roadside Mower & Catch Basin Truck",Public Works and Facilities,,Pass,307,276
debt_exclusion,123,Hanson,2027,2026-05-16,Cost Of Design-Construction Of New Highway Building,Public Works and Facilities,,Pass,790,779
debt_exclusion,123,Hanson,2027,2026-05-16,Share Of Cost For The South Shore Regional Vocation High School ,School,,Pass,960,602
debt_exclusion,123,Hanson,2027,2026-05-16,Design And Construction Of New Public Library,General Government,,Fail,628,955
capital_exclusion,123,Hanson,2027,2026-05-16,A New Fire Engine,PUBLIC SAFETY,705000,Pass,292,0
debt_exclusion,231,Pembroke,2027,2026-05-16,Bonds To Construct Ssvt New Building 476 Webster St ,School,,Fail,1161,2250
debt_exclusion,106,Gill,2027,2026-05-18,Gill Elementary Msba Roof Project,School,,Pass,187,42
debt_exclusion,110,Grafton,2027,2026-05-19,Grafton Middle School Roof,School,,Pass,2726,1126
debt_exclusion,126,Harwich,2027,2026-05-19,Bonds For Monomoy Regional Middle School Roof,School,,Pass,734,254
debt_exclusion,126,Harwich,2027,2026-05-19,Bonds For Fire Dept Ambulance,Public Safety,,Pass,774,221
debt_exclusion,126,Harwich,2027,2026-05-19,Bonds For Harbor Dept Boat,Public Safety,,Pass,656,321
debt_exclusion,126,Harwich,2027,2026-05-19,Bonds For Dpw Engineering For Facilities Workshop,Public Works and Facilities,,Fail,441,520
debt_exclusion,166,Manchester By The Sea,2027,2026-05-19,Bond For Tappan Street Improvements,Public Works and Facilities,,Pass,317,123
debt_exclusion,166,Manchester By The Sea,2027,2026-05-19,Bond For Improvements To Rotunda At Tuck'S Point,Public Works and Facilities,,Pass,294,135
debt_exclusion,166,Manchester By The Sea,2027,2026-05-19,Bond For Improvements To Manchester Harbor,Public Works and Facilities,,Pass,342,99
debt_exclusion,166,Manchester By The Sea,2027,2026-05-19,Bond For Improvements To Central Street Culvert,Public Works and Facilities,,Pass,342,99
debt_exclusion,166,Manchester By The Sea,2027,2026-05-19,Bond For Improvements To Water System (Lincoln Street Well/Pfas),Public Works and Facilities,,Pass,363,82
capital_exclusion,166,Manchester By The Sea,2027,2026-05-19,"Library Improvements, Including Ada Bathroom",PUBLIC WORKS & FACILITIES,250000,Pass,370,78
debt_exclusion,224,Orleans,2027,2026-05-19,Wastewater Management Survey And Design Phase 4,Public Works and Facilities,,Pass,1247,511
debt_exclusion,224,Orleans,2027,2026-05-19,Fund New Fire Rescue Station,Public Safety,,Pass,1058,713
debt_exclusion,300,Truro,2027,2026-05-19,Bonds To Pay For Public Works Facility,Public Works and Facilities,,Pass,497,297
debt_exclusion,318,Wellfleet,2027,2026-05-19,"Maintenance Dredging In The Harbor, Not To Include The Mooring Field By The L Pier",General Government,,Pass,764,254
debt_exclusion,318,Wellfleet,2027,2026-05-19,Repair Bank Erosion Issues Including Roadway And Nearby Parking Area Keller'S Corner,Public Works and Facilities,,Pass,661,334
debt_exclusion,318,Wellfleet,2027,2026-05-19,Replace Two Culverts At Ryder Court & Briar Ln,Public Works and Facilities,,Pass,721,288
debt_exclusion,318,Wellfleet,2027,2026-05-19,Repair Of The Water Tower ,General Government,,Pass,727,294
debt_exclusion,318,Wellfleet,2027,2026-05-19,Replace The L-Pier At The Marina,General Government,,Pass,794,238
debt_exclusion,318,Wellfleet,2027,2026-05-19,Replace Docks & Pilings At The Marina ,General Government,,Pass,767,250
debt_exclusion,131,Hingham,2027,2026-05-21,Construct A Center For Active Living (Senior Ctr),Health and Human Service,,Fail,521,661
debt_exclusion,184,Middleton,2027,2026-05-21,Masco Feasibility Study/Schematic Design,School,,Pass,310,165
debt_exclusion,184,Middleton,2027,2026-05-21,Middleton Elementary School Roofing/Hvac,School,,Pass,328,148
debt_exclusion,184,Middleton,2027,2026-05-21,Middleton Fire Dept. Ladder Truck,Public Safety,,Pass,331,145
debt_exclusion,225,Otis,2027,2026-05-26,"Pay Costs Of Designing, Constructing, And Furnishing A New Library",General Government,,Fail,90,149
debt_exclusion,351,Yarmouth,2027,2026-05-29,Bonds/Debt Exc. For Construction Of A New Library,General Government,,Fail,1325,2425
debt_exclusion,051,Carlisle,2027,2026-06-02,Bonds For Fire Station Renovation,Public Safety,,Pass,676,366
debt_exclusion,051,Carlisle,2027,2026-06-02,Bonds For Town Hall Renovation,General Government,,Pass,558,470
debt_exclusion,051,Carlisle,2027,2026-06-02,Bonds For Dpw Building Renovation Design,Public Works and Facilities,,Pass,676,361
debt_exclusion,102,Freetown,2027,2026-06-09,Bonds For New Coa/Library Community Building,General Government,,Pass,633,358
debt_exclusion,029,Bernardston,2027,2026-06-15,Purchase New Dump Truck,Public Works and Facilities,,Pass,59,33
debt_exclusion,029,Bernardston,2027,2026-06-15,Purchase New Fire Truck,Public Safety,,Pass,56,36
debt_exclusion,350,Wrentham,2027,2026-06-15,"Plan,Design,Construct,Equip,Furnish New Roderick Elem School",School,,Pass,957,164
debt_exclusion,298,Topsfield,2027,2026-06-17,"Bonds For Masconomet Feasibility & Design Hvac, Roof",School,,Pass,798,740
debt_exclusion,192,Montague,2027,2026-06-24,Bonds For New Main Library,General Government,,Pass,1595,1248
